label_mode,arch,layer,seed,epoch,n_windows,val_acc,raw_odi,anchored_odi,signed_baseline,signed_cross,signed_residual,raw_floor_pairs,anchor_excluded_pairs
shuffled,eegnet,conv_temporal,41,0,64,0.6041666666666666,0.00870301109146505,0.008703011091465047,0.0,0.0,-0.0007298273746043036,0,0
shuffled,eegnet,bnorm_1,41,0,64,0.6041666666666666,0.010533784018457663,0.01053378401845766,0.0,0.0,-0.00018891578015792028,0,0
shuffled,eegnet,conv_spatial,41,0,64,0.6041666666666666,0.010533784020909133,0.010533784020909133,0.0,0.0,-0.00018891578266142734,0,0
shuffled,eegnet,conv_separable_depth,41,0,64,0.6041666666666666,0.02412216983938091,0.02412216983938091,0.0,0.0,0.007961905217639495,0,0
shuffled,eegnet,bnorm_2,41,0,64,0.6041666666666666,0.024369914155712533,0.024369914155712533,0.0,0.0,0.006783917137697345,0,0
shuffled,eegnet,pool_2,41,0,64,0.6041666666666666,0.16374883043117452,0.16374883043117452,0.0,0.0,0.07283696882666252,0,0
shuffled,eegnet,logits,41,0,64,0.6041666666666666,0.6411315403258322,0.6411315403258322,0.0,0.0,0.06382896095154197,0,0
shuffled,eegnet,conv_temporal,41,1,64,0.5347222222222222,0.008872969536504162,0.008872969536504162,0.0,0.0,-0.0008740082430986834,0,0
shuffled,eegnet,bnorm_1,41,1,64,0.5347222222222222,0.012549691508179084,0.010177436832875959,0.00529779858416943,3.054561057183879e-05,-0.0004132624225236327,0,0
shuffled,eegnet,conv_spatial,41,1,64,0.5347222222222222,0.010192244687971126,0.010189519947542604,4.255272904196339e-05,5.791707974766301e-06,-0.0004183327147338658,0,0
shuffled,eegnet,conv_separable_depth,41,1,64,0.5347222222222222,0.024612716015372148,0.02202831126751372,0.006843617089320182,0.0012020654904899108,0.005769456292975264,0,0
shuffled,eegnet,bnorm_2,41,1,64,0.5347222222222222,0.12110697821771518,0.022229989531519147,0.13017858415568512,-0.01449119657089485,0.002967015057303472,0,0
shuffled,eegnet,pool_2,41,1,64,0.5347222222222222,0.4332500870111905,0.13760617462190022,0.4822830203971391,-0.06650083338875232,0.013293747464409547,0,0
shuffled,eegnet,logits,41,1,64,0.5347222222222222,0.8429090475637869,0.6313968971416672,1.21088665017019,-0.6297395775824518,0.061445582492191356,0,0
shuffled,eegnet,conv_temporal,41,2,64,0.4930555555555556,0.008959988587944123,0.00895998858794412,0.0,0.0,-0.0008952300686761604,0,0
shuffled,eegnet,bnorm_1,41,2,64,0.4930555555555556,0.015170631211000546,0.009886385911229381,0.009320774384784066,2.714372135403548e-05,-0.00048405109520393235,0,0
shuffled,eegnet,conv_spatial,41,2,64,0.4930555555555556,0.009904916269401811,0.009902428763970452,7.996502135151754e-05,-1.6793462351274487e-06,-0.000500951244317704,0,0
shuffled,eegnet,conv_separable_depth,41,2,64,0.4930555555555556,0.02923873179058932,0.02074007757410941,0.01329491439646436,0.0032709918830145504,0.004902421659913166,0,0
shuffled,eegnet,bnorm_2,41,2,64,0.4930555555555556,0.16579151578402757,0.021395999194120545,0.18032491494155414,-0.018102257529911486,0.0021664946234694303,0,0
shuffled,eegnet,pool_2,41,2,64,0.4930555555555556,0.49043467783073114,0.13326733439693544,0.548291596064691,-0.06811124124961708,0.00886396171904271,0,0
shuffled,eegnet,logits,41,2,64,0.4930555555555556,0.8934784983167124,0.6264262413631074,1.0255597660005025,-0.3099124714816177,0.0048540603595547465,0,0
shuffled,eegnet,conv_temporal,41,5,64,0.5347222222222222,0.008941504281657273,0.008941504281657273,0.0,0.0,-0.001043239021681312,0,0
shuffled,eegnet,bnorm_1,41,5,64,0.5347222222222222,0.020168828413700664,0.010056144871260744,0.015373152222731275,9.241735238352434e-05,-0.0006983629587670734,0,0
shuffled,eegnet,conv_spatial,41,5,64,0.5347222222222222,0.010087472687278597,0.010100450998287464,0.00012251981585396487,-4.105544324788588e-06,-0.000745070992049422,0,0
shuffled,eegnet,conv_separable_depth,41,5,64,0.5347222222222222,0.032860969168335113,0.01933316522588703,0.023427827116224206,-0.0014182576928536222,0.004061322210694456,0,0
shuffled,eegnet,bnorm_2,41,5,64,0.5347222222222222,0.2721662561352383,0.020257608482996355,0.29788959448350566,-0.02747750353818719,0.0016551840605843458,0,0
shuffled,eegnet,pool_2,41,5,64,0.5347222222222222,0.6028594965557783,0.131222533685719,0.6813981581903145,-0.08485371370175475,0.006315052067218652,0,0
shuffled,eegnet,logits,41,5,64,0.5347222222222222,0.8378617326108508,0.6308772687883378,1.0447551228832759,-0.29396445448203323,-0.00020181682720125894,0,0
shuffled,eegnet,conv_temporal,41,10,64,0.4861111111111111,0.008874921510895209,0.008874921510895209,0.0,0.0,-0.0011465612276058054,0,0
shuffled,eegnet,bnorm_1,41,10,64,0.4861111111111111,0.026672743342697945,0.011004661114153647,0.02184444377671809,0.00029950966120748253,-0.0010596841793245302,0,0
shuffled,eegnet,conv_spatial,41,10,64,0.4861111111111111,0.011129745244526573,0.01111152128242859,0.00047599325457278366,-5.08172477921667e-05,-0.001141495515716019,0,0
shuffled,eegnet,conv_separable_depth,41,10,64,0.4861111111111111,0.03242174272069679,0.020258523375524418,0.028808615135762692,-0.008627295778889287,0.003887944653165997,0,0
shuffled,eegnet,bnorm_2,41,10,64,0.4861111111111111,0.34222602386896694,0.022006825421046376,0.3803463737872169,-0.03948873573696185,0.0013683858187117722,0,0
shuffled,eegnet,pool_2,41,10,64,0.4861111111111111,0.670702836650592,0.13647676446856732,0.7739344434608434,-0.10921532612650933,0.005983719316257954,0,0
shuffled,eegnet,logits,41,10,64,0.4861111111111111,0.8620839251993062,0.6291873552078662,1.049779815284626,-0.3383965989923851,0.011414598796685589,0,0
shuffled,eegnet,conv_temporal,41,20,64,0.4722222222222222,0.008223345730175954,0.008223345730175954,0.0,0.0,-0.0010516655263198508,0,0
shuffled,eegnet,bnorm_1,41,20,64,0.4722222222222222,0.047987509446003065,0.011199858828385326,0.045226829262995025,0.00025935922831469166,-0.0015747300108849658,0,0
shuffled,eegnet,conv_spatial,41,20,64,0.4722222222222222,0.01165437673136949,0.011625460855040817,0.0006755094322834362,-9.252910824268128e-05,-0.0018419268944212751,0,0
shuffled,eegnet,conv_separable_depth,41,20,64,0.4722222222222222,0.08200623777210118,0.021552532604800362,0.10596135628274464,-0.03508905647115085,0.005158980929334785,0,0
shuffled,eegnet,bnorm_2,41,20,64,0.4722222222222222,0.44139058827037436,0.026226640871808187,0.5224463912863822,-0.08368744934268954,0.002631646326681717,0,0
shuffled,eegnet,pool_2,41,20,64,0.4722222222222222,0.7640461617005103,0.1830582392156359,0.97508573971548,-0.22678313944462308,0.01574356142965334,0,0
shuffled,eegnet,logits,41,20,64,0.4722222222222222,0.9349725154077322,0.6823540602280826,1.4453029950293952,-0.5681785653827998,0.04111468038785681,0,0
shuffled,eegnet,conv_temporal,42,0,64,0.4930555555555556,0.006859894124668238,0.006859894124668238,0.0,0.0,-0.002083506878580426,0,0
shuffled,eegnet,bnorm_1,42,0,64,0.4930555555555556,0.009429226590707765,0.009429226590707765,0.0,0.0,-0.003374155403298924,0,0
shuffled,eegnet,conv_spatial,42,0,64,0.4930555555555556,0.00942922660078565,0.00942922660078565,0.0,0.0,-0.0033741554304660077,0,0
shuffled,eegnet,conv_separable_depth,42,0,64,0.4930555555555556,0.020251744758898547,0.020251744758898543,0.0,0.0,0.00043597678073306243,0,0
shuffled,eegnet,bnorm_2,42,0,64,0.4930555555555556,0.02061179858864428,0.02061179858864428,0.0,0.0,0.0005238785361923008,0,0
shuffled,eegnet,pool_2,42,0,64,0.4930555555555556,0.148648117785446,0.14864811778544604,0.0,0.0,0.05006803778872994,0,0
shuffled,eegnet,logits,42,0,64,0.4930555555555556,0.6659027758391985,0.6659027758391985,0.0,0.0,0.11686714629318531,0,0
shuffled,eegnet,conv_temporal,42,1,64,0.5,0.006944627553053662,0.006944627553053662,0.0,0.0,-0.002215609296914148,0,0
shuffled,eegnet,bnorm_1,42,1,64,0.5,0.01019053770243346,0.009476453439396005,0.0026404475976001592,-0.00013650007122755755,-0.003559130565399046,0,0
shuffled,eegnet,conv_spatial,42,1,64,0.5,0.009530093018455074,0.009499278088766498,4.8509353220426973e-05,-4.4871987318853875e-05,-0.0035860116122926585,0,0
shuffled,eegnet,conv_separable_depth,42,1,64,0.5,0.021446893584199656,0.020801555338639678,0.0038260645447259806,-0.00025214701476239875,-8.005527754298219e-06,0,0
shuffled,eegnet,bnorm_2,42,1,64,0.5,0.05166762120507856,0.022072075391176373,0.052202416913411716,-0.009377751731932634,-0.00025881419751624447,0,0
shuffled,eegnet,pool_2,42,1,64,0.5,0.300797170741666,0.14327718111000404,0.33939138480042874,-0.08064859107921452,0.013629598553064615,0,0
shuffled,eegnet,logits,42,1,64,0.5,0.6811787562468544,0.6547931257383476,0.542310294819594,-0.6755690934531646,0.2947702533241521,0,0
shuffled,eegnet,conv_temporal,42,2,64,0.5277777777777778,0.007125670908516763,0.007125670908516763,0.0,0.0,-0.00229961244246954,0,0
shuffled,eegnet,bnorm_1,42,2,64,0.5277777777777778,0.010529877232719885,0.00945739613579592,0.0032965613472660275,-9.482954300182475e-05,-0.0035448883833614714,0,0
shuffled,eegnet,conv_spatial,42,2,64,0.5277777777777778,0.00952848289398107,0.009490287643281536,5.925679878206155e-05,-2.8806996182073774e-05,-0.0035769802685116374,0,0
shuffled,eegnet,conv_separable_depth,42,2,64,0.5277777777777778,0.021387124419374032,0.020842003330678316,0.0037508364264972746,-0.0006180562019906116,-0.0001463300611763703,0,0
shuffled,eegnet,bnorm_2,42,2,64,0.5277777777777778,0.11917634042201336,0.022888695714913837,0.12857512957890535,-0.013804155231076278,-0.0004658943226260781,0,0
shuffled,eegnet,pool_2,42,2,64,0.5277777777777778,0.44200729100630964,0.1381332676489552,0.5070039568982228,-0.08043795329016147,0.007343541774702031,0,0
shuffled,eegnet,logits,42,2,64,0.5277777777777778,0.7087320804112294,0.67506442089037,0.6095995392590581,-0.5824563744300717,0.1339774447349635,0,0
shuffled,eegnet,conv_temporal,42,5,64,0.6180555555555556,0.006951356439151391,0.006951356439151391,0.0,0.0,-0.0023515944343862442,0,0
shuffled,eegnet,bnorm_1,42,5,64,0.6180555555555556,0.01168689995708687,0.009312201607254766,0.00540010616357979,-0.00023432882687804022,-0.0034768899980044776,0,0
shuffled,eegnet,conv_spatial,42,5,64,0.6180555555555556,0.009511806983981937,0.009382939266975296,0.00023518064765067905,-8.489243273696422e-05,-0.003520634514023788,0,0
shuffled,eegnet,conv_separable_depth,42,5,64,0.6180555555555556,0.020766940604971286,0.019422596325061228,0.0055799064807713844,-0.0019298225998806472,-0.00021476915666318412,0,0
shuffled,eegnet,bnorm_2,42,5,64,0.6180555555555556,0.2641575408861173,0.021936824110087245,0.28726472674178005,-0.02311365320444509,-0.0003922102215472013,0,0
shuffled,eegnet,pool_2,42,5,64,0.6180555555555556,0.6303431397539929,0.1356288478345828,0.7132485777862323,-0.08902220490625867,0.006077405546281394,0,0
shuffled,eegnet,logits,42,5,64,0.6180555555555556,0.7281153217844757,0.6435949654555323,1.0108500384768973,-0.7732242804332385,0.14538514478894116,0,0
shuffled,eegnet,conv_temporal,42,10,64,0.6041666666666666,0.006389921699474584,0.006389921699474584,0.0,0.0,-0.0018232316067558919,0,0
shuffled,eegnet,bnorm_1,42,10,64,0.6041666666666666,0.01818916211018249,0.008288309876650166,0.015231115752878955,-0.0005907053295929233,-0.002652387814056183,0,0
shuffled,eegnet,conv_spatial,42,10,64,0.6041666666666666,0.008404951447586191,0.008253078896834312,0.0004720077696523546,-0.0001331594852141292,-0.0026956305957465546,0,0
shuffled,eegnet,conv_separable_depth,42,10,64,0.6041666666666666,0.02671869263143626,0.01903245669148173,0.01874066891300355,-0.006304290448847174,0.0009195477028688443,0,0
shuffled,eegnet,bnorm_2,42,10,64,0.6041666666666666,0.3094005412751582,0.02144715008858425,0.34591317116997006,-0.0371453055970022,0.0005054793491087552,0,0
shuffled,eegnet,pool_2,42,10,64,0.6041666666666666,0.666704680489306,0.13875733059562118,0.7860027774558298,-0.12866597361113555,0.009367876644611679,0,0
shuffled,eegnet,logits,42,10,64,0.6041666666666666,0.6275826612715573,0.6608407479578926,0.37519493186565667,-0.1192875014842238,-0.055198358827662684,0,0
shuffled,eegnet,conv_temporal,42,20,64,0.6666666666666666,0.005905391876525096,0.005905391876525096,0.0,0.0,-0.0008923752772159207,0,0
shuffled,eegnet,bnorm_1,42,20,64,0.6666666666666666,0.031859589747750036,0.007444638574996937,0.03069610807139978,-0.00088134042885862,-0.0012748317029107345,0,0
shuffled,eegnet,conv_spatial,42,20,64,0.6666666666666666,0.007794236145593466,0.007621293694677256,0.0006390511956432273,-0.00016063227945034618,-0.0013695657035228022,0,0
shuffled,eegnet,conv_separable_depth,42,20,64,0.6666666666666666,0.03309050985557997,0.018819597616166635,0.03586199649537438,-0.01964805488741913,0.0021482515583886035,0,0
shuffled,eegnet,bnorm_2,42,20,64,0.6666666666666666,0.27956845086746673,0.02087144373755226,0.33316171798970273,-0.054902901559454986,0.0010889157034975195,0,0
shuffled,eegnet,pool_2,42,20,64,0.6666666666666666,0.6287705398386569,0.15498500885064972,0.8080158601874043,-0.1938254753422335,0.014408422666152951,0,0
shuffled,eegnet,logits,42,20,64,0.6666666666666666,0.7998344933590934,0.6952388222671372,1.4991043353720974,-1.4579180474192672,0.48979149599428873,0,0
shuffled,eegnet,conv_temporal,43,0,64,0.4444444444444444,0.008009100702998442,0.00800910070299844,0.0,0.0,-0.0018903051756791233,0,0
shuffled,eegnet,bnorm_1,43,0,64,0.4444444444444444,0.01094765222118723,0.01094765222118723,0.0,0.0,-0.0033600603033246738,0,0
shuffled,eegnet,conv_spatial,43,0,64,0.4444444444444444,0.010947652220348842,0.010947652220348842,0.0,0.0,-0.0033600602564906397,0,0
shuffled,eegnet,conv_separable_depth,43,0,64,0.4444444444444444,0.01955335366840816,0.019553353668408165,0.0,0.0,-0.004498184905183662,0,0
shuffled,eegnet,bnorm_2,43,0,64,0.4444444444444444,0.02184787612062012,0.02184787612062012,0.0,0.0,-0.00375294930110518,0,0
shuffled,eegnet,pool_2,43,0,64,0.4444444444444444,0.1646032929440132,0.1646032929440132,0.0,0.0,0.05128694968472429,0,0
shuffled,eegnet,logits,43,0,64,0.4444444444444444,0.6236036093868912,0.6236036093868912,0.0,0.0,0.07327950808574274,0,0
shuffled,eegnet,conv_temporal,43,1,64,0.5555555555555556,0.007372695427120484,0.007372695427120484,0.0,0.0,-0.002211647134421205,0,0
shuffled,eegnet,bnorm_1,43,1,64,0.5555555555555556,0.01763937916986779,0.011180636694982732,0.011214277179489984,-0.00015834120125107998,-0.0037482211569624018,0,0
shuffled,eegnet,conv_spatial,43,1,64,0.5555555555555556,0.011199854774774939,0.011196620999028028,2.3119333970789425e-05,-9.138471358950845e-06,-0.0038252220155843074,0,0
shuffled,eegnet,conv_separable_depth,43,1,64,0.5555555555555556,0.02780823208808034,0.019233953550813362,0.01588598756433887,0.002816300859051891,-0.004614380421298351,0,0
shuffled,eegnet,bnorm_2,43,1,64,0.5555555555555556,0.1570850405851727,0.020827586493398373,0.1694299002655027,-0.012408171401003767,-0.002911229951679882,0,0
shuffled,eegnet,pool_2,43,1,64,0.5555555555555556,0.5063483999624911,0.16449815887746838,0.5555398790244139,-0.05967454231377464,0.003547938325144914,0,0
shuffled,eegnet,logits,43,1,64,0.5555555555555556,0.8035358813755273,0.6409164040651947,0.9427898715282259,-0.19409121517849814,0.013826745214863084,0,0
shuffled,eegnet,conv_temporal,43,2,64,0.5138888888888888,0.007332901436783487,0.007332901436783485,0.0,0.0,-0.002333051466203915,0,0
shuffled,eegnet,bnorm_1,43,2,64,0.5138888888888888,0.02454126159141139,0.011317704577171324,0.019702270028947408,-0.00014900635161988444,-0.0037801106781760914,0,0
shuffled,eegnet,conv_spatial,43,2,64,0.5138888888888888,0.011408753728364005,0.01139338531738647,4.827872548513226e-05,-1.114846039391861e-05,-0.0039252303810870075,0,0
shuffled,eegnet,conv_separable_depth,43,2,64,0.5138888888888888,0.036154735710238736,0.01884205304186888,0.0264300457563908,0.0032736943152855257,-0.004291601468388864,0,0
shuffled,eegnet,bnorm_2,43,2,64,0.5138888888888888,0.267469416192331,0.020063809378381956,0.28579909701455253,-0.01695943268037372,-0.0021408250560065044,0,0
shuffled,eegnet,pool_2,43,2,64,0.5138888888888888,0.6200479515383792,0.15672282378363322,0.6754736451833973,-0.057548093324386054,0.0012066285958313426,0,0
shuffled,eegnet,logits,43,2,64,0.5138888888888888,0.8544753388946376,0.6588407245105075,1.0271710300263726,-0.24771821296012905,0.013519305144580761,0,0
shuffled,eegnet,conv_temporal,43,5,64,0.5555555555555556,0.007417896962426139,0.007417896962426139,0.0,0.0,-0.002129261647490705,0,0
shuffled,eegnet,bnorm_1,43,5,64,0.5555555555555556,0.030436336547546752,0.010697773151583222,0.027112581785875722,-0.0001021936883930581,-0.003258925343305118,0,0
shuffled,eegnet,conv_spatial,43,5,64,0.5555555555555556,0.011137847425334767,0.011063917918936801,0.00020418068079008673,-1.750753782853188e-05,-0.0035471489258698486,0,0
shuffled,eegnet,conv_separable_depth,43,5,64,0.5555555555555556,0.03878283530379438,0.016741276211518226,0.037267204626878964,-0.003955996388795299,-0.002930360993523549,0,0
shuffled,eegnet,bnorm_2,43,5,64,0.5555555555555556,0.4272562008985775,0.018295668151532135,0.4514210666122368,-0.0234452348832883,-0.0007196308303710679,0,0
shuffled,eegnet,pool_2,43,5,64,0.5555555555555556,0.7492676891151693,0.1360804017463023,0.8090724628802093,-0.06068815370591417,0.0008833799408743087,0,0
shuffled,eegnet,logits,43,5,64,0.5555555555555556,0.9011719755220319,0.6786412330276351,1.1163415352628103,-0.29957140403196225,0.01845112763949653,0,0
shuffled,eegnet,conv_temporal,43,10,64,0.5277777777777778,0.007091145816740037,0.007091145816740037,0.0,0.0,-0.002277722547813555,0,0
shuffled,eegnet,bnorm_1,43,10,64,0.5277777777777778,0.03740233355527242,0.011243632512915044,0.034736022773674796,-7.168806867998352e-05,-0.0034742519780122717,0,0
shuffled,eegnet,conv_spatial,43,10,64,0.5277777777777778,0.01253778399977744,0.012464198843673445,0.00031547784991531325,-1.2016207363389722e-05,-0.004121903638067912,0,0
shuffled,eegnet,conv_separable_depth,43,10,64,0.5277777777777778,0.05770299891484527,0.01739213689457103,0.06510225894212238,-0.012066494695662122,-0.002147657829166739,0,0
shuffled,eegnet,bnorm_2,43,10,64,0.5277777777777778,0.4782856542037266,0.01936471618040737,0.5157638721997139,-0.03727139869183009,-0.00020681930415704088,0,0
shuffled,eegnet,pool_2,43,10,64,0.5277777777777778,0.7968570195648279,0.14301548723123095,0.8838178515826502,-0.08917373828967554,0.002212906271853253,0,0
shuffled,eegnet,logits,43,10,64,0.5277777777777778,0.9093136492534667,0.6880765055491218,1.4856544968551106,-0.7804309693074831,0.12800046957229677,0,0
shuffled,eegnet,conv_temporal,43,20,64,0.5347222222222222,0.0068525575473233,0.0068525575473233,0.0,0.0,-0.0015250387464644034,0,0
shuffled,eegnet,bnorm_1,43,20,64,0.5347222222222222,0.0563208978670816,0.01117381681049945,0.054229887156548716,-0.00022935178756156217,-0.002233945397412716,0,0
shuffled,eegnet,conv_spatial,43,20,64,0.5347222222222222,0.01438068776154779,0.014353992351351295,0.0002979681296056229,-2.4153833004088532e-06,-0.003729786880474231,0,0
shuffled,eegnet,conv_separable_depth,43,20,64,0.5347222222222222,0.09651645108353767,0.018605842129838138,0.13614496262143524,-0.046982718545949965,0.002152659552661065,0,0
shuffled,eegnet,bnorm_2,43,20,64,0.5347222222222222,0.4844074128254505,0.020889932908977824,0.5614878156664387,-0.0797151518133376,0.0026347489723494385,0,0
shuffled,eegnet,pool_2,43,20,64,0.5347222222222222,0.7803503147711858,0.18470192392930287,0.9479907826196078,-0.17652079027725792,0.008880322428835997,0,0
shuffled,eegnet,logits,43,20,64,0.5347222222222222,0.8386231760244462,0.6716040914026747,1.4688051459827163,-0.7877661370399724,0.10262755767244458,0,0
shuffled,eegnet,conv_temporal,44,0,64,0.6041666666666666,0.006805010968444869,0.006805010968444868,0.0,0.0,0.00011664515863904516,0,0
shuffled,eegnet,bnorm_1,44,0,64,0.6041666666666666,0.008578765694960225,0.008578765694960223,0.0,0.0,0.00011175990509467313,0,0
shuffled,eegnet,conv_spatial,44,0,64,0.6041666666666666,0.008578765688173328,0.00857876568817333,0.0,0.0,0.00011175987930028521,0,0
shuffled,eegnet,conv_separable_depth,44,0,64,0.6041666666666666,0.0175174267637978,0.0175174267637978,0.0,0.0,0.0014664306560631746,0,0
shuffled,eegnet,bnorm_2,44,0,64,0.6041666666666666,0.020877697533413897,0.020877697533413897,0.0,0.0,0.0009102753617302112,0,0
shuffled,eegnet,pool_2,44,0,64,0.6041666666666666,0.15020512955680437,0.15020512955680437,0.0,0.0,0.03393582711972627,0,0
shuffled,eegnet,logits,44,0,64,0.6041666666666666,0.6227976386679258,0.6227976386679259,0.0,0.0,0.029801731860616625,0,0
shuffled,eegnet,conv_temporal,44,1,64,0.4861111111111111,0.006845276998457292,0.006845276998457292,0.0,0.0,0.0002514863711009477,0,0
shuffled,eegnet,bnorm_1,44,1,64,0.4861111111111111,0.01325641910373751,0.008647088075271463,0.007394955036573143,-0.00029666068811818106,0.0003229396685100747,0,0
shuffled,eegnet,conv_spatial,44,1,64,0.4861111111111111,0.008666679088617884,0.008658886617047595,4.1071241566737114e-05,1.4379852161606713e-06,0.00032778004992711773,0,0
shuffled,eegnet,conv_separable_depth,44,1,64,0.4861111111111111,0.03657352797267299,0.01736337893923388,0.01908560552608253,0.006494699726101607,0.0012786039398297758,0,0
shuffled,eegnet,bnorm_2,44,1,64,0.4861111111111111,0.18962025239942676,0.02010403454037482,0.19351522822134032,-0.004792845460292206,-0.0004467963816937924,0,0
shuffled,eegnet,pool_2,44,1,64,0.4861111111111111,0.5158805852070572,0.14804625286512252,0.5393598149047338,-0.027033554699530588,0.00022021471889130655,0,0
shuffled,eegnet,logits,44,1,64,0.4861111111111111,0.890327517598704,0.6391763654570155,1.0596915505700282,-0.1774249151711449,0.001698817480283174,0,0
shuffled,eegnet,conv_temporal,44,2,64,0.5,0.006855408850822831,0.006855408850822831,0.0,0.0,0.00024149364068207604,0,0
shuffled,eegnet,bnorm_1,44,2,64,0.5,0.0276283737169047,0.008878142832165172,0.02368292722678708,-0.00042719371740980385,0.00029372093735803974,0,0
shuffled,eegnet,conv_spatial,44,2,64,0.5,0.008899638091874666,0.008904926325878028,6.791503816621828e-05,-2.660827956975067e-05,0.00030668431789499786,0,0
shuffled,eegnet,conv_separable_depth,44,2,64,0.5,0.06334307429124947,0.017555169846542318,0.048576459022518316,0.007156356106528639,0.0009867233494827224,0,0
shuffled,eegnet,bnorm_2,44,2,64,0.5,0.3763896842622914,0.020022475619329468,0.3848808800249225,-0.007709160313200726,-0.0007820354494303706,0,0
shuffled,eegnet,pool_2,44,2,64,0.5,0.6672994882536645,0.1461460470422004,0.69624736198249,-0.02804649019725038,-0.0011862312390803786,0,0
shuffled,eegnet,logits,44,2,64,0.5,0.9746519142420891,0.6349622176693389,1.0359795751327514,-0.061769633603947126,0.0004419727132849063,0,0
shuffled,eegnet,conv_temporal,44,5,64,0.5,0.006791028001890366,0.006791028001890366,0.0,0.0,0.0002036152973445896,0,0
shuffled,eegnet,bnorm_1,44,5,64,0.5,0.034036177163184696,0.008653689391682047,0.030834122098040623,-0.00033247494148833556,2.377673521492011e-05,0,0
shuffled,eegnet,conv_spatial,44,5,64,0.5,0.008762820485313379,0.008744294629432478,0.00014807530206630454,-7.609330722352882e-05,3.114727034217934e-05,0,0
shuffled,eegnet,conv_separable_depth,44,5,64,0.5,0.0662374827577109,0.017957353443485,0.054938031511166885,0.004768134979059285,0.0012313306038862692,0,0
shuffled,eegnet,bnorm_2,44,5,64,0.5,0.4993626769516001,0.020449334151442206,0.5142357609357172,-0.014417374838089988,-0.00045570914602732055,0,0
shuffled,eegnet,pool_2,44,5,64,0.5,0.7450504388545299,0.1388038210004104,0.7851996025834429,-0.04002330121186175,-0.00012586251705120653,0,0
shuffled,eegnet,logits,44,5,64,0.5,0.9867942630111978,0.6259271414420324,1.0318910638503196,-0.045656387214035046,0.0005595863749133028,0,0
shuffled,eegnet,conv_temporal,44,10,64,0.5,0.006785271920154127,0.006785271920154126,0.0,0.0,0.00032580509442040664,0,0
shuffled,eegnet,bnorm_1,44,10,64,0.5,0.030361767393676506,0.008731146979975948,0.027118403177232832,-0.0001947546184905214,-0.0004452655369829461,0,0
shuffled,eegnet,conv_spatial,44,10,64,0.5,0.009033685031198554,0.008971478027517,0.00021244576968389896,-8.560789048265823e-05,-0.00047356409617668353,0,0
shuffled,eegnet,conv_separable_depth,44,10,64,0.5,0.07569039842621031,0.019174251675084457,0.06468571466793083,0.004263991281787832,0.0020752344759609924,0,0
shuffled,eegnet,bnorm_2,44,10,64,0.5,0.48368876940543526,0.02218672428721722,0.5100350845575103,-0.026223379118576175,-0.00012293603349888138,0,0
shuffled,eegnet,pool_2,44,10,64,0.5,0.7325917513798335,0.14011542566719168,0.8017642761795871,-0.07030542895045963,0.0011329041507061252,0,0
shuffled,eegnet,logits,44,10,64,0.5,0.9809034321976098,0.618664258589617,1.0878419141553728,-0.10892602308517466,0.001987541127411647,0,0
shuffled,eegnet,conv_temporal,44,20,64,0.5138888888888888,0.006481163218506037,0.006481163218506036,0.0,0.0,0.0007416991607458218,0,0
shuffled,eegnet,bnorm_1,44,20,64,0.5138888888888888,0.047914458498286266,0.008537959662471877,0.0458815461639534,-2.3016382208030197e-05,-0.0001815165678389375,0,0
shuffled,eegnet,conv_spatial,44,20,64,0.5138888888888888,0.009688405167898883,0.009458346000934249,0.0006902201497734066,-0.00016531112025822858,-0.0003203406314511625,0,0
shuffled,eegnet,conv_separable_depth,44,20,64,0.5138888888888888,0.0990445334008433,0.02125807883538353,0.08436322480977249,0.0049515583998880185,0.006060200626457696,0,0
shuffled,eegnet,bnorm_2,44,20,64,0.5138888888888888,0.46584244795798313,0.02421568869956798,0.529244962797778,-0.06612714957759236,0.002724634737797462,0,0
shuffled,eegnet,pool_2,44,20,64,0.5138888888888888,0.6906894544509798,0.17094775379209773,0.8314347865103121,-0.1496470681592391,0.008573415671310976,0,0
shuffled,eegnet,logits,44,20,64,0.5138888888888888,0.9533916195739836,0.6541671262432142,1.5117561189681397,-0.6220243900109064,0.019883917534717695,0,0
shuffled,eegnet,conv_temporal,45,0,64,0.6736111111111112,0.006933212551881551,0.006933212551881551,0.0,0.0,-0.0002756710330577805,0,0
shuffled,eegnet,bnorm_1,45,0,64,0.6736111111111112,0.00947539081891009,0.00947539081891009,0.0,0.0,-0.0009061161201539975,0,0
shuffled,eegnet,conv_spatial,45,0,64,0.6736111111111112,0.00947539082932836,0.00947539082932836,0.0,0.0,-0.0009061160663661216,0,0
shuffled,eegnet,conv_separable_depth,45,0,64,0.6736111111111112,0.02084714710524716,0.020847147105247155,0.0,0.0,-0.001190576015549798,0,0
shuffled,eegnet,bnorm_2,45,0,64,0.6736111111111112,0.02290577209782706,0.022905772097827057,0.0,0.0,-0.0010084433816869884,0,0
shuffled,eegnet,pool_2,45,0,64,0.6736111111111112,0.16030790127004216,0.16030790127004216,0.0,0.0,0.03587628737069634,0,0
shuffled,eegnet,logits,45,0,64,0.6736111111111112,0.6343210698967416,0.6343210698967416,0.0,0.0,-0.017835481833573474,0,0
shuffled,eegnet,conv_temporal,45,1,64,0.5972222222222222,0.007185094082372747,0.007185094082372746,0.0,0.0,-0.0002392788638957452,0,0
shuffled,eegnet,bnorm_1,45,1,64,0.5972222222222222,0.01468413820813435,0.00957531023672301,0.008514993703434035,0.00018307072473987116,-0.0006455231383551928,0,0
shuffled,eegnet,conv_spatial,45,1,64,0.5972222222222222,0.009587981739190397,0.009599729423656991,3.235738791996235e-05,1.1662541309172634e-06,-0.0006618311980906401,0,0
shuffled,eegnet,conv_separable_depth,45,1,64,0.5972222222222222,0.03214543496880086,0.02274582853505218,0.01554235424874512,0.005407876052615508,-0.0003259119765895146,0,0
shuffled,eegnet,bnorm_2,45,1,64,0.5972222222222222,0.0789233526194614,0.025817641499226295,0.08192040256844575,-0.011462183599276497,-0.00030210178871599105,0,0
shuffled,eegnet,pool_2,45,1,64,0.5972222222222222,0.3536640749160627,0.17893892825445856,0.3729735321294281,-0.05987706828748152,0.006969123658038583,0,0
shuffled,eegnet,logits,45,1,64,0.5972222222222222,0.6723475780462694,0.6318008359195618,0.7036570603449086,-0.3309192612259705,0.01038191899581458,0,0
shuffled,eegnet,conv_temporal,45,2,64,0.5208333333333334,0.00705267847501914,0.00705267847501914,0.0,0.0,-2.307083060402727e-05,0,0
shuffled,eegnet,bnorm_1,45,2,64,0.5208333333333334,0.02313788678628006,0.009289389975561134,0.018594746063725992,0.00017740502919043474,-0.00020859946074187126,0,0
shuffled,eegnet,conv_spatial,45,2,64,0.5208333333333334,0.00935478357766623,0.009353805663517095,0.00011866529675420224,-1.6362170686778578e-05,-0.00022288088121429187,0,0
shuffled,eegnet,conv_separable_depth,45,2,64,0.5208333333333334,0.044745587567222064,0.0240138816269849,0.027573815145240838,0.0072894032841456236,0.0004712625735244651,0,0
shuffled,eegnet,bnorm_2,45,2,64,0.5208333333333334,0.14908346142492543,0.027403494678042047,0.1606687228365928,-0.01730493571491125,3.538430322775157e-05,0,0
shuffled,eegnet,pool_2,45,2,64,0.5208333333333334,0.45723810602456466,0.18615224789151763,0.5002628745758911,-0.06720247669467765,0.0038985177558397963,0,0
shuffled,eegnet,logits,45,2,64,0.5208333333333334,0.7456910128487217,0.6230711487920293,0.794446458642875,-0.21369985692674934,0.010089001362398712,0,0
shuffled,eegnet,conv_temporal,45,5,64,0.5416666666666666,0.006885989456249226,0.006885989456249226,0.0,0.0,0.00024295051629041696,0,0
shuffled,eegnet,bnorm_1,45,5,64,0.5416666666666666,0.02809232885488962,0.00900343080432003,0.024043097939484996,0.00011979066695938636,0.0003367671386946241,0,0
shuffled,eegnet,conv_spatial,45,5,64,0.5416666666666666,0.009432486808391129,0.009248241304426525,0.0004346081586692102,-2.4887632151895298e-05,0.00038697199726707145,0,0
shuffled,eegnet,conv_separable_depth,45,5,64,0.5416666666666666,0.05119728990469272,0.025425151562071015,0.03161705211633785,0.00877168851498584,0.002153025525395146,0,0
shuffled,eegnet,bnorm_2,45,5,64,0.5416666666666666,0.2525557298539954,0.029130270602526355,0.27609091478240966,-0.027400347294103414,0.0006689697278820744,0,0
shuffled,eegnet,pool_2,45,5,64,0.5416666666666666,0.5523253858184444,0.19292407247140808,0.6273623538080132,-0.0892049060451847,0.004020878199229112,0,0
shuffled,eegnet,logits,45,5,64,0.5416666666666666,0.7825763998410196,0.6380875380589055,0.8138571861450177,-0.17348657657332853,0.010102272931641083,0,0
shuffled,eegnet,conv_temporal,45,10,64,0.5763888888888888,0.006812407838830186,0.006812407838830185,0.0,0.0,0.0005522901006733366,0,0
shuffled,eegnet,bnorm_1,45,10,64,0.5763888888888888,0.04005271318806453,0.008489881803641006,0.03700411559001626,-4.937032116228746e-05,0.0006029260136782595,0,0
shuffled,eegnet,conv_spatial,45,10,64,0.5763888888888888,0.009941288236577006,0.009175467958117065,0.0013692729975470137,-5.2777164274998254e-05,0.00077388926338198,0,0
shuffled,eegnet,conv_separable_depth,45,10,64,0.5763888888888888,0.06374829329883495,0.025242527756484685,0.04490393199916001,0.008349931159229393,0.0032342616755634997,0,0
shuffled,eegnet,bnorm_2,45,10,64,0.5763888888888888,0.2880697496998498,0.030032230228513923,0.3233514060300872,-0.03841021049721688,0.001089215709112315,0,0
shuffled,eegnet,pool_2,45,10,64,0.5763888888888888,0.5786278586011011,0.1928309993308131,0.6922554799843594,-0.12676501928952058,0.00670301365049834,0,0
shuffled,eegnet,logits,45,10,64,0.5763888888888888,0.7652206473543459,0.6555923944537712,0.8751604821077976,-0.24656211390626492,0.01669586914912342,0,0
shuffled,eegnet,conv_temporal,45,20,64,0.5763888888888888,0.007131019132691763,0.007131019132691763,0.0,0.0,0.00025269963077970896,0,0
shuffled,eegnet,bnorm_1,45,20,64,0.5763888888888888,0.051974656533353786,0.007821775422657346,0.050161930350234765,3.164192333535977e-05,0.0003072572505324587,0,0
shuffled,eegnet,conv_spatial,45,20,64,0.5763888888888888,0.01061478644629092,0.009524240901751437,0.0017789140540091927,-1.3001851894035532e-05,0.0005143049480658842,0,0
shuffled,eegnet,conv_separable_depth,45,20,64,0.5763888888888888,0.06200422275244072,0.02475861027146092,0.05133076676422297,-0.00039100686524882317,0.00453448111326296,0,0
shuffled,eegnet,bnorm_2,45,20,64,0.5763888888888888,0.3064425731616931,0.03078877050811868,0.36872608636563886,-0.06521860727404642,0.0023507947278913026,0,0
shuffled,eegnet,pool_2,45,20,64,0.5763888888888888,0.5990349038451683,0.1939698814116967,0.7927800777066016,-0.21368844709255816,0.0174011015584388,0,0
shuffled,eegnet,logits,45,20,64,0.5763888888888888,0.7694799447101304,0.6670091639296849,1.1552196287245482,-0.5903815709480436,0.06717044921168443,0,0
shuffled,eegnet,conv_temporal,46,0,64,0.3819444444444444,0.007050594049765222,0.00705059404976522,0.0,0.0,-0.001782082763955905,0,0
shuffled,eegnet,bnorm_1,46,0,64,0.3819444444444444,0.00858846069542031,0.00858846069542031,0.0,0.0,-0.0016495384862227937,0,0
shuffled,eegnet,conv_spatial,46,0,64,0.3819444444444444,0.008588460741198956,0.008588460741198956,0.0,0.0,-0.0016495384974517875,0,0
shuffled,eegnet,conv_separable_depth,46,0,64,0.3819444444444444,0.019989544050567364,0.019989544050567368,0.0,0.0,-0.0012509922256033626,0,0
shuffled,eegnet,bnorm_2,46,0,64,0.3819444444444444,0.021922903251130527,0.021922903251130527,0.0,0.0,-0.001595190473622788,0,0
shuffled,eegnet,pool_2,46,0,64,0.3819444444444444,0.16505144125737028,0.1650514412573703,0.0,0.0,0.029922190465399408,0,0
shuffled,eegnet,logits,46,0,64,0.3819444444444444,0.6388971173979907,0.6388971173979907,0.0,0.0,0.03989041342045394,0,0
shuffled,eegnet,conv_temporal,46,1,64,0.4027777777777778,0.007253159547836386,0.007253159547836386,0.0,0.0,-0.00206675489859348,0,0
shuffled,eegnet,bnorm_1,46,1,64,0.4027777777777778,0.013020605992388079,0.008582620893735866,0.008682066403025147,-7.470555889518292e-05,-0.002007578469555393,0,0
shuffled,eegnet,conv_spatial,46,1,64,0.4027777777777778,0.008600680889622302,0.008603890666942905,1.1039768594739317e-05,-4.209337237754225e-06,-0.002043835603330825,0,0
shuffled,eegnet,conv_separable_depth,46,1,64,0.4027777777777778,0.03196724464968978,0.019842314443134713,0.020633418350585277,0.0014102663506897184,-0.002419213173801055,0,0
shuffled,eegnet,bnorm_2,46,1,64,0.4027777777777778,0.15678423961084798,0.021847664851090395,0.16321044561789028,-0.008144965812290298,-0.002423098299311499,0,0
shuffled,eegnet,pool_2,46,1,64,0.4027777777777778,0.496236214430704,0.15380212451532316,0.5299492387015667,-0.04529120989572205,0.0038449240936076715,0,0
shuffled,eegnet,logits,46,1,64,0.4027777777777778,0.802442794116027,0.6259438591730192,1.1192814203546595,-0.501627139242628,0.06481147667006451,0,0
shuffled,eegnet,conv_temporal,46,2,64,0.3819444444444444,0.00743520383104474,0.00743520383104474,0.0,0.0,-0.00210253015417523,0,0
shuffled,eegnet,bnorm_1,46,2,64,0.3819444444444444,0.017593492281322377,0.008625994788764125,0.014617452338598735,-0.00010126875457252434,-0.0021153327318372077,0,0
shuffled,eegnet,conv_spatial,46,2,64,0.3819444444444444,0.008667154463458742,0.008667730771514242,2.891626868265102e-05,-1.7102264334570495e-05,-0.0021849323016076188,0,0
shuffled,eegnet,conv_separable_depth,46,2,64,0.3819444444444444,0.04069105249156416,0.019131385208516212,0.032019599820753246,0.0007961245745107637,-0.0024269282386086247,0,0
shuffled,eegnet,bnorm_2,46,2,64,0.3819444444444444,0.26749411609938634,0.02079018689741089,0.28063704353784924,-0.011371547907274161,-0.0021733007408496893,0,0
shuffled,eegnet,pool_2,46,2,64,0.3819444444444444,0.6315862933594889,0.14654952495121387,0.6761344277616359,-0.04717550863616581,0.0017594339709781164,0,0
shuffled,eegnet,logits,46,2,64,0.3819444444444444,0.8608402995079365,0.6260180635459125,1.2135015303453502,-0.4243282948968115,0.03773312701766961,0,0
shuffled,eegnet,conv_temporal,46,5,64,0.4166666666666667,0.006897232716665813,0.006897232716665811,0.0,0.0,-0.0019111500845826628,0,0
shuffled,eegnet,bnorm_1,46,5,64,0.4166666666666667,0.02113875287590137,0.008402689705444234,0.018951786871336564,-5.9479196624617823e-05,-0.001971755672730924,0,0
shuffled,eegnet,conv_spatial,46,5,64,0.4166666666666667,0.00855030780710675,0.008553662973872151,0.00010508294260767224,-3.5478675675568327e-05,-0.002088898507701752,0,0
shuffled,eegnet,conv_separable_depth,46,5,64,0.4166666666666667,0.0463520135841265,0.018493123385094165,0.03879221877890275,1.4951713903472389e-05,-0.0015954689481982643,0,0
shuffled,eegnet,bnorm_2,46,5,64,0.4166666666666667,0.42393299809205487,0.020307367592291785,0.44500410772951415,-0.019610752052563137,-0.0014603575848962012,0,0
shuffled,eegnet,pool_2,46,5,64,0.4166666666666667,0.7457489932662951,0.14790418136989675,0.8019395114012764,-0.058066672427740496,0.0018761542927589756,0,0
shuffled,eegnet,logits,46,5,64,0.4166666666666667,0.8415672271369081,0.6330843460530348,1.167298512208983,-0.4773909615681914,0.06058606311742638,0,0
shuffled,eegnet,conv_temporal,46,10,64,0.3402777777777778,0.005875286136415511,0.00587528613641551,0.0,0.0,-0.0014157815505571754,0,0
shuffled,eegnet,bnorm_1,46,10,64,0.3402777777777778,0.028391070681971296,0.007684310360941186,0.027235022044623962,7.660969587658574e-05,-0.0016229531354493296,0,0
shuffled,eegnet,conv_spatial,46,10,64,0.3402777777777778,0.008194337516213634,0.008074563326368404,0.00038632552331514813,-6.709348493613165e-05,-0.001864550722156964,0,0
shuffled,eegnet,conv_separable_depth,46,10,64,0.3402777777777778,0.05474274079460496,0.018544952261357515,0.05899745180891519,-0.012502652721051494,0.00034387497600358165,0,0
shuffled,eegnet,bnorm_2,46,10,64,0.3402777777777778,0.4931616310845484,0.020273503758920147,0.5308670830132333,-0.03704521685538405,-0.0006602350733008812,0,0
shuffled,eegnet,pool_2,46,10,64,0.3402777777777778,0.7811694853652852,0.144590740187571,0.871263846879541,-0.0927241257381076,0.002629764223851916,0,0
shuffled,eegnet,logits,46,10,64,0.3402777777777778,0.7819151890775582,0.6530911997113606,0.9945045078209538,-0.3551596827044484,0.04789385176955195,0,0
shuffled,eegnet,conv_temporal,46,20,64,0.4097222222222222,0.005227220939624586,0.005227220939624586,0.0,0.0,-0.00047132509637164323,0,0
shuffled,eegnet,bnorm_1,46,20,64,0.4097222222222222,0.04090639171074166,0.007360972334015819,0.04024225069098075,0.0001415329456118161,-0.0009051719010797871,0,0
shuffled,eegnet,conv_spatial,46,20,64,0.4097222222222222,0.008786034750769195,0.008630230884821292,0.0003955369727218376,-4.5815543283614806e-05,-0.0014165361019749466,0,0
shuffled,eegnet,conv_separable_depth,46,20,64,0.4097222222222222,0.06590577668884065,0.020365114207128283,0.0952626500704111,-0.046176827991982236,0.0029985816889078593,0,0
shuffled,eegnet,bnorm_2,46,20,64,0.4097222222222222,0.4405579690568335,0.022809455632695583,0.5299460162927649,-0.09081584904662904,0.0014278018106972496,0,0
shuffled,eegnet,pool_2,46,20,64,0.4097222222222222,0.7350216138427521,0.16439328974559786,0.9443442789741328,-0.22080278521247582,0.011480120081095314,0,0
shuffled,eegnet,logits,46,20,64,0.4097222222222222,0.7323356553303871,0.6515573373801178,1.1521811836863391,-0.6959331345960161,0.09160984556557727,0,0
shuffled,shallowconvnet,conv_time_spat,41,0,64,0.5069444444444444,0.01273507097467581,0.01273507097467581,0.0,0.0,-0.003636250346070451,0,0
shuffled,shallowconvnet,bnorm,41,0,64,0.5069444444444444,0.01273507096749689,0.01273507096749689,0.0,0.0,-0.003636250358602519,0,0
shuffled,shallowconvnet,conv_nonlin_exp,41,0,64,0.5069444444444444,0.28489927888509164,0.2848992788850916,0.0,0.0,0.28489927888509164,0,0
shuffled,shallowconvnet,pool,41,0,64,0.5069444444444444,0.6094489415439606,0.6094489415439606,0.0,0.0,0.6094489415439606,0,0
shuffled,shallowconvnet,pool_nonlin_exp,41,0,64,0.5069444444444444,0.973028365726656,0.9872627295670431,5.970355840780256,-7.110802374604223,2.1134748995506216,0,0
shuffled,shallowconvnet,logits,41,0,64,0.5069444444444444,0.9723915430642993,0.9915886067485071,7.208442023164042,-9.083026429336877,2.8469759492371343,0,0
shuffled,shallowconvnet,conv_time_spat,41,1,64,0.5277777777777778,0.01576822331363993,0.014099960216190241,0.0034426319137850626,-0.00035996643721825344,-0.0031078532229887055,0,0
shuffled,shallowconvnet,bnorm,41,1,64,0.5277777777777778,0.01452065696926795,0.013986745462208225,0.002259951280605044,-0.00010649653193873101,-0.0031198838003907506,0,0
shuffled,shallowconvnet,conv_nonlin_exp,41,1,64,0.5277777777777778,0.2953919527578238,0.29210759668636277,1.9306823020689683e-05,0.004371686853502559,0.2910009590813005,0,0
shuffled,shallowconvnet,pool,41,1,64,0.5277777777777778,0.6334174539764819,0.6293693485016211,4.7035316435783005e-05,0.01036147006917704,0.6230089485908692,0,0
shuffled,shallowconvnet,pool_nonlin_exp,41,1,64,0.5277777777777778,0.937264746729163,0.97898740596236,8.143706396533954,-10.741234453945147,3.5347928041403516,0,0
shuffled,shallowconvnet,logits,41,1,64,0.5277777777777778,0.9652518676709726,0.9907997255856815,10.785662914149565,-15.121000910557978,5.293530581022669,0,0
shuffled,shallowconvnet,conv_time_spat,41,2,64,0.5069444444444444,0.018837894500921618,0.014743775963219729,0.006319886777611914,-0.0006209331015291755,-0.0031857144130349063,0,0
shuffled,shallowconvnet,bnorm,41,2,64,0.5069444444444444,0.01552102903587408,0.0143137997960597,0.002694851719652889,-0.0002732663817228172,-0.0032561914090352964,0,0
shuffled,shallowconvnet,conv_nonlin_exp,41,2,64,0.5069444444444444,0.29294659147069546,0.28835297767210843,2.8763667030447697e-05,0.005977346850909971,0.28694048095275504,0,0
shuffled,shallowconvnet,pool,41,2,64,0.5069444444444444,0.6285274104022182,0.6226614079644532,7.003293328283124e-05,0.014078676402751749,0.6143787010661836,0,0
shuffled,shallowconvnet,pool_nonlin_exp,41,2,64,0.5069444444444444,0.8953978019681612,0.9790095816253584,12.884299619658156,-18.87582693935163,6.886925121661635,0,0
shuffled,shallowconvnet,logits,41,2,64,0.5069444444444444,0.8784894787480588,0.9779450826443208,11.365383548275158,-16.241053544802103,5.745174718403003,0,0
shuffled,shallowconvnet,conv_time_spat,41,5,64,0.5277777777777778,0.01992255543020899,0.015109733263067037,0.00834519636117526,-0.0004934495299767606,-0.0035509522766810613,0,0
shuffled,shallowconvnet,bnorm,41,5,64,0.5277777777777778,0.015654471025394537,0.014354986236437519,0.003456122344064447,-0.00018698497907008354,-0.003640286695114188,0,0
shuffled,shallowconvnet,conv_nonlin_exp,41,5,64,0.5277777777777778,0.30613041268626007,0.30003186461517206,2.495096678141111e-05,0.007880416771802236,0.29822504494767643,0,0
shuffled,shallowconvnet,pool,41,5,64,0.5277777777777778,0.6596176946555299,0.6516581345100513,6.192381242432882e-05,0.01894286829179153,0.6406129025513141,0,0
shuffled,shallowconvnet,pool_nonlin_exp,41,5,64,0.5277777777777778,0.8171064783487583,0.9746045546979971,19.76790176051425,-31.242522088675955,12.291726806510471,0,0
shuffled,shallowconvnet,logits,41,5,64,0.5277777777777778,0.7603817507919766,0.9016498402785256,16.67164459419605,-25.929703369743766,9.900812959287467,0,0
shuffled,shallowconvnet,conv_time_spat,41,10,64,0.5208333333333334,0.024377911849987742,0.01421313117119842,0.015375305510836193,-0.00041342556038666815,-0.0032458795798609107,0,0
shuffled,shallowconvnet,bnorm,41,10,64,0.5208333333333334,0.016982184073834696,0.013241838115494663,0.007184517718324757,-0.00023157875301412872,-0.0033796518447166755,0,0
shuffled,shallowconvnet,conv_nonlin_exp,41,10,64,0.5208333333333334,0.30541958588815854,0.2942073853925847,8.635798443930857e-05,0.01497451097513124,0.290358716928588,0,0
shuffled,shallowconvnet,pool,41,10,64,0.5208333333333334,0.6601273903908907,0.6497180267964714,0.00021430748048659388,0.03611747963080185,0.6237956032796023,0,0
shuffled,shallowconvnet,pool_nonlin_exp,41,10,64,0.5208333333333334,0.8194866091442486,0.9649777222723599,17.520145660505786,-27.35445927718815,10.653800225826611,0,0
shuffled,shallowconvnet,logits,41,10,64,0.5208333333333334,0.7687767583111875,0.8670773367882965,24.88909277816996,-41.55502771230848,17.22153939788212,0,0
shuffled,shallowconvnet,conv_time_spat,41,20,64,0.5277777777777778,0.027714716020511128,0.012378082167981988,0.021561139510308396,-0.00038025702994882256,-0.0031083868797805187,0,0
shuffled,shallowconvnet,bnorm,41,20,64,0.5277777777777778,0.019004431741578447,0.011615162310325843,0.011838508231702172,-0.00012996676365287577,-0.0032426010485628065,0,0
shuffled,shallowconvnet,conv_nonlin_exp,41,20,64,0.5277777777777778,0.3076614287897288,0.29031347102129695,0.0002562033360981017,0.023077198514092366,0.28432802693953835,0,0
shuffled,shallowconvnet,pool,41,20,64,0.5277777777777778,0.6625060026021141,0.6488300556474966,0.0006096762084558609,0.0538563400476829,0.6080399863459753,0,0
shuffled,shallowconvnet,pool_nonlin_exp,41,20,64,0.5277777777777778,0.8352574448907523,0.9608826688158392,14.92981738677117,-22.787325227012804,8.692765285132383,0,0
shuffled,shallowconvnet,logits,41,20,64,0.5277777777777778,0.7871284038763089,0.9026189228598975,13.549484783429106,-20.375512313187144,7.592558252565549,0,0
shuffled,shallowconvnet,conv_time_spat,42,0,64,0.5,0.01151181956983681,0.01151181956983681,0.0,0.0,-0.002495972872959976,0,0
shuffled,shallowconvnet,bnorm,42,0,64,0.5,0.011511819583217987,0.011511819583217987,0.0,0.0,-0.002495972889710553,0,0
shuffled,shallowconvnet,conv_nonlin_exp,42,0,64,0.5,0.29365493448843133,0.2936549344884313,0.0,0.0,0.29365493448843133,0,0
shuffled,shallowconvnet,pool,42,0,64,0.5,0.6307917869817464,0.6307917869817464,0.0,0.0,0.6307917869817464,0,0
shuffled,shallowconvnet,pool_nonlin_exp,42,0,64,0.5,0.9739837302539625,0.9878425747758741,6.176954189551349,-7.42420692335264,2.2212364640552527,0,0
shuffled,shallowconvnet,logits,42,0,64,0.5,0.9955625445245365,0.9977767162813118,5.681932606033934,-6.5898412133018125,1.903471151792415,0,0
shuffled,shallowconvnet,conv_time_spat,42,1,64,0.5,0.014437530976660765,0.01255783092521814,0.004281446944464312,4.2395677356754904e-05,-0.0025816356551777177,0,0
shuffled,shallowconvnet,bnorm,42,1,64,0.5,0.014018697823500797,0.012526980657634934,0.0036750198192894907,-0.0002340601275001879,-0.002600617831393118,0,0
shuffled,shallowconvnet,conv_nonlin_exp,42,1,64,0.5,0.3022082731786513,0.29793740204342595,4.544309143046637e-05,0.006373872981614399,0.2957889571056064,0,0
shuffled,shallowconvnet,pool,42,1,64,0.5,0.6491718361391962,0.6468130050635532,0.00011152928556335277,0.015133238930779057,0.6339270679228539,0,0
shuffled,shallowconvnet,pool_nonlin_exp,42,1,64,0.5,0.9488222780473856,0.980063153370206,7.921949238838912,-10.36203611379947,3.3889091530079414,0,0
shuffled,shallowconvnet,logits,42,1,64,0.5,0.98819960497556,0.9959562679935133,6.604754664770047,-8.058952298737541,2.4423972389430526,0,0
shuffled,shallowconvnet,conv_time_spat,42,2,64,0.5,0.017412525202650707,0.013360681716431896,0.006987030745085229,6.486689269937618e-05,-0.0026760198390532314,0,0
shuffled,shallowconvnet,bnorm,42,2,64,0.5,0.015314202360643086,0.013186699151393155,0.003945906015250231,-0.0003454958720185778,-0.0027442976779276465,0,0
shuffled,shallowconvnet,conv_nonlin_exp,42,2,64,0.5,0.3081035700709009,0.30076872613865135,4.66800492685906e-05,0.009285034141390666,0.2987718558802417,0,0
shuffled,shallowconvnet,pool,42,2,64,0.5,0.6578699057002237,0.647579033979296,0.00011322491316867819,0.021619178519671305,0.636137502267384,0,0
shuffled,shallowconvnet,pool_nonlin_exp,42,2,64,0.5,0.9172280948472733,0.9770921583831524,11.505057878982,-16.449308195852822,5.861478411718085,0,0
shuffled,shallowconvnet,logits,42,2,64,0.5,0.9721163797952908,0.9965478102319315,11.579917271415455,-16.216596061876125,5.608795170255963,0,0
shuffled,shallowconvnet,conv_time_spat,42,5,64,0.5138888888888888,0.02102337674464626,0.013667073324120572,0.010952942157252872,8.716865410392335e-05,-0.0025438817684226584,0,0
shuffled,shallowconvnet,bnorm,42,5,64,0.5138888888888888,0.01548475589627157,0.013298448217112405,0.004010617205864413,-0.0003846073950919159,-0.002718554300369572,0,0
shuffled,shallowconvnet,conv_nonlin_exp,42,5,64,0.5138888888888888,0.30714532424100294,0.30032172947736335,4.532176292646343e-05,0.009039265296160113,0.2980607371819164,0,0
shuffled,shallowconvnet,pool,42,5,64,0.5138888888888888,0.6617020323350311,0.6537325083593453,0.00011115409597537614,0.02122697063655781,0.6403639076024978,0,0
shuffled,shallowconvnet,pool_nonlin_exp,42,5,64,0.5138888888888888,0.8042233493899669,0.9724558352854292,19.907940029395988,-31.55153391827826,12.447817238272235,0,0
shuffled,shallowconvnet,logits,42,5,64,0.5138888888888888,0.9740338181463428,0.9991024831751755,35.35754854480642,-58.24892810572203,23.865413379061955,0,0
shuffled,shallowconvnet,conv_time_spat,42,10,64,0.4791666666666667,0.02296901960624914,0.012619327693492098,0.014972533291590722,-0.00012487168743526987,-0.002590892668614633,0,0
shuffled,shallowconvnet,bnorm,42,10,64,0.4791666666666667,0.017412291010135653,0.01218580357740107,0.008630776814328792,-0.0006679686953987342,-0.0028278527996336922,0,0
shuffled,shallowconvnet,conv_nonlin_exp,42,10,64,0.4791666666666667,0.3131967949574825,0.3003046870963043,0.00017834670702819333,0.01747462564655087,0.2955438226039034,0,0
shuffled,shallowconvnet,pool,42,10,64,0.4791666666666667,0.67285301586545,0.6622193543653292,0.0004258089902237764,0.040473198274609296,0.6319540086006169,0,0
shuffled,shallowconvnet,pool_nonlin_exp,42,10,64,0.4791666666666667,0.8314886646348734,0.9680619349043873,17.42032615652196,-27.076347166929956,10.487509675042869,0,0
shuffled,shallowconvnet,logits,42,10,64,0.4791666666666667,0.9409021583368808,0.9957175414516118,29.8937754243968,-48.092411316463426,19.13284309069499,0,0
shuffled,shallowconvnet,conv_time_spat,42,20,64,0.4583333333333333,0.026726096391791344,0.011728060395646684,0.020359369902987316,-7.954645411713416e-05,-0.002683801260755432,0,0
shuffled,shallowconvnet,bnorm,42,20,64,0.4583333333333333,0.021671454827516336,0.011159527011341203,0.015744651829455183,-0.000542849469688076,-0.0025931979416186925,0,0
shuffled,shallowconvnet,conv_nonlin_exp,42,20,64,0.4583333333333333,0.3104086326886153,0.2902573416130974,0.0004655762220780025,0.02685907405213729,0.2830839824144,0,0
shuffled,shallowconvnet,pool,42,20,64,0.4583333333333333,0.6667614822191298,0.6532805679479661,0.0010815835304798236,0.06108306211214637,0.6045968365765035,0,0
shuffled,shallowconvnet,pool_nonlin_exp,42,20,64,0.4583333333333333,0.8261497573357097,0.9665446430011714,15.478409350876746,-23.760876646806963,9.108617053265924,0,0
shuffled,shallowconvnet,logits,42,20,64,0.4583333333333333,0.8586865742712929,0.9917186238290123,29.504879634479632,-48.24085682788984,19.579070901161053,0,0
shuffled,shallowconvnet,conv_time_spat,43,0,64,0.5763888888888888,0.011848321668008258,0.011848321668008258,0.0,0.0,-0.0031490647817280517,0,0
shuffled,shallowconvnet,bnorm,43,0,64,0.5763888888888888,0.011848321689749829,0.011848321689749827,0.0,0.0,-0.0031490647966444275,0,0
shuffled,shallowconvnet,conv_nonlin_exp,43,0,64,0.5763888888888888,0.2957835101730688,0.29578351017306886,0.0,0.0,0.2957835101730688,0,0
shuffled,shallowconvnet,pool,43,0,64,0.5763888888888888,0.6332295741364755,0.6332295741364755,0.0,0.0,0.6332295741364755,0,0
shuffled,shallowconvnet,pool_nonlin_exp,43,0,64,0.5763888888888888,0.975383296022805,0.9875744894995586,5.966707187767954,-7.09085879426517,2.0995349025200207,0,0
shuffled,shallowconvnet,logits,43,0,64,0.5763888888888888,0.971976286466959,0.9793248137395585,5.360979721243441,-6.1279856004705735,1.7389821656940905,0,0
shuffled,shallowconvnet,conv_time_spat,43,1,64,0.5694444444444444,0.01411980826411666,0.013625261300464915,0.002167708293524221,-5.988405273919266e-05,-0.002444524200693468,0,0
shuffled,shallowconvnet,bnorm,43,1,64,0.5694444444444444,0.01475217299592245,0.013555978001988725,0.003109745381007371,-0.0002875031552554473,-0.0024433345787445685,0,0
shuffled,shallowconvnet,conv_nonlin_exp,43,1,64,0.5694444444444444,0.3022149493033133,0.29664185258247555,2.7173001024697978e-05,0.007520598598834189,0.2946671777034543,0,0
shuffled,shallowconvnet,pool,43,1,64,0.5694444444444444,0.645426054005096,0.6393011905821001,6.79180003501064e-05,0.017953578065973082,0.6274045579387729,0,0
shuffled,shallowconvnet,pool_nonlin_exp,43,1,64,0.5694444444444444,0.9427290572819667,0.9755373405953678,7.994551827834119,-10.476035204206015,3.42421243365386,0,0
shuffled,shallowconvnet,logits,43,1,64,0.5694444444444444,0.962205792224862,0.8953472383759571,4.624222985440115,-4.956209979295261,1.2941927860800084,0,0
shuffled,shallowconvnet,conv_time_spat,43,2,64,0.5208333333333334,0.014739922447650041,0.014116339032490374,0.002475761541515847,-1.999116742741372e-05,-0.0025875602934945113,0,0
shuffled,shallowconvnet,bnorm,43,2,64,0.5208333333333334,0.01496885105366709,0.013832131147529878,0.0025702445342952124,-0.00034671770597809024,-0.0026165206245084716,0,0
shuffled,shallowconvnet,conv_nonlin_exp,43,2,64,0.5208333333333334,0.30210552633765375,0.29700528902550705,1.8098640974667483e-05,0.0068891121750930505,0.29519831552158593,0,0
shuffled,shallowconvnet,pool,43,2,64,0.5208333333333334,0.6447825950608094,0.6391321607069311,4.5411856099477275e-05,0.016445288861961276,0.6282918943427487,0,0
shuffled,shallowconvnet,pool_nonlin_exp,43,2,64,0.5208333333333334,0.893182431825812,0.9781801275219937,12.076342942416918,-17.52018762220609,6.33702711161498,0,0
shuffled,shallowconvnet,logits,43,2,64,0.5208333333333334,0.9268173511288335,0.8921937959107267,6.678976336964371,-8.27616959440443,2.5158638053937192,0,0
shuffled,shallowconvnet,conv_time_spat,43,5,64,0.5486111111111112,0.018205572125440203,0.014204098653418873,0.0067522012542571876,0.0004203278617747126,-0.00295993725035509,0,0
shuffled,shallowconvnet,bnorm,43,5,64,0.5486111111111112,0.015353596487938617,0.013353320776865341,0.003997517610712378,-0.0005071040741437536,-0.0030587790313023576,0,0
shuffled,shallowconvnet,conv_nonlin_exp,43,5,64,0.5486111111111112,0.3033418502403027,0.2965478092502075,4.064587556604464e-05,0.009324206334720801,0.29397699803001587,0,0
shuffled,shallowconvnet,pool,43,5,64,0.5486111111111112,0.6469113975112305,0.6406995329787147,0.00010096860401441777,0.02208877981808386,0.6247216490891322,0,0
shuffled,shallowconvnet,pool_nonlin_exp,43,5,64,0.5486111111111112,0.8310499338657097,0.9731406301447096,18.30739297962984,-28.633301049437048,11.156958003672912,0,0
shuffled,shallowconvnet,logits,43,5,64,0.5486111111111112,0.8731627712522259,0.9237653772769587,15.286724496252267,-23.144143072855336,8.678315990782814,0,0
shuffled,shallowconvnet,conv_time_spat,43,10,64,0.5069444444444444,0.021418537532294873,0.01324710203263589,0.012223576640797935,0.00028276373896664694,-0.002941149765071274,0,0
shuffled,shallowconvnet,bnorm,43,10,64,0.5069444444444444,0.015761589419317094,0.012147761345538396,0.007039339817799573,-0.0004128122905454314,-0.0031231961013148783,0,0
shuffled,shallowconvnet,conv_nonlin_exp,43,10,64,0.5069444444444444,0.29626881535139427,0.2848074651323004,0.00010312473268461004,0.015285915845315832,0.2808797747733939,0,0
shuffled,shallowconvnet,pool,43,10,64,0.5069444444444444,0.6319712444268422,0.6212885092970868,0.0002490001070976494,0.035604735466301864,0.5961175088534427,0,0
shuffled,shallowconvnet,pool_nonlin_exp,43,10,64,0.5069444444444444,0.8292896511161277,0.9701745273679461,17.644176411231236,-27.601808288376183,10.78692152826107,0,0
shuffled,shallowconvnet,logits,43,10,64,0.5069444444444444,0.8300502027853474,0.9330132225148692,19.219861930404228,-30.494525144894148,12.022976551777713,0,0
shuffled,shallowconvnet,conv_time_spat,43,20,64,0.4652777777777778,0.020341225150038292,0.011429386508205065,0.013207694380549997,0.00017453392664738935,-0.002893286432120362,0,0
shuffled,shallowconvnet,bnorm,43,20,64,0.4652777777777778,0.01812304135832843,0.010599247375820794,0.011656028981759147,-3.110649582805265e-05,-0.0029451770283222944,0,0
shuffled,shallowconvnet,conv_nonlin_exp,43,20,64,0.4652777777777778,0.2993043490565908,0.28317090333207834,0.00019747314310945968,0.021610155686183907,0.2774967202272975,0,0
shuffled,shallowconvnet,pool,43,20,64,0.4652777777777778,0.6407170793397157,0.6288109395138317,0.0004731018600129843,0.050372517892632425,0.5898714595870703,0,0
shuffled,shallowconvnet,pool_nonlin_exp,43,20,64,0.4652777777777778,0.8407024219350396,0.9609383433582743,13.577736856939676,-20.378393663258926,7.641359228254285,0,0
shuffled,shallowconvnet,logits,43,20,64,0.4652777777777778,0.8373175542871827,0.9587805197809811,11.735372937436615,-17.184707721644877,6.284539191427958,0,0
shuffled,shallowconvnet,conv_time_spat,44,0,64,0.6041666666666666,0.011870167644479146,0.011870167644479148,0.0,0.0,-0.002947677689710675,0,0
shuffled,shallowconvnet,bnorm,44,0,64,0.6041666666666666,0.011870167622710145,0.011870167622710145,0.0,0.0,-0.0029476776855500873,0,0
shuffled,shallowconvnet,conv_nonlin_exp,44,0,64,0.6041666666666666,0.2939073169149925,0.29390731691499256,0.0,0.0,0.2939073169149925,0,0
shuffled,shallowconvnet,pool,44,0,64,0.6041666666666666,0.6297679837074033,0.6297679837074033,0.0,0.0,0.6297679837074033,0,0
shuffled,shallowconvnet,pool_nonlin_exp,44,0,64,0.6041666666666666,0.9759919722051655,0.987293242651951,5.826773274801842,-6.865985562487557,2.015204259890881,0,0
shuffled,shallowconvnet,logits,44,0,64,0.6041666666666666,0.9630176625458546,0.970351499538228,5.777182504430115,-6.820190376851924,2.0060255349676632,0,0
shuffled,shallowconvnet,conv_time_spat,44,1,64,0.4930555555555556,0.014580900115343487,0.014360299280062728,0.0018006213574756188,3.3749002840197815e-05,-0.002949958919206952,0,0
shuffled,shallowconvnet,bnorm,44,1,64,0.4930555555555556,0.014457244960080058,0.014277469022917754,0.001870544385756253,1.9221011477113067e-05,-0.0029382430437926033,0,0
shuffled,shallowconvnet,conv_nonlin_exp,44,1,64,0.4930555555555556,0.3029104459597174,0.30020186175964314,9.698790977034251e-06,0.003813522071496314,0.29908722509724406,0,0
shuffled,shallowconvnet,pool,44,1,64,0.4930555555555556,0.6495464590946102,0.6468573990525941,2.398265596436204e-05,0.009158081996752634,0.6403643944418932,0,0
shuffled,shallowconvnet,pool_nonlin_exp,44,1,64,0.4930555555555556,0.9481761169951765,0.9816197617026892,8.301904991204506,-10.969608707769744,3.6158798335604154,0,0
shuffled,shallowconvnet,logits,44,1,64,0.4930555555555556,0.9742347855852342,0.9901292404913438,7.967911903734436,-10.373578370041857,3.3799012518926554,0,0
shuffled,shallowconvnet,conv_time_spat,44,2,64,0.4861111111111111,0.015189264451631207,0.014773845288133263,0.002243566542477317,2.118069294045601e-05,-0.002955016316093545,0,0
shuffled,shallowconvnet,bnorm,44,2,64,0.4861111111111111,0.014731160690663894,0.014426089767871395,0.001701607100595953,-0.00010721989371513367,-0.002940025924968089,0,0
shuffled,shallowconvnet,conv_nonlin_exp,44,2,64,0.4861111111111111,0.30111449725619316,0.2980137660148586,8.876047092718892e-06,0.004025821937499503,0.2970797992716009,0,0
shuffled,shallowconvnet,pool,44,2,64,0.4861111111111111,0.6454738148477339,0.6411545586601293,2.198659021726035e-05,0.009656454983516078,0.6357953732740007,0,0
shuffled,shallowconvnet,pool_nonlin_exp,44,2,64,0.4861111111111111,0.9004438037940914,0.9814535281467027,12.787673242833655,-18.70587808473497,6.818648645695406,0,0
shuffled,shallowconvnet,logits,44,2,64,0.4861111111111111,0.9294279386730258,0.9767425503917069,10.596836659960637,-14.867048079460679,5.199639358173069,0,0
shuffled,shallowconvnet,conv_time_spat,44,5,64,0.4513888888888889,0.016779881196415245,0.014193409225629089,0.005578527010961505,1.5013351297665294e-05,-0.003511832223696577,0,0
shuffled,shallowconvnet,bnorm,44,5,64,0.4513888888888889,0.01443518215057406,0.013385438207622322,0.003000074916670351,-0.0002920015077254846,-0.0035303045727468367,0,0
shuffled,shallowconvnet,conv_nonlin_exp,44,5,64,0.4513888888888889,0.2981853832347614,0.2933541125390761,2.142504845496114e-05,0.006347715624613927,0.2918162425616925,0,0
shuffled,shallowconvnet,pool,44,5,64,0.4513888888888889,0.6419638293719437,0.6357717010973484,5.2528953869416765e-05,0.015198463972665988,0.6267128364454083,0,0
shuffled,shallowconvnet,pool_nonlin_exp,44,5,64,0.4513888888888889,0.8475334562920734,0.9756097119548712,17.773972787826853,-27.689641154156337,10.76320182262156,0,0
shuffled,shallowconvnet,logits,44,5,64,0.4513888888888889,0.8563702798852992,0.9775800054165092,15.78813862399447,-24.241647163039644,9.307778588806897,0,0
shuffled,shallowconvnet,conv_time_spat,44,10,64,0.4861111111111111,0.021534929401268305,0.013679749091228877,0.012501411591165,-1.607205374242081e-06,-0.0034645380363578842,0,0
shuffled,shallowconvnet,bnorm,44,10,64,0.4861111111111111,0.013636294115276344,0.012304257084149478,0.003653890117783344,-0.00012515748311672055,-0.003390495844920641,0,0
shuffled,shallowconvnet,conv_nonlin_exp,44,10,64,0.4861111111111111,0.2954353188886584,0.2901265743796755,2.465473565234766e-05,0.007090191322216391,0.2883204728307897,0,0
shuffled,shallowconvnet,pool,44,10,64,0.4861111111111111,0.6352932075183197,0.6291329901865605,6.0575197364530814e-05,0.016898575941027002,0.6183340563799282,0,0
shuffled,shallowconvnet,pool_nonlin_exp,44,10,64,0.4861111111111111,0.8387152181969917,0.9728344846371456,16.914679310594593,-26.2390403216013,10.1630762292037,0,0
shuffled,shallowconvnet,logits,44,10,64,0.4861111111111111,0.7282660177575191,0.8307195114568731,13.620845921967184,-21.04487938091072,8.083135052817331,0,0
shuffled,shallowconvnet,conv_time_spat,44,20,64,0.4930555555555556,0.02884183754368878,0.012192302054168398,0.023878298585419427,-0.00042549838252815505,-0.00279670933210194,0,0
shuffled,shallowconvnet,bnorm,44,20,64,0.4930555555555556,0.015550668792172847,0.011135532614392023,0.008344607521681289,-5.4945390934284595e-05,-0.0026700336434352014,0,0
shuffled,shallowconvnet,conv_nonlin_exp,44,20,64,0.4930555555555556,0.2958131480540317,0.28525144890474635,0.00012180982734800879,0.013903756043928944,0.28178758218275474,0,0
shuffled,shallowconvnet,pool,44,20,64,0.4930555555555556,0.6393154896752333,0.6278220319197142,0.00029684090224416315,0.032901902836260065,0.6061167459367292,0,0
shuffled,shallowconvnet,pool_nonlin_exp,44,20,64,0.4930555555555556,0.8357330695948615,0.9628332242487823,14.861319922401165,-22.66267131527251,8.637084462466207,0,0
shuffled,shallowconvnet,logits,44,20,64,0.4930555555555556,0.7410486969370355,0.9714084154610525,20.371632296022902,-32.95687592001474,13.276462111846973,0,0
shuffled,shallowconvnet,conv_time_spat,45,0,64,0.4930555555555556,0.01219762703155793,0.01219762703155793,0.0,0.0,-0.00321560477124547,0,0
shuffled,shallowconvnet,bnorm,45,0,64,0.4930555555555556,0.012197627027567272,0.01219762702756727,0.0,0.0,-0.003215604770953588,0,0
shuffled,shallowconvnet,conv_nonlin_exp,45,0,64,0.4930555555555556,0.29811536346793843,0.29811536346793843,0.0,0.0,0.29811536346793843,0,0
shuffled,shallowconvnet,pool,45,0,64,0.4930555555555556,0.6374438234191799,0.63744382341918,0.0,0.0,0.6374438234191799,0,0
shuffled,shallowconvnet,pool_nonlin_exp,45,0,64,0.4930555555555556,0.973653827155522,0.9872564515513407,6.0786316452135205,-7.271428213857604,2.166450395799605,0,0
shuffled,shallowconvnet,logits,45,0,64,0.4930555555555556,0.9799978100744408,0.9838819162918404,6.007879720387887,-7.147636246406602,2.1197543360931568,0,0
shuffled,shallowconvnet,conv_time_spat,45,1,64,0.4791666666666667,0.014551044542449303,0.01396853534719734,0.0019133303116734344,0.00010121146095263251,-0.003038651997307828,0,0
shuffled,shallowconvnet,bnorm,45,1,64,0.4791666666666667,0.014579909906747894,0.013901116397362343,0.002211209118300094,-0.0001334901371906715,-0.003038134288847331,0,0
shuffled,shallowconvnet,conv_nonlin_exp,45,1,64,0.4791666666666667,0.2920562768987541,0.28883171350470566,1.1105483978603731e-05,0.004406850709716583,0.28763832070505885,0,0
shuffled,shallowconvnet,pool,45,1,64,0.4791666666666667,0.6253291348059967,0.6217041531853518,2.7254934061291198e-05,0.010389504625362485,0.6149123752465729,0,0
shuffled,shallowconvnet,pool_nonlin_exp,45,1,64,0.4791666666666667,0.9396982025622418,0.9790092949945333,8.206446350126797,-10.840153018352954,3.5734048707883987,0,0
shuffled,shallowconvnet,logits,45,1,64,0.4791666666666667,0.8463468940583604,0.958489803158022,19.674167704238613,-31.219920200853057,12.230491005890169,0,0
shuffled,shallowconvnet,conv_time_spat,45,2,64,0.4791666666666667,0.015980985430461822,0.014749472226902694,0.002927962696025279,7.966085591841192e-05,-0.0031122374573550214,0,0
shuffled,shallowconvnet,bnorm,45,2,64,0.4791666666666667,0.01588292859536785,0.014576017228169508,0.0026401417916885853,-0.00032620517853162306,-0.003163700840203203,0,0
shuffled,shallowconvnet,conv_nonlin_exp,45,2,64,0.4791666666666667,0.2924837690468627,0.2874854113870495,2.1281774363273582e-05,0.006350712350119958,0.2861117749223795,0,0
shuffled,shallowconvnet,pool,45,2,64,0.4791666666666667,0.6260406259688049,0.6189940266851122,5.264542131671608e-05,0.014922468710539243,0.611065511836949,0,0
shuffled,shallowconvnet,pool_nonlin_exp,45,2,64,0.4791666666666667,0.8951090386357736,0.9788168974984801,13.204602309175684,-19.444942438028303,7.135449167488394,0,0
shuffled,shallowconvnet,logits,45,2,64,0.4791666666666667,0.944603252516772,0.9561555722826239,7.206031251152417,-9.099123210746097,2.837695212110451,0,0
shuffled,shallowconvnet,conv_time_spat,45,5,64,0.5069444444444444,0.015915638696215356,0.014927590327833118,0.002711102876320569,3.4820484985568214e-05,-0.0032408849334283757,0,0
shuffled,shallowconvnet,bnorm,45,5,64,0.5069444444444444,0.016078586889574975,0.01413818325046939,0.0035612780347231495,-0.00039750061130770315,-0.003271782079550242,0,0
shuffled,shallowconvnet,conv_nonlin_exp,45,5,64,0.5069444444444444,0.2839121122704462,0.2784497483624007,2.6262542699851455e-05,0.00698493934099482,0.27690091038675146,0,0
shuffled,shallowconvnet,pool,45,5,64,0.5069444444444444,0.6104200630290133,0.602908166181898,6.50255153003646e-05,0.01653232242629795,0.5938227150874149,0,0
shuffled,shallowconvnet,pool_nonlin_exp,45,5,64,0.5069444444444444,0.8119670300518992,0.9703377077080073,16.679404396211893,-25.808629419879935,9.941192053719941,0,0
shuffled,shallowconvnet,logits,45,5,64,0.5069444444444444,0.8993877662796079,0.9598169704536014,22.638616544535886,-35.89746569472164,14.158128581907429,0,0
shuffled,shallowconvnet,conv_time_spat,45,10,64,0.4513888888888889,0.015482874345959054,0.013260298320702673,0.004591949309373836,-2.0916164330110233e-05,-0.003162506969676234,0,0
shuffled,shallowconvnet,bnorm,45,10,64,0.4513888888888889,0.015182675909292672,0.01227763386032162,0.00576952295328674,-0.00026471154178323616,-0.0030488257619767914,0,0
shuffled,shallowconvnet,conv_nonlin_exp,45,10,64,0.4513888888888889,0.28982843117218426,0.28165338391567846,6.166592641665709e-05,0.010870553562523196,0.2788962116832444,0,0
shuffled,shallowconvnet,pool,45,10,64,0.4513888888888889,0.6237911818921846,0.6148869773532224,0.0001516568629841316,0.02567153865568208,0.5979679863735183,0,0
shuffled,shallowconvnet,pool_nonlin_exp,45,10,64,0.4513888888888889,0.8292030231168088,0.9707712628429105,16.388375593992116,-25.302458606761732,9.743286035886424,0,0
shuffled,shallowconvnet,logits,45,10,64,0.4513888888888889,0.8181164782611594,0.9934839928436631,28.709483181286874,-47.844950204009734,19.935397953370916,0,0
shuffled,shallowconvnet,conv_time_spat,45,20,64,0.4513888888888889,0.018806777475831732,0.012329636878079963,0.01022736245474616,2.6163807633147737e-05,-0.002571471966346387,0,0
shuffled,shallowconvnet,bnorm,45,20,64,0.4513888888888889,0.02060329992295737,0.011062864393389493,0.014289792447002986,-0.00014531157428095115,-0.0024110057273262087,0,0
shuffled,shallowconvnet,conv_nonlin_exp,45,20,64,0.4513888888888889,0.3000092437433113,0.2807423553134087,0.0002991438026419003,0.02497440266352719,0.27473569727714214,0,0
shuffled,shallowconvnet,pool,45,20,64,0.4513888888888889,0.6454961302720783,0.6265953882377258,0.0007206594241706039,0.05820923801060754,0.5865662328373002,0,0
shuffled,shallowconvnet,pool_nonlin_exp,45,20,64,0.4513888888888889,0.8319723178740718,0.9598681131360021,13.316751843955942,-19.98455780323583,7.499778277153972,0,0
shuffled,shallowconvnet,logits,45,20,64,0.4513888888888889,0.8245171888736529,0.982063074048181,19.51738678632314,-30.997095441271483,12.262461854352733,0,0
shuffled,shallowconvnet,conv_time_spat,46,0,64,0.4930555555555556,0.011501109722761655,0.011501109722761653,0.0,0.0,-0.002441301125273288,0,0
shuffled,shallowconvnet,bnorm,46,0,64,0.4930555555555556,0.011501109715753343,0.011501109715753341,0.0,0.0,-0.002441301095960387,0,0
shuffled,shallowconvnet,conv_nonlin_exp,46,0,64,0.4930555555555556,0.2913429530749294,0.29134295307492936,0.0,0.0,0.2913429530749294,0,0
shuffled,shallowconvnet,pool,46,0,64,0.4930555555555556,0.6222967727774603,0.6222967727774603,0.0,0.0,0.6222967727774603,0,0
shuffled,shallowconvnet,pool_nonlin_exp,46,0,64,0.4930555555555556,0.9729524168697682,0.9871316262759031,6.24160549362814,-7.52778597439001,2.2591328976316367,0,0
shuffled,shallowconvnet,logits,46,0,64,0.4930555555555556,0.9948252163377438,0.9969642106659244,6.775284334697795,-8.311092194420123,2.5306330760600737,0,0
shuffled,shallowconvnet,conv_time_spat,46,1,64,0.5069444444444444,0.014362310213679104,0.012652034105553246,0.0036311558245847335,0.0003288600283555436,-0.0031138478346158975,0,0
shuffled,shallowconvnet,bnorm,46,1,64,0.5069444444444444,0.013350466354408997,0.012631423685321852,0.002617896782122528,-7.751282503948146e-05,-0.003136971561655649,0,0
shuffled,shallowconvnet,conv_nonlin_exp,46,1,64,0.5069444444444444,0.298182675958829,0.29427156504943464,3.0174107642380584e-05,0.005119434235016257,0.29303306761617043,0,0
shuffled,shallowconvnet,pool,46,1,64,0.5069444444444444,0.637591657939625,0.6324978443178905,7.335557168410367e-05,0.012030740607463772,0.6254875617604772,0,0
shuffled,shallowconvnet,pool_nonlin_exp,46,1,64,0.5069444444444444,0.9484797266256365,0.9797186282085072,8.082928748867193,-10.583542178774739,3.4490931565331797,0,0
shuffled,shallowconvnet,logits,46,1,64,0.5069444444444444,0.9945725015517468,0.9954780117893952,9.216593878992665,-12.242488372132463,4.020466994691545,0,0
shuffled,shallowconvnet,conv_time_spat,46,2,64,0.375,0.015997713177164204,0.013203409777798464,0.0051942526651723095,0.0003649318518105877,-0.003260311126783473,0,0
shuffled,shallowconvnet,bnorm,46,2,64,0.375,0.014128512901218566,0.013117131738341524,0.002663766617547863,-0.00027077161501794776,-0.003278477387815232,0,0
shuffled,shallowconvnet,conv_nonlin_exp,46,2,64,0.375,0.29680982433175035,0.29255800391845177,1.6087421129759286e-05,0.005613968719068993,0.29117976819155156,0,0
shuffled,shallowconvnet,pool,46,2,64,0.375,0.6332137142775061,0.6278903653035803,3.957633916163967e-05,0.013245605196938392,0.6199285327414061,0,0
shuffled,shallowconvnet,pool_nonlin_exp,46,2,64,0.375,0.903935879484925,0.9769887191659781,11.564140086142395,-16.564783480538544,5.904579273881075,0,0
shuffled,shallowconvnet,logits,46,2,64,0.375,0.9849865957827444,0.9941398719676999,13.536650958538885,-19.586842764853657,7.035178402097516,0,0
shuffled,shallowconvnet,conv_time_spat,46,5,64,0.4305555555555556,0.018397263744595174,0.013218246898907122,0.008482780147019954,0.00038036727730499613,-0.0035308239912054166,0,0
shuffled,shallowconvnet,bnorm,46,5,64,0.4305555555555556,0.014526716641182075,0.012820002078147607,0.003765423144255745,-0.00040956697936177667,-0.003462765554435943,0,0
shuffled,shallowconvnet,conv_nonlin_exp,46,5,64,0.4305555555555556,0.29004743850272086,0.2849741756281091,2.701401648408139e-05,0.006764423208956825,0.28325600127727996,0,0
shuffled,shallowconvnet,pool,46,5,64,0.4305555555555556,0.6154276998867706,0.6095945912498939,6.671553489457925e-05,0.015945382862772906,0.5994156014891031,0,0
shuffled,shallowconvnet,pool_nonlin_exp,46,5,64,0.4305555555555556,0.8194521883475385,0.9732997302252542,17.26142208797009,-26.766480316068808,10.324510416446248,0,0
shuffled,shallowconvnet,logits,46,5,64,0.4305555555555556,0.9243743654048595,0.9916545302292918,24.600971488073306,-38.510094198427325,14.805767253925122,0,0
shuffled,shallowconvnet,conv_time_spat,46,10,64,0.4027777777777778,0.024175486182780384,0.012769131248157798,0.016161982125930046,0.0005107931142505255,-0.003625968130006041,0,0
shuffled,shallowconvnet,bnorm,46,10,64,0.4027777777777778,0.015044056085543413,0.012496402659483593,0.005616446538750216,-0.00034537737828465486,-0.0037178763003283357,0,0
shuffled,shallowconvnet,conv_nonlin_exp,46,10,64,0.4027777777777778,0.28648768623796605,0.2794160602420756,6.452802910089085e-05,0.009084077620972103,0.277339080587893,0,0
shuffled,shallowconvnet,pool,46,10,64,0.4027777777777778,0.606605488919778,0.5973767273871851,0.00015549109163596613,0.021010093284879683,0.5854399045432622,0,0
shuffled,shallowconvnet,pool_nonlin_exp,46,10,64,0.4027777777777778,0.8208212573109918,0.973716678936257,19.178858807857807,-30.287009032975867,11.928971482429041,0,0
shuffled,shallowconvnet,logits,46,10,64,0.4027777777777778,0.907256063184616,0.9891369634614481,19.77553156746975,-30.552891342483512,11.684615838198376,0,0
shuffled,shallowconvnet,conv_time_spat,46,20,64,0.4236111111111111,0.0229391364758739,0.012148088905139378,0.014945413143687771,0.0007229618845170446,-0.002955254660681879,0,0
shuffled,shallowconvnet,bnorm,46,20,64,0.4236111111111111,0.01809053016136962,0.01129524749355103,0.011296086452062818,-0.00026878156404807257,-0.0029881920735678105,0,0
shuffled,shallowconvnet,conv_nonlin_exp,46,20,64,0.4236111111111111,0.25906699965488067,0.24747908612913877,0.00017708101095826668,0.013782634976333578,0.2451072836675888,0,0
shuffled,shallowconvnet,pool,46,20,64,0.4236111111111111,0.5467768924536818,0.5282519021801886,0.0004183105550189056,0.03159314709541525,0.5147654348032475,0,0
shuffled,shallowconvnet,pool_nonlin_exp,46,20,64,0.4236111111111111,0.8268018986652341,0.9591167295982612,14.255673667541295,-21.63116271513097,8.202290946254902,0,0
shuffled,shallowconvnet,logits,46,20,64,0.4236111111111111,0.875830290952159,0.957014902693701,16.582211554988984,-25.55272137542635,9.839748327611499,0,0
shuffled,eegconformer,patch_embedding,41,0,64,0.4375,0.9611477434615583,0.14990153023171426,0.9830238320601818,-0.02257715764911527,0.0007010690504917448,0,0
shuffled,eegconformer,transformer.0,41,0,64,0.4375,0.9817751572091198,0.256075921022072,1.0212282616859563,-0.03992614081384627,0.000473036337009593,0,0
shuffled,eegconformer,transformer.2,41,0,64,0.4375,0.985933404848041,0.3153216632911806,1.014175588674583,-0.028565807461749748,0.0003236236352079304,0,0
shuffled,eegconformer,transformer.5,41,0,64,0.4375,0.9858123071983871,0.4031773325196585,1.008570997534202,-0.02325378312645015,0.0004950927906350603,0,0
shuffled,eegconformer,fc,41,0,64,0.4375,0.9884082762773829,0.38600584239236085,0.9967914693554153,-0.008806633356009608,0.0004234402779772801,0,0
shuffled,eegconformer,logits,41,0,64,0.4375,0.9861012793481818,0.7718805330358023,0.9606049119688608,0.02385872538051738,0.0016376419988036821,0,0
shuffled,eegconformer,patch_embedding,41,1,64,0.4930555555555556,0.7394142188871743,0.2078626791898856,0.7549383735627347,-0.029417749401063585,0.013893594725503122,0,0
shuffled,eegconformer,transformer.0,41,1,64,0.4930555555555556,0.8067322675189001,0.44445800084075837,1.010349909309535,-0.22769291734794186,0.02407527555730695,0,0
shuffled,eegconformer,transformer.2,41,1,64,0.4930555555555556,0.8247493279278646,0.4563951364909338,1.0199825182641646,-0.21604772827148844,0.020814537935188185,0,0
shuffled,eegconformer,transformer.5,41,1,64,0.4930555555555556,0.8930572622967071,0.4083463183786914,1.0323631029999305,-0.1510619477546018,0.011756107051378382,0,0
shuffled,eegconformer,fc,41,1,64,0.4930555555555556,0.9040502073378999,0.33973841171751007,0.9960550824155154,-0.09985269199870511,0.007847816921089596,0,0
shuffled,eegconformer,logits,41,1,64,0.4930555555555556,0.9288049390365167,0.8618171990843665,1.1819812923349189,-0.26660965749341625,0.013417129429417729,0,0
shuffled,eegconformer,patch_embedding,41,2,64,0.4583333333333333,0.7025709280376301,0.19229631667522457,0.7037935350774405,-0.01690877973129581,0.01568617269148556,0,0
shuffled,eegconformer,transformer.0,41,2,64,0.4583333333333333,0.8233390242553129,0.3481051252514725,0.9809120344090014,-0.17482326524122171,0.017250255087533122,0,0
shuffled,eegconformer,transformer.2,41,2,64,0.4583333333333333,0.8557423949637729,0.4137277455402021,0.9497190407040312,-0.1065417737462849,0.012565128006026648,0,0
shuffled,eegconformer,transformer.5,41,2,64,0.4583333333333333,0.8484908194077789,0.4432692827562706,0.9512575007160695,-0.12134828216636007,0.018581600858069414,0,0
shuffled,eegconformer,fc,41,2,64,0.4583333333333333,0.8821702128957565,0.408436812762713,0.8171923160021157,0.05168216113356526,0.013295735760075582,0,0
shuffled,eegconformer,logits,41,2,64,0.4583333333333333,0.937197309964086,0.6746383950798958,1.101815376720731,-0.16879037311486003,-0.01895781546080108,0,0
shuffled,eegconformer,patch_embedding,41,5,64,0.4513888888888889,0.6932003667030178,0.19375603236903577,0.6866834250516944,-0.004106923746743841,0.010623865398067261,0,0
shuffled,eegconformer,transformer.0,41,5,64,0.4513888888888889,0.8453666590365052,0.3199273075169532,1.0362696218987129,-0.1981227703113782,0.007219807449170191,0,0
shuffled,eegconformer,transformer.2,41,5,64,0.4513888888888889,0.8415648905263069,0.3112143252638023,0.9980162089315205,-0.16168094957131182,0.005229631166097898,0,0
shuffled,eegconformer,transformer.5,41,5,64,0.4513888888888889,0.8615055744755346,0.35281225854451714,0.9908694692950903,-0.134334523400503,0.004970628580947222,0,0
shuffled,eegconformer,fc,41,5,64,0.4513888888888889,0.91211679891457,0.43017294201896017,0.9445158974254462,-0.03412281548140576,0.0017237169705295273,0,0
shuffled,eegconformer,logits,41,5,64,0.4513888888888889,0.9586495167429437,0.7431589498030085,1.1163100858617065,-0.15662860820162658,-0.001031960917136043,0,0
shuffled,eegconformer,patch_embedding,41,10,64,0.5,0.6754524060822173,0.2059857349195035,0.6808422562625102,-0.01573263742663334,0.010342787246340359,0,0
shuffled,eegconformer,transformer.0,41,10,64,0.5,0.7721772122866969,0.34949976616662376,1.0250790112031276,-0.25936477236599936,0.004635133975449139,0,0
shuffled,eegconformer,transformer.2,41,10,64,0.5,0.7611497177414976,0.369130908173949,1.0774886047503163,-0.4096388516692706,0.003495351553050136,0,0
shuffled,eegconformer,transformer.5,41,10,64,0.5,0.7933039811907834,0.3636366220916778,1.1007053667186475,-0.4213709662109736,0.003366565596489729,0,0
shuffled,eegconformer,fc,41,10,64,0.5,0.8302954139508945,0.5258282377398874,1.1491916684476853,-0.45109221170222635,-0.0005363136187477365,0,0
shuffled,eegconformer,logits,41,10,64,0.5,0.8356232380815602,0.7703734401315574,1.297777910952078,-0.5861542439593534,-0.000575838977440611,0,0
shuffled,eegconformer,patch_embedding,41,20,64,0.4513888888888889,0.6440286904376955,0.16739124851559245,0.7048329440363277,-0.07187180972994212,0.011067556131309718,0,0
shuffled,eegconformer,transformer.0,41,20,64,0.4513888888888889,0.6787986533340631,0.421284363240777,0.9882342666141365,-0.3430293861206619,0.024857904679314292,0,0
shuffled,eegconformer,transformer.2,41,20,64,0.4513888888888889,0.6521929823274606,0.5873115366311009,1.0725422536819003,-0.641050209435325,0.06711534502273359,0,0
shuffled,eegconformer,transformer.5,41,20,64,0.4513888888888889,0.6419134778223048,0.5869938800705292,1.069786021689198,-0.5586802845137702,0.05777247931240723,0,0
shuffled,eegconformer,fc,41,20,64,0.4513888888888889,0.6600389540567988,0.7567337196668886,1.1224955910204955,-0.5650712008669921,0.07158618703067074,0,0
shuffled,eegconformer,logits,41,20,64,0.4513888888888889,0.9290898425653792,0.9027538685713392,1.9906041572553375,-1.1859696103249855,0.12445529563502705,0,0
shuffled,eegconformer,patch_embedding,42,0,64,0.5,0.9263588352455017,0.16166709301363544,0.9514374671072818,-0.02673786290199371,0.0016592310402137552,0,0
shuffled,eegconformer,transformer.0,42,0,64,0.5,0.9770389359159892,0.27103942290341476,1.002805997992184,-0.02650544025958039,0.0007383781833859009,0,0
shuffled,eegconformer,transformer.2,42,0,64,0.5,0.9742425352945465,0.39672212827895925,1.035765898316534,-0.06275854924714046,0.0012351862251528836,0,0
shuffled,eegconformer,transformer.5,42,0,64,0.5,0.9783078920643262,0.4395661361812965,1.0200548966776515,-0.04287275541182532,0.0011257507984999064,0,0
shuffled,eegconformer,fc,42,0,64,0.5,0.9809558438355628,0.4754428064785884,1.0113395079746563,-0.031362153131376753,0.0009784889922831717,0,0
shuffled,eegconformer,logits,42,0,64,0.5,0.9748856383738409,0.7842292126812795,0.93034135510588,0.039841705399508334,0.004702577868452519,0,0
shuffled,eegconformer,patch_embedding,42,1,64,0.5416666666666666,0.6434076093887654,0.31831307233206924,0.7725694952772512,-0.16016162069271214,0.030145048743822934,0,0
shuffled,eegconformer,transformer.0,42,1,64,0.5416666666666666,0.8138627279802229,0.42675938281295833,0.9143297056994955,-0.12157960342373925,0.021112625704466474,0,0
shuffled,eegconformer,transformer.2,42,1,64,0.5416666666666666,0.8134824591479958,0.5199055238024554,0.9168145973121329,-0.13274276594281448,0.029410627778677416,0,0
shuffled,eegconformer,transformer.5,42,1,64,0.5416666666666666,0.8538268766783128,0.6043218463762324,1.020575808321291,-0.19732687880440558,0.03057794716142749,0,0
shuffled,eegconformer,fc,42,1,64,0.5416666666666666,0.8731909426460447,0.5709299246303443,1.0236232070687414,-0.1658678806937398,0.015435616271043187,0,0
shuffled,eegconformer,logits,42,1,64,0.5416666666666666,0.7960066261137219,0.8576207377918836,0.815116132851702,-0.11463299476286865,0.0729361962655533,0,0
shuffled,eegconformer,patch_embedding,42,2,64,0.5763888888888888,0.6265377129689873,0.2796006123005527,0.7320951781995472,-0.13158542594880798,0.025876743053838414,0,0
shuffled,eegconformer,transformer.0,42,2,64,0.5763888888888888,0.7831990980673464,0.34133185262972593,0.9291187264543906,-0.16140158986625508,0.015481961479210705,0,0
shuffled,eegconformer,transformer.2,42,2,64,0.5763888888888888,0.7593771903547897,0.3714595250139858,0.9287596668781744,-0.19437393691671062,0.024991460393325893,0,0
shuffled,eegconformer,transformer.5,42,2,64,0.5763888888888888,0.7249267321337465,0.40336855160696156,1.067832628225346,-0.3791113745450564,0.0339816626020815,0,0
shuffled,eegconformer,fc,42,2,64,0.5763888888888888,0.7750984175016526,0.40357496177653895,1.0773022539593968,-0.32363348185226926,0.017578055255026658,0,0
shuffled,eegconformer,logits,42,2,64,0.5763888888888888,0.8956532480101664,0.7639335493932143,2.1895293516743033,-1.5543665257057804,0.1786039578816657,0,0
shuffled,eegconformer,patch_embedding,42,5,64,0.5,0.6614264167403071,0.2574316849528712,0.7534031048366374,-0.11162061457715594,0.019643926480825576,0,0
shuffled,eegconformer,transformer.0,42,5,64,0.5,0.8376250862378266,0.3682387507308766,0.9869669461414836,-0.16397080253382995,0.014628942630172934,0,0
shuffled,eegconformer,transformer.2,42,5,64,0.5,0.8913892603318365,0.46635038572826915,0.9510548275195168,-0.07295708708293522,0.01329151989525496,0,0
shuffled,eegconformer,transformer.5,42,5,64,0.5,0.9196981242251384,0.5379992642006515,0.9546161563493745,-0.04713054794647893,0.012212515822242713,0,0
shuffled,eegconformer,fc,42,5,64,0.5,0.9778688432655078,0.48413306092523095,1.0201357692110538,-0.04506271977813044,0.002795793832584389,0,0
shuffled,eegconformer,logits,42,5,64,0.5,0.9033486268655078,0.6426606208106442,1.2918533818986833,-0.42627968356367635,0.021870424014640948,0,0
shuffled,eegconformer,patch_embedding,42,10,64,0.5416666666666666,0.6476090952668127,0.2410285459314101,0.7581136610857888,-0.12948388523817048,0.018979319419193952,0,0
shuffled,eegconformer,transformer.0,42,10,64,0.5416666666666666,0.746237080320064,0.41347318917071785,1.0104102652766378,-0.2926504699942416,0.025482852295254082,0,0
shuffled,eegconformer,transformer.2,42,10,64,0.5416666666666666,0.6996281900587863,0.5214150352897244,0.9917883478389302,-0.3622799863422207,0.04994722643988429,0,0
shuffled,eegconformer,transformer.5,42,10,64,0.5416666666666666,0.7139486472360972,0.4965258822908279,1.0621140980359447,-0.4831081117743302,0.050836776408254486,0,0
shuffled,eegconformer,fc,42,10,64,0.5416666666666666,0.7074855916526124,0.5467002599877977,1.1041075564994705,-0.5979387988409939,0.08033960423968667,0,0
shuffled,eegconformer,logits,42,10,64,0.5416666666666666,0.8937179135919313,0.794820508330129,3.5419374794812057,-4.213284058204394,1.1534127445142062,0,0
shuffled,eegconformer,patch_embedding,42,20,64,0.5902777777777778,0.6551891042100073,0.2699866859072755,0.8090150332630618,-0.1822398191721927,0.028413890119138085,0,0
shuffled,eegconformer,transformer.0,42,20,64,0.5902777777777778,0.7079437613523369,0.4973252019182096,1.2057833879299604,-0.6190074786835263,0.07266154879510442,0,0
shuffled,eegconformer,transformer.2,42,20,64,0.5902777777777778,0.7767653159003038,0.5017918441452465,1.2445832057732868,-0.6711567666296826,0.06643749647269977,0,0
shuffled,eegconformer,transformer.5,42,20,64,0.5902777777777778,0.7919353589034848,0.4936172620945678,1.2563528882865196,-0.6966621954939742,0.06640808144661392,0,0
shuffled,eegconformer,fc,42,20,64,0.5902777777777778,0.7958659086985522,0.5052544290422865,1.2126694522826686,-0.6463614969827491,0.06031188674403538,0,0
shuffled,eegconformer,logits,42,20,64,0.5902777777777778,0.9103612730120008,0.6322642595173784,1.6466459866739973,-1.1576765463647523,0.10506786317446137,0,0
shuffled,eegconformer,patch_embedding,43,0,64,0.5,0.9415359642425687,0.15212798829507232,0.9357027099187497,0.004754502167711946,0.00107875215610672,0,0
shuffled,eegconformer,transformer.0,43,0,64,0.5,0.9832575422745413,0.35700281448504007,1.0279699796101838,-0.04528983063392762,0.000577393298285288,0,0
shuffled,eegconformer,transformer.2,43,0,64,0.5,0.9901073168936252,0.4150328470819453,1.0141354576220243,-0.02448934154420996,0.00046120081581055056,0,0
shuffled,eegconformer,transformer.5,43,0,64,0.5,0.9934094379117717,0.46375985443586987,1.0056717527833174,-0.012626462469884383,0.0003641475983387045,0,0
shuffled,eegconformer,fc,43,0,64,0.5,0.995098967612706,0.44784366088157845,1.0166027015916732,-0.02171068650323163,0.00020695252426433474,0,0
shuffled,eegconformer,logits,43,0,64,0.5,0.9991831335369763,0.6498687745023701,1.0188619211317582,-0.01968308324707719,4.295652295249213e-06,0,0
shuffled,eegconformer,patch_embedding,43,1,64,0.4722222222222222,0.7285612567883171,0.23120129186677152,0.7258319446342448,-0.013728644386430589,0.016457956540502947,0,0
shuffled,eegconformer,transformer.0,43,1,64,0.4722222222222222,0.8737578235405032,0.3720213852171268,1.0420628108214025,-0.17895287224220913,0.010647884961309853,0,0
shuffled,eegconformer,transformer.2,43,1,64,0.4722222222222222,0.9099182485865911,0.4437730495962394,0.9669373910552057,-0.06370726599603563,0.006688123527420636,0,0
shuffled,eegconformer,transformer.5,43,1,64,0.4722222222222222,0.9065281592169883,0.5241455598744824,0.9757706589402839,-0.07735182114871875,0.00810932142542295,0,0
shuffled,eegconformer,fc,43,1,64,0.4722222222222222,0.9429637265064306,0.5125772402397806,1.0254038149858653,-0.08642701469989932,0.0039869262204646665,0,0
shuffled,eegconformer,logits,43,1,64,0.4722222222222222,0.8755207985497822,0.8058191153900642,1.6447885406577791,-1.7321157354992058,0.3698053748994595,0,0
shuffled,eegconformer,patch_embedding,43,2,64,0.5,0.7119845852502904,0.26228228901894945,0.7423136138131218,-0.04825719829029956,0.017928169727468142,0,0
shuffled,eegconformer,transformer.0,43,2,64,0.5,0.853682151493161,0.41103998066745295,1.0429832995781982,-0.2023752678179827,0.013074119732945417,0,0
shuffled,eegconformer,transformer.2,43,2,64,0.5,0.899452266990054,0.4853967323489567,0.9651750957431567,-0.07282676741540808,0.007103938662305273,0,0
shuffled,eegconformer,transformer.5,43,2,64,0.5,0.8932931592509812,0.5997763317099254,0.954619347261114,-0.07228634401123776,0.010960156001104839,0,0
shuffled,eegconformer,fc,43,2,64,0.5,0.9269270821305975,0.59677292252925,1.0287754102633377,-0.10638604301654622,0.003773224252425678,0,0
shuffled,eegconformer,logits,43,2,64,0.5,0.7709055006412011,0.8213325039231286,0.7985978628561001,-0.15059155099868624,0.05713066441058634,0,0
shuffled,eegconformer,patch_embedding,43,5,64,0.5,0.722156131099189,0.2414498913197093,0.7367626392802016,-0.02873067241734746,0.01412416423633473,0,0
shuffled,eegconformer,transformer.0,43,5,64,0.5,0.8655897678896088,0.522998912998853,1.0017789404489594,-0.14955461699413036,0.013365444434779578,0,0
shuffled,eegconformer,transformer.2,43,5,64,0.5,0.9266819528765367,0.5949630990482733,0.9365434422740737,-0.017327054371869384,0.0074655649743319685,0,0
shuffled,eegconformer,transformer.5,43,5,64,0.5,0.9398094643099266,0.6485042529148504,0.9767015388502005,-0.04415804795076311,0.007265973410488884,0,0
shuffled,eegconformer,fc,43,5,64,0.5,0.9771828788993415,0.7563891015978708,0.9982395479990939,-0.02472153435389457,0.003664865254142287,0,0
shuffled,eegconformer,logits,43,5,64,0.5,0.8424424241236619,0.9440625565920082,0.8546364471238557,-0.06237497327808885,0.050180950277895014,0,0
shuffled,eegconformer,patch_embedding,43,10,64,0.5277777777777778,0.7172465893412434,0.20630975392710277,0.7432294213182629,-0.037568212667932685,0.011585380690913222,0,0
shuffled,eegconformer,transformer.0,43,10,64,0.5277777777777778,0.8222472205699587,0.3676455636377132,1.0229441019204293,-0.21342070907010652,0.012723827719636118,0,0
shuffled,eegconformer,transformer.2,43,10,64,0.5277777777777778,0.871164177146592,0.4374929351849162,1.0119670403230379,-0.14916114683577397,0.008358283659328183,0,0
shuffled,eegconformer,transformer.5,43,10,64,0.5277777777777778,0.8908013093032219,0.4979055153391638,1.006733388878437,-0.12496643942879772,0.009034359853582873,0,0
shuffled,eegconformer,fc,43,10,64,0.5277777777777778,0.9540321388615518,0.6159005389608718,0.9604597707191882,-0.011395528234158497,0.004967896376522124,0,0
shuffled,eegconformer,logits,43,10,64,0.5277777777777778,0.9544901759802319,0.6998636093295688,1.9709159497681628,-1.1255635033493365,0.024431588888285054,0,0
shuffled,eegconformer,patch_embedding,43,20,64,0.5486111111111112,0.6831441120291362,0.24323736795157103,0.7321825502694228,-0.06392159896953849,0.014638308688144572,0,0
shuffled,eegconformer,transformer.0,43,20,64,0.5486111111111112,0.7053750566085706,0.6548250361874568,1.1204723932993716,-0.49194436149844156,0.05756155366910061,0,0
shuffled,eegconformer,transformer.2,43,20,64,0.5486111111111112,0.7493519842828156,0.6870180670327839,1.1645420280815242,-0.5766517750320597,0.05467874628731716,0,0
shuffled,eegconformer,transformer.5,43,20,64,0.5486111111111112,0.7492260281994496,0.7227868102557446,1.1393171388411112,-0.5006844631264366,0.04466372601100251,0,0
shuffled,eegconformer,fc,43,20,64,0.5486111111111112,0.7345983132861612,0.8568763226042035,1.2214693973991761,-0.5518018535385993,0.051643774617544894,0,0
shuffled,eegconformer,logits,43,20,64,0.5486111111111112,0.9566995904237345,0.9767974447660535,3.7168235691023668,-3.4202739879536996,0.33045608134044835,0,0
shuffled,eegconformer,patch_embedding,44,0,64,0.5,0.9375858023949759,0.15840561145178972,0.9699887895080372,-0.03373121758626381,0.0013282304732025387,0,0
shuffled,eegconformer,transformer.0,44,0,64,0.5,0.9799625066455349,0.35224150396438414,1.005607674377592,-0.02642994982530929,0.0007847820932521901,0,0
shuffled,eegconformer,transformer.2,44,0,64,0.5,0.9876197795672368,0.4763096200416185,0.9959193482699105,-0.009220847574162385,0.0009212788714881724,0,0
shuffled,eegconformer,transformer.5,44,0,64,0.5,0.9885796805303592,0.4738790444153437,0.986917299062244,0.000738354766547749,0.0009240267015672801,0,0
shuffled,eegconformer,fc,44,0,64,0.5,0.992477935732194,0.4423468066648778,1.0046988370770369,-0.012713228551270432,0.0004923272064275761,0,0
shuffled,eegconformer,logits,44,0,64,0.5,0.9934558775080966,0.646042449497978,0.894526021101634,0.09723022173391205,0.0016996346725506018,0,0
shuffled,eegconformer,patch_embedding,44,1,64,0.5069444444444444,0.6823138552065849,0.2826688216174914,0.706631464149766,-0.04938898952440977,0.023530619043157466,0,0
shuffled,eegconformer,transformer.0,44,1,64,0.5069444444444444,0.8220259007027736,0.46653169531373856,0.9379384592666928,-0.1334981375487453,0.017585578984826065,0,0
shuffled,eegconformer,transformer.2,44,1,64,0.5069444444444444,0.9079310780048684,0.5837566257677659,0.9501685612503005,-0.056221270490092304,0.01398378724465996,0,0
shuffled,eegconformer,transformer.5,44,1,64,0.5069444444444444,0.9118394324100283,0.626866518007712,0.9414017637694212,-0.04416411705233146,0.014601785692938508,0,0
shuffled,eegconformer,fc,44,1,64,0.5069444444444444,0.9318103925132516,0.6449532830163874,0.9402992183129442,-0.019214219388608976,0.010725393588916336,0,0
shuffled,eegconformer,logits,44,1,64,0.5069444444444444,0.8897076907830732,0.73263219071706,1.4946547531498697,-0.6772629508505033,0.05475555549680779,0,0
shuffled,eegconformer,patch_embedding,44,2,64,0.5,0.6528514768810157,0.30008777151676747,0.7064623272761201,-0.08048869986470186,0.02650920894291845,0,0
shuffled,eegconformer,transformer.0,44,2,64,0.5,0.8001036113047941,0.538191125498798,0.8964623749979643,-0.11759605357323452,0.021237289880064063,0,0
shuffled,eegconformer,transformer.2,44,2,64,0.5,0.8800419156336763,0.5986356798926461,0.9519818951216437,-0.09140423222644506,0.019464252738477558,0,0
shuffled,eegconformer,transformer.5,44,2,64,0.5,0.9119791021996226,0.592178773976884,0.9659394754864152,-0.06875859716837927,0.014798223881586775,0,0
shuffled,eegconformer,fc,44,2,64,0.5,0.967500334409188,0.6573905624171482,1.0122421869848184,-0.04738628261877181,0.002644430043141373,0,0
shuffled,eegconformer,logits,44,2,64,0.5,0.9838837989689957,0.7686929474187572,1.0310765746130173,-0.05505185447586758,0.007859078831846108,0,0
shuffled,eegconformer,patch_embedding,44,5,64,0.4444444444444444,0.6304638887726439,0.23216969793566553,0.6861061144519526,-0.07556361544200507,0.018839798429409433,0,0
shuffled,eegconformer,transformer.0,44,5,64,0.4444444444444444,0.7564549637682927,0.4110703269708579,0.9109745965985521,-0.16670457197962335,0.011093985119403293,0,0
shuffled,eegconformer,transformer.2,44,5,64,0.4444444444444444,0.8029330912028663,0.45082697097239216,1.054943804688595,-0.2783532588478618,0.026342545362132715,0,0
shuffled,eegconformer,transformer.5,44,5,64,0.4444444444444444,0.8251275354108456,0.4623297215344775,1.0624246935254331,-0.261804050948761,0.024506892834173365,0,0
shuffled,eegconformer,fc,44,5,64,0.4444444444444444,0.9395131459236888,0.5358330271486922,1.033226221093022,-0.10495334954981768,0.01124027438048443,0,0
shuffled,eegconformer,logits,44,5,64,0.4444444444444444,0.9618669240034952,0.6568755415500465,0.7191352704519305,0.22611843329914877,0.016613220252415968,0,0
shuffled,eegconformer,patch_embedding,44,10,64,0.6111111111111112,0.6385351736744314,0.2084752432853295,0.6879404955112176,-0.06457828614599875,0.015172964309212538,0,0
shuffled,eegconformer,transformer.0,44,10,64,0.6111111111111112,0.7711129488993185,0.31062409843966154,0.9526481067230087,-0.19074097026515013,0.009205812441459744,0,0
shuffled,eegconformer,transformer.2,44,10,64,0.6111111111111112,0.8029511055334431,0.3246922941675484,1.0315938931361786,-0.240194202221233,0.011551414618497626,0,0
shuffled,eegconformer,transformer.5,44,10,64,0.6111111111111112,0.8340195179967888,0.3302762102016798,1.0432743823901152,-0.21831806396724887,0.009063199573922442,0,0
shuffled,eegconformer,fc,44,10,64,0.6111111111111112,0.9302044014038306,0.42160383190110406,0.9293503649515908,-0.002038299138748329,0.0028923355909881657,0,0
shuffled,eegconformer,logits,44,10,64,0.6111111111111112,0.8234969380100645,0.6470363794966449,0.9240749085687928,-0.1611585938769045,0.011480169269117692,0,0
shuffled,eegconformer,patch_embedding,44,20,64,0.5694444444444444,0.6390041384034679,0.2028194439203805,0.6994003716034765,-0.07641064739361317,0.016014414193604356,0,0
shuffled,eegconformer,transformer.0,44,20,64,0.5694444444444444,0.7911217703452933,0.40906938737099613,0.8754773726484486,-0.10379197097505911,0.019283207869144024,0,0
shuffled,eegconformer,transformer.2,44,20,64,0.5694444444444444,0.8158649032811589,0.4725032016062686,1.0030550174701252,-0.2127700782004589,0.02262090852144692,0,0
shuffled,eegconformer,transformer.5,44,20,64,0.5694444444444444,0.8498967720381398,0.5131861443657775,1.0155032086271518,-0.1849888142910418,0.019373891956761806,0,0
shuffled,eegconformer,fc,44,20,64,0.5694444444444444,0.9258636637525303,0.46518771801341474,0.9871534181522083,-0.06602836620688071,0.004714137471443041,0,0
shuffled,eegconformer,logits,44,20,64,0.5694444444444444,0.9519811141177409,0.7263586428930022,0.7657165792839005,0.0750533361843782,0.007134524975316754,0,0
shuffled,eegconformer,patch_embedding,45,0,64,0.4583333333333333,0.9267103624194665,0.15764455872299646,0.9498280123441809,-0.024310135733638466,0.0011924858089239288,0,0
shuffled,eegconformer,transformer.0,45,0,64,0.4583333333333333,0.9749468724364547,0.318164071387917,1.0359203045410645,-0.06164443762889599,0.0006710055242861016,0,0
shuffled,eegconformer,transformer.2,45,0,64,0.4583333333333333,0.9740657443557807,0.4388365568804014,1.0082943287109054,-0.0346188219754833,0.0003902376203587938,0,0
shuffled,eegconformer,transformer.5,45,0,64,0.4583333333333333,0.9792419311103637,0.5009662357690999,1.0197701817998102,-0.04087585380368039,0.00034760311423379325,0,0
shuffled,eegconformer,fc,45,0,64,0.4583333333333333,0.9765496712773469,0.4978110188852378,1.0121402451517802,-0.035911762364414804,0.0003211884899813327,0,0
shuffled,eegconformer,logits,45,0,64,0.4583333333333333,0.9992485960959911,0.681775054359681,1.0484952613548462,-0.049389759404620565,0.0001430941457655158,0,0
shuffled,eegconformer,patch_embedding,45,1,64,0.4305555555555556,0.6842682141528292,0.21814332350164373,0.6572291429565733,0.012860259713903036,0.014178811482352671,0,0
shuffled,eegconformer,transformer.0,45,1,64,0.4305555555555556,0.7265586856694591,0.3759788267035882,0.9840560547103375,-0.2906657705200384,0.030262256847395887,0,0
shuffled,eegconformer,transformer.2,45,1,64,0.4305555555555556,0.7604751424977914,0.3712201948474014,0.949672165691162,-0.2211730066107015,0.02380122874050654,0,0
shuffled,eegconformer,transformer.5,45,1,64,0.4305555555555556,0.7841243563803904,0.37928352826797185,0.9898651433368748,-0.23382062019079747,0.018315426660627198,0,0
shuffled,eegconformer,fc,45,1,64,0.4305555555555556,0.7993457878416094,0.43334386167030836,1.0864483282578776,-0.35929452089107033,0.02459700989808318,0,0
shuffled,eegconformer,logits,45,1,64,0.4305555555555556,0.788327360480003,0.6916650488991869,1.900024315305604,-1.9165325201798882,0.4021594784620464,0,0
shuffled,eegconformer,patch_embedding,45,2,64,0.4930555555555556,0.6592072327774599,0.22873607413658603,0.6526379094418786,-0.009348246196184958,0.01591756953176604,0,0
shuffled,eegconformer,transformer.0,45,2,64,0.4930555555555556,0.7661875903525674,0.44082196207136914,1.0504164413837436,-0.3306405167005553,0.026926080000997075,0,0
shuffled,eegconformer,transformer.2,45,2,64,0.4930555555555556,0.8117633976542336,0.42071680019806523,1.021780999787784,-0.26110848626033534,0.015376803470982161,0,0
shuffled,eegconformer,transformer.5,45,2,64,0.4930555555555556,0.8689220073298863,0.4000365148901167,1.0196413036772656,-0.16299480599131316,0.00708614892733632,0,0
shuffled,eegconformer,fc,45,2,64,0.4930555555555556,0.9234658500211046,0.49989384098770456,1.0504704535978413,-0.12930575848024753,0.002301154903510695,0,0
shuffled,eegconformer,logits,45,2,64,0.4930555555555556,0.9891584564020759,0.7242342456224342,1.1605431089643046,-0.1681867701888412,-0.0031978823733876185,0,0
shuffled,eegconformer,patch_embedding,45,5,64,0.4930555555555556,0.6765462254670982,0.26302431488836353,0.692044091140242,-0.0333495566759906,0.017851691002846844,0,0
shuffled,eegconformer,transformer.0,45,5,64,0.4930555555555556,0.8004349269022941,0.581661628418159,1.098100189435515,-0.32704432259059574,0.027204814706880697,0,0
shuffled,eegconformer,transformer.2,45,5,64,0.4930555555555556,0.8339416065200167,0.6036986342281531,1.0566109957018486,-0.2453977771483312,0.019953292424504422,0,0
shuffled,eegconformer,transformer.5,45,5,64,0.4930555555555556,0.8952357858847462,0.5965459315217885,1.0210212371973062,-0.13613180978886,0.010346358476300093,0,0
shuffled,eegconformer,fc,45,5,64,0.4930555555555556,0.9553758344438775,0.6267763369524056,1.027381333433281,-0.07529876467035347,0.0032932656809499207,0,0
shuffled,eegconformer,logits,45,5,64,0.4930555555555556,0.869722488663317,0.7917838877150425,1.1580733848518545,-0.38557058215376055,0.026094125803298278,0,0
shuffled,eegconformer,patch_embedding,45,10,64,0.5347222222222222,0.6361403874482396,0.24116476317781832,0.6717014501994263,-0.052970448963588324,0.017409386212401713,0,0
shuffled,eegconformer,transformer.0,45,10,64,0.5347222222222222,0.7413367850538006,0.47610500587092397,1.0613543610432514,-0.3598143423463331,0.032621127037683044,0,0
shuffled,eegconformer,transformer.2,45,10,64,0.5347222222222222,0.7888657628317917,0.4836714401231114,1.0907360425201629,-0.3335718031993101,0.022018976123173592,0,0
shuffled,eegconformer,transformer.5,45,10,64,0.5347222222222222,0.8099158815795974,0.5304078124775622,1.0948643790971084,-0.3084460776433349,0.01823292426849281,0,0
shuffled,eegconformer,fc,45,10,64,0.5347222222222222,0.8687986294207724,0.567611304314369,1.0993687250289232,-0.24748915766214874,0.014580103641583885,0,0
shuffled,eegconformer,logits,45,10,64,0.5347222222222222,0.8842224368048459,0.6486400811240025,1.576490394790187,-0.7983238294401727,0.029523715521105196,0,0
shuffled,eegconformer,patch_embedding,45,20,64,0.6041666666666666,0.6171112922597464,0.1950142931964587,0.6727131756505058,-0.07811531969911104,0.01877870150715196,0,0
shuffled,eegconformer,transformer.0,45,20,64,0.6041666666666666,0.7703429544589178,0.37379503704924677,1.1072412848049957,-0.42410148166786477,0.02627482510275447,0,0
shuffled,eegconformer,transformer.2,45,20,64,0.6041666666666666,0.8251471750271338,0.40444886614540343,1.0947775923499445,-0.359000958320292,0.014641691010858153,0,0
shuffled,eegconformer,transformer.5,45,20,64,0.6041666666666666,0.8440547536155599,0.40306150481500624,1.1015537279433845,-0.32846952211560815,0.008021509758297069,0,0
shuffled,eegconformer,fc,45,20,64,0.6041666666666666,0.8769913666167877,0.5926512492745151,1.100705510031545,-0.2548336382091454,0.004453187378664133,0,0
shuffled,eegconformer,logits,45,20,64,0.6041666666666666,0.8998648535194194,0.7000041581772593,1.0694553110585276,-0.2274526673506213,0.000886590260819071,0,0
shuffled,eegconformer,patch_embedding,46,0,64,0.5,0.968410168868391,0.15087270738264733,0.9679515914145327,-0.00029355346240302277,0.0007521309162612478,0,0
shuffled,eegconformer,transformer.0,46,0,64,0.5,0.9927135966149145,0.31453842380781577,1.0175337998917515,-0.025189299064330376,0.00036909578749335075,0,0
shuffled,eegconformer,transformer.2,46,0,64,0.5,0.9947035562602475,0.3381969509598033,1.0098232491097567,-0.015380159703020905,0.0002604668535117798,0,0
shuffled,eegconformer,transformer.5,46,0,64,0.5,0.9940040458504589,0.38187556257543853,1.0041257932307925,-0.010439456279055417,0.00031770889872148773,0,0
shuffled,eegconformer,fc,46,0,64,0.5,0.9951106014411433,0.3863700891086085,0.9883283589476234,0.006446548256080606,0.00033569423743942813,0,0
shuffled,eegconformer,logits,46,0,64,0.5,0.9997185414333565,0.7151154030770375,0.9899891811448032,0.00971563911299699,1.3721175556279952e-05,0,0
shuffled,eegconformer,patch_embedding,46,1,64,0.4930555555555556,0.7701336527188187,0.2483142638252806,0.7235579515141124,0.026615096546462845,0.019960604658243376,0,0
shuffled,eegconformer,transformer.0,46,1,64,0.4930555555555556,0.8961789335958599,0.34690721279561276,1.0806292878837533,-0.19866441279906727,0.014214058511173612,0,0
shuffled,eegconformer,transformer.2,46,1,64,0.4930555555555556,0.9469841557044705,0.34851070269217765,1.0334849163570932,-0.09262230644463648,0.0061215457920135875,0,0
shuffled,eegconformer,transformer.5,46,1,64,0.4930555555555556,0.9677751631500731,0.3857775548942375,0.9868555017648823,-0.023103800697202255,0.004023462082392915,0,0
shuffled,eegconformer,fc,46,1,64,0.4930555555555556,0.9763443423800449,0.3769987382759164,0.9696880789291324,0.004120855810907563,0.002535407640004813,0,0
shuffled,eegconformer,logits,46,1,64,0.4930555555555556,0.875890854003371,0.6977797987157095,1.132149565581668,-0.4029720647084411,0.06396246061647745,0,0
shuffled,eegconformer,patch_embedding,46,2,64,0.5138888888888888,0.7399494181414301,0.2517363141144958,0.6908392559548242,0.026926210087190035,0.022183952099416045,0,0
shuffled,eegconformer,transformer.0,46,2,64,0.5138888888888888,0.8737726825687095,0.3327346102373817,1.0581356282998704,-0.20007175558415216,0.01570880985299139,0,0
shuffled,eegconformer,transformer.2,46,2,64,0.5138888888888888,0.9275727715975479,0.3231601513170295,1.038152132393614,-0.1181304850279985,0.007551124231931921,0,0
shuffled,eegconformer,transformer.5,46,2,64,0.5138888888888888,0.9593978735934383,0.35889133687111113,0.9886787782557589,-0.034086057498445815,0.004805152836125114,0,0
shuffled,eegconformer,fc,46,2,64,0.5138888888888888,0.9828631717327834,0.3918302724303184,0.9891317731456057,-0.00838130916717173,0.002112707754349309,0,0
shuffled,eegconformer,logits,46,2,64,0.5138888888888888,0.9099637688259106,0.6098992107739428,0.92640089209898,-0.15134016813522286,0.019861114147554006,0,0
shuffled,eegconformer,patch_embedding,46,5,64,0.4375,0.73468741975771,0.23994079741651503,0.7038213483144555,0.011409950810241716,0.01945612063301263,0,0
shuffled,eegconformer,transformer.0,46,5,64,0.4375,0.8835087948799769,0.3612521552664064,1.0277663843761333,-0.15813625206658036,0.01387866257042371,0,0
shuffled,eegconformer,transformer.2,46,5,64,0.4375,0.9362682508090575,0.33510206399738557,1.0541649403195614,-0.12406907528033054,0.006172385769826267,0,0
shuffled,eegconformer,transformer.5,46,5,64,0.4375,0.9466625638675341,0.3759872441447378,1.022072852271874,-0.08107741299595232,0.005667124591612296,0,0
shuffled,eegconformer,fc,46,5,64,0.4375,0.9615235101398673,0.4016779544379122,1.0423341726840172,-0.08217280064508148,0.0013621381009317046,0,0
shuffled,eegconformer,logits,46,5,64,0.4375,0.8388981216386991,0.6284792363973294,1.1552304441174028,-0.3707583530192901,0.026534322823424654,0,0
shuffled,eegconformer,patch_embedding,46,10,64,0.4652777777777778,0.7017894709053141,0.2053235876639992,0.7009820117926688,-0.015666070919150805,0.01647353003179588,0,0
shuffled,eegconformer,transformer.0,46,10,64,0.4652777777777778,0.8309979685188115,0.3215292027872666,1.0429844583894572,-0.22606274472286897,0.014076254852223507,0,0
shuffled,eegconformer,transformer.2,46,10,64,0.4652777777777778,0.8981006615886621,0.3507947199818654,1.0612069167398221,-0.16992122832337567,0.006814973172215664,0,0
shuffled,eegconformer,transformer.5,46,10,64,0.4652777777777778,0.9226020566492262,0.3831368915216933,1.0473803360742746,-0.13029286763140252,0.005514588206354207,0,0
shuffled,eegconformer,fc,46,10,64,0.4652777777777778,0.9771216489737558,0.48645835286516825,1.0009346751110793,-0.025294927477418273,0.0014819013400947769,0,0
shuffled,eegconformer,logits,46,10,64,0.4652777777777778,0.9663631490577675,0.6861481853508506,0.931632221748844,0.034544131342891374,0.0001867959660322129,0,0
shuffled,eegconformer,patch_embedding,46,20,64,0.4097222222222222,0.6539416293309909,0.2357657535013352,0.7004481426691742,-0.06916612963059868,0.02251123444204928,0,0
shuffled,eegconformer,transformer.0,46,20,64,0.4097222222222222,0.6838128286789669,0.44722674576500543,0.997484522465149,-0.3584645282604731,0.044792834474291006,0,0
shuffled,eegconformer,transformer.2,46,20,64,0.4097222222222222,0.6800312709951462,0.5936970129626278,0.9112482493707212,-0.29358673022774257,0.0614373566083119,0,0
shuffled,eegconformer,transformer.5,46,20,64,0.4097222222222222,0.7726219581874352,0.6098572931856907,1.0231004476148091,-0.29841444245822,0.04793595303084555,0,0
shuffled,eegconformer,fc,46,20,64,0.4097222222222222,0.8606485998212314,0.7295044827038526,0.9383422822133094,-0.10297607987139246,0.024199947437261535,0,0
shuffled,eegconformer,logits,46,20,64,0.4097222222222222,0.800966181513596,0.9352529044881178,0.7204685202669846,0.03002657694902258,0.04161872192710737,0,0
shuffled,tsception,temporal_blocks.0,41,0,64,0.5347222222222222,0.48930261405020853,0.260619578975844,0.18357359040349686,0.17095876657428505,0.1347702570724265,0,0
shuffled,tsception,temporal_blocks.2,41,0,64,0.5347222222222222,0.5136806028045379,0.1634919230450541,0.31981640316580273,0.11580975820531192,0.07805444143342288,0,0
shuffled,tsception,spatial_block_1,41,0,64,0.5347222222222222,0.5931907929231697,0.17443135386066422,0.4970465134187161,0.04623768603645544,0.04990659346799804,0,0
shuffled,tsception,spatial_block_2,41,0,64,0.5347222222222222,0.6492935897247631,0.13914811076094602,0.4424493038232179,0.16224344649802336,0.04460083940352188,0,0
shuffled,tsception,batch_temporal_lay,41,0,64,0.5347222222222222,0.4160100304521268,0.1919599185877212,0.2295311874498584,0.0796690204502103,0.10680982255205801,0,0
shuffled,tsception,batch_spatial_lay,41,0,64,0.5347222222222222,0.4324571391411012,0.14388084924825711,0.47394337240046713,-0.10227358098067349,0.060787347721307415,0,0
shuffled,tsception,dense_layer,41,0,64,0.5347222222222222,0.7556554530448379,0.14608019878961837,0.6591999401479993,0.07300039523471288,0.023455117662125775,0,0
shuffled,tsception,logits,41,0,64,0.5347222222222222,0.9311171890644612,0.6320783838598519,0.9975375762216759,-0.06760198183953631,-0.005688222671211082,0,0
shuffled,tsception,temporal_blocks.0,41,1,64,0.4513888888888889,0.4841999506167103,0.2729169836323442,0.17685170587910687,0.16325013414125084,0.14409811059635202,0,0
shuffled,tsception,temporal_blocks.2,41,1,64,0.4513888888888889,0.5087716632349932,0.1606758250374447,0.31301915200739583,0.11819867577395113,0.07755383545364586,0,0
shuffled,tsception,spatial_block_1,41,1,64,0.4513888888888889,0.6596384567261375,0.24211068677953126,0.9157595460343094,-0.32443426821810195,0.06831317890993008,0,0
shuffled,tsception,spatial_block_2,41,1,64,0.4513888888888889,0.6285977641542232,0.20648343561877022,0.9271001522776439,-0.36567140992143743,0.06716902179801666,0,0
shuffled,tsception,batch_temporal_lay,41,1,64,0.4513888888888889,0.4283274879153727,0.19396541848924082,0.9175161484577388,-0.5785836983095344,0.08934106913304357,0,0
shuffled,tsception,batch_spatial_lay,41,1,64,0.4513888888888889,0.6219662446727108,0.20903205674399683,0.8699356199067687,-0.29583686853357705,0.047867493299518865,0,0
shuffled,tsception,dense_layer,41,1,64,0.4513888888888889,0.7060535850820311,0.23890287775116728,0.7967688112937236,-0.13608633733654504,0.04537111112485264,0,0
shuffled,tsception,logits,41,1,64,0.4513888888888889,0.781836578035784,0.7033345126897343,1.084262679594131,-0.6703239058974271,0.12246844288909803,0,0
shuffled,tsception,temporal_blocks.0,41,2,64,0.4652777777777778,0.4887130618116311,0.2708106090732012,0.17734842058839045,0.169511270544215,0.14185337067902543,0,0
shuffled,tsception,temporal_blocks.2,41,2,64,0.4652777777777778,0.5069421938846317,0.16045575465541356,0.3128710039080641,0.11673371539430977,0.07733747458225784,0,0
shuffled,tsception,spatial_block_1,41,2,64,0.4652777777777778,0.7233302567099684,0.33899634902936127,1.1334793369764458,-0.5012156805997394,0.09106660033326097,0,0
shuffled,tsception,spatial_block_2,41,2,64,0.4652777777777778,0.7018465079390191,0.25672592181380516,1.0639214683430498,-0.4276756493989879,0.06560068899495736,0,0
shuffled,tsception,batch_temporal_lay,41,2,64,0.4652777777777778,0.5146812118677315,0.20118788510503774,0.996873648389633,-0.5592387931077316,0.07704635658582829,0,0
shuffled,tsception,batch_spatial_lay,41,2,64,0.4652777777777778,0.5385954560599127,0.2784836392757942,0.9395473202215782,-0.49125573055283733,0.09030386639117163,0,0
shuffled,tsception,dense_layer,41,2,64,0.4652777777777778,0.6433462068641059,0.32086755985851356,0.8763964499212267,-0.32916433929023703,0.09611409623311634,0,0
shuffled,tsception,logits,41,2,64,0.4652777777777778,0.6152151738257565,0.7166593053923274,0.5443613837146748,-0.939092671550173,0.3929421182825319,0,0
shuffled,tsception,temporal_blocks.0,41,5,64,0.5833333333333334,0.4819189396799205,0.27863855116339353,0.16036023931718046,0.17128239296528802,0.15027630739745212,0,0
shuffled,tsception,temporal_blocks.2,41,5,64,0.5833333333333334,0.5028860132150061,0.17336548144691558,0.3089199162301063,0.11515238930891984,0.07881370767598005,0,0
shuffled,tsception,spatial_block_1,41,5,64,0.5833333333333334,0.7773107807534247,0.36825034149820485,1.2742446266361704,-0.5875681973944711,0.09063435151172507,0,0
shuffled,tsception,spatial_block_2,41,5,64,0.5833333333333334,0.7240663811255271,0.28728234652286777,1.123624096901136,-0.47292937574267463,0.07337165996706604,0,0
shuffled,tsception,batch_temporal_lay,41,5,64,0.5833333333333334,0.5324819353685317,0.21826175417421645,1.0370929234205497,-0.5858589144192559,0.08124792636723405,0,0
shuffled,tsception,batch_spatial_lay,41,5,64,0.5833333333333334,0.4885437213040512,0.30623293098719984,1.0432320372441986,-0.6876803350193097,0.13299201907916233,0,0
shuffled,tsception,dense_layer,41,5,64,0.5833333333333334,0.5857553958727728,0.3098875950360873,0.9698651847939691,-0.5111927326607545,0.1270829437395582,0,0
shuffled,tsception,logits,41,5,64,0.5833333333333334,0.7853180890442937,0.7945837690598694,2.096282086336224,-2.9239082101100093,0.9538727683389555,0,0
shuffled,tsception,temporal_blocks.0,41,10,64,0.5208333333333334,0.48091323017692483,0.28482084046910605,0.1594605617679783,0.16422438577028783,0.15722828263865865,0,0
shuffled,tsception,temporal_blocks.2,41,10,64,0.5208333333333334,0.49903327614756243,0.16437377566690414,0.3006840947903986,0.12394663482888417,0.07440254652827866,0,0
shuffled,tsception,spatial_block_1,41,10,64,0.5208333333333334,0.7887343821879169,0.3519527012242005,1.3109206575802657,-0.6115275584350215,0.08934128304267286,0,0
shuffled,tsception,spatial_block_2,41,10,64,0.5208333333333334,0.7429410797903335,0.26557532509701887,1.1668487277447392,-0.4950714639877486,0.07116381603334344,0,0
shuffled,tsception,batch_temporal_lay,41,10,64,0.5208333333333334,0.5357111457638077,0.22520469974595664,1.0567506276705028,-0.6067573670633295,0.08571788515663299,0,0
shuffled,tsception,batch_spatial_lay,41,10,64,0.5208333333333334,0.49281086482591907,0.2912228270000654,1.0614166356084012,-0.7082683726973251,0.13966260191484275,0,0
shuffled,tsception,dense_layer,41,10,64,0.5208333333333334,0.5688099614502036,0.3003284297137194,1.0017344919022606,-0.5665335029438522,0.13360897249179532,0,0
shuffled,tsception,logits,41,10,64,0.5208333333333334,0.8409230929305185,0.848086375587372,4.566970802116923,-6.911371196335708,2.5595079433017287,0,0
shuffled,tsception,temporal_blocks.0,41,20,64,0.4652777777777778,0.4741695324481756,0.28278434514876916,0.15327082427689623,0.16220641986548517,0.15869228830579402,0,0
shuffled,tsception,temporal_blocks.2,41,20,64,0.4652777777777778,0.49860072637145625,0.16599617154135582,0.2962844284096513,0.1303750725431842,0.07194122541862043,0,0
shuffled,tsception,spatial_block_1,41,20,64,0.4652777777777778,0.7391422005676417,0.31762066835786307,1.2231092859670072,-0.5812333152575352,0.09726622985816924,0,0
shuffled,tsception,spatial_block_2,41,20,64,0.4652777777777778,0.7302272030249825,0.29147010427937564,1.205535590036263,-0.5577518972466435,0.08244351023536312,0,0
shuffled,tsception,batch_temporal_lay,41,20,64,0.4652777777777778,0.5357248339659983,0.24555208637877662,1.0762238390268628,-0.6320300883353198,0.09153108327445253,0,0
shuffled,tsception,batch_spatial_lay,41,20,64,0.4652777777777778,0.4708070291581232,0.2855286000512386,1.037384984968833,-0.7022685049243588,0.1356905491136488,0,0
shuffled,tsception,dense_layer,41,20,64,0.4652777777777778,0.5504256914816833,0.2809986071494713,0.8112072959460239,-0.3627882280990833,0.10200662363474255,0,0
shuffled,tsception,logits,41,20,64,0.4652777777777778,0.8242714955422997,0.8798623966483058,0.2321112357156752,-0.6115993940031522,0.3529897419561554,0,0
shuffled,tsception,temporal_blocks.0,42,0,64,0.4652777777777778,0.5222176064779307,0.302416240156398,0.17062199069835865,0.19675634257116748,0.15483927320840413,0,0
shuffled,tsception,temporal_blocks.2,42,0,64,0.4652777777777778,0.5229903059575536,0.13911590514924804,0.2982559130852843,0.1519247298920478,0.07280966298022183,0,0
shuffled,tsception,spatial_block_1,42,0,64,0.4652777777777778,0.7271687451864791,0.2242731688295801,0.5933147048797356,0.07778517465222384,0.056068865654520274,0,0
shuffled,tsception,spatial_block_2,42,0,64,0.4652777777777778,0.7735543702012804,0.4996751726134551,0.48296314314357325,0.1736845117313487,0.11690671532635832,0,0
shuffled,tsception,batch_temporal_lay,42,0,64,0.4652777777777778,0.38487283011900875,0.21454782454977547,0.2078059827885838,0.051836654535467555,0.1252301927949567,0,0
shuffled,tsception,batch_spatial_lay,42,0,64,0.4652777777777778,0.6924032253903075,0.45819825743287945,0.49191869722144044,0.06810635015392619,0.13237817801494076,0,0
shuffled,tsception,dense_layer,42,0,64,0.4652777777777778,0.7837812862104085,0.3931569721948176,0.5972278903275128,0.10429223980775172,0.08226115607514395,0,0
shuffled,tsception,logits,42,0,64,0.4652777777777778,0.8598989784795072,0.6220905934388774,0.9992287385512286,-0.21433342713131218,0.02892300530247961,0,0
shuffled,tsception,temporal_blocks.0,42,1,64,0.5833333333333334,0.5198432764925556,0.3010189128143791,0.16365997804900434,0.20280462997932602,0.15337866846422465,0,0
shuffled,tsception,temporal_blocks.2,42,1,64,0.5833333333333334,0.5261771019615786,0.1405754983632243,0.3001321705390541,0.1554234586665961,0.07062147275592784,0,0
shuffled,tsception,spatial_block_1,42,1,64,0.5833333333333334,0.7327083325748778,0.4724208203869057,1.3300234295198377,-0.7148986853647838,0.11758358841982294,0,0
shuffled,tsception,spatial_block_2,42,1,64,0.5833333333333334,0.68976830487425,0.4022617357043344,1.2065914992389157,-0.6380340712397895,0.12121087687512293,0,0
shuffled,tsception,batch_temporal_lay,42,1,64,0.5833333333333334,0.4546544735281305,0.2213936895873282,0.9370687642457387,-0.5743702490507414,0.09178145902797225,0,0
shuffled,tsception,batch_spatial_lay,42,1,64,0.5833333333333334,0.6106871842839054,0.43369634080396485,1.0606961346625394,-0.5889137037386394,0.13885402141557227,0,0
shuffled,tsception,dense_layer,42,1,64,0.5833333333333334,0.700764450548736,0.5308720389423115,1.3645215418283767,-0.8479665783156288,0.18420948703598852,0,0
shuffled,tsception,logits,42,1,64,0.5833333333333334,0.7601016561277925,0.7081034319898578,0.20028205665423693,0.2802069570493716,0.22390040349147627,0,0
shuffled,tsception,temporal_blocks.0,42,2,64,0.5416666666666666,0.5190997183562166,0.30736054547255554,0.16206565520231445,0.199556688342352,0.15747737481155016,0,0
shuffled,tsception,temporal_blocks.2,42,2,64,0.5416666666666666,0.5264351229921078,0.14324614474926672,0.30027235468203545,0.15489130345520657,0.07127146485486578,0,0
shuffled,tsception,spatial_block_1,42,2,64,0.5416666666666666,0.750517661046539,0.43410606334257074,1.3039507558345784,-0.6529636178205287,0.09953052303248863,0,0
shuffled,tsception,spatial_block_2,42,2,64,0.5416666666666666,0.7358011098615584,0.4265180006473035,1.3433196059697732,-0.7193962585157416,0.11187776240752687,0,0
shuffled,tsception,batch_temporal_lay,42,2,64,0.5416666666666666,0.534160428045706,0.22762676364542567,1.0140269842497687,-0.5598620584748584,0.07999550227079372,0,0
shuffled,tsception,batch_spatial_lay,42,2,64,0.5416666666666666,0.5873297099196642,0.4402730494952747,1.301640609746792,-0.8909791959341793,0.1762864478421113,0,0
shuffled,tsception,dense_layer,42,2,64,0.5416666666666666,0.699415087917792,0.5582134964713708,1.6570307463530547,-1.2012214166564985,0.24360575822123579,0,0
shuffled,tsception,logits,42,2,64,0.5416666666666666,0.8087431919623683,0.742444066609283,2.7876318812565284,-3.196860711553219,0.8986575062435019,0,0
shuffled,tsception,temporal_blocks.0,42,5,64,0.5625,0.5237643120152968,0.3043046986956798,0.16161352006916463,0.20323522040882197,0.15891557153730992,0,0
shuffled,tsception,temporal_blocks.2,42,5,64,0.5625,0.5281051936645669,0.13406455985323554,0.30700364882281816,0.1542874346982261,0.06681411014352215,0,0
shuffled,tsception,spatial_block_1,42,5,64,0.5625,0.7794288326468142,0.4426630970991727,1.3745319765820314,-0.7001766790519994,0.10507353511678277,0,0
shuffled,tsception,spatial_block_2,42,5,64,0.5625,0.7809472630840275,0.43708361923446387,1.4257331961254875,-0.7552598929057323,0.11047395986427197,0,0
shuffled,tsception,batch_temporal_lay,42,5,64,0.5625,0.5564450117283656,0.22809081241574514,1.048049029396719,-0.57145767202771,0.07985365435935163,0,0
shuffled,tsception,batch_spatial_lay,42,5,64,0.5625,0.6150913119587589,0.44578260445024365,1.4565143155856082,-1.038053555822733,0.19663055219588393,0,0
shuffled,tsception,dense_layer,42,5,64,0.5625,0.704066607054262,0.5180390130478878,1.6395162687588782,-1.1566359589207014,0.22118629721608513,0,0
shuffled,tsception,logits,42,5,64,0.5625,0.8941733677852723,0.7890654966180366,2.4300402738136224,-2.468712972054946,0.549736727112504,0,0
shuffled,tsception,temporal_blocks.0,42,10,64,0.5902777777777778,0.5003268297855955,0.2994625926693145,0.1358563981507819,0.19506509618082984,0.1694053354539835,0,0
shuffled,tsception,temporal_blocks.2,42,10,64,0.5902777777777778,0.5069049458810349,0.13979949469065997,0.30392508064507495,0.13057916187430674,0.07240070336165318,0,0
shuffled,tsception,spatial_block_1,42,10,64,0.5902777777777778,0.7831846883387364,0.34129434756523724,1.3738764644601547,-0.6831644527230873,0.09247267660166897,0,0
shuffled,tsception,spatial_block_2,42,10,64,0.5902777777777778,0.7652469193581242,0.39665569768331344,1.4130426272865029,-0.7584619676831135,0.11066625975473429,0,0
shuffled,tsception,batch_temporal_lay,42,10,64,0.5902777777777778,0.556993519617514,0.22345393493933424,1.074411880538452,-0.5991984918686258,0.08178013094768333,0,0
shuffled,tsception,batch_spatial_lay,42,10,64,0.5902777777777778,0.5673041911015421,0.3730668674502735,1.3377632302718916,-0.9580791857691608,0.18762014659881127,0,0
shuffled,tsception,dense_layer,42,10,64,0.5902777777777778,0.6653560477845012,0.3855378103400466,1.533093244066785,-1.0802066426842092,0.21246944640192517,0,0
shuffled,tsception,logits,42,10,64,0.5902777777777778,0.8652464543392826,0.8261050720469165,2.2506503394355586,-2.419548257011347,0.64369204605097,0,0
shuffled,tsception,temporal_blocks.0,42,20,64,0.5625,0.4893484853695341,0.30510378455690224,0.1113587815463801,0.19173475347961505,0.18625495034353892,0,0
shuffled,tsception,temporal_blocks.2,42,20,64,0.5625,0.4882350639323523,0.15114093556747302,0.29170841869380015,0.11576307099347674,0.08076357424507577,0,0
shuffled,tsception,spatial_block_1,42,20,64,0.5625,0.7863556002014755,0.35627761587979756,1.463161487672079,-0.7891049161997707,0.11229902872916736,0,0
shuffled,tsception,spatial_block_2,42,20,64,0.5625,0.7755657524514484,0.41868754095268523,1.5296865442286465,-0.8860031066414474,0.13188231486424934,0,0
shuffled,tsception,batch_temporal_lay,42,20,64,0.5625,0.5535523994562317,0.2308136310280569,1.0901662391741895,-0.6234759822691192,0.08686214255115648,0,0
shuffled,tsception,batch_spatial_lay,42,20,64,0.5625,0.5814318326506043,0.3860066275639538,1.4799589986249126,-1.1178779223537496,0.21935075637944074,0,0
shuffled,tsception,dense_layer,42,20,64,0.5625,0.6699058832709843,0.4362676108902289,1.737888968705685,-1.336026365705264,0.2680432802705633,0,0
shuffled,tsception,logits,42,20,64,0.5625,0.9342503148835151,0.8776964054409733,3.435351008465518,-4.569895745973399,1.5436070980151628,0,0
shuffled,tsception,temporal_blocks.0,43,0,64,0.4791666666666667,0.4770897668498412,0.3359559805777091,0.1265562239077241,0.16000352052186437,0.19053002242025283,0,0
shuffled,tsception,temporal_blocks.2,43,0,64,0.4791666666666667,0.5553302048006638,0.13866610922413763,0.3167320963493501,0.17173139287885303,0.06686671557245913,0,0
shuffled,tsception,spatial_block_1,43,0,64,0.4791666666666667,0.6434925374352136,0.22121642868675434,0.6598268083029759,-0.08527198714594188,0.06893771627817981,0,0
shuffled,tsception,spatial_block_2,43,0,64,0.4791666666666667,0.6809674980243784,0.13405450060671392,0.6831315201434458,-0.03366592961693706,0.031501907497869686,0,0
shuffled,tsception,batch_temporal_lay,43,0,64,0.4791666666666667,0.381375532082252,0.24149505544367622,0.2502240729011579,-0.002282196171485561,0.13343365535257945,0,0
shuffled,tsception,batch_spatial_lay,43,0,64,0.4791666666666667,0.4899689310710943,0.15069719669669365,0.6315636984499984,-0.2000194809305738,0.05842471355166985,0,0
shuffled,tsception,dense_layer,43,0,64,0.4791666666666667,0.7471800876947848,0.18063298489233562,0.7893762769182011,-0.07490842555258098,0.03271223632916455,0,0
shuffled,tsception,logits,43,0,64,0.4791666666666667,0.9728094258769606,0.6196444566289202,1.1888393175647027,-0.22322954138324153,0.007199649695499494,0,0
shuffled,tsception,temporal_blocks.0,43,1,64,0.5208333333333334,0.47198479654271897,0.3435454874647861,0.10513767576930312,0.15952148599988383,0.20732563477353189,0,0
shuffled,tsception,temporal_blocks.2,43,1,64,0.5208333333333334,0.5670941771055864,0.13127080970367175,0.324734792505013,0.18079620554365083,0.0615631790569224,0,0
shuffled,tsception,spatial_block_1,43,1,64,0.5208333333333334,0.6804611153526815,0.26771144262306534,0.9983436861426696,-0.39521348552946817,0.07733091473948055,0,0
shuffled,tsception,spatial_block_2,43,1,64,0.5208333333333334,0.6135543609472708,0.09818776966712989,0.5187039454648541,0.07748870293183503,0.01736171255058165,0,0
shuffled,tsception,batch_temporal_lay,43,1,64,0.5208333333333334,0.43291582513327576,0.23838235746792802,0.9401457561490326,-0.609300853806707,0.10169658549821516,0,0
shuffled,tsception,batch_spatial_lay,43,1,64,0.5208333333333334,0.658782124133487,0.14554363839137902,0.8606903355758211,-0.2340701016255295,0.032161890183195305,0,0
shuffled,tsception,dense_layer,43,1,64,0.5208333333333334,0.7377308834979265,0.1655776035656241,0.856521077081709,-0.14705672803541164,0.028266534451629348,0,0
shuffled,tsception,logits,43,1,64,0.5208333333333334,0.8179183759282843,0.6369397847625597,1.0925877880025412,-0.34604918295942,0.05009552421986526,0,0
shuffled,tsception,temporal_blocks.0,43,2,64,0.5555555555555556,0.46750378686087674,0.3444455678810676,0.10731228999362394,0.15301045756025616,0.20718103930699694,0,0
shuffled,tsception,temporal_blocks.2,43,2,64,0.5555555555555556,0.5652702630731831,0.1290403598184997,0.32182015676795106,0.18209888570684085,0.06135122059838963,0,0
shuffled,tsception,spatial_block_1,43,2,64,0.5555555555555556,0.7253169918139476,0.3009942781989393,1.1365131535554185,-0.4920432878406641,0.08084712609919259,0,0
shuffled,tsception,spatial_block_2,43,2,64,0.5555555555555556,0.5787866329586128,0.12210207865210088,0.519085543715783,0.02368072230829961,0.036020366934530534,0,0
shuffled,tsception,batch_temporal_lay,43,2,64,0.5555555555555556,0.5156866617390652,0.2359797266738205,1.0135577019686308,-0.5831292753302966,0.08525823510072618,0,0
shuffled,tsception,batch_spatial_lay,43,2,64,0.5555555555555556,0.5847064605500365,0.16968690189427876,0.9015736493500095,-0.3718327653538208,0.05496557655384804,0,0
shuffled,tsception,dense_layer,43,2,64,0.5555555555555556,0.6748127537828702,0.17534465120439763,0.8694301294993253,-0.23814556363841738,0.04352818792196232,0,0
shuffled,tsception,logits,43,2,64,0.5555555555555556,0.7925829303052417,0.6461040966438714,0.9486765745627393,-0.22242897592844685,-0.003790750326866504,0,0
shuffled,tsception,temporal_blocks.0,43,5,64,0.4583333333333333,0.4578452012067256,0.33493601378093774,0.10667778504332502,0.14921396802334977,0.20195344814005087,0,0
shuffled,tsception,temporal_blocks.2,43,5,64,0.4583333333333333,0.5615326276473436,0.12822324011207786,0.3153516518055597,0.18440367592530707,0.06177729991647662,0,0
shuffled,tsception,spatial_block_1,43,5,64,0.4583333333333333,0.755510232638502,0.429216990881932,1.390360951928889,-0.7598555440593671,0.12500482476897928,0,0
shuffled,tsception,spatial_block_2,43,5,64,0.4583333333333333,0.5614498821896221,0.17054045921454195,0.46903530589052866,0.02724129037881593,0.06517328592027728,0,0
shuffled,tsception,batch_temporal_lay,43,5,64,0.4583333333333333,0.5257838538074016,0.2428471176136346,1.0445240522721415,-0.6050310269654475,0.0862908285007031,0,0
shuffled,tsception,batch_spatial_lay,43,5,64,0.4583333333333333,0.568227435196099,0.2692668595260993,1.0760017911633328,-0.6081433064829547,0.10036895051572056,0,0
shuffled,tsception,dense_layer,43,5,64,0.4583333333333333,0.6507069622438469,0.2339283295464395,0.9802828866569764,-0.4032519728653978,0.07367604845226824,0,0
shuffled,tsception,logits,43,5,64,0.4583333333333333,0.6883030640398329,0.7087047638190591,1.3230269591382315,-1.2778356359258094,0.35563926123237377,0,0
shuffled,tsception,temporal_blocks.0,43,10,64,0.4930555555555556,0.4466968558885137,0.2982523416699644,0.10552438619037968,0.15566231705147254,0.18551015264666143,0,0
shuffled,tsception,temporal_blocks.2,43,10,64,0.4930555555555556,0.5344423376274072,0.1415895286259449,0.272541273000752,0.1878431826792296,0.07405788194742495,0,0
shuffled,tsception,spatial_block_1,43,10,64,0.4930555555555556,0.8014654332568172,0.445701165047537,1.595267093279469,-0.9320214217600475,0.13821976173739553,0,0
shuffled,tsception,spatial_block_2,43,10,64,0.4930555555555556,0.6135589946836003,0.16314927623812114,0.7435379977837022,-0.18752211688556752,0.05754311378546559,0,0
shuffled,tsception,batch_temporal_lay,43,10,64,0.4930555555555556,0.526595773110952,0.21753926343786878,1.063595649922906,-0.6244380030163155,0.08743812620435815,0,0
shuffled,tsception,batch_spatial_lay,43,10,64,0.4930555555555556,0.5527806551203245,0.3058401648377769,1.2506788257129635,-0.856339943182088,0.15844177258944914,0,0
shuffled,tsception,dense_layer,43,10,64,0.4930555555555556,0.6254343000947638,0.2662928112257565,1.0716413787549692,-0.559737974697809,0.11353089603760325,0,0
shuffled,tsception,logits,43,10,64,0.4930555555555556,0.8359758688316895,0.8646422150816382,2.3135550864562298,-3.213794800502691,0.9643240890859648,0,0
shuffled,tsception,temporal_blocks.0,43,20,64,0.4791666666666667,0.4236000516109429,0.30487181533992125,0.07435155117265858,0.14620683490779862,0.2030416655304858,0,0
shuffled,tsception,temporal_blocks.2,43,20,64,0.4791666666666667,0.5135257855191515,0.15381944976279643,0.23782552846529242,0.19042478698359544,0.08527547007026345,0,0
shuffled,tsception,spatial_block_1,43,20,64,0.4791666666666667,0.7924515417595142,0.4793401130740119,1.6790596333980357,-1.0551136131621581,0.16850552152363665,0,0
shuffled,tsception,spatial_block_2,43,20,64,0.4791666666666667,0.6193164582851698,0.19436257426239126,0.90434947209615,-0.36353495650504963,0.07850194269406893,0,0
shuffled,tsception,batch_temporal_lay,43,20,64,0.4791666666666667,0.5223037955718257,0.2154611161673314,1.0696734827166636,-0.6369545060558057,0.08958481891096791,0,0
shuffled,tsception,batch_spatial_lay,43,20,64,0.4791666666666667,0.5462652237781652,0.33386086123840286,1.335159638436361,-0.9789205994660113,0.19002618480781508,0,0
shuffled,tsception,dense_layer,43,20,64,0.4791666666666667,0.6315998613045307,0.30642716600977615,1.21772778445946,-0.7366946053779895,0.15056668222306008,0,0
shuffled,tsception,logits,43,20,64,0.4791666666666667,0.9114590229902656,0.9008803695813834,4.901492855681857,-6.978787424020233,2.404242497150016,0,0
shuffled,tsception,temporal_blocks.0,44,0,64,0.5,0.5212750393048582,0.26135066905909893,0.20006587478356846,0.18896640959286126,0.13224275492842838,0,0
shuffled,tsception,temporal_blocks.2,44,0,64,0.5,0.5923259963203291,0.14117339008083662,0.3785604877753553,0.1609725857251031,0.05279292281987068,0,0
shuffled,tsception,spatial_block_1,44,0,64,0.5,0.7733936659686124,0.4420821754608732,0.5248417491358974,0.1613092064109562,0.08724271042175849,0,0
shuffled,tsception,spatial_block_2,44,0,64,0.5,0.7178041004034328,0.2747328097635257,0.6295859514331523,0.019899440366891275,0.06831870860338905,0,0
shuffled,tsception,batch_temporal_lay,44,0,64,0.5,0.48650600662037125,0.2128791126045627,0.2831619664013272,0.10133114408717597,0.10201289613186745,0,0
shuffled,tsception,batch_spatial_lay,44,0,64,0.5,0.6107676838402754,0.31627806624699695,0.5713468236310195,-0.07025871135399217,0.10967957156324784,0,0
shuffled,tsception,dense_layer,44,0,64,0.5,0.7522093552326579,0.34277628866705445,0.700552521363384,-0.02155370517083848,0.07321053904011238,0,0
shuffled,tsception,logits,44,0,64,0.5,0.9926541841700914,0.6189053617208581,1.0148470444532813,-0.022358007757993622,0.00016514747480369954,0,0
shuffled,tsception,temporal_blocks.0,44,1,64,0.4722222222222222,0.5097723082808012,0.27017319859519395,0.19404178840914732,0.178315178326447,0.13741534154520677,0,0
shuffled,tsception,temporal_blocks.2,44,1,64,0.4722222222222222,0.5869518638420419,0.14910686524640704,0.3712527092032982,0.1592753463061075,0.056423808332635245,0,0
shuffled,tsception,spatial_block_1,44,1,64,0.4722222222222222,0.51014759219593,0.17084021676134625,0.7349673417541307,-0.2926305413530221,0.06781079179482127,0,0
shuffled,tsception,spatial_block_2,44,1,64,0.4722222222222222,0.6763380144985898,0.1181040343260682,0.8053705487451414,-0.14765759201063644,0.018625057764085073,0,0
shuffled,tsception,batch_temporal_lay,44,1,64,0.4722222222222222,0.422772094396451,0.21132409305984157,0.9509356998694762,-0.6255451353318066,0.09572070969540576,0,0
shuffled,tsception,batch_spatial_lay,44,1,64,0.4722222222222222,0.7264235552545124,0.12046056972827299,0.9161657250499948,-0.20598422385298004,0.01624205405749747,0,0
shuffled,tsception,dense_layer,44,1,64,0.4722222222222222,0.7515122718865843,0.14578046316030388,0.8767428150094925,-0.14000578135117128,0.014775238228263194,0,0
shuffled,tsception,logits,44,1,64,0.4722222222222222,0.7227562226671171,0.6435611183065593,0.9801747570924824,-0.619604926862741,0.07281799005730899,0,0
shuffled,tsception,temporal_blocks.0,44,2,64,0.6319444444444444,0.5069000836423598,0.26871776400635067,0.1914741126048308,0.1771105934664744,0.13831537757105464,0,0
shuffled,tsception,temporal_blocks.2,44,2,64,0.6319444444444444,0.5842602003352881,0.16705123179776346,0.3708272078133481,0.1533064458993585,0.06012654662258107,0,0
shuffled,tsception,spatial_block_1,44,2,64,0.6319444444444444,0.6137159463106318,0.22085487133439086,0.9585235678892103,-0.4045059041794233,0.059698282600844726,0,0
shuffled,tsception,spatial_block_2,44,2,64,0.6319444444444444,0.6784302353308389,0.10453638896913067,0.8016077013712087,-0.13648612166151353,0.013308655621143282,0,0
shuffled,tsception,batch_temporal_lay,44,2,64,0.6319444444444444,0.5091512310019981,0.21810901132858893,1.0306550143845974,-0.6029971455606425,0.08149336217804226,0,0
shuffled,tsception,batch_spatial_lay,44,2,64,0.6319444444444444,0.6333248387527329,0.1253479007855812,0.8608406997583109,-0.25100877087849915,0.02349290987292115,0,0
shuffled,tsception,dense_layer,44,2,64,0.6319444444444444,0.7091300982877917,0.13894794402238214,0.839665555527915,-0.14792844853819093,0.01739299129806756,0,0
shuffled,tsception,logits,44,2,64,0.6319444444444444,0.868780651407089,0.6528936258601391,1.4725407397405585,-0.8407197361369598,0.11123119076266832,0,0
shuffled,tsception,temporal_blocks.0,44,5,64,0.5763888888888888,0.4958734430960765,0.2800093684042291,0.16634693783431506,0.17996297140003542,0.149563533861726,0,0
shuffled,tsception,temporal_blocks.2,44,5,64,0.5763888888888888,0.5715667138653595,0.1689371054845327,0.35513549701639546,0.15513950327472253,0.06129171357424084,0,0
shuffled,tsception,spatial_block_1,44,5,64,0.5763888888888888,0.6316637261283222,0.1807303841446108,0.9646130334038956,-0.3813208763255248,0.04837156904995145,0,0
shuffled,tsception,spatial_block_2,44,5,64,0.5763888888888888,0.6534618718592771,0.10851400626310537,0.7581162631622325,-0.12343717038595403,0.01878277908299836,0,0
shuffled,tsception,batch_temporal_lay,44,5,64,0.5763888888888888,0.5331092541522918,0.22453777622049745,1.0626391235504054,-0.6113317364428976,0.08180186704477577,0,0
shuffled,tsception,batch_spatial_lay,44,5,64,0.5763888888888888,0.6130179180894988,0.10135339794225137,0.8652792422793609,-0.2749768034322963,0.02271547924243406,0,0
shuffled,tsception,dense_layer,44,5,64,0.5763888888888888,0.680189384437366,0.15025149306664853,0.8438197616625446,-0.1848808795818585,0.021250502356679864,0,0
shuffled,tsception,logits,44,5,64,0.5763888888888888,0.8490619612481503,0.6850004844455604,1.6482703875381337,-1.1744438504050936,0.1355196699652187,0,0
shuffled,tsception,temporal_blocks.0,44,10,64,0.5347222222222222,0.47735771145066186,0.2927980325155114,0.1354061694909532,0.17623540035897636,0.16571614160073234,0,0
shuffled,tsception,temporal_blocks.2,44,10,64,0.5347222222222222,0.5520645987394779,0.16739768429145885,0.3250014128860582,0.16100082395441384,0.06606236189900488,0,0
shuffled,tsception,spatial_block_1,44,10,64,0.5347222222222222,0.6471430754127063,0.2114340855367812,1.0438139554485444,-0.47290190459846704,0.07623102456262898,0,0
shuffled,tsception,spatial_block_2,44,10,64,0.5347222222222222,0.6545097776311305,0.13446404788053243,0.8843489697979983,-0.26140625518567984,0.03156706301881185,0,0
shuffled,tsception,batch_temporal_lay,44,10,64,0.5347222222222222,0.5307485922363016,0.23119538200917397,1.0806619572181828,-0.6367127611556332,0.08679939617374736,0,0
shuffled,tsception,batch_spatial_lay,44,10,64,0.5347222222222222,0.5711890873629974,0.1473551799862886,0.923428225730787,-0.3985974914851288,0.046106310895997524,0,0
shuffled,tsception,dense_layer,44,10,64,0.5347222222222222,0.6694652523307277,0.19024680408420908,0.9765427382793264,-0.3518760785738174,0.04479859262521876,0,0
shuffled,tsception,logits,44,10,64,0.5347222222222222,0.8880321619216324,0.786282335983018,3.076815960632781,-2.8209042363120025,0.4805195182625783,0,0
shuffled,tsception,temporal_blocks.0,44,20,64,0.5555555555555556,0.4535356976634,0.277240962513233,0.09731298625074183,0.18203031762070432,0.174192393791954,0,0
shuffled,tsception,temporal_blocks.2,44,20,64,0.5555555555555556,0.5377930277503031,0.1681313651768046,0.30296793839841096,0.16621696923526225,0.06860812011663034,0,0
shuffled,tsception,spatial_block_1,44,20,64,0.5555555555555556,0.5373052801473813,0.16616214477167535,0.7670690320099799,-0.29494281009994094,0.06517905823734246,0,0
shuffled,tsception,spatial_block_2,44,20,64,0.5555555555555556,0.6624588085786899,0.18607327949135571,1.0141686435575255,-0.40857053450616737,0.056860699527331415,0,0
shuffled,tsception,batch_temporal_lay,44,20,64,0.5555555555555556,0.5344245640659234,0.2294127999351468,1.0850320719737714,-0.6380255542027384,0.0874126890794015,0,0
shuffled,tsception,batch_spatial_lay,44,20,64,0.5555555555555556,0.5467551949948835,0.16941332806459114,0.938560088785121,-0.45556160781920585,0.0630767540461129,0,0
shuffled,tsception,dense_layer,44,20,64,0.5555555555555556,0.6357821820096492,0.19407732217166718,0.9531361904104813,-0.3719390886577716,0.05458508025693958,0,0
shuffled,tsception,logits,44,20,64,0.5555555555555556,0.9194444255362296,0.8408458382303026,2.5215539386455097,-2.3488345728269238,0.43277220307969244,0,0
shuffled,tsception,temporal_blocks.0,45,0,64,0.6319444444444444,0.47637747883186277,0.3053979341112327,0.12035465833933265,0.17181199903045175,0.18421082146207846,0,0
shuffled,tsception,temporal_blocks.2,45,0,64,0.6319444444444444,0.5492678557023659,0.21592434409185207,0.3381453185279974,0.13168851146200067,0.07943402571236896,0,0
shuffled,tsception,spatial_block_1,45,0,64,0.6319444444444444,0.599849091097497,0.3813050296131858,0.2681732923238661,0.1465022462906127,0.18517355248301823,0,0
shuffled,tsception,spatial_block_2,45,0,64,0.6319444444444444,0.6707555134197984,0.34275963536446064,0.4076832929713449,0.13358145607306565,0.1294907643753878,0,0
shuffled,tsception,batch_temporal_lay,45,0,64,0.6319444444444444,0.42427767657262305,0.21969234321683873,0.28997082844248295,0.020547409117757647,0.1137594390123815,0,0
shuffled,tsception,batch_spatial_lay,45,0,64,0.6319444444444444,0.48383494258976734,0.34630985557409855,0.4307097365947001,-0.13647071235372984,0.18959591834879708,0,0
shuffled,tsception,dense_layer,45,0,64,0.6319444444444444,0.7401306828580083,0.4176647951091532,0.6199746939343118,0.005432200629577534,0.11472378829411904,0,0
shuffled,tsception,logits,45,0,64,0.6319444444444444,0.9742802125539116,0.764724782424927,0.8906550592886414,0.06791661215513194,0.015708541110138308,0,0
shuffled,tsception,temporal_blocks.0,45,1,64,0.4791666666666667,0.4682873533316602,0.29891290714610763,0.11152872404983719,0.17371241585798375,0.1830462134238393,0,0
shuffled,tsception,temporal_blocks.2,45,1,64,0.4791666666666667,0.5458030603151287,0.21784347737471157,0.3353024521316671,0.12982480677208613,0.08067580141137519,0,0
shuffled,tsception,spatial_block_1,45,1,64,0.4791666666666667,0.7078603239551886,0.34861643592948244,1.1511415343720033,-0.5151450720267781,0.07186386160996258,0,0
shuffled,tsception,spatial_block_2,45,1,64,0.4791666666666667,0.5449442225052258,0.28899980872695047,0.8568384622129845,-0.41043069677294247,0.09853645706518342,0,0
shuffled,tsception,batch_temporal_lay,45,1,64,0.4791666666666667,0.4650179330934503,0.22288489254274516,0.9470930736568244,-0.5658069907239729,0.08332688028720676,0,0
shuffled,tsception,batch_spatial_lay,45,1,64,0.4791666666666667,0.6492930884089456,0.31485507278645497,0.9734723356770418,-0.3795056464402555,0.05429589242755188,0,0
shuffled,tsception,dense_layer,45,1,64,0.4791666666666667,0.7665767153267664,0.31862072456816926,0.958570509186669,-0.2356329786116526,0.04363918475175005,0,0
shuffled,tsception,logits,45,1,64,0.4791666666666667,0.877111062061481,0.6550056430569338,1.0865787388346264,-0.2298633154053142,0.014478385692624707,0,0
shuffled,tsception,temporal_blocks.0,45,2,64,0.4166666666666667,0.466170005925877,0.28912005650318373,0.11018588632879645,0.17810514853297665,0.17787897106410389,0,0
shuffled,tsception,temporal_blocks.2,45,2,64,0.4166666666666667,0.5441056922342881,0.21245025207573087,0.3345027701470125,0.1297329327901811,0.07986998929709459,0,0
shuffled,tsception,spatial_block_1,45,2,64,0.4166666666666667,0.7631221963574226,0.4070200453832389,1.2531675456725213,-0.5564111508442331,0.06636580152913424,0,0
shuffled,tsception,spatial_block_2,45,2,64,0.4166666666666667,0.6155607148811308,0.346363680034555,1.0000175508181428,-0.46836607953613163,0.08390924359911922,0,0
shuffled,tsception,batch_temporal_lay,45,2,64,0.4166666666666667,0.5310188454378761,0.22031637217461714,1.006626055790564,-0.546382859608346,0.07077564925565341,0,0
shuffled,tsception,batch_spatial_lay,45,2,64,0.4166666666666667,0.6255753381222319,0.3876498419542513,1.1205730258688065,-0.5833025811738504,0.0875683249675168,0,0
shuffled,tsception,dense_layer,45,2,64,0.4166666666666667,0.7366306038145323,0.37508575651408643,1.1114814278731733,-0.4445960567686933,0.06974523271005251,0,0
shuffled,tsception,logits,45,2,64,0.4166666666666667,0.8284368834419291,0.663925432493095,1.1465691228207076,-0.3763816877348278,0.047948794416142734,0,0
shuffled,tsception,temporal_blocks.0,45,5,64,0.4236111111111111,0.45286433513022334,0.2810193415163449,0.0999807385352996,0.17386978714782125,0.17901380944710243,0,0
shuffled,tsception,temporal_blocks.2,45,5,64,0.4236111111111111,0.5334244498322831,0.200778959138107,0.32001857684376445,0.13359877434041428,0.07980709864810398,0,0
shuffled,tsception,spatial_block_1,45,5,64,0.4236111111111111,0.7504562728804844,0.4112392643412645,1.3214923801105622,-0.6497956969200769,0.07875958968999916,0,0
shuffled,tsception,spatial_block_2,45,5,64,0.4236111111111111,0.6022420040224561,0.24499676909504914,0.9067842059905411,-0.37540417067332954,0.07086196870524428,0,0
shuffled,tsception,batch_temporal_lay,45,5,64,0.4236111111111111,0.5411659622194456,0.21185018161460042,1.026412760124042,-0.5547756182326622,0.06952882032805731,0,0
shuffled,tsception,batch_spatial_lay,45,5,64,0.4236111111111111,0.6092467906096422,0.33091979405183086,1.1432389028817567,-0.6259620338829763,0.09196992161086165,0,0
shuffled,tsception,dense_layer,45,5,64,0.4236111111111111,0.6955771998977796,0.31865601982615255,1.0769559746968351,-0.45731251033836817,0.07593373553931254,0,0
shuffled,tsception,logits,45,5,64,0.4236111111111111,0.7043512511865533,0.6921818431286055,1.2509634210120346,-0.84325655707632,0.19548098444613984,0,0
shuffled,tsception,temporal_blocks.0,45,10,64,0.4027777777777778,0.453775300462678,0.2760466392795674,0.09923215466816146,0.17720385829652582,0.17733928749799094,0,0
shuffled,tsception,temporal_blocks.2,45,10,64,0.4027777777777778,0.5084452641921848,0.1977036072623538,0.28880871939857095,0.13351022545528407,0.08612631933832936,0,0
shuffled,tsception,spatial_block_1,45,10,64,0.4027777777777778,0.7371839701781089,0.4125633859626947,1.3865495095436013,-0.7512290670559085,0.10186352769041493,0,0
shuffled,tsception,spatial_block_2,45,10,64,0.4027777777777778,0.5628166821301244,0.2261407004491281,0.8470454211616554,-0.3704470957699094,0.08621835673837858,0,0
shuffled,tsception,batch_temporal_lay,45,10,64,0.4027777777777778,0.5449693376798267,0.21218972204807507,1.0520656103226074,-0.5794575724764912,0.07236129983370605,0,0
shuffled,tsception,batch_spatial_lay,45,10,64,0.4027777777777778,0.5863644292470018,0.32681857950292215,1.2083183868936085,-0.7399487585968193,0.11799480095021295,0,0
shuffled,tsception,dense_layer,45,10,64,0.4027777777777778,0.6816810890725883,0.3164058272596038,1.1605218081300914,-0.5712289301406377,0.0923882110831345,0,0
shuffled,tsception,logits,45,10,64,0.4027777777777778,0.8354112008001643,0.8143130885362003,2.983865673802722,-3.8894657284941347,1.2296636194924555,0,0
shuffled,tsception,temporal_blocks.0,45,20,64,0.3611111111111111,0.4379641014838505,0.28162647799641227,0.07937198111989208,0.17141115795953782,0.18718096240442061,0,0
shuffled,tsception,temporal_blocks.2,45,20,64,0.3611111111111111,0.49955300288664356,0.18545396320434848,0.2765726443797938,0.13620456649797552,0.08677579200887481,0,0
shuffled,tsception,spatial_block_1,45,20,64,0.3611111111111111,0.7549259980587628,0.3702953905520511,1.4297288838311717,-0.780691709944859,0.1058888241724506,0,0
shuffled,tsception,spatial_block_2,45,20,64,0.3611111111111111,0.5906756806371953,0.30155246783327866,0.998588370939313,-0.513366169671287,0.10545347936916952,0,0
shuffled,tsception,batch_temporal_lay,45,20,64,0.3611111111111111,0.5482746908978653,0.21946619943245368,1.0641619936223459,-0.5904785233640295,0.0745912206395453,0,0
shuffled,tsception,batch_spatial_lay,45,20,64,0.3611111111111111,0.6071362540874251,0.34798334395034874,1.2919092854522196,-0.8194930643870996,0.13472003302230479,0,0
shuffled,tsception,dense_layer,45,20,64,0.3611111111111111,0.6859152384449079,0.3123732758225246,1.1586743848215573,-0.5680198628548019,0.09526071647815236,0,0
shuffled,tsception,logits,45,20,64,0.3611111111111111,0.8111701731510744,0.8260875754186972,1.447122896308672,-1.9187919760035848,0.6603725703944873,0,0
shuffled,tsception,temporal_blocks.0,46,0,64,0.5,0.5180393002846801,0.27500408482905203,0.14910132062661308,0.22558126117395333,0.14335671848411377,0,0
shuffled,tsception,temporal_blocks.2,46,0,64,0.5,0.5653753893600177,0.2710447797442729,0.30423983243594976,0.15860121096999907,0.1025343459540692,0,0
shuffled,tsception,spatial_block_1,46,0,64,0.5,0.7970215494179281,0.38370145499894037,0.540016488027133,0.15717147239934443,0.09983358899145099,0,0
shuffled,tsception,spatial_block_2,46,0,64,0.5,0.7723230919572062,0.4820746742073374,0.8887081792526506,-0.23290432669197847,0.11651923939653394,0,0
shuffled,tsception,batch_temporal_lay,46,0,64,0.5,0.3914559869040175,0.26674536233023943,0.2556659561457385,-0.009366373773981505,0.1451564045322607,0,0
shuffled,tsception,batch_spatial_lay,46,0,64,0.5,0.665892514931704,0.4465243929876558,0.6664486211989078,-0.17124725094471013,0.17069114467750615,0,0
shuffled,tsception,dense_layer,46,0,64,0.5,0.759061222411832,0.40660476188197175,0.6906914971717469,-0.046606876977966775,0.1149766022180518,0,0
shuffled,tsception,logits,46,0,64,0.5,0.976438151699186,0.6236788757772078,1.092491258906616,-0.11616209781356443,0.00010899060613438205,0,0
shuffled,tsception,temporal_blocks.0,46,1,64,0.3472222222222222,0.5281553135161601,0.27698126943624735,0.1626899916482756,0.225715601652641,0.139749720215243,0,0
shuffled,tsception,temporal_blocks.2,46,1,64,0.3472222222222222,0.5662885793358771,0.2576551316753831,0.3032046227496251,0.16644195356479846,0.0966420030214521,0,0
shuffled,tsception,spatial_block_1,46,1,64,0.3472222222222222,0.6896236328442126,0.40769089808944636,1.1625052330651056,-0.5884828848924679,0.11560128467157474,0,0
shuffled,tsception,spatial_block_2,46,1,64,0.3472222222222222,0.776745618009236,0.5261628284014631,1.4743588819255968,-0.8331359116619752,0.13552264774561393,0,0
shuffled,tsception,batch_temporal_lay,46,1,64,0.3472222222222222,0.4430683720596438,0.2587084491018796,0.9787823891489755,-0.6415874884990906,0.10587347140975488,0,0
shuffled,tsception,batch_spatial_lay,46,1,64,0.3472222222222222,0.5875623317999589,0.4818498640035412,1.1223269380532603,-0.7130702586111991,0.17830565235789733,0,0
shuffled,tsception,dense_layer,46,1,64,0.3472222222222222,0.6477050335080529,0.4593985751384672,1.0493056419860893,-0.5706510085901626,0.16905040011212621,0,0
shuffled,tsception,logits,46,1,64,0.3472222222222222,0.6394385374143108,0.678120258326981,1.095255932331792,-1.52215684186684,0.6431220183213326,0,0
shuffled,tsception,temporal_blocks.0,46,2,64,0.3680555555555556,0.5298479607407756,0.2663052052118294,0.16334102685830199,0.2307416795341778,0.1357652543482955,0,0
shuffled,tsception,temporal_blocks.2,46,2,64,0.3680555555555556,0.5649562554412155,0.2578818731586411,0.30514774616915097,0.16360101462580845,0.09620749464625594,0,0
shuffled,tsception,spatial_block_1,46,2,64,0.3680555555555556,0.7403823751878463,0.413900107330155,1.2730355269511007,-0.6349853887825718,0.10233223701931746,0,0
shuffled,tsception,spatial_block_2,46,2,64,0.3680555555555556,0.7963231486861522,0.5296715910581243,1.4842175485558777,-0.8152124017487405,0.12731800187901426,0,0
shuffled,tsception,batch_temporal_lay,46,2,64,0.3680555555555556,0.522177519479236,0.25073245504486885,1.0345468821681558,-0.6009046548728085,0.0885352921838823,0,0
shuffled,tsception,batch_spatial_lay,46,2,64,0.3680555555555556,0.5576392422105141,0.49387488669333257,1.3545183836588883,-1.0271346219350588,0.23025548048668423,0,0
shuffled,tsception,dense_layer,46,2,64,0.3680555555555556,0.60696815137724,0.5790241159042835,1.6665933650807472,-1.4568127239665576,0.3971875102630507,0,0
shuffled,tsception,logits,46,2,64,0.3680555555555556,0.8102045860450575,0.7894710585572251,4.162756858078618,-4.778060632626904,1.34949836381195,0,0
shuffled,tsception,temporal_blocks.0,46,5,64,0.4236111111111111,0.5184703568738539,0.2564564299915114,0.155757042299074,0.2317687986177525,0.1309445159570271,0,0
shuffled,tsception,temporal_blocks.2,46,5,64,0.4236111111111111,0.5504384971110692,0.23857651441571193,0.2865083112142549,0.16816921723000564,0.09576096866680954,0,0
shuffled,tsception,spatial_block_1,46,5,64,0.4236111111111111,0.7548228878223793,0.49344155360966224,1.465686570983846,-0.8488552449386542,0.1379915617771875,0,0
shuffled,tsception,spatial_block_2,46,5,64,0.4236111111111111,0.8001758653708274,0.503199558950201,1.5349451314924762,-0.8616552335927636,0.12688596747111455,0,0
shuffled,tsception,batch_temporal_lay,46,5,64,0.4236111111111111,0.538629736962478,0.23533927846656133,1.0493910672170863,-0.5937705223007279,0.08300919204611504,0,0
shuffled,tsception,batch_spatial_lay,46,5,64,0.4236111111111111,0.5771833722346444,0.5034178309947621,1.591241462984469,-1.278695609693513,0.26463751894368837,0,0
shuffled,tsception,dense_layer,46,5,64,0.4236111111111111,0.6881604040400993,0.6338413572175261,2.109876848895428,-1.8626039466808981,0.44088750182556913,0,0
shuffled,tsception,logits,46,5,64,0.4236111111111111,0.7524687068132759,0.6961967735776267,2.2746158150441955,-2.017776417078892,0.4269457028254954,0,0
shuffled,tsception,temporal_blocks.0,46,10,64,0.4097222222222222,0.5093922869731571,0.23858222878863272,0.14450588366675565,0.2358865365976112,0.12899986670879027,0,0
shuffled,tsception,temporal_blocks.2,46,10,64,0.4097222222222222,0.5276827972948452,0.23291972366985064,0.24955953096506722,0.17357455624714602,0.10454871008263153,0,0
shuffled,tsception,spatial_block_1,46,10,64,0.4097222222222222,0.7599978870100947,0.5014115427146358,1.5304615702489501,-0.9181729431185766,0.14770925987972122,0,0
shuffled,tsception,spatial_block_2,46,10,64,0.4097222222222222,0.8034410357674495,0.5098266532500089,1.6405880026857413,-0.9864834277030372,0.14933646078474525,0,0
shuffled,tsception,batch_temporal_lay,46,10,64,0.4097222222222222,0.5381304595756171,0.22691096847236425,1.0577403665645517,-0.6033595542623282,0.08374964727338807,0,0
shuffled,tsception,batch_spatial_lay,46,10,64,0.4097222222222222,0.5913991905413565,0.5247347339909887,1.7732956624428362,-1.494172311918418,0.3122758400169384,0,0
shuffled,tsception,dense_layer,46,10,64,0.4097222222222222,0.7004696978403482,0.678872984812306,2.321017100945681,-2.122068615899235,0.5015212127939017,0,0
shuffled,tsception,logits,46,10,64,0.4097222222222222,0.8699804299988991,0.8373307908028202,4.031897879964227,-4.771708721343885,1.3751556368574516,0,0
shuffled,tsception,temporal_blocks.0,46,20,64,0.375,0.4789606663049423,0.27918418274758716,0.10847500844251913,0.21172026364279545,0.15876539421962743,0,0
shuffled,tsception,temporal_blocks.2,46,20,64,0.375,0.5067968714486528,0.2211914462194802,0.21235569213993388,0.1845536704886071,0.109887508820112,0,0
shuffled,tsception,spatial_block_1,46,20,64,0.375,0.731711815874202,0.48638050431743995,1.5243779753690894,-0.9586140338216539,0.16594787432676675,0,0
shuffled,tsception,spatial_block_2,46,20,64,0.375,0.7977266023243565,0.4803986056261256,1.6724906952860832,-1.0310513398206753,0.15628724685894854,0,0
shuffled,tsception,batch_temporal_lay,46,20,64,0.375,0.5411567244656592,0.23984866993198692,1.0808324506342817,-0.628117789629336,0.08844206346070829,0,0
shuffled,tsception,batch_spatial_lay,46,20,64,0.375,0.5602248900618999,0.5011392357730822,1.7808746436971166,-1.5608878289095964,0.3401804924936275,0,0
shuffled,tsception,dense_layer,46,20,64,0.375,0.63819495264487,0.5571553347660558,2.0429744453448695,-1.8486747416086797,0.4438952489086804,0,0
shuffled,tsception,logits,46,20,64,0.375,0.8306831490183393,0.8166689164224774,4.204299947581623,-6.109251741914508,2.1936324682691035,0,0
