arch,layer,seed,epoch,n_windows,raw_odi,anchored_odi,signed_baseline,signed_cross,signed_residual
eegconformer,fc,41,0,64,0.9884082772617813,0.3860058553264425,0.9967914628119706,-0.008806625334127275,0.0004234397839379335
eegconformer,fc,41,1,64,0.916115388876051,0.6002669582651099,0.991338072414116,-0.08617403343338463,0.0109513498953198
eegconformer,fc,41,10,64,0.6726762923347193,0.7165620615939349,1.007028164273471,-0.42182475891066534,0.04977564448749901
eegconformer,fc,41,2,64,0.8753623944882694,0.5484317968543039,1.0157622271291222,-0.15599821790084395,0.015598385259991004
eegconformer,fc,41,20,64,0.733646508523755,0.7564865060449862,1.3837745440327698,-0.9708424196336658,0.13465770820476672
eegconformer,fc,41,5,64,0.6997109098984132,0.6017812731285098,0.9105146166039887,-0.23604176258994358,0.0214798999953218
eegconformer,fc,42,0,64,0.9809558445382293,0.4754481583810457,1.011339500403767,-0.03136214499348449,0.0009784891279466378
eegconformer,fc,42,1,64,0.940497292302725,0.5899999489287315,1.1708595555967705,-0.24068469920999597,0.010322435915950369
eegconformer,fc,42,10,64,0.7884462352690927,0.5209371321400507,1.0464720940295333,-0.3671568243901595,0.011039939610961997
eegconformer,fc,42,2,64,0.9250962609465379,0.39782191840369374,1.2125820589823346,-0.2918225950564224,0.004336797020625448
eegconformer,fc,42,20,64,0.774648824555101,0.5908914513636954,1.4916178274399423,-1.0237109115508123,0.09531345359862525
eegconformer,fc,42,5,64,0.8280499509409942,0.4681292028852398,1.2124680738368927,-0.4808154449440692,0.014694338345520861
eegconformer,fc,43,0,64,0.9950989661387509,0.44784345621490534,1.0166026790657725,-0.0217106648811468,0.00020695195412520715
eegconformer,fc,43,1,64,0.9406995335991191,0.4177208012146349,0.9867836099260763,-0.047126776433254323,0.0010427001062972932
eegconformer,fc,43,10,64,0.7944865962621966,0.7551978869905114,1.577934830754244,-1.1595070579847357,0.13212296835271092
eegconformer,fc,43,2,64,0.8348872215166196,0.6568256408794757,1.0802581674513134,-0.27260839976544077,0.0204810330947406
eegconformer,fc,43,20,64,0.7897610411458604,0.7930980356561678,1.826539218344701,-1.2826486382464275,0.11370985109096733
eegconformer,fc,43,5,64,0.6256582914843231,0.7988141531884627,1.0806868058619157,-0.6715986869573134,0.1211348628942508
eegconformer,fc,44,0,64,0.9924779346909439,0.44234798675846887,1.0046988420334564,-0.012713234354999164,0.0004923270124867614
eegconformer,fc,44,1,64,0.9615087711466636,0.4796174713056007,0.914681516402755,0.04165634607543301,0.005170908668475661
eegconformer,fc,44,10,64,0.7087139154654103,0.4877193920681084,1.0867855752064157,-0.5304334273512757,0.04041135442482216
eegconformer,fc,44,2,64,0.8346819442044853,0.462195485860657,0.9375668446840563,-0.10179057548523467,-0.0010943249943364726
eegconformer,fc,44,20,64,0.8099628776475482,0.726504854772905,1.3441278991852446,-0.7544768909960224,0.06927606811269385
eegconformer,fc,44,5,64,0.8705210281821387,0.34898821361926263,1.0274017623854215,-0.16145932788923695,0.0025076201399609156
eegconformer,fc,45,0,64,0.976549669703446,0.4978028765331375,1.0121402356838425,-0.035911753167388274,0.0003211871869918349
eegconformer,fc,45,1,64,0.8489018753962434,0.8409776826435056,1.0712110419584653,-0.2705486067931438,0.04735127062119264
eegconformer,fc,45,10,64,0.7809303646621066,0.7757570473658172,1.1675056168606492,-0.5139569173508928,0.03950770298117651
eegconformer,fc,45,2,64,0.84916005429963,0.7863687848212602,1.1116621465801897,-0.30335932979709646,0.04083894847333156
eegconformer,fc,45,20,64,0.8197983752839085,0.7476802481635981,1.3451983019871208,-0.7588784108091445,0.04524481308400659
eegconformer,fc,45,5,64,0.7463594879057399,0.5554494729895284,0.9506910988962273,-0.24506466815792144,0.020826466835337783
eegconformer,fc,46,0,64,0.9951106011494922,0.3863750319810394,0.9883283613997359,0.006446545426759738,0.00033569432299671156
eegconformer,fc,46,1,64,0.8848330652670043,0.3928201690045912,0.9613062298541696,-0.07855380252554507,0.0020806379383798645
eegconformer,fc,46,10,64,0.7818018948716917,0.5038116590778392,1.043493321907908,-0.45769680947082103,0.021692471411334267
eegconformer,fc,46,2,64,0.7567678095882966,0.39696225878704033,0.9886073987565881,-0.25215266344131537,0.014765061741143603
eegconformer,fc,46,20,64,0.7219379021536324,0.7454910602124682,1.4566134271335809,-0.9972178146357932,0.15249069366741835
eegconformer,fc,46,5,64,0.7173429547449097,0.376706598493024,0.959944196355689,-0.3209776136265917,0.015299190506887396
eegconformer,logits,41,0,64,0.9861012760851423,0.7718611555884309,0.9606049033799968,0.023858733394483134,0.0016376393106623587
eegconformer,logits,41,1,64,0.8782615536836368,0.6588003189785443,1.3526209004174656,-0.6166851996125826,0.056281405693510846
eegconformer,logits,41,10,64,0.8105652219152002,0.8503352231318015,1.633190015457989,-1.1725581694337484,0.11104145446787123
eegconformer,logits,41,2,64,0.9068165360297985,0.7329629362440158,1.1875273623381584,-0.33501274857833246,-0.01119103468735534
eegconformer,logits,41,20,64,0.942613017875262,0.9208232336135654,1.780167575982206,-1.4357630017832392,0.190602756016337
eegconformer,logits,41,5,64,0.7941192694214434,0.8337425581101027,1.0984190998912624,-0.5017049376103643,0.03335297600692314
eegconformer,logits,42,0,64,0.9748856463303216,0.7842350327956934,0.9303413984550605,0.039841666386021456,0.004702581489239643
eegconformer,logits,42,1,64,0.9031160052439721,0.7079738823081445,1.2591192952056147,-0.39066009275055297,0.014810407306040248
eegconformer,logits,42,10,64,0.9633540066195354,0.8277576686724569,1.8196003451196352,-1.2752303345749654,0.047589977938803686
eegconformer,logits,42,2,64,0.9511637964944312,0.6868562180568274,1.4743377731942036,-0.560353888394802,0.004752841755763206
eegconformer,logits,42,20,64,0.9177885303320283,0.8863044460325595,1.9933753665127019,-1.7175165964435164,0.2237650561258389
eegconformer,logits,42,5,64,0.934834583463316,0.8789378171885412,1.4517464640015172,-0.861954511376889,0.04338809061155701
eegconformer,logits,43,0,64,0.9991831327869602,0.6497862163593048,1.01886189577222,-0.019683058595422704,4.295610163078361e-06
eegconformer,logits,43,1,64,0.8794602517001038,0.6843706462387869,0.8306997677922547,0.03958888866215715,-0.0012639785373067267
eegconformer,logits,43,10,64,0.9559895726235068,0.8796561847558594,2.1947614700042872,-1.8621101647653462,0.20194386203103804
eegconformer,logits,43,2,64,0.9388914613649552,0.9144319287251533,1.4285307603916588,-0.5868358809847705,0.02397717358241169
eegconformer,logits,43,20,64,0.929359704073625,0.8046494290542696,2.378773283179997,-1.9554260658930838,0.20153756885225402
eegconformer,logits,43,5,64,0.8516914811754466,0.9398640219186081,1.6915131663649141,-1.5308226800212485,0.2801741603293884
eegconformer,logits,44,0,64,0.9934558817045813,0.6460576404073646,0.8945259647263136,0.09723027537410125,0.0016996416041664653
eegconformer,logits,44,1,64,0.7978230827039307,0.796370570325918,0.727419542660252,0.008894417838575409,0.05645769834864635
eegconformer,logits,44,10,64,0.8823776897493663,0.711600183442119,1.6438612797138392,-1.1209994205910268,0.06171309208584075
eegconformer,logits,44,2,64,0.9104432877375161,0.8565047284006244,0.4867056549074669,0.26741133956723556,0.025176775923584617
eegconformer,logits,44,20,64,0.9294629383436006,0.8311589057664135,1.826705078345466,-1.3189498615489654,0.10086941680918782
eegconformer,logits,44,5,64,0.9286776454959832,0.6171118421459517,1.3583799136500279,-0.6278011947459002,0.010490991184784942
eegconformer,logits,45,0,64,0.9992485959836152,0.681786800069968,1.0484952725802175,-0.049389770240376794,0.00014309364377451192
eegconformer,logits,45,1,64,0.6810399090448451,0.9722296009616921,1.3348979061755564,-1.2987892490563828,0.41366669875827744
eegconformer,logits,45,10,64,0.9479671670929588,0.9649292089272646,1.7777687116839624,-1.2564303304343198,0.08645082228576789
eegconformer,logits,45,2,64,0.8094075980580653,0.8815499503814769,1.2797695064677628,-0.8207581901984515,0.11332457554267053
eegconformer,logits,45,20,64,0.9496466645386057,0.9304406924816364,1.5641336461250932,-1.0564347025638292,0.07856401132695723
eegconformer,logits,45,5,64,0.8736239078186407,0.68837779185094,0.8082848729919859,-0.2488261979980961,0.021771734990054054
eegconformer,logits,46,0,64,0.9997185413002877,0.7150940996068608,0.9899891570445506,0.009715662603591035,1.3721652146001771e-05
eegconformer,logits,46,1,64,0.7288632067646743,0.8042910562926541,0.6669939180212614,0.008200572817529462,0.005638065996927167
eegconformer,logits,46,10,64,0.8979963194659593,0.7628896192437074,1.3007855362369714,-0.7911482261660943,0.0388076342958213
eegconformer,logits,46,2,64,0.8878038054277962,0.8301733470631288,1.0893897175930094,-0.5106797082944153,0.029063920680554314
eegconformer,logits,46,20,64,0.8662499378309236,0.8374603856634335,2.060854295173482,-1.7120429620312623,0.2078694637830952
eegconformer,logits,46,5,64,0.777769197022501,0.6637992011348334,0.8752317812034944,-0.32913790604618115,0.02320382037618234
eegconformer,patch_embedding,41,0,64,0.9611477434621437,0.14990153014170987,0.9830238320496765,-0.02257715763796311,0.0007010690504304567
eegconformer,patch_embedding,41,1,64,0.7343210233551629,0.19610215974082182,0.7297268510185793,-0.006299672842336395,0.010893845178920007
eegconformer,patch_embedding,41,10,64,0.6370861423541687,0.19335693243530352,0.7102854363182167,-0.08579943075030405,0.011999446756439394
eegconformer,patch_embedding,41,2,64,0.7119030107241071,0.23368741821035874,0.7066410791690066,-0.008606580268350499,0.01386851182345082
eegconformer,patch_embedding,41,20,64,0.6048027414817306,0.30044106472005216,0.8172481100329395,-0.2633212840377556,0.04044887633312556
eegconformer,patch_embedding,41,5,64,0.6664601899641381,0.21607056957261092,0.6757374760746362,-0.019226985961439395,0.009865587631699568
eegconformer,patch_embedding,42,0,64,0.92635883524412,0.1616670931353621,0.9514374671034332,-0.026737862898437867,0.001659231039124791
eegconformer,patch_embedding,42,1,64,0.6698870982549864,0.2614016067082214,0.7189902698109282,-0.07376148498884208,0.02465831343290044
eegconformer,patch_embedding,42,10,64,0.6247431503772498,0.21096861949409335,0.7126260059562763,-0.12636343063714348,0.013019202879796377
eegconformer,patch_embedding,42,2,64,0.6547370161639372,0.24567544725803295,0.712653823424095,-0.07817020977167945,0.02025340251152152
eegconformer,patch_embedding,42,20,64,0.5799273163486447,0.26529459060553523,0.7455215564153821,-0.23843286371510106,0.028835125026086594
eegconformer,patch_embedding,42,5,64,0.6528237879171546,0.2292532460958749,0.7222341492522416,-0.10001726735002853,0.015221396723670521
eegconformer,patch_embedding,43,0,64,0.9415359642451476,0.1521279883512762,0.9357027099109616,0.004754502177057036,0.0010787521571288218
eegconformer,patch_embedding,43,1,64,0.6821293863820048,0.2688892555167647,0.6993608639392385,-0.03538045553382791,0.018148977976594143
eegconformer,patch_embedding,43,10,64,0.6302646401710275,0.22896134193260334,0.6938588497928049,-0.07996583291430887,0.016371623292531425
eegconformer,patch_embedding,43,2,64,0.6679763459682339,0.2538053875467052,0.6883914097626501,-0.0369282232706159,0.016513159476199548
eegconformer,patch_embedding,43,20,64,0.5935693100562288,0.2904110127405412,0.7084953495928867,-0.15019309450491886,0.03215255193310701
eegconformer,patch_embedding,43,5,64,0.6817025541156106,0.2382418008720879,0.7199037066514937,-0.05499536967889312,0.01679421714300993
eegconformer,patch_embedding,44,0,64,0.9375858023938642,0.158405611161708,0.9699887894986793,-0.03373121757754834,0.0013282304727333031
eegconformer,patch_embedding,44,1,64,0.6884527583990894,0.24278519452400113,0.7104776456280659,-0.04337329638964267,0.02134840916066606
eegconformer,patch_embedding,44,10,64,0.612609152228437,0.21075210778578216,0.7019596620514951,-0.10836936572911202,0.01860667303520439
eegconformer,patch_embedding,44,2,64,0.6615848103960659,0.24891822098728209,0.6836655697556491,-0.0438072245508596,0.021726465191276204
eegconformer,patch_embedding,44,20,64,0.5835558840337447,0.24419834418472702,0.7666054626373683,-0.21290620893426643,0.028165707441836847
eegconformer,patch_embedding,44,5,64,0.6647361031001534,0.22963609067807214,0.6906471002808119,-0.04437068818013527,0.018459690999476603
eegconformer,patch_embedding,45,0,64,0.926710362419293,0.1576445587703734,0.9498280123448042,-0.024310135733423808,0.0011924858079124549
eegconformer,patch_embedding,45,1,64,0.7155561898089904,0.3235511093119014,0.6948393132753521,-0.004652708215944671,0.025369584749582726
eegconformer,patch_embedding,45,10,64,0.6670081639148139,0.20951734416042658,0.6871977530418545,-0.03488963810440813,0.01470004897736742
eegconformer,patch_embedding,45,2,64,0.7024682484849384,0.3065840268386037,0.6907004708797522,-0.01221710842833051,0.02398488603351659
eegconformer,patch_embedding,45,20,64,0.6062968382717587,0.2416136035997056,0.7255806275198199,-0.14953377492117742,0.020861040693370872
eegconformer,patch_embedding,45,5,64,0.68616383037839,0.2230960200020363,0.693062581731042,-0.022226061830962405,0.015327310478310431
eegconformer,patch_embedding,46,0,64,0.9684101688698902,0.1508727073505573,0.967951591416636,-0.0002935534643001218,0.0007521309175540894
eegconformer,patch_embedding,46,1,64,0.7141081697380377,0.26989709556114516,0.6734285839028009,0.020847584041594515,0.01983200179364211
eegconformer,patch_embedding,46,10,64,0.6577295243616325,0.19156761587081006,0.6674045151721112,-0.023480181005658827,0.013784546805280736
eegconformer,patch_embedding,46,2,64,0.6926253285009885,0.2538242604901271,0.6611546369868394,0.01357369875849995,0.017896992755648884
eegconformer,patch_embedding,46,20,64,0.6237341739304223,0.2710570777229295,0.7206032592934165,-0.13068544444451172,0.03381635908151724
eegconformer,patch_embedding,46,5,64,0.6944024403163114,0.20311627617470923,0.6941443929314002,-0.013685423676774588,0.013943471061685751
eegconformer,transformer.0,41,0,64,0.9817751575584868,0.2560762141851823,1.0212282655164853,-0.039926144362897965,0.0004730364048994054
eegconformer,transformer.0,41,1,64,0.8391347571824418,0.35029755929252954,0.9768748235140199,-0.1471204550267871,0.009380388695208975
eegconformer,transformer.0,41,10,64,0.7043401412673971,0.32968304203879406,1.037730046436085,-0.37487851423221785,0.026596570656006947
eegconformer,transformer.0,41,2,64,0.8203707078145,0.39703075058409626,0.9615526160629564,-0.15445398110515635,0.013272072856699986
eegconformer,transformer.0,41,20,64,0.6391707331746932,0.5689838303408179,1.225191742566917,-0.7869619933646878,0.11775740844560503
eegconformer,transformer.0,41,5,64,0.7362290135424777,0.36847347718390644,0.9472861513601221,-0.22710955530870613,0.016052417491061722
eegconformer,transformer.0,42,0,64,0.9770389359354954,0.27103972684035754,1.0028060001396473,-0.026505442476036176,0.0007383782718844857
eegconformer,transformer.0,42,1,64,0.8517938235116197,0.4385757003025108,0.9416185371327463,-0.10466096152869567,0.014836247907569
eegconformer,transformer.0,42,10,64,0.6727537583571043,0.30490128813098955,0.9245527023087057,-0.2728696571150257,0.0150791611535202
eegconformer,transformer.0,42,2,64,0.8115704923091805,0.3950456461114875,0.9814635842794692,-0.18327427739981217,0.013381185429523436
eegconformer,transformer.0,42,20,64,0.6178737738026449,0.35314721098127716,0.9166150257435322,-0.4297954271233612,0.04238752073411679
eegconformer,transformer.0,42,5,64,0.7224073285676986,0.2960826200203027,0.9305851975098653,-0.22477626116279473,0.014454495722881893
eegconformer,transformer.0,43,0,64,0.9832575426148835,0.35700359994366393,1.0279699782716416,-0.045289829061590736,0.0005773934048327872
eegconformer,transformer.0,43,1,64,0.8373538203761122,0.420159872613281,1.014529432655144,-0.18778557368246718,0.010609961403435427
eegconformer,transformer.0,43,10,64,0.632160911626779,0.4834914027235067,0.9676458460316508,-0.43860477895907735,0.056404153872168385
eegconformer,transformer.0,43,2,64,0.755552892491739,0.42189658186419987,0.9598890658116066,-0.2235082586617278,0.019172085341860032
eegconformer,transformer.0,43,20,64,0.6815393103578745,0.4829267898819519,1.093525165455185,-0.579424510642037,0.056404060871155376
eegconformer,transformer.0,43,5,64,0.6804443582493928,0.44164831615009936,0.9273091359628477,-0.27802374506202326,0.030913278293247033
eegconformer,transformer.0,44,0,64,0.9799625064854268,0.35224170267570215,1.0056076749685212,-0.02642995059157351,0.0007847821084793158
eegconformer,transformer.0,44,1,64,0.8480968357190457,0.35164734327262326,0.9947043495081688,-0.15497193117113905,0.008364417382015871
eegconformer,transformer.0,44,10,64,0.6429477933253201,0.34073641998393256,1.0270330368689835,-0.42026870948125356,0.035156822778479986
eegconformer,transformer.0,44,2,64,0.8256016736265193,0.39087173876015646,0.9961131813950462,-0.18105938589793996,0.010547878129412675
eegconformer,transformer.0,44,20,64,0.6617277751106319,0.42525871377729624,1.176952102013553,-0.5837115579325576,0.05211953069420664
eegconformer,transformer.0,44,5,64,0.820188202906154,0.3770373363200739,0.9853655267517123,-0.17503492497013703,0.009857601124578728
eegconformer,transformer.0,45,0,64,0.9749468720679476,0.31816500951387156,1.0359203070075478,-0.061644440421518586,0.0006710054819183379
eegconformer,transformer.0,45,1,64,0.794559291316369,0.625208458154463,1.1005951742225732,-0.35301641312724213,0.046980530221037715
eegconformer,transformer.0,45,10,64,0.6831039676092394,0.5498762477928607,1.0664801325096214,-0.44063761668627904,0.04432377871543546
eegconformer,transformer.0,45,2,64,0.7677977594641293,0.6287785393325838,1.006430098656277,-0.2885125826390313,0.0498802434468832
eegconformer,transformer.0,45,20,64,0.6825678369592778,0.5748248676817045,1.2724487190227562,-0.6959565920737146,0.061019013568890335
eegconformer,transformer.0,45,5,64,0.738942606691755,0.46246529697311745,1.0220794048405393,-0.3086743160137967,0.025537517865012436
eegconformer,transformer.0,46,0,64,0.9927135965134096,0.3145386099538176,1.0175337988125979,-0.025189298031244204,0.0003690957320557955
eegconformer,transformer.0,46,1,64,0.8263350365694223,0.35476203170219833,1.0646235947551248,-0.25622028108929884,0.017931722903596226
eegconformer,transformer.0,46,10,64,0.6914064004595917,0.30126641976892926,0.9562620664537775,-0.286084531288472,0.019451973645005886
eegconformer,transformer.0,46,2,64,0.7862706740975466,0.4345990924738596,1.0400711467744193,-0.2749746806637813,0.02117420798690877
eegconformer,transformer.0,46,20,64,0.691767987247037,0.5200671556885109,1.1329781972305886,-0.5434669875207587,0.07666344474764972
eegconformer,transformer.0,46,5,64,0.7144161670660971,0.3698478238123097,1.0279663692145413,-0.34977803383670625,0.035669888150800536
eegconformer,transformer.2,41,0,64,0.9859334048302704,0.3153214738758319,1.0141755899079932,-0.02856580880156413,0.0003236237238413557
eegconformer,transformer.2,41,1,64,0.8735475412939974,0.4231139159979114,1.0580202452240353,-0.19463532084304336,0.010162616913005552
eegconformer,transformer.2,41,10,64,0.7068027643607574,0.3637152986909657,1.0497597454978311,-0.39575649683902764,0.02384393011870258
eegconformer,transformer.2,41,2,64,0.8566795852734875,0.44138844395625304,1.0378831586137305,-0.19569581933421648,0.014492245993973493
eegconformer,transformer.2,41,20,64,0.6854795490733337,0.5526066833140276,1.1796153558672502,-0.6941666122662835,0.08869364890646607
eegconformer,transformer.2,41,5,64,0.733364309674449,0.42285219831538884,0.9328296575131918,-0.2146445027275658,0.015179154888822927
eegconformer,transformer.2,42,0,64,0.974242534179999,0.3967206014793061,1.0357658969624717,-0.06275854883430013,0.0012351860518273292
eegconformer,transformer.2,42,1,64,0.875507668537022,0.45123053621145764,1.0275420848847439,-0.16595749415123573,0.013923077803513676
eegconformer,transformer.2,42,10,64,0.7273290065258364,0.3799463306079901,1.0754030399795669,-0.39419979207475897,0.01823671912325919
eegconformer,transformer.2,42,2,64,0.8474173851061542,0.3349879141176408,1.062108612526129,-0.2235942749724332,0.008903047552458255
eegconformer,transformer.2,42,20,64,0.6715506789665495,0.3507675669876111,1.069820499138185,-0.5608763380257692,0.04878039532571615
eegconformer,transformer.2,42,5,64,0.7611861459867707,0.3430684960358459,1.0747856507200912,-0.35266823566944266,0.01613829013224137
eegconformer,transformer.2,43,0,64,0.9901073169755683,0.4150344086123648,1.0141354557978468,-0.024489339660668477,0.0004612008383895826
eegconformer,transformer.2,43,1,64,0.9257491877350409,0.395295175058599,1.0528200145667046,-0.1298971263827846,0.002826299551120657
eegconformer,transformer.2,43,10,64,0.668300324860372,0.5442027498381897,1.1412848088012928,-0.6953865688222876,0.09059510440741328
eegconformer,transformer.2,43,2,64,0.8379865129021699,0.4981433721956997,1.0524646565075675,-0.22886724431306174,0.014389100707664108
eegconformer,transformer.2,43,20,64,0.7068777984873629,0.5356676434561051,1.1853498281352428,-0.6600471226903645,0.0603530615168539
eegconformer,transformer.2,43,5,64,0.649216702470053,0.5966015367260706,1.0059571193344183,-0.47351079395001117,0.06846733599001543
eegconformer,transformer.2,44,0,64,0.9876197794532243,0.4763101952789738,0.9959193490070347,-0.009220848390036033,0.000921278836225373
eegconformer,transformer.2,44,1,64,0.9049346844249684,0.463433582638223,1.0060363607002947,-0.1105185761701509,0.009416899894824613
eegconformer,transformer.2,44,10,64,0.653234950330371,0.36996214565319596,0.9993088413737438,-0.42408649233640516,0.03930952969706435
eegconformer,transformer.2,44,2,64,0.8314179655798883,0.4228939835530638,1.0238002590273996,-0.20507183843617238,0.012689544988661242
eegconformer,transformer.2,44,20,64,0.7145344131589474,0.4586231505417491,1.1267600212168096,-0.47123814948515663,0.031849609249427674
eegconformer,transformer.2,44,5,64,0.8392780651424447,0.3931077228637612,1.0568229053775617,-0.22744526928475217,0.009900429049635099
eegconformer,transformer.2,45,0,64,0.9740657434054785,0.43883639342714265,1.0082943297854445,-0.03461882366793165,0.0003902372879655557
eegconformer,transformer.2,45,1,64,0.8487401898270865,0.7044455718208723,0.9894708157360005,-0.1727538455947336,0.03202321968581984
eegconformer,transformer.2,45,10,64,0.7084232667842011,0.6082575763550142,1.0411704031363325,-0.3990955650771546,0.04053699221774766
eegconformer,transformer.2,45,2,64,0.8282445412657528,0.6979802560598559,0.9854975304395913,-0.19612941424990205,0.038876425076063446
eegconformer,transformer.2,45,20,64,0.7036970254801918,0.5448275131941668,1.1689824940639957,-0.5588321576553895,0.03652176081936846
eegconformer,transformer.2,45,5,64,0.813389164488645,0.5038043894233108,0.921071775567456,-0.12502942281277313,0.017346811733962176
eegconformer,transformer.2,46,0,64,0.9947035564800144,0.3381966902938051,1.0098232466994934,-0.015380156924910512,0.0002604667054314728
eegconformer,transformer.2,46,1,64,0.8780840969583803,0.32281244729474967,1.0616640198651257,-0.19119167026306613,0.007611747356320744
eegconformer,transformer.2,46,10,64,0.6917677482072164,0.3688292841888723,0.9275704239248493,-0.28329608942898427,0.01857348343492863
eegconformer,transformer.2,46,2,64,0.8054716246932664,0.3690328126008747,1.04704687857222,-0.25594727390050426,0.014372020021550596
eegconformer,transformer.2,46,20,64,0.7002640345332691,0.581644043105873,1.202128562569641,-0.6190774848081628,0.09024857217178524
eegconformer,transformer.2,46,5,64,0.7385654172904669,0.32534196281109057,1.0302052551406193,-0.31945989164325356,0.02469038210201541
eegconformer,transformer.5,41,0,64,0.9858123074943672,0.40317865795458036,1.008570995550654,-0.023253781018954634,0.0004950929626674612
eegconformer,transformer.5,41,1,64,0.887518787470614,0.5235674231287027,1.0423788529989704,-0.167299861697704,0.012439796169347607
eegconformer,transformer.5,41,10,64,0.6958426248813975,0.39647135716232346,1.0079566980734627,-0.34633053578166595,0.02315250487423734
eegconformer,transformer.5,41,2,64,0.8490165337222553,0.5201495080350341,1.0302988772484711,-0.19854159379659375,0.01725925027037801
eegconformer,transformer.5,41,20,64,0.6996534163152547,0.5466884262098368,1.157540834472379,-0.6663345478850459,0.08069139431430608
eegconformer,transformer.5,41,5,64,0.7415162534988423,0.4679824207927143,0.9314572199419053,-0.20809428699716523,0.018153320554102292
eegconformer,transformer.5,42,0,64,0.9783078921267938,0.43956518143194995,1.0200548948144,-0.042872753362759065,0.0011257506751528269
eegconformer,transformer.5,42,1,64,0.9159904658862316,0.5518493109700606,1.094452282446063,-0.1903800074021887,0.011918190842357401
eegconformer,transformer.5,42,10,64,0.7579024305654347,0.34272640633557616,1.0690241250791286,-0.35375787690573207,0.013251423200051534
eegconformer,transformer.5,42,2,64,0.9005383053281497,0.3924089002248978,1.1111764307624759,-0.21725154133165445,0.006613415897328035
eegconformer,transformer.5,42,20,64,0.6947666202576579,0.31697410074510973,1.08245769232249,-0.5260624773932729,0.03837344582882898
eegconformer,transformer.5,42,5,64,0.788632165963475,0.4079322296047003,1.138319234405283,-0.42175189120105255,0.01858335194287791
eegconformer,transformer.5,43,0,64,0.9934094376496786,0.46376017044608275,1.0056717499446868,-0.01262645978308762,0.0003641474880795234
eegconformer,transformer.5,43,1,64,0.9315356618972314,0.41506046030660176,1.014604034746841,-0.0868750219428302,0.0038066490932204817
eegconformer,transformer.5,43,10,64,0.7053669127829488,0.5002119962827317,1.1643591961522257,-0.69125505671697,0.074232613306884
eegconformer,transformer.5,43,2,64,0.8369432040948234,0.5771141558930295,0.9861275782085105,-0.16766580450334925,0.018481430389661938
eegconformer,transformer.5,43,20,64,0.7336928449164328,0.49805475078172945,1.1970475456224756,-0.6175326212809945,0.043812886626388436
eegconformer,transformer.5,43,5,64,0.6734233427220726,0.6569148076761926,1.0328288546630584,-0.4608238940836417,0.06268393129263013
eegconformer,transformer.5,44,0,64,0.9885796805097623,0.4738787361978865,0.9869173028172215,0.0007383511629542598,0.0009240265295866048
eegconformer,transformer.5,44,1,64,0.9125442411195396,0.4281878116567965,0.9615749558762358,-0.05867101987177811,0.009640305115081876
eegconformer,transformer.5,44,10,64,0.6561279857088836,0.35239877117723084,0.9897457192835211,-0.3942314748789729,0.033180225470581366
eegconformer,transformer.5,44,2,64,0.8323723395123543,0.40659444087926105,0.9844736092645769,-0.16124234124966902,0.00914107149744631
eegconformer,transformer.5,44,20,64,0.7392817623755058,0.4562976228731489,1.1163962494949553,-0.4191405720980234,0.024254113053023822
eegconformer,transformer.5,44,5,64,0.8448794390985519,0.34864202795484356,1.0074928341129907,-0.16860118383058117,0.00598778881614227
eegconformer,transformer.5,45,0,64,0.9792419295128079,0.5009638538829647,1.0197701781412174,-0.040875851120128134,0.00034760249171826254
eegconformer,transformer.5,45,1,64,0.8540609781539896,0.776924237940953,1.0469993385340433,-0.23456458415287043,0.04162622377281669
eegconformer,transformer.5,45,10,64,0.7174368071887771,0.6552633882737473,1.1083842986411667,-0.47634663235947217,0.04602281686048306
eegconformer,transformer.5,45,2,64,0.8141006997487001,0.7773837366561303,0.976390224995264,-0.2156892917690758,0.05339976652251176
eegconformer,transformer.5,45,20,64,0.7278901221903702,0.5467382999315599,1.2138130433704368,-0.5775234712186539,0.030265884228940096
eegconformer,transformer.5,45,5,64,0.7634839689595886,0.543281833648769,0.97662405448392,-0.24105902939448481,0.027867653956116126
eegconformer,transformer.5,46,0,64,0.9940040458932087,0.3818767004002265,1.0041257889043627,-0.010439451589543921,0.0003177085783894517
eegconformer,transformer.5,46,1,64,0.8910228630015883,0.3257337001519293,1.0481720838654633,-0.16435522113154047,0.007206000267665343
eegconformer,transformer.5,46,10,64,0.7075509273525002,0.3523068305294948,0.989064870529612,-0.40357015020233256,0.0282374242786695
eegconformer,transformer.5,46,2,64,0.7877981113723423,0.4280242801660399,1.0048613689348755,-0.2347840705100777,0.017720812947544535
eegconformer,transformer.5,46,20,64,0.7178685338741619,0.5803283725076157,1.1189390192047162,-0.47862164415487074,0.06790131487028345
eegconformer,transformer.5,46,5,64,0.7362628507229663,0.3230706281820888,1.0422578855084046,-0.34267043267111225,0.02338751680516345
eegnet,bnorm_1,41,0,64,0.010533784018457662,0.010533784018457665,0.0,0.0,-0.00018891578015792037
eegnet,bnorm_1,41,1,64,0.014681492425515984,0.010195269762085304,0.00812394116080131,4.831566100875358e-06,-0.00023891617226884235
eegnet,bnorm_1,41,10,64,0.06886043287100965,0.010626220761868069,0.0678136273939112,-0.00043628325872031507,-0.0011474575164408072
eegnet,bnorm_1,41,2,64,0.019803855345633486,0.010095016201225781,0.014421413864212244,4.378914519546385e-06,-0.00020274128308893734
eegnet,bnorm_1,41,20,64,0.11512469508903313,0.012338376853829925,0.11536870211671275,-0.0013072062200880986,-0.0015624072841898713
eegnet,bnorm_1,41,5,64,0.038983826010377705,0.010532816504385138,0.035039222866004326,0.00028176357094030906,-0.0002985115974418888
eegnet,bnorm_1,42,0,64,0.009429226590707765,0.009429226590707765,0.0,0.0,-0.003374155403298924
eegnet,bnorm_1,42,1,64,0.010962916481079908,0.00949007543420272,0.004288300429311551,-5.171323227315694e-05,-0.003169145093857337
eegnet,bnorm_1,42,10,64,0.04419897038381701,0.009003058798459841,0.04204296380890235,-0.0005258178407002526,-0.0003056009258236656
eegnet,bnorm_1,42,2,64,0.01571900445719843,0.00933911921448298,0.011031285688086218,-0.000404619034079468,-0.0026613498104041283
eegnet,bnorm_1,42,20,64,0.06948627061870763,0.010457579674726618,0.06560855077191743,-0.00019367569061625673,0.000935436801409101
eegnet,bnorm_1,42,5,64,0.032108567477797445,0.008790598426634861,0.030614287574952923,-0.0008562353130855277,-0.001430313211506465
eegnet,bnorm_1,43,0,64,0.01094765222118723,0.01094765222118723,0.0,0.0,-0.003360060303324674
eegnet,bnorm_1,43,1,64,0.01781152585309138,0.011029107640843576,0.011149081192257352,-0.00030217051185695807,-0.003019837975849893
eegnet,bnorm_1,43,10,64,0.09531199152595284,0.011318941714088615,0.09451016142255839,-0.0004241363977675265,-0.00034908221775856407
eegnet,bnorm_1,43,2,64,0.025531144682714682,0.010815272930795459,0.02073645203933481,-0.0004735468274970207,-0.002555469518913944
eegnet,bnorm_1,43,20,64,0.11854324216686,0.008741778708723502,0.11794519775916136,-0.0002819133851869769,0.0007249155063792216
eegnet,bnorm_1,43,5,64,0.05749572493528795,0.011176410403747018,0.05612639318978816,-0.0005016496214014364,-0.0017090193211517664
eegnet,bnorm_1,44,0,64,0.008578765694960225,0.008578765694960223,0.0,0.0,0.00011175990509467293
eegnet,bnorm_1,44,1,64,0.01789662386856965,0.008542241491640191,0.012868004485254745,-0.00023928253648814702,0.0007371061827858613
eegnet,bnorm_1,44,10,64,0.11743213357684695,0.00836522430128029,0.1157334534906007,-0.00044660333254607196,0.0016049747474386944
eegnet,bnorm_1,44,2,64,0.03257417165195936,0.008271262510934145,0.029084449078302762,-0.0003461489085349524,0.0008561006379166922
eegnet,bnorm_1,44,20,64,0.16396555518529596,0.008039428786143691,0.16271238093139118,-0.00021184977826830745,0.001368713473718042
eegnet,bnorm_1,44,5,64,0.06143218084869218,0.008375813093686419,0.058963530095676994,-0.0005753270844720299,0.0012988406345332878
eegnet,bnorm_1,45,0,64,0.00947539081891009,0.00947539081891009,0.0,0.0,-0.0009061161201539974
eegnet,bnorm_1,45,1,64,0.017645643206892807,0.009290615901762082,0.012793661627877869,-3.157713431270087e-05,-0.0007937269976838665
eegnet,bnorm_1,45,10,64,0.10235980819211457,0.010324910651357556,0.09983042104057363,0.000631562490370892,0.001067804631980284
eegnet,bnorm_1,45,2,64,0.028302198848571804,0.009890148369045376,0.02452231838265649,-0.00011869984918732058,-0.0004521527843193145
eegnet,bnorm_1,45,20,64,0.11839219494725331,0.008858377544567744,0.11660718569381216,0.0005000238201778146,0.0008832355167541007
eegnet,bnorm_1,45,5,64,0.06925585516788553,0.010124178170487975,0.06727847355198754,0.00029676614138809374,0.00016961066776345792
eegnet,bnorm_1,46,0,64,0.00858846069542031,0.00858846069542031,0.0,0.0,-0.0016495384862227939
eegnet,bnorm_1,46,1,64,0.014373647216657515,0.007672397005023657,0.01137612379109671,-4.9029679917981984e-05,-0.0020627468299615013
eegnet,bnorm_1,46,10,64,0.03496673020616535,0.011679602867540368,0.029136331974834836,0.00014439149265735635,0.00038237849938035955
eegnet,bnorm_1,46,2,64,0.023953698490212214,0.007531696724729941,0.022642481357063437,-2.1020805983029512e-05,-0.0018984612034251508
eegnet,bnorm_1,46,20,64,0.04454588574895017,0.0114018284825893,0.03933470997528571,-3.991634638325857e-05,0.0005045877733654839
eegnet,bnorm_1,46,5,64,0.026177128475720398,0.00941430149859657,0.02273512855104759,-9.891106589875937e-05,-0.0011596021427065857
eegnet,bnorm_2,41,0,64,0.024369914155712533,0.024369914155712536,0.0,0.0,0.006783917137697345
eegnet,bnorm_2,41,1,64,0.1064713145265599,0.022938963203839292,0.12326233023801018,-0.023461017060564367,0.003934034789753804
eegnet,bnorm_2,41,10,64,0.6086699586742172,0.02445314637209411,0.6412754712285718,-0.03291983427721863,0.0003143217228638023
eegnet,bnorm_2,41,2,64,0.19772702305893186,0.023397926855915418,0.22257463549053674,-0.02940485829450781,0.0035307894047137685
eegnet,bnorm_2,41,20,64,0.6707373747886629,0.028376656955065107,0.7251282668344318,-0.055093837907985395,0.0007029458622164728
eegnet,bnorm_2,41,5,64,0.41344823895153504,0.024498189895868862,0.4456005247620125,-0.034329731099855126,0.002136593820356697
eegnet,bnorm_2,42,0,64,0.02061179858864428,0.02061179858864428,0.0,0.0,0.0005238785361923007
eegnet,bnorm_2,42,1,64,0.08681577618628186,0.021658024598302725,0.09347895863652564,-0.011311729519913046,-8.099274572779377e-05
eegnet,bnorm_2,42,10,64,0.4077730424456294,0.023972987466328224,0.43168120789800374,-0.02461024073219318,0.0005917247197463292
eegnet,bnorm_2,42,2,64,0.14423495824657398,0.02226832539888721,0.15783488982363902,-0.016516149965343268,-0.0001929772447390996
eegnet,bnorm_2,42,20,64,0.45017317718950695,0.02436418580080224,0.4892625917533885,-0.039965093009414594,0.0008284630361577017
eegnet,bnorm_2,42,5,64,0.30139618064240836,0.02281249679681538,0.3228406393297913,-0.02218508236752838,0.00029168518176104905
eegnet,bnorm_2,43,0,64,0.02184787612062012,0.02184787612062012,0.0,0.0,-0.00375294930110518
eegnet,bnorm_2,43,1,64,0.19277700849638318,0.02206287779838963,0.20569913280838223,-0.011815292296731943,-0.002713664516621257
eegnet,bnorm_2,43,10,64,0.5869453992743594,0.022382386632907255,0.617897827486049,-0.031906176086341366,0.0009537478746513983
eegnet,bnorm_2,43,2,64,0.2491992646428393,0.022252893709686788,0.2665961861102224,-0.016376608386552374,-0.001747243103897431
eegnet,bnorm_2,43,20,64,0.6458347679273662,0.024486548123710362,0.6999887827203736,-0.05483468386618437,0.0006806690731770172
eegnet,bnorm_2,43,5,64,0.3911571574525778,0.023102291808199733,0.41678761665704606,-0.025837248005728366,0.00014447266216549532
eegnet,bnorm_2,44,0,64,0.020877697533413897,0.020877697533413897,0.0,0.0,0.000910275361730211
eegnet,bnorm_2,44,1,64,0.22018359083501868,0.02078634041099703,0.22266752801219186,-0.0049266320443726,0.0008868330097336996
eegnet,bnorm_2,44,10,64,0.5810793862576875,0.027039940868728185,0.6037506066047604,-0.02407376706724666,0.0014025467201736238
eegnet,bnorm_2,44,2,64,0.3582782283563439,0.020878744690770244,0.3636774146759093,-0.00641392920669322,0.0006869097014973245
eegnet,bnorm_2,44,20,64,0.5526855391279546,0.027561175816838073,0.6018350921094235,-0.05112324273497307,0.001973689753503938
eegnet,bnorm_2,44,5,64,0.5010602018711284,0.023795482941953956,0.5135616488746994,-0.01326037396563911,0.0007589269620681745
eegnet,bnorm_2,45,0,64,0.02290577209782706,0.022905772097827057,0.0,0.0,-0.0010084433816869884
eegnet,bnorm_2,45,1,64,0.11849726113660948,0.023254370209408477,0.12191927190783235,-0.006576361540899243,-0.00043059262521747137
eegnet,bnorm_2,45,10,64,0.5264931166639591,0.024956280300907126,0.5555566175935224,-0.029974302381581528,0.000910801452018041
eegnet,bnorm_2,45,2,64,0.1919282531707629,0.02370016990899565,0.20464497940677848,-0.014587738970872571,-0.00017902095773222773
eegnet,bnorm_2,45,20,64,0.49302042596794293,0.02769597356601612,0.5330892206897363,-0.040946903422297024,0.0008781087005035037
eegnet,bnorm_2,45,5,64,0.4031783471693813,0.02329480921228496,0.4296740991137777,-0.027159006264584645,0.0006632543201881087
eegnet,bnorm_2,46,0,64,0.021922903251130527,0.021922903251130527,0.0,0.0,-0.001595190473622788
eegnet,bnorm_2,46,1,64,0.14780192121153463,0.019649972320406103,0.1575680433664856,-0.008866799061421345,-0.0022699005270362953
eegnet,bnorm_2,46,10,64,0.5982329394118759,0.023157611014661714,0.6333037249023477,-0.03512039245178662,4.96069613145794e-05
eegnet,bnorm_2,46,2,64,0.2923375179896827,0.019368788001054245,0.3056220421627763,-0.011757488920117217,-0.00160507006609914
eegnet,bnorm_2,46,20,64,0.6071943475139937,0.027399551438525748,0.6705059998355952,-0.06469953540609054,0.001387883084488799
eegnet,bnorm_2,46,5,64,0.48425852145113246,0.0210688687076589,0.5059822588800694,-0.0206689812278252,-0.00105475620111209
eegnet,conv_separable_depth,41,0,64,0.02412216983938091,0.02412216983938091,0.0,0.0,0.007961905217639495
eegnet,conv_separable_depth,41,1,64,0.028301653357920627,0.022761529826352614,0.012846861914104106,-0.0019254032256516669,0.006894586495240097
eegnet,conv_separable_depth,41,10,64,0.12653511863088635,0.024655319178414518,0.12912629275053816,-0.009756668501498145,0.0022306617377580154
eegnet,conv_separable_depth,41,2,64,0.03926804911094379,0.023408235453243064,0.0265469358398765,-0.0024944645771477368,0.006934296123912733
eegnet,conv_separable_depth,41,20,64,0.24569431418476978,0.027264626809100363,0.27503070119379236,-0.034712808556618714,-0.00023496667292352143
eegnet,conv_separable_depth,41,5,64,0.060938937829733635,0.025973020797219748,0.047800928511943765,-0.0006783924652656877,0.006578100613627605
eegnet,conv_separable_depth,42,0,64,0.020251744758898547,0.020251744758898543,0.0,0.0,0.00043597678073306227
eegnet,conv_separable_depth,42,1,64,0.02465482621229882,0.02152759516635612,0.007526858405686865,0.00018595201591322888,0.0001587986247035957
eegnet,conv_separable_depth,42,10,64,0.048705792062276564,0.02333165968842344,0.04401189940364389,-0.007352477688482534,0.0019828332534580716
eegnet,conv_separable_depth,42,2,64,0.02917402685049262,0.021734155582614764,0.014977412273430623,-0.0005844501131683736,0.00018720464886585214
eegnet,conv_separable_depth,42,20,64,0.10803245288407423,0.023278586574960257,0.11780910813301602,-0.02177562864953989,0.0020068983149473655
eegnet,conv_separable_depth,42,5,64,0.03928752989970476,0.021819073857298782,0.03012661562223345,-0.0024932587510721276,0.0012093648094096633
eegnet,conv_separable_depth,43,0,64,0.01955335366840816,0.01955335366840816,0.0,0.0,-0.004498184905183662
eegnet,conv_separable_depth,43,1,64,0.024754675101911035,0.02011931373249529,0.011213485402560452,-0.0014791561326992142,-0.004462796766247221
eegnet,conv_separable_depth,43,10,64,0.10061570025871801,0.020228860820053457,0.11401425225482673,-0.019684075943279217,0.001702620821992663
eegnet,conv_separable_depth,43,2,64,0.028980568009711168,0.020245258621939086,0.01687015035467253,-0.0008547796074514234,-0.003405716268801203
eegnet,conv_separable_depth,43,20,64,0.1357107166132041,0.020287924255444394,0.1648056295592311,-0.037231662470653154,0.0034473261009989094
eegnet,conv_separable_depth,43,5,64,0.07080694734363,0.020999629691105758,0.07293550693580256,-0.009284869999017217,-0.0008092168181192648
eegnet,conv_separable_depth,44,0,64,0.0175174267637978,0.0175174267637978,0.0,0.0,0.0014664306560631746
eegnet,conv_separable_depth,44,1,64,0.033217036096023736,0.017307574479626796,0.019317894521169936,0.0027116392402743044,0.0024028586707996484
eegnet,conv_separable_depth,44,10,64,0.1746239071052104,0.02053893765679006,0.18406293638362237,-0.017364075412124525,0.004964286994491694
eegnet,conv_separable_depth,44,2,64,0.056950770978306024,0.017539751480516955,0.04449473200654932,0.0034977754491732375,0.002677496814876616
eegnet,conv_separable_depth,44,20,64,0.2377593015035046,0.02185772744997408,0.2729240222859589,-0.04584573242007114,0.005389544945291585
eegnet,conv_separable_depth,44,5,64,0.09617105211734428,0.019037271863872544,0.0911756079962223,-0.003296928811696316,0.003704305807757481
eegnet,conv_separable_depth,45,0,64,0.020847147105247158,0.020847147105247155,0.0,0.0,-0.0011905760155497983
eegnet,conv_separable_depth,45,1,64,0.025540062336722628,0.020886986592932515,0.013427561810835965,0.0012259472567327893,-0.0008960243736827538
eegnet,conv_separable_depth,45,10,64,0.11107145264347684,0.020545195119195774,0.11604718851902672,-0.008863892850925799,0.001827155026296635
eegnet,conv_separable_depth,45,2,64,0.03368499131570402,0.021103602545599846,0.024341618616956093,0.0009055844678176363,-0.0006787214517835991
eegnet,conv_separable_depth,45,20,64,0.10538653005652854,0.020200380099106,0.11721691659331795,-0.01710728353330194,0.00176864740106626
eegnet,conv_separable_depth,45,5,64,0.07487387846429656,0.019805878354657996,0.07404689171818765,-0.002963834356229006,0.0007090733163954598
eegnet,conv_separable_depth,46,0,64,0.019989544050567368,0.019989544050567368,0.0,0.0,-0.0012509922256033626
eegnet,conv_separable_depth,46,1,64,0.03493066315485301,0.01825094190937235,0.031090339877533686,-0.002587858791328864,-0.002453388440810839
eegnet,conv_separable_depth,46,10,64,0.10555019000226065,0.01964892774807803,0.1105885938722661,-0.010301564739744683,0.0015025962462417997
eegnet,conv_separable_depth,46,2,64,0.05536092444315128,0.017641681088417665,0.05493728500817913,-0.0023935001118566323,-0.0019342744548408732
eegnet,conv_separable_depth,46,20,64,0.0827636112926416,0.0227333469941206,0.10361396227193698,-0.04005454615780333,0.004083287951143511
eegnet,conv_separable_depth,46,5,64,0.06959636961251396,0.01767476026884073,0.06767078093769165,-0.00025737856014523066,-0.000910708338248091
eegnet,conv_spatial,41,0,64,0.010533784020909135,0.010533784020909133,0.0,0.0,-0.00018891578266142732
eegnet,conv_spatial,41,1,64,0.010238101103559289,0.010232609994541116,7.996109672961518e-06,-3.2047103679685055e-06,-0.0002867818555956872
eegnet,conv_spatial,41,10,64,0.01094915016895921,0.010925607167357894,0.00014951427225481706,-4.7447345622729684e-05,-0.0014224892295122756
eegnet,conv_spatial,41,2,64,0.01014601627126062,0.010135879844640563,5.512681581064346e-05,-7.80446082765769e-06,-0.0002811603083556143
eegnet,conv_spatial,41,20,64,0.013739630035080346,0.01361605540718983,0.0005555718661524512,-0.0001267910132603469,-0.0023158649327990432
eegnet,conv_spatial,41,5,64,0.01063837862273003,0.010639037911871986,7.125360395753867e-05,-1.980161041108672e-05,-0.0004064835404984685
eegnet,conv_spatial,42,0,64,0.009429226600785651,0.00942922660078565,0.0,0.0,-0.003374155430466008
eegnet,conv_spatial,42,1,64,0.009500356739819388,0.009506064996314128,5.964860625225315e-06,4.049787943223525e-06,-0.003189023640336635
eegnet,conv_spatial,42,10,64,0.009607001708920971,0.009535953745132162,0.00024732911646576093,-3.3100520303229454e-05,-0.000531589978893193
eegnet,conv_spatial,42,2,64,0.009362637050686773,0.009375552719211236,8.503128716914123e-06,-9.171075544895186e-06,-0.0027076469748767377
eegnet,conv_spatial,42,20,64,0.012010029868529152,0.011943642629857622,0.0001691963351267747,-9.20997871329298e-06,0.0009119626517592507
eegnet,conv_spatial,42,5,64,0.008938382710181868,0.008940269300707545,0.00013355490708294988,-5.868054987236763e-05,-0.0015509333376548206
eegnet,conv_spatial,43,0,64,0.010947652220348844,0.010947652220348842,0.0,0.0,-0.0033600602564906397
eegnet,conv_spatial,43,1,64,0.011050907484522834,0.011046731059138944,3.193254482038802e-05,3.306196430370569e-06,-0.0031074226560109724
eegnet,conv_spatial,43,10,64,0.01251269773075728,0.0122896394243652,0.0004933167712684366,-0.0001720127894369264,-0.0008707450364646021
eegnet,conv_spatial,43,2,64,0.010884999668741418,0.010858070576824242,4.7275589836862814e-05,3.696839998512409e-06,-0.00270219379195513
eegnet,conv_spatial,43,20,64,0.010133086670953497,0.009871470711733473,0.0005137721474557355,-0.0002503483520000187,0.0002677977949391276
eegnet,conv_spatial,43,5,64,0.011560087593804823,0.011544572956519812,9.659488237683604e-05,-4.179149355975355e-05,-0.0020852141727566577
eegnet,conv_spatial,44,0,64,0.008578765688173328,0.008578765688173328,0.0,0.0,0.00011175987930028521
eegnet,conv_spatial,44,1,64,0.008550537184970104,0.008551283196342756,4.4762871209191814e-05,-1.4552492671902737e-05,0.0007346257754424268
eegnet,conv_spatial,44,10,64,0.0090688808126263,0.008767275920402277,0.0004521130780544788,-7.97816339933848e-05,0.0019378520461277747
eegnet,conv_spatial,44,2,64,0.008321639492769194,0.008296722819151748,0.00011567327970634541,-3.4500634045581844e-05,0.0008766953925338641
eegnet,conv_spatial,44,20,64,0.009743210379485725,0.009680523801475405,0.00026224076661973385,-1.826016784368509e-05,0.002027918888159566
eegnet,conv_spatial,44,5,64,0.00872409039421693,0.008514646714315443,0.00028805477451873934,-6.983019245261535e-05,0.0014013310565002615
eegnet,conv_spatial,45,0,64,0.00947539082932836,0.00947539082932836,0.0,0.0,-0.0009061160663661216
eegnet,conv_spatial,45,1,64,0.009322118281988763,0.009316880942769439,2.5276137831121167e-05,-3.081366125256286e-05,-0.0008312439011042695
eegnet,conv_spatial,45,10,64,0.012001301864875611,0.011463433410152199,0.0007533218659010804,-4.366763248399047e-05,0.0017259229670382999
eegnet,conv_spatial,45,2,64,0.009975877637344246,0.009966895586220494,4.859003048603801e-05,-4.50636071106701e-05,-0.0004918343274121286
eegnet,conv_spatial,45,20,64,0.013711261864499445,0.011660650654004932,0.0028140526505644,5.856947972242504e-05,0.002196945814911766
eegnet,conv_spatial,45,5,64,0.010431118688809722,0.010370719724193758,0.0002008230861378686,-2.977298623814249e-05,0.00022434621863906795
eegnet,conv_spatial,46,0,64,0.008588460741198957,0.008588460741198956,0.0,0.0,-0.0016495384974517875
eegnet,conv_spatial,46,1,64,0.00770445192287757,0.00769763862715913,2.5882803530173653e-05,-8.520596790138071e-06,-0.002101939979802599
eegnet,conv_spatial,46,10,64,0.01320244555569549,0.013006073642857998,0.00040280763551357225,-0.00010294938482652737,0.0009040029513839686
eegnet,conv_spatial,46,2,64,0.0075953656026620615,0.007574267046564707,5.5324303830124546e-05,-2.4814845272335263e-05,-0.0019548589336141537
eegnet,conv_spatial,46,20,64,0.014965749320789786,0.014248752379351599,0.0013887420352000723,-0.00019888019153367178,0.001906296467152586
eegnet,conv_spatial,46,5,64,0.009758679186152244,0.00970239951927123,0.00021957259778314735,-8.931159713294448e-05,-0.0011309300120223432
eegnet,conv_temporal,41,0,64,0.008703011091465047,0.008703011091465047,0.0,0.0,-0.0007298273746043051
eegnet,conv_temporal,41,1,64,0.008526103830929934,0.008526103830929934,0.0,0.0,-0.0005827098533394267
eegnet,conv_temporal,41,10,64,0.01197693247051434,0.01197693247051434,0.0,0.0,0.0012381151631911554
eegnet,conv_temporal,41,2,64,0.008580747661578804,0.008580747661578804,0.0,0.0,-0.0004022502239701057
eegnet,conv_temporal,41,20,64,0.013426930610606928,0.01342693061060693,0.0,0.0,0.001168036478197951
eegnet,conv_temporal,41,5,64,0.00993419068702869,0.00993419068702869,0.0,0.0,0.0004548089254627062
eegnet,conv_temporal,42,0,64,0.006859894124668238,0.006859894124668238,0.0,0.0,-0.002083506878580423
eegnet,conv_temporal,42,1,64,0.006967717948901807,0.006967717948901807,0.0,0.0,-0.002040828546604037
eegnet,conv_temporal,42,10,64,0.010008577841496344,0.010008577841496342,0.0,0.0,0.00043765822638773365
eegnet,conv_temporal,42,2,64,0.007152708087844293,0.007152708087844293,0.0,0.0,-0.0016325747854071902
eegnet,conv_temporal,42,20,64,0.012569643085774771,0.012569643085774771,0.0,0.0,0.0014205529588753245
eegnet,conv_temporal,42,5,64,0.007896847550998048,0.007896847550998048,0.0,0.0,-0.0006793448636686129
eegnet,conv_temporal,43,0,64,0.00800910070299844,0.008009100702998439,0.0,0.0,-0.0018903051756791241
eegnet,conv_temporal,43,1,64,0.007628487263844096,0.007628487263844096,0.0,0.0,-0.0018513125603565018
eegnet,conv_temporal,43,10,64,0.009626097266230298,0.009626097266230298,0.0,0.0,0.0006804143479902362
eegnet,conv_temporal,43,2,64,0.007588385699348323,0.007588385699348324,0.0,0.0,-0.001459925775293122
eegnet,conv_temporal,43,20,64,0.009514129698270571,0.009514129698270571,0.0,0.0,0.001022886016126053
eegnet,conv_temporal,43,5,64,0.008699420185843075,0.008699420185843075,0.0,0.0,-0.00021653328795348715
eegnet,conv_temporal,44,0,64,0.00680501096844487,0.006805010968444869,0.0,0.0,0.0001166451586390446
eegnet,conv_temporal,44,1,64,0.006949664284641215,0.006949664284641214,0.0,0.0,0.00055459618888813
eegnet,conv_temporal,44,10,64,0.008408180403684337,0.008408180403684337,0.0,0.0,0.0016571388888766867
eegnet,conv_temporal,44,2,64,0.006902787266093089,0.006902787266093089,0.0,0.0,0.0007005100244332751
eegnet,conv_temporal,44,20,64,0.008570370668962898,0.008570370668962896,0.0,0.0,0.002344300439606707
eegnet,conv_temporal,44,5,64,0.007365713033737583,0.007365713033737584,0.0,0.0,0.0010032139439651898
eegnet,conv_temporal,45,0,64,0.006933212551881551,0.006933212551881551,0.0,0.0,-0.0002756710330577806
eegnet,conv_temporal,45,1,64,0.00705359601403464,0.007053596014034641,0.0,0.0,-0.0004487721726381851
eegnet,conv_temporal,45,10,64,0.011108312678230741,0.011108312678230741,0.0,0.0,0.0021954031482832896
eegnet,conv_temporal,45,2,64,0.00775610193490951,0.007756101934909509,0.0,0.0,-0.00016220453945510422
eegnet,conv_temporal,45,20,64,0.010048666320143902,0.010048666320143902,0.0,0.0,0.0018580814736291825
eegnet,conv_temporal,45,5,64,0.009555201210882366,0.009555201210882366,0.0,0.0,0.0012380264795002263
eegnet,conv_temporal,46,0,64,0.007050594049765222,0.007050594049765222,0.0,0.0,-0.001782082763955901
eegnet,conv_temporal,46,1,64,0.006906640115531481,0.006906640115531482,0.0,0.0,-0.002168606236075882
eegnet,conv_temporal,46,10,64,0.011138656681675416,0.011138656681675416,0.0,0.0,0.001001246306274761
eegnet,conv_temporal,46,2,64,0.007158823901878487,0.007158823901878488,0.0,0.0,-0.0019874853394140682
eegnet,conv_temporal,46,20,64,0.011722357456506759,0.011722357456506759,0.0,0.0,0.0019670677482180716
eegnet,conv_temporal,46,5,64,0.00853959513464308,0.00853959513464308,0.0,0.0,-0.0009570361541543472
eegnet,logits,41,0,64,0.6411315403258323,0.6411315403258323,0.0,0.0,0.06382896095154197
eegnet,logits,41,1,64,0.8804000971630396,0.6380896839010816,1.0620204633661723,-0.5242312483924159,0.06477329118214585
eegnet,logits,41,10,64,0.9475429216199013,0.6745300140978698,1.2882919649875493,-0.5530109944496747,0.01792827043382874
eegnet,logits,41,2,64,0.9154564269884038,0.6405266939914532,1.0283451354926416,-0.37082488068095115,0.020244822078760678
eegnet,logits,41,20,64,0.9549121943821319,0.6873968174731239,1.352481361301954,-0.6336778608083321,0.03645767680155994
eegnet,logits,41,5,64,0.9217700422802565,0.6379343943759251,1.1667155039408241,-0.43185708415928453,0.018526814153416993
eegnet,logits,42,0,64,0.6659027758391985,0.6659027758391985,0.0,0.0,0.11686714629318531
eegnet,logits,42,1,64,0.7967926531486624,0.6694569794813134,0.8455231249985781,-0.3555108926836393,0.03588469780114751
eegnet,logits,42,10,64,0.9316986111379337,0.662644702939156,1.066507095281822,-0.3775097536595028,0.01884038252406862
eegnet,logits,42,2,64,0.8044898706231093,0.6853019598443,0.8651467444147338,-0.40257103862901233,0.027936985049984688
eegnet,logits,42,20,64,0.9068295880059227,0.6822083835365721,1.1158862906019928,-0.45019194140498314,0.03652160469683564
eegnet,logits,42,5,64,0.9346220947716073,0.6628634417064734,1.0218001798312768,-0.3378047420890007,0.005863051908328834
eegnet,logits,43,0,64,0.6236036093868912,0.6236036093868912,0.0,0.0,0.07327950808574274
eegnet,logits,43,1,64,0.8609718410318326,0.651742458137775,1.0082939728856462,-0.25807816966721436,0.010512093066161972
eegnet,logits,43,10,64,0.8950716526655976,0.6614881370724336,0.9898568059466722,-0.33234760838474314,0.008901375728416141
eegnet,logits,43,2,64,0.8798833007366006,0.632629288100691,0.9815182802363688,-0.2892189916568182,0.0169380753327466
eegnet,logits,43,20,64,0.9437379971511277,0.7120713703802841,1.2231371566466467,-0.5203816694101757,0.02167648045917551
eegnet,logits,43,5,64,0.7715727491136871,0.6328901853576316,0.8257127987468585,-0.18031384914699117,0.01459312635121433
eegnet,logits,44,0,64,0.6227976386679258,0.6227976386679258,0.0,0.0,0.029801731860616625
eegnet,logits,44,1,64,0.8758365059269722,0.6489946160391479,1.053435732031176,-0.24159018399244367,0.0016838965727241119
eegnet,logits,44,10,64,0.9245885934812416,0.6870463146562137,1.282592734077927,-0.5632763202164242,0.003704294123342574
eegnet,logits,44,2,64,0.9136786920169182,0.6531477399491638,1.1746547867138508,-0.3259503622301444,0.005020287577904858
eegnet,logits,44,20,64,0.9494220745732683,0.7970595652143504,1.3811371458013866,-0.7328077618765868,0.02204970437591295
eegnet,logits,44,5,64,0.9202702812541466,0.6321235586205116,1.2257889050530943,-0.4252945743291007,0.00042874985199285205
eegnet,logits,45,0,64,0.6343210698967416,0.6343210698967416,0.0,0.0,-0.017835481833573474
eegnet,logits,45,1,64,0.7827950979312454,0.6366968286980083,0.8916524550886404,-0.22445039910589676,0.010552942727761031
eegnet,logits,45,10,64,0.9426744030660514,0.6896790431733183,1.18568894035343,-0.4793595048214668,0.018076760295129984
eegnet,logits,45,2,64,0.8376303686343743,0.6383533138304331,0.8737817717293646,-0.19759457578551762,0.0029736022560287716
eegnet,logits,45,20,64,0.9502168490295473,0.7049852225712403,1.239815012640693,-0.5974743239630493,0.049468898083947256
eegnet,logits,45,5,64,0.9085286233799468,0.6505613147310203,1.1134784097108803,-0.38090144393442676,0.005236173650479171
eegnet,logits,46,0,64,0.6388971173979907,0.6388971173979907,0.0,0.0,0.03989041342045394
eegnet,logits,46,1,64,0.7692060210495062,0.6414662858422088,1.035893981562588,-0.37177146905314107,0.03783947880229048
eegnet,logits,46,10,64,0.941134769906355,0.6582376692852352,1.099168545506803,-0.42818710955836475,0.007788055156341695
eegnet,logits,46,2,64,0.8534420842219355,0.6364421996729247,1.0351557853686018,-0.24665722827213907,0.014523492382322624
eegnet,logits,46,20,64,0.9618959281903369,0.686302248600039,1.1718790037837241,-0.5848780036663263,0.04443681552324582
eegnet,logits,46,5,64,0.8980750942360932,0.6108043678403035,0.8763781059045649,-0.23767950552599992,0.009356611955737764
eegnet,pool_2,41,0,64,0.16374883043117455,0.16374883043117455,0.0,0.0,0.07283696882666253
eegnet,pool_2,41,1,64,0.3993993735388773,0.16395816754761286,0.47362288862131674,-0.10531658281828339,0.019602439050200253
eegnet,pool_2,41,10,64,0.7696681184082698,0.15321484997968102,0.8182262494101167,-0.05236205669230688,0.003803925690459902
eegnet,pool_2,41,2,64,0.5110921959271276,0.16749964643586013,0.5908222997045525,-0.09752068744580118,0.012870513227593116
eegnet,pool_2,41,20,64,0.7990580121855584,0.17017644891633713,0.8832616975511973,-0.08873114865096463,0.00452746328532564
eegnet,pool_2,41,5,64,0.6613633747259707,0.154911993246426,0.7229263925810403,-0.06830114714320307,0.00665367394551025
eegnet,pool_2,42,0,64,0.148648117785446,0.14864811778544604,0.0,0.0,0.05006803778872994
eegnet,pool_2,42,1,64,0.38922244945954315,0.14863781812355747,0.43306563194710507,-0.07044323354974487,0.011948531704981525
eegnet,pool_2,42,10,64,0.6724274048559162,0.14448744148612816,0.7233174659424387,-0.05587588831083121,0.004985827224308746
eegnet,pool_2,42,2,64,0.4765970438575661,0.1522731955109248,0.5398808723056882,-0.07988046321054033,0.009098201376250115
eegnet,pool_2,42,20,64,0.6805342730670126,0.1494673993671877,0.7492417609556316,-0.07546687994694976,0.006679299551257392
eegnet,pool_2,42,5,64,0.6201843509850826,0.1489056904792557,0.6795451817467639,-0.06583297749431215,0.005860452920695029
eegnet,pool_2,43,0,64,0.16460329294401319,0.16460329294401319,0.0,0.0,0.05128694968472429
eegnet,pool_2,43,1,64,0.5532177157176396,0.16599288939523377,0.5971910535369851,-0.050152652354937786,0.0029493620318030763
eegnet,pool_2,43,10,64,0.7488171894626152,0.17870418948867953,0.7952054532772889,-0.04806766825183443,0.0016794044371607553
eegnet,pool_2,43,2,64,0.5921798729126437,0.17262720663850478,0.6448553855849143,-0.05605703965199357,0.0020594010303123934
eegnet,pool_2,43,20,64,0.7772469487315943,0.18929087085010105,0.8517853549677424,-0.07612873351718555,0.0015903272810373727
eegnet,pool_2,43,5,64,0.6606926406679761,0.18151843385291733,0.7145520600485374,-0.05595175920345114,0.0019034388631181667
eegnet,pool_2,44,0,64,0.15020512955680435,0.15020512955680435,0.0,0.0,0.03393582711972627
eegnet,pool_2,44,1,64,0.5307819196133302,0.15681820600234578,0.550061527949004,-0.026272627465822363,0.0024453406278638987
eegnet,pool_2,44,10,64,0.7357914713398451,0.18257151545160727,0.782079461323933,-0.050398800228593194,0.004110810244505291
eegnet,pool_2,44,2,64,0.624197467926559,0.15853440033439858,0.6487752077592326,-0.026731409317673913,0.0012124781841247035
eegnet,pool_2,44,20,64,0.7084864920986839,0.18277726976981126,0.8040817033220017,-0.10291372712946686,0.007318515906149011
eegnet,pool_2,44,5,64,0.6993237986064783,0.1651168870611881,0.7339784202482866,-0.03686589142183077,0.0022112697800223953
eegnet,pool_2,45,0,64,0.16030790127004216,0.16030790127004216,0.0,0.0,0.03587628737069634
eegnet,pool_2,45,1,64,0.4363419589712716,0.16266007874311153,0.4433232640520923,-0.024447341839839685,0.004669559911336804
eegnet,pool_2,45,10,64,0.7264024804773523,0.17726080392593302,0.7699615385363384,-0.0485172809786818,0.004958222919695671
eegnet,pool_2,45,2,64,0.5208889173632072,0.16308063619341934,0.5544456067865139,-0.04430280720215251,0.0035066021893056056
eegnet,pool_2,45,20,64,0.7125146548052508,0.1890601909844321,0.7742585700587009,-0.06944561566726179,0.007402375123939928
eegnet,pool_2,45,5,64,0.6669338437711564,0.16531492060689354,0.7119037676487894,-0.04919755422461578,0.0042276303469829055
eegnet,pool_2,46,0,64,0.16505144125737028,0.16505144125737028,0.0,0.0,0.029922190465399408
eegnet,pool_2,46,1,64,0.4986045044661453,0.1337296250217574,0.5499218979076945,-0.05434496003467857,-0.0002241686983550097
eegnet,pool_2,46,10,64,0.7680974492215984,0.15215122295505545,0.8289481465388174,-0.0637681971988908,0.0029174998816717786
eegnet,pool_2,46,2,64,0.6641821565117122,0.1324113634963894,0.714683352964937,-0.049129381020406565,-0.0013718154328183102
eegnet,pool_2,46,20,64,0.7711581087748702,0.17975459489950688,0.8807778921579741,-0.11715455230490096,0.007534768921797239
eegnet,pool_2,46,5,64,0.7415376224983209,0.1418955296303175,0.7919558410929625,-0.05048604507656567,6.782648192416263e-05
shallowconvnet,bnorm,41,0,64,0.01273507096749689,0.012735070967496893,0.0,0.0,-0.003636250358602519
shallowconvnet,bnorm,41,1,64,0.014419365968546226,0.013161698838149001,0.0027852851462144114,-0.00023684923942430882,-0.002972691896223245
shallowconvnet,bnorm,41,10,64,0.029139597805208486,0.01200992455864772,0.023926933248344186,-0.0006194502121704491,-0.003189321952105045
shallowconvnet,bnorm,41,2,64,0.014484586059188754,0.013296176651437456,0.002617920600706813,-0.0002917628255892002,-0.0031035041365820716
shallowconvnet,bnorm,41,20,64,0.07023497007591255,0.010584353169258182,0.07089685029516928,-0.0012236065024069207,-0.002232459200525047
shallowconvnet,bnorm,41,5,64,0.017529161226589443,0.013058530809558662,0.008220383356371323,-0.0003505816990782371,-0.003243756231684867
shallowconvnet,bnorm,42,0,64,0.011511819583217987,0.011511819583217987,0.0,0.0,-0.002495972889710553
shallowconvnet,bnorm,42,1,64,0.013034023961141238,0.011865660400507103,0.0032491780867012904,-0.00010945908339396758,-0.0020609345174845894
shallowconvnet,bnorm,42,10,64,0.02129119582998759,0.010982315590298738,0.015237971150822984,-0.0003265760509760649,-0.0022347408294050774
shallowconvnet,bnorm,42,2,64,0.013233611609204762,0.011823125238995365,0.003637711215984479,-0.00021420074741543952,-0.002014058019709243
shallowconvnet,bnorm,42,20,64,0.0456744094907297,0.010205009940237115,0.04379502897473001,-0.0007560669642465715,-0.001887284863201765
shallowconvnet,bnorm,42,5,64,0.015230845472876176,0.011702223005679569,0.006856308167506686,-0.0003680638672938303,-0.0020780800526847103
shallowconvnet,bnorm,43,0,64,0.011848321689749829,0.011848321689749827,0.0,0.0,-0.003149064796644428
shallowconvnet,bnorm,43,1,64,0.015113466036627743,0.013456138649813078,0.003928981936896223,-7.358656553717874e-05,-0.0028857440009250317
shallowconvnet,bnorm,43,10,64,0.032138277989656516,0.011946333534626728,0.026961515754469492,-0.0008265142937512391,-0.0026567061770053535
shallowconvnet,bnorm,43,2,64,0.01621492805472966,0.01391725760822526,0.004937509733455129,-0.00014798905300663818,-0.002774368129930981
shallowconvnet,bnorm,43,20,64,0.0817314121040501,0.010678634406781427,0.08162720231361419,-0.0008565661725746476,-0.001844765807801315
shallowconvnet,bnorm,43,5,64,0.021162658989876043,0.013354696448522623,0.0116522973623705,-0.0004992305352218317,-0.0031163332817490536
shallowconvnet,bnorm,44,0,64,0.011870167622710145,0.011870167622710148,0.0,0.0,-0.0029476776855500873
shallowconvnet,bnorm,44,1,64,0.013660728372922456,0.012124886281302915,0.003874939232319132,-0.00021109445721406966,-0.0026974013751575646
shallowconvnet,bnorm,44,10,64,0.017805429275287298,0.011466632574436201,0.01083257180360824,-0.0006358810459207404,-0.0025339400961876214
shallowconvnet,bnorm,44,2,64,0.014405909325430026,0.011949374612711654,0.004637287159047459,-0.00037190099144368327,-0.0024760267550861972
shallowconvnet,bnorm,44,20,64,0.0441945787003156,0.01024202843732843,0.042817306812590834,-0.001439343162059487,-0.0020408926208308957
shallowconvnet,bnorm,44,5,64,0.01508452993023165,0.012031556592134875,0.005819354263463447,-0.0003877014360792756,-0.0025853334347608115
shallowconvnet,bnorm,45,0,64,0.012197627027567272,0.012197627027567269,0.0,0.0,-0.003215604770953588
shallowconvnet,bnorm,45,1,64,0.01506990684493151,0.01351261841823391,0.00323275163261131,-0.00022716643547158585,-0.002878648637874232
shallowconvnet,bnorm,45,10,64,0.028372386911234414,0.011184611023437586,0.02322494068947497,-0.0005470855503322225,-0.002602609773704475
shallowconvnet,bnorm,45,2,64,0.01689112450103576,0.014029456436892778,0.004814563706189041,-0.00041710933353223247,-0.0027715161667002173
shallowconvnet,bnorm,45,20,64,0.07784064746947293,0.010245996746834374,0.07841580401549025,-0.0009829063322649313,-0.0019949181139038773
shallowconvnet,bnorm,45,5,64,0.019149678904213978,0.013057726618204103,0.009596448071703881,-0.0005265354083682318,-0.002894141507395965
shallowconvnet,bnorm,46,0,64,0.011501109715753343,0.011501109715753343,0.0,0.0,-0.0024413010959603875
shallowconvnet,bnorm,46,1,64,0.014285560273252198,0.012839802575795433,0.0037768015522162417,-5.286797330652586e-05,-0.0025611837000182095
shallowconvnet,bnorm,46,10,64,0.028043816604776152,0.012115185276742216,0.02177927997283003,-0.000374140665027915,-0.002914748484872449
shallowconvnet,bnorm,46,2,64,0.015527819469159909,0.013184609322203313,0.005046297903303692,-0.00019034817420277494,-0.002748531339166101
shallowconvnet,bnorm,46,20,64,0.060830558055847805,0.011022647455211688,0.05938324344064725,-0.0006876055022845024,-0.002209995139545625
shallowconvnet,bnorm,46,5,64,0.01823759471382539,0.012453005521627635,0.009406817339037763,-0.000341972427006146,-0.0027742972952394473
shallowconvnet,conv_nonlin_exp,41,0,64,0.2848992788850916,0.28489927888509164,0.0,0.0,0.2848992788850916
shallowconvnet,conv_nonlin_exp,41,1,64,0.29062308109073554,0.28677270737013694,1.498290962890986e-05,0.005268339308503652,0.28533975887260293
shallowconvnet,conv_nonlin_exp,41,10,64,0.2771372867741948,0.2542027729650717,0.00119831220008645,0.030356333512191292,0.24558264106191702
shallowconvnet,conv_nonlin_exp,41,2,64,0.29332783970387283,0.2889988789486892,1.6893649240999367e-05,0.005717625406985925,0.28759332064764587
shallowconvnet,conv_nonlin_exp,41,20,64,0.3024468249842157,0.24410646017203666,0.010084301898615968,0.06872963142866619,0.22363289165693354
shallowconvnet,conv_nonlin_exp,41,5,64,0.28028095571765166,0.26951515677713944,0.0001312109603969061,0.013857875201464647,0.2662918695557901
shallowconvnet,conv_nonlin_exp,42,0,64,0.29365493448843133,0.29365493448843133,0.0,0.0,0.29365493448843133
shallowconvnet,conv_nonlin_exp,42,1,64,0.29635517935848027,0.29154568317554125,2.4808733289097277e-05,0.006568990177855569,0.2897613804473356
shallowconvnet,conv_nonlin_exp,42,10,64,0.302094853465618,0.2795777239936204,0.00045884904264058084,0.02936295609839763,0.2722730483245797
shallowconvnet,conv_nonlin_exp,42,2,64,0.297926708081203,0.2924282892680425,3.657899765305365e-05,0.007781327706217127,0.29010880137733275
shallowconvnet,conv_nonlin_exp,42,20,64,0.30773874294707515,0.25983158230847947,0.003767460464920763,0.06141224625518511,0.24255903622696923
shallowconvnet,conv_nonlin_exp,42,5,64,0.2988172393549831,0.2880858202296757,9.1962112188437e-05,0.014903326632879977,0.28382195060991466
shallowconvnet,conv_nonlin_exp,43,0,64,0.2957835101730688,0.2957835101730688,0.0,0.0,0.2957835101730688
shallowconvnet,conv_nonlin_exp,43,1,64,0.30326718011830694,0.29713908374891407,3.798003913409598e-05,0.008590737135979224,0.2946384629431936
shallowconvnet,conv_nonlin_exp,43,10,64,0.300047103664954,0.26403143663879686,0.0011727260820498992,0.046216786625680385,0.2526575909572237
shallowconvnet,conv_nonlin_exp,43,2,64,0.30462731921663194,0.29552250574588884,5.758700905684891e-05,0.012206953760487567,0.2923627784470876
shallowconvnet,conv_nonlin_exp,43,20,64,0.312972962191608,0.23139399555224507,0.009254827095129948,0.09484155590842554,0.20887657918805244
shallowconvnet,conv_nonlin_exp,43,5,64,0.30202339992313443,0.28205044019905834,0.0002647262592307047,0.025887530889794733,0.275871142774109
shallowconvnet,conv_nonlin_exp,44,0,64,0.2939073169149925,0.2939073169149925,0.0,0.0,0.2939073169149925
shallowconvnet,conv_nonlin_exp,44,1,64,0.29041168472144874,0.2852075246616643,5.327487831454559e-05,0.007309952572969013,0.28304845727016514
shallowconvnet,conv_nonlin_exp,44,10,64,0.2784402284461429,0.2657584998803232,0.0003624476337212041,0.016731703147176383,0.26134607766524526
shallowconvnet,conv_nonlin_exp,44,2,64,0.29854651936084414,0.29078012116229607,0.0001236534372911175,0.010916065321436911,0.2875068006021161
shallowconvnet,conv_nonlin_exp,44,20,64,0.288845784462487,0.25668224043845994,0.006038947667114044,0.04321112850072873,0.2395957082946442
shallowconvnet,conv_nonlin_exp,44,5,64,0.303497137240068,0.2952273193510593,7.409441398182577e-05,0.011575038733082932,0.2918480040930032
shallowconvnet,conv_nonlin_exp,45,0,64,0.2981153634679385,0.2981153634679385,0.0,0.0,0.2981153634679385
shallowconvnet,conv_nonlin_exp,45,1,64,0.28611473346290417,0.28146379222899853,2.129808325686564e-05,0.006260005672331957,0.27983342970731534
shallowconvnet,conv_nonlin_exp,45,10,64,0.2854267087225374,0.25439015344604987,0.000760857885635521,0.039200983297498423,0.24546486753940341
shallowconvnet,conv_nonlin_exp,45,2,64,0.2840052580847182,0.2767555402294039,4.2900282821797055e-05,0.009682661814134623,0.27427969598776175
shallowconvnet,conv_nonlin_exp,45,20,64,0.2997429049593098,0.2288665026100582,0.009020612440590502,0.08253785432391433,0.2081844381948048
shallowconvnet,conv_nonlin_exp,45,5,64,0.28323861751907814,0.2684375177158925,0.00014496441148632017,0.019182424028721282,0.26391122907887055
shallowconvnet,conv_nonlin_exp,46,0,64,0.29134295307492936,0.29134295307492936,0.0,0.0,0.29134295307492936
shallowconvnet,conv_nonlin_exp,46,1,64,0.28938825831977505,0.2846837681705777,3.4498962453757954e-05,0.006677444899023276,0.282676314458298
shallowconvnet,conv_nonlin_exp,46,10,64,0.294588113357517,0.2664842674093746,0.0008385698043018163,0.035834366002311276,0.2579151775509039
shallowconvnet,conv_nonlin_exp,46,2,64,0.28757380737453736,0.27999640701876205,6.009913365621607e-05,0.010251443020053683,0.2772622652208275
shallowconvnet,conv_nonlin_exp,46,20,64,0.30676708354095483,0.24708198685546953,0.005679576598710069,0.07031169707651472,0.2307758098657299
shallowconvnet,conv_nonlin_exp,46,5,64,0.29110677346046354,0.2762625677596315,0.00017306176759900355,0.01948051653593536,0.27145319515692923
shallowconvnet,conv_time_spat,41,0,64,0.01273507097467581,0.012735070974675812,0.0,0.0,-0.003636250346070451
shallowconvnet,conv_time_spat,41,1,64,0.014736860979977435,0.013216310855019854,0.0035183792989674986,-0.000145277413122818,-0.002971956396661893
shallowconvnet,conv_time_spat,41,10,64,0.017224468160561075,0.012860929818339755,0.007547753961742825,0.0002391976562252456,-0.003424644042292264
shallowconvnet,conv_time_spat,41,2,64,0.015366822866461662,0.013520537618975287,0.004199130182360728,-2.594480664528273e-05,-0.0030806497258254965
shallowconvnet,conv_time_spat,41,20,64,0.0218650752276598,0.01100117314202128,0.015400633549926874,0.0005008724296986044,-0.002716880735557031
shallowconvnet,conv_time_spat,41,5,64,0.018380064942894497,0.013766192861550782,0.007487045252072017,0.0002794985698627649,-0.0033563044852243707
shallowconvnet,conv_time_spat,42,0,64,0.01151181956983681,0.011511819569836811,0.0,0.0,-0.0024959728729599755
shallowconvnet,conv_time_spat,42,1,64,0.012997113970988267,0.011909954121762099,0.002606959655194917,6.24069608542846e-05,-0.002028086005842469
shallowconvnet,conv_time_spat,42,10,64,0.021088413598057135,0.012047218136532428,0.013396228813320107,0.00011853525391902786,-0.002262601932548308
shallowconvnet,conv_time_spat,42,2,64,0.013907304665541848,0.011990138183312536,0.0037658774291508853,6.510743441930085e-05,-0.0019009655947610712
shallowconvnet,conv_time_spat,42,20,64,0.03273194144731413,0.01084416416509553,0.028257539183868773,-0.00017457537594701807,-0.0021813252412602934
shallowconvnet,conv_time_spat,42,5,64,0.015915636505510304,0.012064134147187391,0.0072579338464670105,-0.00010404108087217616,-0.0020555309584123047
shallowconvnet,conv_time_spat,43,0,64,0.011848321668008258,0.01184832166800826,0.0,0.0,-0.0031490647817280517
shallowconvnet,conv_time_spat,43,1,64,0.015041564809157656,0.013480162951862107,0.0037656055521299706,8.665431386535875e-05,-0.002872859302828569
shallowconvnet,conv_time_spat,43,10,64,0.023305435831383163,0.012726091003050855,0.013650769007117397,0.0006734316031615437,-0.002817740266949329
shallowconvnet,conv_time_spat,43,2,64,0.01690583376298792,0.014062955193005244,0.005304026055597567,0.00021508988752276566,-0.002731821722522553
shallowconvnet,conv_time_spat,43,20,64,0.028204451838537377,0.01135008563470425,0.021666179888372966,0.00048007944451340325,-0.0021925972785693634
shallowconvnet,conv_time_spat,43,5,64,0.019104065276581258,0.013728630082310098,0.00795219947877252,0.00039944248860773437,-0.003122174679686818
shallowconvnet,conv_time_spat,44,0,64,0.011870167644479148,0.01187016764447915,0.0,0.0,-0.0029476776897106754
shallowconvnet,conv_time_spat,44,1,64,0.013959542703041504,0.012172787911260573,0.003935690343245188,-0.00013143027229501036,-0.0026939312723949418
shallowconvnet,conv_time_spat,44,10,64,0.03139780227081248,0.012199312226091667,0.02478027323515835,0.0006628730221676681,-0.0026398907485534954
shallowconvnet,conv_time_spat,44,2,64,0.01636131096949328,0.012082627132485806,0.007259348117644993,-0.00020624565668232977,-0.0024052335493868703
shallowconvnet,conv_time_spat,44,20,64,0.05569544798178022,0.011143229903624569,0.05225304209236303,0.0011013229052174143,-0.002254064458791515
shallowconvnet,conv_time_spat,44,5,64,0.02078264817023623,0.012236689278805814,0.012668640216430561,-0.0001666851054444729,-0.00249694322034688
shallowconvnet,conv_time_spat,45,0,64,0.012197627031557932,0.012197627031557929,0.0,0.0,-0.00321560477124547
shallowconvnet,conv_time_spat,45,1,64,0.014046575761124233,0.013589236517938709,0.0017687516229465108,5.781906599333235e-05,-0.002896318499161894
shallowconvnet,conv_time_spat,45,10,64,0.02788969357114641,0.01232843280390837,0.020595917441851082,0.0005921484299519401,-0.002700345816418276
shallowconvnet,conv_time_spat,45,2,64,0.016105092627465983,0.014217262937460947,0.003970007420272111,0.00014990442997899514,-0.002813147275629626
shallowconvnet,conv_time_spat,45,20,64,0.05092836055493315,0.011088302078261468,0.047351739503404496,0.0008465634938331057,-0.0022856536577189803
shallowconvnet,conv_time_spat,45,5,64,0.017906283605600627,0.013715783125877602,0.007236489540571457,0.00020350821983456283,-0.0028823596061108353
shallowconvnet,conv_time_spat,46,0,64,0.011501109722761655,0.011501109722761653,0.0,0.0,-0.002441301125273288
shallowconvnet,conv_time_spat,46,1,64,0.013570927863266309,0.012877146538337148,0.0023152240494678585,0.00014532918100531062,-0.0025556762257484635
shallowconvnet,conv_time_spat,46,10,64,0.0298894383910665,0.012700766945949177,0.022697753660051438,-9.373603262675182e-05,-0.0027527107086279413
shallowconvnet,conv_time_spat,46,2,64,0.014655951396298944,0.013327721751081281,0.0034169723732876372,7.21881835356606e-05,-0.002699031699796166
shallowconvnet,conv_time_spat,46,20,64,0.05443405409781114,0.011778127727185941,0.05072133599278429,-2.237969088784159e-05,-0.0019288998464257099
shallowconvnet,conv_time_spat,46,5,64,0.019388183575899033,0.012924833045363293,0.009826784900315888,0.0001299438543492644,-0.002619926236029199
shallowconvnet,logits,41,0,64,0.9723915430642994,0.9915886067485071,7.208442023164042,-9.083026429336877,2.8469759492371343
shallowconvnet,logits,41,1,64,0.9667805338402561,0.971468186426067,6.579470437169811,-8.07340960413474,2.460719700805185
shallowconvnet,logits,41,10,64,0.8556975842859467,0.9696253392086075,21.69800851352328,-32.83698044341651,11.953383140487945
shallowconvnet,logits,41,2,64,0.953486103092918,0.9935927356435783,13.515772646392682,-19.698737747188684,7.13645120388892
shallowconvnet,logits,41,20,64,0.7376053453969621,0.9666017255632189,15.780371405971199,-24.62883356575356,9.51501785513512
shallowconvnet,logits,41,5,64,0.7995252976302374,0.9649237469327054,18.92885351133114,-29.680382830785263,11.492315287420213
shallowconvnet,logits,42,0,64,0.9955625445245365,0.9977767162813118,5.681932606033935,-6.5898412133018125,1.903471151792415
shallowconvnet,logits,42,1,64,0.9939253840254982,0.9956851868625279,7.29146111644803,-9.145848935733666,2.8483132033111347
shallowconvnet,logits,42,10,64,0.9322388064851594,0.991255997731477,18.753828061532065,-29.001003634004004,11.172540219911642
shallowconvnet,logits,42,2,64,0.9812610466975157,0.9943109294503099,10.546267901272609,-14.510447691781607,4.945440837206514
shallowconvnet,logits,42,20,64,0.9149831628259032,0.9416798445502905,11.977332289375472,-17.389741004212876,6.32687259379927
shallowconvnet,logits,42,5,64,0.9374043794518191,0.9921165287580654,21.26692195629848,-33.47397939813089,13.144461821284239
shallowconvnet,logits,43,0,64,0.971976286466959,0.9793248137395585,5.360979721243441,-6.127985600470573,1.7389821656940905
shallowconvnet,logits,43,1,64,0.882057635449599,0.9836218273359991,16.538984892707603,-25.51342137155919,9.80289867367116
shallowconvnet,logits,43,10,64,0.7966301191916085,0.9759527935158594,14.780592633882181,-22.882740739688266,8.820521439060618
shallowconvnet,logits,43,2,64,0.7735156918417301,0.9848738470855001,26.020518025467506,-43.002077447890194,17.622583369453228
shallowconvnet,logits,43,20,64,0.806228256574226,0.8454055628550186,6.857136179369076,-9.566082146154876,3.3214250438051804
shallowconvnet,logits,43,5,64,0.778032344673994,0.9411583811688053,19.61105428699444,-31.74781966453755,12.725205572928774
shallowconvnet,logits,44,0,64,0.9630176625458546,0.9703514995382281,5.777182504430115,-6.820190376851924,2.006025534967663
shallowconvnet,logits,44,1,64,0.8777523361651769,0.9709211455107528,9.357733036458587,-12.837660272614437,4.357679572321027
shallowconvnet,logits,44,10,64,0.8210987194660505,0.971844052797743,35.422202651089165,-59.748520731358184,25.10055809336553
shallowconvnet,logits,44,2,64,0.9400059092242131,0.9813833526857679,12.262964608092151,-17.510408638223506,6.1874499393555675
shallowconvnet,logits,44,20,64,0.8210452576748637,0.7734109720518977,6.980386681222749,-9.16144142599424,2.9840273654952556
shallowconvnet,logits,44,5,64,0.9109166303517868,0.98036093113098,24.604363772487318,-39.884791101327636,16.190869889193756
shallowconvnet,logits,45,0,64,0.9799978100744408,0.9838819162918404,6.007879720387887,-7.147636246406603,2.1197543360931568
shallowconvnet,logits,45,1,64,0.900188651230053,0.9295908576854319,12.007041991357575,-16.69659488527481,5.5549137722351585
shallowconvnet,logits,45,10,64,0.8854524829444311,0.8813203957115966,14.984619553956502,-22.16673205722274,7.977481387358372
shallowconvnet,logits,45,2,64,0.8892860652411352,0.9748141757014773,12.869774068643467,-18.42231219229133,6.43601559128845
shallowconvnet,logits,45,20,64,0.8817463243863753,0.8448827738949588,5.786974357460964,-7.15523032974966,2.106683366162652
shallowconvnet,logits,45,5,64,0.8639514349945729,0.9640288261374513,13.804818108185776,-20.22519013041036,7.1952348129927195
shallowconvnet,logits,46,0,64,0.9948252163377439,0.9969642106659244,6.775284334697794,-8.311092194420123,2.5306330760600733
shallowconvnet,logits,46,1,64,0.9915163941234226,0.9966484753056746,8.644529920755328,-11.368225077585738,3.715211550953833
shallowconvnet,logits,46,10,64,0.87652046859585,0.9781496033787281,22.295848346333493,-35.77714164604565,14.345858506196334
shallowconvnet,logits,46,2,64,0.9797222035440343,0.9959566239694351,15.770403474541387,-23.43416297430599,8.643481703308638
shallowconvnet,logits,46,20,64,0.870316686837875,0.9875013003891359,16.245964085807856,-24.73170377377037,9.313018370633047
shallowconvnet,logits,46,5,64,0.9178832950351811,0.9908137966526538,24.374220971088544,-38.755411665463974,15.280435771122068
shallowconvnet,pool,41,0,64,0.6094489415439606,0.6094489415439606,0.0,0.0,0.6094489415439606
shallowconvnet,pool,41,1,64,0.6271451867342688,0.6230675323248973,3.7142611187968445e-05,0.01265239430880036,0.6144556498142804
shallowconvnet,pool,41,10,64,0.5883541126551572,0.5814999245744792,0.002684613738298894,0.06821655011067385,0.5174529488061844
shallowconvnet,pool,41,2,64,0.6333260440574728,0.6280449035555907,4.2115608498168586e-05,0.013816665895790517,0.6194672625531842
shallowconvnet,pool,41,20,64,0.6163195081064153,0.6107447323826956,0.019892766341876884,0.13803825368151967,0.4583884880830188
shallowconvnet,pool,41,5,64,0.6050414793181512,0.5930807605462366,0.00032414414212591396,0.03340584742609996,0.5713114877499254
shallowconvnet,pool,42,0,64,0.6307917869817464,0.6307917869817464,0.0,0.0,0.6307917869817464
shallowconvnet,pool,42,1,64,0.6341264244913797,0.6289176557735554,6.125437308561842e-05,0.015601130073581682,0.6184640400447124
shallowconvnet,pool,42,10,64,0.6424748132160255,0.6257377539885892,0.0010575187194452626,0.06610039195959207,0.5753169025369881
shallowconvnet,pool,42,2,64,0.6362374012316455,0.6315828113360819,9.012877410434154e-05,0.01848746025965299,0.6176598121978882
shallowconvnet,pool,42,20,64,0.6364189979338106,0.6263255647502618,0.007736250789584158,0.12585482441444856,0.5028279227297779
shallowconvnet,pool,42,5,64,0.6402237228079042,0.6330243660872901,0.00022415562653771906,0.03527734568201238,0.6047222214993541
shallowconvnet,pool,43,0,64,0.6332295741364756,0.6332295741364756,0.0,0.0,0.6332295741364756
shallowconvnet,pool,43,1,64,0.6515051438930217,0.6465249745842527,9.519774217958967e-05,0.02058991735544996,0.6308200287953921
shallowconvnet,pool,43,10,64,0.6348087058710881,0.6161891836007641,0.002594698646427523,0.10090648478538831,0.5313075224392723
shallowconvnet,pool,43,2,64,0.6537096567504137,0.6446177135321455,0.00014365139358529138,0.029111184646707405,0.6244548207101209
shallowconvnet,pool,43,20,64,0.6314449609929209,0.6179176444106007,0.017966378475043204,0.18330294955990584,0.43017563295797184
shallowconvnet,pool,43,5,64,0.6465872014219256,0.6281549519834673,0.0006271792919493471,0.05953788102297073,0.5864221411070055
shallowconvnet,pool,44,0,64,0.6297679837074033,0.6297679837074033,0.0,0.0,0.6297679837074033
shallowconvnet,pool,44,1,64,0.6257082435284368,0.6212454132872628,0.0001316994591588563,0.01752273073189449,0.6080538133373834
shallowconvnet,pool,44,10,64,0.594565574583721,0.5833438477012292,0.0008543682116728308,0.03841812702710392,0.5552930793449442
shallowconvnet,pool,44,2,64,0.6410329767288061,0.6354475909372016,0.000300139276609547,0.025739928035069016,0.6149929094171275
shallowconvnet,pool,44,20,64,0.5959808813056467,0.5989768644130803,0.012147825457949995,0.08838072573100746,0.4954523301166893
shallowconvnet,pool,44,5,64,0.6539525771979859,0.6482130442151464,0.00018462432979508307,0.028059518273015782,0.625708434595175
shallowconvnet,pool,45,0,64,0.63744382341918,0.63744382341918,0.0,0.0,0.63744382341918
shallowconvnet,pool,45,1,64,0.6109342459777758,0.6054485473937324,5.2344446659256584e-05,0.014762593646918966,0.5961193078841975
shallowconvnet,pool,45,10,64,0.6071585238638683,0.5843801562012885,0.0017523673320768663,0.08781432191681211,0.5175918346149793
shallowconvnet,pool,45,2,64,0.6072737089442554,0.5991040998774628,0.0001060807794390078,0.02296930347693536,0.584198324687881
shallowconvnet,pool,45,20,64,0.6125755097220201,0.5953473864364506,0.01803153956209415,0.16468018764895279,0.4298637825109731
shallowconvnet,pool,45,5,64,0.6051244693649004,0.5897908199775572,0.0003549137338495501,0.04487364257514334,0.5598959130559075
shallowconvnet,pool,46,0,64,0.6222967727774602,0.6222967727774602,0.0,0.0,0.6222967727774602
shallowconvnet,pool,46,1,64,0.6216382759031731,0.6176785011520369,8.535687922093975e-05,0.01596808033266221,0.60558483869129
shallowconvnet,pool,46,10,64,0.6246297076942111,0.6020796982866082,0.0018765949321938311,0.07900174973213249,0.5437513630298848
shallowconvnet,pool,46,2,64,0.6195843102317008,0.6120914808236991,0.0001490075450717856,0.024487103871150415,0.5949481988154786
shallowconvnet,pool,46,20,64,0.6337904009682971,0.5888803624893775,0.011565762637274673,0.14251334687718084,0.4797112914538416
shallowconvnet,pool,46,5,64,0.6258799149024751,0.6120958740789187,0.00041630742046503284,0.0454965579853011,0.579967049496709
shallowconvnet,pool_nonlin_exp,41,0,64,0.973028365726656,0.9872627295670432,5.970355840780256,-7.110802374604223,2.1134748995506216
shallowconvnet,pool_nonlin_exp,41,1,64,0.9426146937076224,0.9752188455622529,7.470330584813162,-9.606416510098935,3.0787006189933965
shallowconvnet,pool_nonlin_exp,41,10,64,0.8194902816688071,0.9525615587406715,11.40856280775174,-16.67087831588455,6.081805789801615
shallowconvnet,pool_nonlin_exp,41,2,64,0.8898685704036317,0.9770543485552359,12.45680271087432,-18.114323288485572,6.5473891480148785
shallowconvnet,pool_nonlin_exp,41,20,64,0.8287111274881351,0.9512817387531796,11.181396281074585,-16.442164468198715,6.089479314612256
shallowconvnet,pool_nonlin_exp,41,5,64,0.8122131134819327,0.9663040316286117,13.986725932203324,-21.057489049213057,7.882976230491667
shallowconvnet,pool_nonlin_exp,42,0,64,0.9739837302539625,0.987842574775874,6.176954189551349,-7.42420692335264,2.2212364640552527
shallowconvnet,pool_nonlin_exp,42,1,64,0.9351198619706212,0.9770425063917278,7.524330941502233,-9.722867736823805,3.133656657292193
shallowconvnet,pool_nonlin_exp,42,10,64,0.815850162231906,0.9520558111035948,13.056598877918944,-19.4557313250402,7.21498260935316
shallowconvnet,pool_nonlin_exp,42,2,64,0.8918104038842742,0.9766264468298624,11.86182675452783,-17.061041927328393,6.091025576684838
shallowconvnet,pool_nonlin_exp,42,20,64,0.8160885079458279,0.9396478594977465,9.953818875143224,-14.098483127725508,4.96075276052811
shallowconvnet,pool_nonlin_exp,42,5,64,0.8160177743435941,0.967554691594225,15.24151226100996,-23.227492998138697,8.801998511472325
shallowconvnet,pool_nonlin_exp,43,0,64,0.9753832960228049,0.9875744894995586,5.966707187767954,-7.09085879426517,2.0995349025200207
shallowconvnet,pool_nonlin_exp,43,1,64,0.9464241742162693,0.9740651829702464,7.493929494085516,-9.63950733272377,3.0920020128545196
shallowconvnet,pool_nonlin_exp,43,10,64,0.823421070465874,0.9363670950557696,10.434200128218796,-15.00186308741734,5.391084029664417
shallowconvnet,pool_nonlin_exp,43,2,64,0.9044391178043643,0.9661181039754851,10.976903838960084,-15.560362160414549,5.487897439258823
shallowconvnet,pool_nonlin_exp,43,20,64,0.8195828172622825,0.9228379900773219,7.339109150424578,-9.762194009398344,3.242667676236046
shallowconvnet,pool_nonlin_exp,43,5,64,0.8383980025607337,0.9524973101972442,13.084711750775288,-19.441096332755926,7.194782584541374
shallowconvnet,pool_nonlin_exp,44,0,64,0.9759919722051656,0.9872932426519508,5.826773274801842,-6.865985562487558,2.015204259890881
shallowconvnet,pool_nonlin_exp,44,1,64,0.947061212938128,0.9775601245241421,7.456288466030907,-9.571527266995576,3.0623000139027945
shallowconvnet,pool_nonlin_exp,44,10,64,0.8107515836759348,0.9676489443421622,15.97307961557843,-24.605389244328098,9.443061212425604
shallowconvnet,pool_nonlin_exp,44,2,64,0.8891683359998889,0.9775031186228523,12.487319117325557,-18.183912632919778,6.5857618515941105
shallowconvnet,pool_nonlin_exp,44,20,64,0.8229657773664097,0.9543001622327232,11.619561076520505,-17.02168183113285,6.225086531978752
shallowconvnet,pool_nonlin_exp,44,5,64,0.824319430029581,0.9761939498800329,18.22353176602723,-28.488495198894725,11.089282862897074
shallowconvnet,pool_nonlin_exp,45,0,64,0.973653827155522,0.9872564515513407,6.0786316452135205,-7.271428213857604,2.166450395799605
shallowconvnet,pool_nonlin_exp,45,1,64,0.9412885390295116,0.9727983552872638,7.385803311657703,-9.467020844614492,3.0225060719863013
shallowconvnet,pool_nonlin_exp,45,10,64,0.8095946444862767,0.9384007709687898,10.318175864074671,-14.755518762430198,5.246937542841803
shallowconvnet,pool_nonlin_exp,45,2,64,0.8908041790844421,0.9672759009800714,10.286410140294814,-14.451994809867477,5.056388848657105
shallowconvnet,pool_nonlin_exp,45,20,64,0.8235595531456097,0.9122375934455655,8.069391507969957,-11.136639862571803,3.890807907747451
shallowconvnet,pool_nonlin_exp,45,5,64,0.8087026197727164,0.9575521120258528,12.985808145098762,-19.324536086330028,7.147430561003981
shallowconvnet,pool_nonlin_exp,46,0,64,0.9729524168697682,0.9871316262759032,6.241605493628141,-7.52778597439001,2.2591328976316367
shallowconvnet,pool_nonlin_exp,46,1,64,0.948431617871338,0.9761064294347682,7.345233268233693,-9.39779863802187,3.000996987659514
shallowconvnet,pool_nonlin_exp,46,10,64,0.811107440978013,0.9477857843954407,12.879553557350643,-19.29295699484917,7.22451087847654
shallowconvnet,pool_nonlin_exp,46,2,64,0.9036362747886421,0.9717797396388509,10.273549792501239,-14.403313803396193,5.033400285683597
shallowconvnet,pool_nonlin_exp,46,20,64,0.8196624387722314,0.9252565261331716,8.657244541214235,-11.934705085084918,4.097122982642912
shallowconvnet,pool_nonlin_exp,46,5,64,0.792549883707624,0.9604199110620124,15.489478004530719,-23.767451483093847,9.070523362270748
tsception,batch_spatial_lay,41,0,64,0.4324571391411011,0.1438808492482571,0.47394337240046713,-0.10227358098067349,0.060787347721307415
tsception,batch_spatial_lay,41,1,64,0.6079922219670985,0.3021649652967857,0.93808967896825,-0.4074399881799813,0.07734253117882957
tsception,batch_spatial_lay,41,10,64,0.5078450337555737,0.2946012683290217,1.0638048999485945,-0.6785655834691908,0.12240934792768332
tsception,batch_spatial_lay,41,2,64,0.548305236799405,0.33949536238687117,1.0587153576895003,-0.6242929154239782,0.11388279453388304
tsception,batch_spatial_lay,41,20,64,0.5041277352030844,0.2743577588153429,1.0137421567030283,-0.6233154106115311,0.11358138316488924
tsception,batch_spatial_lay,41,5,64,0.5431174942861486,0.34491539881467403,1.134976911912775,-0.7259448499418546,0.1340854323152282
tsception,batch_spatial_lay,42,0,64,0.6924032253903074,0.45819825743287945,0.49191869722144044,0.0681063501539262,0.13237817801494078
tsception,batch_spatial_lay,42,1,64,0.6292618258520449,0.44016594488253424,1.0931318746644167,-0.5996448890093459,0.13577484019697417
tsception,batch_spatial_lay,42,10,64,0.567669060285414,0.40338028931193626,1.3311998636097349,-0.9498205829545259,0.18628977963020454
tsception,batch_spatial_lay,42,2,64,0.5862497040204775,0.45042857211052356,1.33255382200971,-0.9308939661984675,0.18458984820923482
tsception,batch_spatial_lay,42,20,64,0.5515015732977353,0.37817470122632,1.277576845740926,-0.9047463060440183,0.17867103360082742
tsception,batch_spatial_lay,42,5,64,0.5951086556739059,0.40644855734345975,1.3450001854490776,-0.919321205571911,0.16942967579673923
tsception,batch_spatial_lay,43,0,64,0.48996893107109435,0.15069719669669365,0.6315636984499983,-0.20001948093057378,0.05842471355166985
tsception,batch_spatial_lay,43,1,64,0.6816064231853839,0.3303214474756792,1.0063834872682094,-0.3962644754026129,0.07148741131978723
tsception,batch_spatial_lay,43,10,64,0.5319636253037191,0.2975116368314992,1.0961190062338575,-0.7011396021201636,0.13691361786359363
tsception,batch_spatial_lay,43,2,64,0.6569980537302559,0.40446895274023953,1.213292020799531,-0.6719012340156741,0.11560726694639899
tsception,batch_spatial_lay,43,20,64,0.5378449523524611,0.3255625221980758,1.172365572875425,-0.7928890568510794,0.15828767058511897
tsception,batch_spatial_lay,43,5,64,0.5882231348908419,0.30985889060519684,1.129423083056869,-0.6606303959966852,0.11943044783065791
tsception,batch_spatial_lay,44,0,64,0.6107676838402754,0.3162780662469969,0.5713468236310195,-0.07025871135399217,0.10967957156324784
tsception,batch_spatial_lay,44,1,64,0.7181487187789122,0.14031161473499867,0.9644897842082887,-0.26833001230081366,0.021988946871437133
tsception,batch_spatial_lay,44,10,64,0.5416986203834125,0.25314043864422464,1.028201629254034,-0.5855765756311017,0.0989043474323813
tsception,batch_spatial_lay,44,2,64,0.5905440172064924,0.16078613124429456,0.8894611334376032,-0.34276710229835555,0.043849986067244544
tsception,batch_spatial_lay,44,20,64,0.5435318211690244,0.25729568176827217,1.054395603746479,-0.6202308797164695,0.10936709713901543
tsception,batch_spatial_lay,44,5,64,0.5647354820523622,0.27119802735792997,1.0402398343921084,-0.5677054553880155,0.09220110304826962
tsception,batch_spatial_lay,45,0,64,0.48383494258976734,0.3463098555740985,0.4307097365947001,-0.13647071235372984,0.18959591834879708
tsception,batch_spatial_lay,45,1,64,0.6582168007738965,0.2692931234144179,0.9589417553540723,-0.34359424417602863,0.0400423050862495
tsception,batch_spatial_lay,45,10,64,0.5305117221799635,0.2783072160385855,0.9608764021746901,-0.5179141469461364,0.0869929579959546
tsception,batch_spatial_lay,45,2,64,0.6204908741256309,0.2788279803186451,0.9596316120346852,-0.39554994418728295,0.051159300339053394
tsception,batch_spatial_lay,45,20,64,0.5296395645609459,0.27127698371463904,1.034150145196236,-0.6019724556073586,0.09681810922442306
tsception,batch_spatial_lay,45,5,64,0.568860442211133,0.23673342660563473,0.9196248524820527,-0.4104731161059522,0.05754697394588973
tsception,batch_spatial_lay,46,0,64,0.665892514931704,0.4465243929876558,0.6664486211989077,-0.17124725094471013,0.17069114467750615
tsception,batch_spatial_lay,46,1,64,0.6093154114964734,0.46467541027208215,1.0930806264992199,-0.6236893734874212,0.1399241584846746
tsception,batch_spatial_lay,46,2,64,0.5514698501923173,0.4621713336123571,1.257533836139997,-0.8918188432467716,0.18575485729909236
tsception,batch_spatial_lay,46,5,64,0.5441114264638511,0.4753712904805132,1.466589848311526,-1.1670353656172587,0.24429483591846166
tsception,batch_temporal_lay,41,0,64,0.41601003045212676,0.1919599185877212,0.22953118744985837,0.0796690204502103,0.10680982255205802
tsception,batch_temporal_lay,41,1,64,0.42812983053470266,0.2005355265779191,0.9347623306915795,-0.599469754838845,0.09267850610959213
tsception,batch_temporal_lay,41,10,64,0.527784896378144,0.21347041723722296,1.0175800904775265,-0.5680330519389758,0.07823785783958759
tsception,batch_temporal_lay,41,2,64,0.5104747827935419,0.20798062123731387,1.010449449560675,-0.5799609952944147,0.0799863285272767
tsception,batch_temporal_lay,41,20,64,0.5270753690096303,0.21098815591444095,1.0121477229327052,-0.563122395416299,0.07805004149321935
tsception,batch_temporal_lay,41,5,64,0.5266957456672747,0.21227994538834277,1.0175844353982277,-0.5693446907027294,0.07845600097177592
tsception,batch_temporal_lay,42,0,64,0.3848728301190087,0.21454782454977545,0.2078059827885838,0.051836654535467555,0.1252301927949567
tsception,batch_temporal_lay,42,1,64,0.4551114122443226,0.21458969074121725,0.9536133299656875,-0.5904564536231609,0.09170163766818323
tsception,batch_temporal_lay,42,10,64,0.5462726984518721,0.21578139957490602,1.0354013011427388,-0.5641686799640445,0.07504007727317609
tsception,batch_temporal_lay,42,2,64,0.5309576332884426,0.21433885304337474,1.0059167910357922,-0.5508829618790503,0.0759238041316958
tsception,batch_temporal_lay,42,20,64,0.5459208974856294,0.22738767819370345,1.0448726039324185,-0.578763958094361,0.07981225164756786
tsception,batch_temporal_lay,42,5,64,0.5491176905936143,0.20959451164820878,1.0213373670270636,-0.5442375095069732,0.0720178330735199
tsception,batch_temporal_lay,43,0,64,0.381375532082252,0.2414950554436762,0.2502240729011579,-0.002282196171485561,0.13343365535257945
tsception,batch_temporal_lay,43,1,64,0.4348124735755504,0.23751325549439564,0.9521836716356611,-0.6180262675278245,0.10026816212651533
tsception,batch_temporal_lay,43,10,64,0.5304740872654308,0.24908273015965268,1.0696984720042086,-0.6306912009284261,0.09146681618964492
tsception,batch_temporal_lay,43,2,64,0.5095045806162041,0.2433098186946251,1.0203991719576164,-0.5975661594031891,0.08667156806177462
tsception,batch_temporal_lay,43,20,64,0.5312638708369302,0.2471907160162145,1.07278935609732,-0.6338235288708579,0.09229804361046119
tsception,batch_temporal_lay,43,5,64,0.5322747760518545,0.2412836052593468,1.0465692348977984,-0.6004130453007218,0.0861185864547734
tsception,batch_temporal_lay,44,0,64,0.48650600662037125,0.21287911260456271,0.2831619664013271,0.10133114408717597,0.10201289613186745
tsception,batch_temporal_lay,44,1,64,0.4291558818605796,0.21876589041120983,0.9552755949633218,-0.6248370075012469,0.09675914744698577
tsception,batch_temporal_lay,44,10,64,0.5251194462109111,0.20094791576142015,1.0538502394201081,-0.6084601187691614,0.07972932555995946
tsception,batch_temporal_lay,44,2,64,0.5121085552273232,0.21503984908675244,1.0239146407114963,-0.5931344258548811,0.08132834037070602
tsception,batch_temporal_lay,44,20,64,0.5240052140097914,0.19817808566559963,1.0469483338819974,-0.6029020091817534,0.07995888930954327
tsception,batch_temporal_lay,44,5,64,0.5343308713410823,0.21684387056726,1.0553415676997255,-0.6004522054140375,0.07944150905538763
tsception,batch_temporal_lay,45,0,64,0.42427767657262305,0.21969234321683873,0.28997082844248295,0.020547409117757647,0.1137594390123815
tsception,batch_temporal_lay,45,1,64,0.4651197341285759,0.22243623438571897,0.9536665467387059,-0.5739195304557192,0.08450016855931398
tsception,batch_temporal_lay,45,10,64,0.5464184551999841,0.23463568846697766,1.0527763014980562,-0.5803707034401314,0.07401285714205667
tsception,batch_temporal_lay,45,2,64,0.5311827037876227,0.22347064355479412,1.0104226962333924,-0.5509206141503199,0.07168062170454814
tsception,batch_temporal_lay,45,20,64,0.5498660336555241,0.2281403254861318,1.056338616472838,-0.5806035631874054,0.07413098037008904
tsception,batch_temporal_lay,45,5,64,0.5466653947943727,0.22456603495688693,1.03251584202014,-0.5548724564853367,0.06902200925956471
tsception,batch_temporal_lay,46,0,64,0.3914559869040175,0.26674536233023943,0.25566595614573845,-0.009366373773981506,0.14515640453226067
tsception,batch_temporal_lay,46,1,64,0.4322373332771207,0.261537442971948,0.9888878588014944,-0.666613837230924,0.10898404068950295
tsception,batch_temporal_lay,46,2,64,0.5125604844809439,0.2603589644161028,1.040001379005328,-0.6159719424589019,0.08853104793451384
tsception,batch_temporal_lay,46,5,64,0.533431363192721,0.2577380328804537,1.0542380274868235,-0.6052911816736034,0.08448451737949711
tsception,dense_layer,41,0,64,0.7556554530448379,0.14608019878961837,0.6591999401479993,0.07300039523471288,0.023455117662125775
tsception,dense_layer,41,1,64,0.6622116735474558,0.2771845400908828,0.7654850171411456,-0.16357925722116384,0.06030591362747404
tsception,dense_layer,41,10,64,0.6658680425578217,0.26790021680334986,0.8201114713277158,-0.2195087163575036,0.0652652875876096
tsception,dense_layer,41,2,64,0.6020563479828408,0.2776454199389528,0.781245819284049,-0.26096519566315723,0.08177572436194899
tsception,dense_layer,41,20,64,0.6790331251106784,0.2486494165003045,0.7985679173137817,-0.17264111100472754,0.05310631880162422
tsception,dense_layer,41,5,64,0.6190267440946454,0.29378927372583286,0.7869710139145148,-0.2579575416330012,0.09001327181313176
tsception,dense_layer,42,0,64,0.7837812862104085,0.39315697219481766,0.5972278903275128,0.10429223980775172,0.08226115607514395
tsception,dense_layer,42,1,64,0.7304877152054147,0.5081071802416887,1.1580078329882717,-0.5568965398687393,0.12937642208588215
tsception,dense_layer,42,10,64,0.6972558041956433,0.38339461332235336,1.205037975021187,-0.6276358175968269,0.119853646771283
tsception,dense_layer,42,2,64,0.6999391046874431,0.4877439351595003,1.3616734613002965,-0.8276678375398081,0.1659334809269548
tsception,dense_layer,42,20,64,0.7116527611223639,0.3488418072489488,1.123412080445389,-0.5074580349206437,0.09569871559761858
tsception,dense_layer,42,5,64,0.7308620235284833,0.39960749076181173,1.2827298480198892,-0.6629349495084903,0.11106712501708445
tsception,dense_layer,43,0,64,0.7471800876947848,0.18063298489233562,0.7893762769182012,-0.074908425552581,0.03271223632916455
tsception,dense_layer,43,1,64,0.7627055499230005,0.30183482309655096,0.986933502775773,-0.27152242116303593,0.04729446831026353
tsception,dense_layer,43,10,64,0.6688259477179034,0.2696079687104856,0.8384768617887656,-0.24789965574976447,0.07824874167890235
tsception,dense_layer,43,2,64,0.7483046698056487,0.35779089307499945,1.12497606889664,-0.4475430096171959,0.07087161052620444
tsception,dense_layer,43,20,64,0.680883305602177,0.28262891788168265,0.8227098491685663,-0.21846400805939664,0.07663746449300736
tsception,dense_layer,43,5,64,0.7185638311587256,0.30601008217632575,0.9759950818451116,-0.3304155273424077,0.07298427665602158
tsception,dense_layer,44,0,64,0.7522093552326579,0.3427762886670545,0.700552521363384,-0.02155370517083848,0.07321053904011236
tsception,dense_layer,44,1,64,0.7550608069049347,0.17784181528770085,0.954422300102178,-0.2248394939481181,0.02547800075087485
tsception,dense_layer,44,10,64,0.6835250719813967,0.2643141398071026,1.071810332615344,-0.4621465902547595,0.07386132962081214
tsception,dense_layer,44,2,64,0.6720918424141109,0.17270396949982486,0.8299067072866892,-0.19882218072487495,0.04100731585229662
tsception,dense_layer,44,20,64,0.6969304288553412,0.2600824024753499,1.0357131634065442,-0.4071352642084406,0.06835252965723763
tsception,dense_layer,44,5,64,0.705744396837088,0.256617890289668,1.0266182522956093,-0.3809492069310582,0.06007535147253689
tsception,dense_layer,45,0,64,0.7401306828580083,0.4176647951091532,0.6199746939343117,0.005432200629577533,0.11472378829411904
tsception,dense_layer,45,1,64,0.7643418013435265,0.24952779244681783,0.9600536970950213,-0.22269315123533454,0.026981255483839596
tsception,dense_layer,45,10,64,0.6991261664525109,0.240329132549844,0.8621563466181553,-0.20540419163964957,0.04237401147400509
tsception,dense_layer,45,2,64,0.7543935837030398,0.24755527686501858,0.9506153172431251,-0.22298451827950808,0.026762784739422767
tsception,dense_layer,45,20,64,0.7093226172302997,0.2440867138353309,0.9670456199744074,-0.30329911425691836,0.0455761115128107
tsception,dense_layer,45,5,64,0.7324319613133301,0.2239848183583012,0.8302047673760413,-0.12372070765440174,0.025947901591690612
tsception,dense_layer,46,0,64,0.7590612224118319,0.40660476188197175,0.690691497171747,-0.046606876977966775,0.11497660221805178
tsception,dense_layer,46,1,64,0.7087938765403917,0.37289900717892266,0.953562290966056,-0.3176783494287281,0.07290993500306384
tsception,dense_layer,46,2,64,0.649188536705642,0.4235471985594203,1.0178528492176662,-0.5064915674624159,0.13782725495039155
tsception,dense_layer,46,5,64,0.6248128666234355,0.44853405860743684,1.2894710496935524,-0.8662980401255818,0.20163985705546494
tsception,logits,41,0,64,0.9311171891739418,0.6320783114317483,0.9975375717939241,-0.06760198529474036,-0.005688219909513134
tsception,logits,41,1,64,0.7540350670402653,0.6416378503349791,1.0164161925382973,-0.8955201361462125,0.2463884939253292
tsception,logits,41,10,64,0.9634697855482867,0.8529143711522411,1.8821598108043656,-1.7053515131789687,0.3887700515665366
tsception,logits,41,2,64,0.8749079863599324,0.7439802905880843,0.3822780144175918,0.07757895230136701,0.031333787762193116
tsception,logits,41,20,64,0.9730210881868848,0.9198164626674089,2.3001651869985102,-2.560800286019878,0.7920182516051046
tsception,logits,41,5,64,0.9305895583831257,0.8249408457694422,0.6159740611228768,-0.17282387065274035,0.04953093386687366
tsception,logits,42,0,64,0.8598989748019824,0.6220906105028858,0.9992287812688437,-0.21433347364967817,0.02892300592093895
tsception,logits,42,1,64,0.9228981236167206,0.6066965665039837,1.3354222791780797,-0.6525028386484796,0.06859228286661788
tsception,logits,42,10,64,0.9508784415234743,0.8217181303197496,2.1019621211213457,-1.7256874256361652,0.33054725668395435
tsception,logits,42,2,64,0.9132053633566752,0.6371898126550206,1.769338739384454,-1.3923672599252437,0.2530300188706318
tsception,logits,42,20,64,0.9609596451397032,0.8509364301926726,3.094687021753081,-3.5093849885678847,1.1298572689237456
tsception,logits,42,5,64,0.9325150283950495,0.7225153068986437,1.7350243672066927,-1.193384493362138,0.18242033695331455
tsception,logits,43,0,64,0.9728094252945257,0.6196450236511787,1.1888393180016679,-0.2232295419777583,0.007199649270616104
tsception,logits,43,1,64,0.8197030744983139,0.6821352086103525,0.9950239290853248,-0.21179493998241916,0.004155429144955655
tsception,logits,43,10,64,0.7041837936859214,0.9098701082944514,0.8331908241289815,-1.449518651183825,0.7215144115031548
tsception,logits,43,2,64,0.6949741281952946,0.753785039106896,0.8456551521722052,-0.247320381672726,0.04909880805988154
tsception,logits,43,20,64,0.8461849362859818,0.9225270970674924,0.8602252080161655,-1.7161669506924575,0.8179087813479313
tsception,logits,43,5,64,0.6659011863299952,0.9083676005382416,0.7694328613519203,-1.2004535284437088,0.6391765226325061
tsception,logits,44,0,64,0.9926541840930895,0.6189053308046037,1.0148470419794384,-0.02235800542161004,0.00016514753526120633
tsception,logits,44,1,64,0.8503649601394628,0.6206770423599399,0.7293730228211278,-0.0018150947125301106,0.006499502747140959
tsception,logits,44,10,64,0.946724163407314,0.8573885662970105,3.440607392915829,-3.678107552065746,0.9470955990873849
tsception,logits,44,2,64,0.8345359520274863,0.6966850796202388,0.7773525309489924,-0.24988677508347465,0.026510811209141227
tsception,logits,44,20,64,0.9761618939245399,0.8972588553833114,5.804200497580174,-8.213120930755789,3.12402906348073
tsception,logits,44,5,64,0.9411514565314333,0.8157600602419918,3.3670184913322783,-3.3910486877306303,0.7258988182701144
tsception,logits,45,0,64,0.9742802136439901,0.7647247808365629,0.8906550649447185,0.0679166082632674,0.015708540436004226
tsception,logits,45,1,64,0.8612514244182032,0.6845389918379609,1.2175361028750098,-0.4911131596697552,0.030796897664212418
tsception,logits,45,10,64,0.9565811144303094,0.8835215414886786,3.167969546113847,-3.674832833904511,1.1273775124191343
tsception,logits,45,2,64,0.940800726346382,0.707273342742973,1.5412759128189057,-0.8640938202821127,0.06321922476388753
tsception,logits,45,20,64,0.9758282589054966,0.9052924527200388,3.4976356067866514,-3.5776922818411707,0.6924245915483633
tsception,logits,45,5,64,0.9588698320178697,0.8246874437896695,1.3162733424183573,-0.759158719768638,0.09432414912248746
tsception,logits,46,0,64,0.9764381478988898,0.6236787504944327,1.0924912567875413,-0.11616209770248158,0.00010898881383011262
tsception,logits,46,1,64,0.7165278844830717,0.7646585465356521,0.12974340844694446,-0.20192555786666536,0.45434299824400665
tsception,logits,46,2,64,0.6333530465242652,0.8224615729543652,2.963454816864194,-4.420004957320516,1.7276416656373002
tsception,logits,46,5,64,0.7632694933075554,0.8010410953857958,3.3082581645046574,-4.272278140475011,1.3635127682341568
tsception,spatial_block_1,41,0,64,0.5931907929231697,0.17443135386066425,0.4970465134187161,0.04623768603645544,0.04990659346799804
tsception,spatial_block_1,41,1,64,0.672761324738366,0.21476185281679244,0.9092864646696862,-0.29479755997262486,0.05827242004130431
tsception,spatial_block_1,41,10,64,0.49324489581064657,0.15690617231856543,0.3687075550552468,0.04448748181019275,0.0800498589452069
tsception,spatial_block_1,41,2,64,0.7185455777801907,0.27093252980380156,1.0810448012301022,-0.4329728343662217,0.07047361091631028
tsception,spatial_block_1,41,20,64,0.5878675072218226,0.12710999713609508,0.590918320265959,-0.028595757303070665,0.025544944258934377
tsception,spatial_block_1,41,5,64,0.6406791301446866,0.23192443145910946,0.8825332833215926,-0.3150008329445934,0.0731466797676876
tsception,spatial_block_1,42,0,64,0.7271687451864791,0.2242731688295801,0.5933147048797355,0.07778517465222383,0.056068865654520274
tsception,spatial_block_1,42,1,64,0.7345185404077342,0.47939404908009814,1.3184988733234109,-0.6948932198999502,0.11091288698427516
tsception,spatial_block_1,42,10,64,0.8115847503725876,0.46987931356869783,1.4925892105870509,-0.7937481940081149,0.11274373379365168
tsception,spatial_block_1,42,2,64,0.7704127337120511,0.48819010423219616,1.378248890104534,-0.7143096230288144,0.10647346663633125
tsception,spatial_block_1,42,20,64,0.7997414109642869,0.4606765993382174,1.5144550974064823,-0.837470406505532,0.12275672006333647
tsception,spatial_block_1,42,5,64,0.790641272816884,0.4939143099060344,1.4637030803200823,-0.7922682004705408,0.11920639296734321
tsception,spatial_block_1,43,0,64,0.6434925374352136,0.22121642868675437,0.6598268083029759,-0.08527198714594188,0.06893771627817981
tsception,spatial_block_1,43,1,64,0.753153559157428,0.49289088649854074,1.3998273289641705,-0.7765154014208945,0.12984163161415269
tsception,spatial_block_1,43,10,64,0.7785207825608224,0.4734083989653264,1.4915246094961014,-0.8439838052750196,0.13097997833974034
tsception,spatial_block_1,43,2,64,0.8039499924026247,0.5857545442125526,1.545784752404398,-0.8769187939536583,0.13508403395188517
tsception,spatial_block_1,43,20,64,0.7752231762583273,0.4886870283803013,1.55816188920606,-0.9352151819580535,0.1522764690103212
tsception,spatial_block_1,43,5,64,0.7854363544684757,0.5338877054706679,1.519417046283341,-0.8753265536355342,0.14134586182066988
tsception,spatial_block_1,44,0,64,0.7733936659686124,0.4420821754608732,0.5248417491358974,0.1613092064109562,0.08724271042175849
tsception,spatial_block_1,44,1,64,0.6281465460596786,0.17199449471069547,0.7968751510333759,-0.22123425742055008,0.05250565244685314
tsception,spatial_block_1,44,10,64,0.7180317736569992,0.33209735394327977,1.2511081811279365,-0.6346261663647405,0.10154975889380265
tsception,spatial_block_1,44,2,64,0.6863422752317629,0.1879743467990148,0.9930088906348787,-0.3515951095844111,0.04492849418129527
tsception,spatial_block_1,44,20,64,0.7136895075498279,0.31424386475585653,1.2337168587123661,-0.6189421336867764,0.09891478252423785
tsception,spatial_block_1,44,5,64,0.7336906964912423,0.3498448066008272,1.2393698509950604,-0.5934291196191954,0.08774996511537744
tsception,spatial_block_1,45,0,64,0.5998490910974968,0.38130502961318585,0.2681732923238661,0.1465022462906127,0.18517355248301823
tsception,spatial_block_1,45,1,64,0.5787360779300981,0.1566098529630111,0.5574138780798832,0.0031899037890029784,0.018132296061212635
tsception,spatial_block_1,45,10,64,0.6864602385379661,0.2678117829489717,1.0495231430104226,-0.43544381726666576,0.07238091279420947
tsception,spatial_block_1,45,2,64,0.6220513362336624,0.1359860523785045,0.6680362821759299,-0.0658580780651012,0.019873132122834092
tsception,spatial_block_1,45,20,64,0.6781447471635484,0.2533119131871755,1.0225209412921983,-0.4224099809545852,0.07803378682593526
tsception,spatial_block_1,45,5,64,0.6722269137104944,0.1577537772631515,0.9346043400976125,-0.2989873046152176,0.03660987822809939
tsception,spatial_block_1,46,0,64,0.7970215494179282,0.38370145499894037,0.5400164880271329,0.15717147239934443,0.09983358899145099
tsception,spatial_block_1,46,1,64,0.6914879173703758,0.3730998596760488,1.118777309367175,-0.521743126809859,0.09445373481306006
tsception,spatial_block_1,46,2,64,0.7157015261023946,0.3010498385726508,1.0582627142122172,-0.4014649277539585,0.05890373964413584
tsception,spatial_block_1,46,5,64,0.7359608732373657,0.2768060079096563,1.088904991818359,-0.4028028800423077,0.04985876146131364
tsception,spatial_block_2,41,0,64,0.6492935897247631,0.13914811076094602,0.4424493038232179,0.16224344649802339,0.044600839403521886
tsception,spatial_block_2,41,1,64,0.6232463692794258,0.33730757870063066,1.0834573064046125,-0.5804606875966776,0.12024975047149118
tsception,spatial_block_2,41,10,64,0.6627740106082605,0.2706737337579794,1.0165285350111963,-0.43837946139252476,0.08462493698958945
tsception,spatial_block_2,41,2,64,0.6817385656339704,0.3542663390513091,1.1593257077917838,-0.5762668949124792,0.09867975275466608
tsception,spatial_block_2,41,20,64,0.675574501417333,0.27245368992075214,1.0636629085506146,-0.4721215450650237,0.08403313793174198
tsception,spatial_block_2,41,5,64,0.6838718788283237,0.309939732098393,1.111848112853755,-0.5221074901844049,0.09413125615897348
tsception,spatial_block_2,42,0,64,0.7735543702012804,0.4996751726134552,0.4829631431435732,0.1736845117313487,0.11690671532635832
tsception,spatial_block_2,42,1,64,0.6877109498229104,0.3994952967124026,1.1726942089550756,-0.606903629781433,0.12192037064926804
tsception,spatial_block_2,42,10,64,0.7609404600443945,0.33338915504681277,1.2600739923553226,-0.5767804389191615,0.07764690660823317
tsception,spatial_block_2,42,2,64,0.7326116793022756,0.3898648454273059,1.223099924009532,-0.5899585055631655,0.0994702608559094
tsception,spatial_block_2,42,20,64,0.7483453774484109,0.2873496535333354,1.1956716573111665,-0.5148051627748079,0.06747888291205269
tsception,spatial_block_2,42,5,64,0.7599752043190932,0.30084009612370605,1.198276201454304,-0.5049064195353925,0.06660542240018204
tsception,spatial_block_2,43,0,64,0.6809674980243784,0.13405450060671392,0.6831315201434457,-0.03366592961693706,0.031501907497869686
tsception,spatial_block_2,43,1,64,0.6654482893472461,0.11326117239152134,0.7480481886109805,-0.10529101860237305,0.02269111933863872
tsception,spatial_block_2,43,10,64,0.7272219428327285,0.14363740152721713,0.997545112357087,-0.30486546686727795,0.03454229734291894
tsception,spatial_block_2,43,2,64,0.675886099785468,0.1305473358403044,0.7749133971935563,-0.12827853212093362,0.02925123471284515
tsception,spatial_block_2,43,20,64,0.7243230817626075,0.16349014203055803,1.0247567204343444,-0.3415979858765521,0.04116434720481431
tsception,spatial_block_2,43,5,64,0.7208387303982899,0.10619438687573264,0.8849625715467627,-0.18241665080305927,0.018292809654586357
tsception,spatial_block_2,44,0,64,0.7178041004034327,0.2747328097635257,0.6295859514331523,0.01989944036689128,0.06831870860338905
tsception,spatial_block_2,44,1,64,0.6715166781559286,0.13298572419270202,0.8530465440036794,-0.2053384854426552,0.023808619594904074
tsception,spatial_block_2,44,10,64,0.6657735113056648,0.14955218821998223,0.8731147702418208,-0.24610819214011256,0.03876693320395691
tsception,spatial_block_2,44,2,64,0.7030619572815201,0.16018319447047114,0.9309495641720898,-0.259907006550474,0.03201939965990418
tsception,spatial_block_2,44,20,64,0.7055186178376192,0.2006735724914249,1.0291060183990848,-0.37835327603810565,0.054765875476640226
tsception,spatial_block_2,44,5,64,0.7152898291574683,0.1647905863536852,0.957352879420059,-0.2805103756032723,0.03844732534068155
tsception,spatial_block_2,45,0,64,0.6707555134197984,0.3427596353644606,0.4076832929713449,0.13358145607306565,0.1294907643753878
tsception,spatial_block_2,45,1,64,0.5399944426494052,0.3495797519996764,0.8954759593967385,-0.47423764565040943,0.11875612890307626
tsception,spatial_block_2,45,10,64,0.5995999025501282,0.3160222172140181,0.9165164470093049,-0.4205330654459059,0.10361652098672937
tsception,spatial_block_2,45,2,64,0.5743284232901272,0.3521152445636071,0.9610426327651691,-0.4938667467315415,0.1071525372564999
tsception,spatial_block_2,45,20,64,0.5709672303342553,0.2950222769129925,0.8285903179087823,-0.3739890246940603,0.11636593711953311
tsception,spatial_block_2,45,5,64,0.5922765258981914,0.2957321578294855,0.8940373654486122,-0.3870143761510504,0.0852535366006297
tsception,spatial_block_2,46,0,64,0.7723230919572063,0.48207467420733735,0.8887081792526506,-0.23290432669197844,0.11651923939653394
tsception,spatial_block_2,46,1,64,0.7615416183527919,0.5063654916624749,1.4239292597216267,-0.785914945515337,0.12352730414650202
tsception,spatial_block_2,46,2,64,0.7825526740820193,0.5189104596862893,1.4648017366288577,-0.8010658557202577,0.11881679317341848
tsception,spatial_block_2,46,5,64,0.8099755515265871,0.5217288679605944,1.530661555138861,-0.8454218287803371,0.12473582516806328
tsception,temporal_blocks.0,41,0,64,0.48930261405020853,0.260619578975844,0.18357359040349686,0.17095876657428505,0.1347702570724265
tsception,temporal_blocks.0,41,1,64,0.49095356079952135,0.2673528152417378,0.1714180331239876,0.178327111324795,0.14120841635073866
tsception,temporal_blocks.0,41,10,64,0.48088417545368967,0.2882150778593619,0.13644736132792998,0.178984525235391,0.16545228889036862
tsception,temporal_blocks.0,41,2,64,0.4937979558415422,0.274506703273304,0.16523084737106164,0.18247539889730582,0.14609170957317444
tsception,temporal_blocks.0,41,20,64,0.4723979172051327,0.2855776598657344,0.12526032403304,0.17746912966556647,0.1696684635065261
tsception,temporal_blocks.0,41,5,64,0.49100320218214455,0.28406074368221707,0.15309851981207584,0.18122781966976814,0.15667686270030037
tsception,temporal_blocks.0,42,0,64,0.5222176064779307,0.302416240156398,0.17062199069835868,0.19675634257116748,0.15483927320840413
tsception,temporal_blocks.0,42,1,64,0.5226597675291192,0.29733417961547015,0.17721419958782575,0.19502596453675372,0.15041960340453966
tsception,temporal_blocks.0,42,10,64,0.5173286938204751,0.28413340414253097,0.14982433494066358,0.2169048613536564,0.15059949752615492
tsception,temporal_blocks.0,42,2,64,0.5245469460869823,0.29313409637903987,0.17505790299707374,0.2020103495003817,0.14747869358952664
tsception,temporal_blocks.0,42,20,64,0.5087600575688263,0.2922165647212476,0.13365414511054613,0.21474541243308792,0.16036050002519203
tsception,temporal_blocks.0,42,5,64,0.5259583624130488,0.2805903172861521,0.1680696907391553,0.2150484173214604,0.142840254352433
tsception,temporal_blocks.0,43,0,64,0.4770897668498412,0.3359559805777091,0.12655622390772409,0.16000352052186437,0.19053002242025283
tsception,temporal_blocks.0,43,1,64,0.47926092586924224,0.32157112133256327,0.13732361785767588,0.16380657624029346,0.1781307317712729
tsception,temporal_blocks.0,43,10,64,0.44679299963258484,0.32930097708152845,0.13209768073079442,0.1215386788584418,0.19315664004334865
tsception,temporal_blocks.0,43,2,64,0.47795480781988725,0.3259422279124663,0.13824376184974305,0.1571787613317053,0.18253228463843924
tsception,temporal_blocks.0,43,20,64,0.4421566199668363,0.3295121522544934,0.1294578022433596,0.11808099905035423,0.1946178186731226
tsception,temporal_blocks.0,43,5,64,0.47402948294008906,0.299137066046695,0.1529120925620704,0.156098219916204,0.1650191704618148
tsception,temporal_blocks.0,44,0,64,0.5212750393048582,0.26135066905909893,0.20006587478356846,0.18896640959286126,0.13224275492842838
tsception,temporal_blocks.0,44,1,64,0.5231863917990697,0.2814024931509642,0.20409298550046986,0.1818594177224359,0.13723398857616367
tsception,temporal_blocks.0,44,10,64,0.49822400086488944,0.2594445907884152,0.15747192778533783,0.1931505629168752,0.14760151016267614
tsception,temporal_blocks.0,44,2,64,0.513960015863402,0.2922311027969964,0.19652516164486483,0.17261056353319132,0.14482429068534572
tsception,temporal_blocks.0,44,20,64,0.491167863265583,0.25336226903345666,0.14279395776554638,0.20064394240752026,0.14772996309251618
tsception,temporal_blocks.0,44,5,64,0.5108879205792228,0.27264539271562177,0.18671267265067593,0.18360640002532083,0.14056884790322607
tsception,temporal_blocks.0,45,0,64,0.4763774788318627,0.3053979341112327,0.12035465833933263,0.17181199903045175,0.18421082146207846
tsception,temporal_blocks.0,45,1,64,0.48246671129955326,0.287461734942942,0.1334800057940188,0.1794764063311629,0.16951029917437158
tsception,temporal_blocks.0,45,10,64,0.46640074574462687,0.3058124393085603,0.1256111750854612,0.15865299665586322,0.18213657400330266
tsception,temporal_blocks.0,45,2,64,0.4854705755158345,0.285854995719699,0.1428273206411951,0.17608133033814502,0.1665619245364944
tsception,temporal_blocks.0,45,20,64,0.45862960964677346,0.30254935675259725,0.13005379747636944,0.1487977064645809,0.17977810570582317
tsception,temporal_blocks.0,45,5,64,0.4813887912613414,0.2886622960035057,0.14469813662688868,0.17048894924213326,0.16620170539231954
tsception,temporal_blocks.0,46,0,64,0.51803930028468,0.27500408482905203,0.14910132062661305,0.22558126117395333,0.14335671848411377
tsception,temporal_blocks.0,46,1,64,0.516060018732646,0.27369129933474784,0.14427061691030352,0.22670442306467858,0.1450849787576635
tsception,temporal_blocks.0,46,2,64,0.513274318157089,0.28084556255484755,0.14292252481382017,0.22129005302193464,0.1490617403213338
tsception,temporal_blocks.0,46,5,64,0.5113151066957157,0.27413660158998526,0.14901440071036717,0.2192603691469538,0.1430403368383941
tsception,temporal_blocks.2,41,0,64,0.5136806028045379,0.16349192304505414,0.3198164031658028,0.1158097582053119,0.07805444143342287
tsception,temporal_blocks.2,41,1,64,0.5096856379737514,0.15945456296513574,0.3198714361569246,0.11164288574773104,0.07817131606909532
tsception,temporal_blocks.2,41,10,64,0.5082552012059364,0.15933214389403721,0.3159169592560362,0.1148199936354914,0.07751824831440858
tsception,temporal_blocks.2,41,2,64,0.5094815722710523,0.15805237710782263,0.3203528742469875,0.11111102213978984,0.07801767588427572
tsception,temporal_blocks.2,41,20,64,0.5117828975153956,0.15971153209391667,0.3235788482263919,0.11230834728195561,0.07589570200704812
tsception,temporal_blocks.2,41,5,64,0.5060853843427483,0.1623900191079018,0.31516221203232453,0.11045176055670136,0.08047141175372195
tsception,temporal_blocks.2,42,0,64,0.5229903059575536,0.13911590514924804,0.2982559130852843,0.1519247298920478,0.07280966298022185
tsception,temporal_blocks.2,42,1,64,0.5163112070629493,0.1436349544444503,0.29256232611179694,0.14677446255941318,0.07697441839173959
tsception,temporal_blocks.2,42,10,64,0.5097110696268179,0.14798158667757563,0.28802408481522374,0.14144855747908827,0.08023842733250587
tsception,temporal_blocks.2,42,2,64,0.5199546240455369,0.14225733132093216,0.2960060494561414,0.14869157687030382,0.07525699771909197
tsception,temporal_blocks.2,42,20,64,0.5027638945323429,0.15233349396954482,0.28142477825064893,0.1378111859846177,0.08352793029707618
tsception,temporal_blocks.2,42,5,64,0.5181475972143464,0.1434494770371319,0.29759903685454075,0.14441623397569658,0.07613232638410863
tsception,temporal_blocks.2,43,0,64,0.5553302048006638,0.13866610922413763,0.3167320963493501,0.171731392878853,0.06686671557245913
tsception,temporal_blocks.2,43,1,64,0.5490636922139436,0.1436262899576164,0.3176127904683974,0.16357729698474216,0.06787360476080283
tsception,temporal_blocks.2,43,10,64,0.5570635602035482,0.14978600430061492,0.31541299630408376,0.17452985158347836,0.06712071231598532
tsception,temporal_blocks.2,43,2,64,0.5493352967074078,0.14795733653792797,0.31344359653578735,0.16732224089325026,0.0685694592783695
tsception,temporal_blocks.2,43,20,64,0.5576790017400388,0.14743181263857744,0.31958113610705935,0.17199827647524668,0.06609958915773217
tsception,temporal_blocks.2,43,5,64,0.5515125743624093,0.1585727342579431,0.30204278361116027,0.17845329343290453,0.07101649731834385
tsception,temporal_blocks.2,44,0,64,0.5923259963203291,0.1411733900808366,0.3785604877753553,0.16097258572510312,0.052792922819870684
tsception,temporal_blocks.2,44,1,64,0.5906205902072604,0.1433971998701105,0.3803936803408018,0.1583338059268934,0.05189310393956491
tsception,temporal_blocks.2,44,10,64,0.5736162267864602,0.13705501721587587,0.33048516926830007,0.18855631628081368,0.05457474123734642
tsception,temporal_blocks.2,44,2,64,0.584388359828402,0.14608071449536622,0.3639498801202604,0.1661703468243005,0.05426813288384044
tsception,temporal_blocks.2,44,20,64,0.571802401463691,0.13411350053833776,0.32858814959653576,0.19028206747482337,0.052932184392331445
tsception,temporal_blocks.2,44,5,64,0.5873708644464477,0.150131635742491,0.3518889484089574,0.1814013307981241,0.05408058523936608
tsception,temporal_blocks.2,45,0,64,0.5492678557023659,0.21592434409185207,0.3381453185279974,0.13168851146200067,0.07943402571236895
tsception,temporal_blocks.2,45,1,64,0.548850191195561,0.21486421773200662,0.3370743285538092,0.13150575761916283,0.08027010502258915
tsception,temporal_blocks.2,45,10,64,0.5215335887507214,0.24680123956522,0.30979507696240227,0.111760485244421,0.09997802654389819
tsception,temporal_blocks.2,45,2,64,0.5438076662131394,0.22116909731995468,0.3311401827095421,0.12817461269849204,0.08449287080510538
tsception,temporal_blocks.2,45,20,64,0.516929293388376,0.2390869177224357,0.3096697981514372,0.10928686097560457,0.0979726342613348
tsception,temporal_blocks.2,45,5,64,0.5350201367835903,0.23388503029215016,0.32394748203898927,0.12033657929160647,0.09073607545299514
tsception,temporal_blocks.2,46,0,64,0.5653753893600176,0.27104477974427293,0.30423983243594976,0.15860121096999907,0.1025343459540692
tsception,temporal_blocks.2,46,1,64,0.5649673663362351,0.26975802770200985,0.3080254482549521,0.15463253347376446,0.10230938460751927
tsception,temporal_blocks.2,46,2,64,0.5612737260151756,0.2727691102356946,0.30465370912581746,0.1526777906620562,0.1039422262273011
tsception,temporal_blocks.2,46,5,64,0.5558629676353698,0.2786122029829653,0.30193971312591655,0.14723723517045517,0.1066860193389987
