dataset,label_mode,arch,layer,seed,epoch,n_windows,val_acc,raw_odi,anchored_odi,signed_baseline,signed_cross,signed_residual,raw_floor_pairs,anchor_excluded_pairs
sleepedf_full,shuffled,eegnet,conv_temporal,41,0,65,0.2215,0.0003971396755528824,0.000397139675552882,0.0,0.0,-9.579126278355118e-05,0,0
sleepedf_full,shuffled,eegnet,bnorm_1,41,0,65,0.2215,0.00045182217386883843,0.0004518221738688383,0.0,0.0,-9.978598926685461e-05,0,0
sleepedf_full,shuffled,eegnet,conv_spatial,41,0,65,0.2215,0.00045182216894791414,0.000451822168947914,0.0,0.0,-9.97859938233678e-05,0,0
sleepedf_full,shuffled,eegnet,conv_separable_depth,41,0,65,0.2215,0.007885330766462119,0.00788533076646212,0.0,0.0,0.001243553418905162,0,0
sleepedf_full,shuffled,eegnet,bnorm_2,41,0,65,0.2215,0.010134841576080552,0.010134841576080552,0.0,0.0,0.0013894192910891758,0,0
sleepedf_full,shuffled,eegnet,pool_2,41,0,65,0.2215,0.046929892465822395,0.0469298924658224,0.0,0.0,0.028334799276315423,0,0
sleepedf_full,shuffled,eegnet,logits,41,0,65,0.2215,0.38150864290242614,0.38150864290242614,0.0,0.0,0.02832299764854487,0,0
sleepedf_full,shuffled,eegnet,conv_temporal,41,1,65,0.217,0.0005420632973215077,0.0005420632973215074,0.0,0.0,-0.0002471405932490591,0,0
sleepedf_full,shuffled,eegnet,bnorm_1,41,1,65,0.217,0.07734121133558575,0.00062541398797447,0.07753981152433613,2.494252055174195e-05,-0.0002235427093021744,0,0
sleepedf_full,shuffled,eegnet,conv_spatial,41,1,65,0.217,0.004425174732220567,0.0006391782944660575,0.00441803924609336,8.418205335395268e-06,-0.0002596691348572516,0,0
sleepedf_full,shuffled,eegnet,conv_separable_depth,41,1,65,0.217,0.05843052485812205,0.008799799711536741,0.056589846869023894,-8.596288283358365e-05,0.0007158837419010286,0,0
sleepedf_full,shuffled,eegnet,bnorm_2,41,1,65,0.217,0.49909197903148755,0.011458368467453517,0.5101476970820158,-0.010855004423804849,-0.00020071362672352034,0,0
sleepedf_full,shuffled,eegnet,pool_2,41,1,65,0.217,0.9032737344959888,0.05801460209760845,0.9727347902317373,-0.07094495008259438,0.0014838943468452996,0,0
sleepedf_full,shuffled,eegnet,logits,41,1,65,0.217,0.9738626210180592,0.397375195926674,1.1144674060750777,-0.14364802889424433,0.00304324383722608,0,0
sleepedf_full,shuffled,eegnet,conv_temporal,41,2,65,0.203,0.0005009215835322677,0.0005009215835322675,0.0,0.0,-0.00019410650704828982,0,0
sleepedf_full,shuffled,eegnet,bnorm_1,41,2,65,0.203,0.041756802309086856,0.0005641343407657607,0.04191317824053851,3.686233714043169e-05,-0.0002034737050908845,0,0
sleepedf_full,shuffled,eegnet,conv_spatial,41,2,65,0.203,0.003395451765332744,0.0006120500163136257,0.003329445477470988,-1.1886277846801392e-06,-0.00021874145537441238,0,0
sleepedf_full,shuffled,eegnet,conv_separable_depth,41,2,65,0.203,0.041978604965726495,0.009012250908761657,0.039656717171960704,-0.0009802922974714288,0.0016212946741830637,0,0
sleepedf_full,shuffled,eegnet,bnorm_2,41,2,65,0.203,0.3578416439265413,0.011875280853058612,0.37869530789678163,-0.02100165186860614,0.00014798789836579433,0,0
sleepedf_full,shuffled,eegnet,pool_2,41,2,65,0.203,0.7584914389396996,0.12616743685691142,0.9624759684186472,-0.21796413944156967,0.013979609962621764,0,0
sleepedf_full,shuffled,eegnet,logits,41,2,65,0.203,0.828720134783496,0.4585342221712321,1.254405448551775,-0.46632791832202986,0.031012014850960064,0,0
sleepedf_full,shuffled,eegnet,conv_temporal,41,5,65,0.2185,0.0004702565149633177,0.00047025651496331765,0.0,0.0,-9.714489601752201e-05,0,0
sleepedf_full,shuffled,eegnet,bnorm_1,41,5,65,0.2185,0.03497716594567121,0.0005282278572979228,0.03504759335248188,3.361062933590685e-05,-0.00011717736309171661,0,0
sleepedf_full,shuffled,eegnet,conv_spatial,41,5,65,0.2185,0.017156440702185426,0.0006598125032074611,0.01716103793819154,9.375079347146206e-06,-0.00012810153919490065,0,0
sleepedf_full,shuffled,eegnet,conv_separable_depth,41,5,65,0.2185,0.04469677348360014,0.010812056404559948,0.04728298936350043,-0.011332049399652575,0.0039799189525572196,0,0
sleepedf_full,shuffled,eegnet,bnorm_2,41,5,65,0.2185,0.2949093685749059,0.013627956248930286,0.3176605269289136,-0.024197180315351213,0.0014460219613435653,0,0
sleepedf_full,shuffled,eegnet,pool_2,41,5,65,0.2185,0.576901057179226,0.20229093315487698,0.9657200054871513,-0.45864742192223956,0.05604596335742156,0,0
sleepedf_full,shuffled,eegnet,logits,41,5,65,0.2185,0.6965686118177321,0.4546009909052029,1.180742874644802,-0.6421931126776438,0.08213111666612813,0,0
sleepedf_full,shuffled,eegnet,conv_temporal,41,10,65,0.2265,0.0005095796090332888,0.0005095796090332887,0.0,0.0,-4.735667139274423e-07,0,0
sleepedf_full,shuffled,eegnet,bnorm_1,41,10,65,0.2265,0.11679495880217489,0.0006341523438728087,0.11685082308742593,1.8658684538075475e-05,-7.452296978921946e-05,0,0
sleepedf_full,shuffled,eegnet,conv_spatial,41,10,65,0.2265,0.038215504899587464,0.0008187410947630521,0.03822843123298807,-2.5096200029826607e-06,-7.105250098678999e-05,0,0
sleepedf_full,shuffled,eegnet,conv_separable_depth,41,10,65,0.2265,0.12126249022457003,0.012274789538136186,0.15218544667819495,-0.042005460774710894,0.0037492992197776433,0,0
sleepedf_full,shuffled,eegnet,bnorm_2,41,10,65,0.2265,0.33482642912407645,0.014924910683559398,0.34694862365984924,-0.013713229208939116,0.00159103467316641,0,0
sleepedf_full,shuffled,eegnet,pool_2,41,10,65,0.2265,0.5956968419805836,0.18459449354877192,0.9852324940965096,-0.452269420263329,0.0484529691163221,0,0
sleepedf_full,shuffled,eegnet,logits,41,10,65,0.2265,0.6535165152213988,0.38509065129923137,1.079554097852365,-0.5630004218074768,0.059406482820054125,0,0
sleepedf_full,shuffled,eegnet,conv_temporal,41,20,65,0.2125,0.0006399189823209888,0.0006399189823209888,0.0,0.0,0.00012813275810593118,0,0
sleepedf_full,shuffled,eegnet,bnorm_1,41,20,65,0.2125,0.24563574226789586,0.0008242992571529439,0.24572228993963155,-1.1325875598275848e-05,-7.522179613764404e-05,0,0
sleepedf_full,shuffled,eegnet,conv_spatial,41,20,65,0.2125,0.08611887610059081,0.0010115306974124156,0.08616484833049359,2.9587423998213622e-06,-5.2843961780222117e-05,0,0
sleepedf_full,shuffled,eegnet,conv_separable_depth,41,20,65,0.2125,0.18344796252893628,0.012880125856893439,0.2209058949771373,-0.04053617726221678,0.0017226218950595006,0,0
sleepedf_full,shuffled,eegnet,bnorm_2,41,20,65,0.2125,0.3471725178376897,0.014518307448877039,0.3438149013725983,0.002933748972285437,0.00042386749280620906,0,0
sleepedf_full,shuffled,eegnet,pool_2,41,20,65,0.2125,0.5977421530595644,0.14274250691949888,1.0143374202241215,-0.4787855784020005,0.05057914004995588,0,0
sleepedf_full,shuffled,eegnet,logits,41,20,65,0.2125,0.6220934798890105,0.3837957662355526,1.0472277148423035,-0.5571787029911365,0.06132452560627504,0,0
sleepedf_full,shuffled,eegnet,conv_temporal,42,0,65,0.199,0.00031687265045098154,0.0003168726504509817,0.0,0.0,-0.0001312084219968511,0,0
sleepedf_full,shuffled,eegnet,bnorm_1,42,0,65,0.199,0.0003489573134660848,0.0003489573134660849,0.0,0.0,-0.0001144131903787051,0,0
sleepedf_full,shuffled,eegnet,conv_spatial,42,0,65,0.199,0.0003489573144395709,0.0003489573144395708,0.0,0.0,-0.00011441319910324713,0,0
sleepedf_full,shuffled,eegnet,conv_separable_depth,42,0,65,0.199,0.008281713045693445,0.008281713045693447,0.0,0.0,0.0012149795429898034,0,0
sleepedf_full,shuffled,eegnet,bnorm_2,42,0,65,0.199,0.008934156515147586,0.008934156515147586,0.0,0.0,0.000551779264137061,0,0
sleepedf_full,shuffled,eegnet,pool_2,42,0,65,0.199,0.044079822987426936,0.044079822987426936,0.0,0.0,0.013003461211111534,0,0
sleepedf_full,shuffled,eegnet,logits,42,0,65,0.199,0.37639439852428896,0.3763943985242891,0.0,0.0,0.0289093983537485,0,0
sleepedf_full,shuffled,eegnet,conv_temporal,42,1,65,0.171,0.0003864549260548036,0.000386454926054804,0.0,0.0,-0.00021964875804853808,0,0
sleepedf_full,shuffled,eegnet,bnorm_1,42,1,65,0.171,0.0646160003557911,0.00047448549456608554,0.06480927102379086,-4.3347873447962585e-09,-0.00019326633321243823,0,0
sleepedf_full,shuffled,eegnet,conv_spatial,42,1,65,0.171,0.008112656051209895,0.00048261394332578013,0.008294562159189212,-2.127687489134185e-05,-0.00022723195923055067,0,0
sleepedf_full,shuffled,eegnet,conv_separable_depth,42,1,65,0.171,0.058295618684470675,0.009466856590297256,0.05030336294947557,0.006144930043509875,0.0013749251092730914,0,0
sleepedf_full,shuffled,eegnet,bnorm_2,42,1,65,0.171,0.3755961442987811,0.00949778291541712,0.378085796255666,-0.002521908874355381,3.2256917470594015e-05,0,0
sleepedf_full,shuffled,eegnet,pool_2,42,1,65,0.171,0.7877246588376615,0.04615261117350885,0.8592757462168087,-0.07398239183578689,0.0024313044566399125,0,0
sleepedf_full,shuffled,eegnet,logits,42,1,65,0.171,0.9018008416998813,0.3912013646659843,0.9418738699985455,-0.03886245372152608,-0.0012105745771381793,0,0
sleepedf_full,shuffled,eegnet,conv_temporal,42,2,65,0.1955,0.00040007360724616343,0.0004000736072461637,0.0,0.0,-0.00021604137417221054,0,0
sleepedf_full,shuffled,eegnet,bnorm_1,42,2,65,0.1955,0.021588588246646816,0.00048469030735250745,0.021779140448847926,1.1127690866052218e-05,-0.00022014944859327412,0,0
sleepedf_full,shuffled,eegnet,conv_spatial,42,2,65,0.1955,0.007730660961783822,0.0005135647185617511,0.007914819633579697,-3.0367737662525253e-05,-0.00023265212474749995,0,0
sleepedf_full,shuffled,eegnet,conv_separable_depth,42,2,65,0.1955,0.03020955398527774,0.010235930050768859,0.022097079346944964,0.004087318527509963,0.002445382704321571,0,0
sleepedf_full,shuffled,eegnet,bnorm_2,42,2,65,0.1955,0.2440381213398514,0.009804477108600622,0.2488104570203453,-0.005114079525435408,0.00034174384494158765,0,0
sleepedf_full,shuffled,eegnet,pool_2,42,2,65,0.1955,0.6361719439480144,0.08521176168513757,0.8565210625596015,-0.23998909011828812,0.019639971506700545,0,0
sleepedf_full,shuffled,eegnet,logits,42,2,65,0.1955,0.7302188644526577,0.37602837653853466,0.9340853044750221,-0.23259865098622634,0.013557154102232847,0,0
sleepedf_full,shuffled,eegnet,conv_temporal,42,5,65,0.2005,0.00039808831299936064,0.0003980883129993602,0.0,0.0,-0.00012836523889015323,0,0
sleepedf_full,shuffled,eegnet,bnorm_1,42,5,65,0.2005,0.03554097250416356,0.0005061431939422022,0.035668086034127876,2.2896378498072066e-05,-0.0001643856305925647,0,0
sleepedf_full,shuffled,eegnet,conv_spatial,42,5,65,0.2005,0.017599188222284137,0.0005593205771936985,0.017759288302331477,-3.31678931863744e-05,-0.0001815518274927199,0,0
sleepedf_full,shuffled,eegnet,conv_separable_depth,42,5,65,0.2005,0.02650906489610839,0.010809615047654481,0.02913309830482541,-0.009078914362898455,0.0033136487850961077,0,0
sleepedf_full,shuffled,eegnet,bnorm_2,42,5,65,0.2005,0.26000769714953414,0.010178671415296167,0.2660885538255019,-0.006447591601445762,0.000366734925478091,0,0
sleepedf_full,shuffled,eegnet,pool_2,42,5,65,0.2005,0.5191508602929613,0.16487276207299376,0.9291668647686913,-0.4716082989752838,0.058797978598749044,0,0
sleepedf_full,shuffled,eegnet,logits,42,5,65,0.2005,0.6576125549856704,0.39437830414938974,1.0775100679468474,-0.5533848583881447,0.06169389110260966,0,0
sleepedf_full,shuffled,eegnet,conv_temporal,42,10,65,0.207,0.0005055153952573378,0.0005055153952573379,0.0,0.0,-3.194915002297149e-05,0,0
sleepedf_full,shuffled,eegnet,bnorm_1,42,10,65,0.207,0.1343673295267561,0.0006137683749558527,0.13443604855611618,3.71458095257058e-05,-0.0001058648388858048,0,0
sleepedf_full,shuffled,eegnet,conv_spatial,42,10,65,0.207,0.02423387468282845,0.0006688908091911455,0.024306263127805726,-4.419096795470781e-05,-0.00010508670835276138,0,0
sleepedf_full,shuffled,eegnet,conv_separable_depth,42,10,65,0.207,0.09202116040553535,0.011335617236256338,0.11340262189859623,-0.02632795449769208,0.0026275405539822033,0,0
sleepedf_full,shuffled,eegnet,bnorm_2,42,10,65,0.207,0.3379854759124499,0.01095892311677987,0.34039240525419023,-0.0026626199516530434,0.00025569060991280753,0,0
sleepedf_full,shuffled,eegnet,pool_2,42,10,65,0.207,0.5816954587956514,0.15300533106304992,0.9832403489204943,-0.44961447747837546,0.04696340351817034,0,0
sleepedf_full,shuffled,eegnet,logits,42,10,65,0.207,0.6453229034148686,0.39636619802116235,1.0554674413839553,-0.5337900565397171,0.055780761763301843,0,0
sleepedf_full,shuffled,eegnet,conv_temporal,42,20,65,0.2095,0.0007616042655988613,0.0007616042655988613,0.0,0.0,6.685960158957593e-05,0,0
sleepedf_full,shuffled,eegnet,bnorm_1,42,20,65,0.2095,0.3344933685541673,0.000840489476463407,0.3345568650584041,4.798515808884741e-05,-0.00011148166232597392,0,0
sleepedf_full,shuffled,eegnet,conv_spatial,42,20,65,0.2095,0.04489293362248164,0.000917370649159478,0.044946236940226675,-2.175469348381062e-05,-9.584657994623461e-05,0,0
sleepedf_full,shuffled,eegnet,conv_separable_depth,42,20,65,0.2095,0.19507685444670278,0.012360242871026335,0.2330401728521761,-0.040290286917373436,0.0022173820946333467,0,0
sleepedf_full,shuffled,eegnet,bnorm_2,42,20,65,0.2095,0.3666565621056321,0.013125464456124463,0.3614621158298687,0.0044825889466780676,0.000711857329085435,0,0
sleepedf_full,shuffled,eegnet,pool_2,42,20,65,0.2095,0.5999170887041836,0.1490276032833127,1.015246985796036,-0.4633474978579196,0.046345447395944254,0,0
sleepedf_full,shuffled,eegnet,logits,42,20,65,0.2095,0.6706708837023435,0.39960479382273517,1.0529834018759283,-0.48059943536595173,0.04198149318771851,0,0
sleepedf_full,shuffled,eegnet,conv_temporal,43,0,65,0.2135,0.0003773847192491332,0.0003773847192491332,0.0,0.0,-0.00018606630779417175,0,0
sleepedf_full,shuffled,eegnet,bnorm_1,43,0,65,0.2135,0.00045482741380552407,0.00045482741380552423,0.0,0.0,-0.00014739395310910857,0,0
sleepedf_full,shuffled,eegnet,conv_spatial,43,0,65,0.2135,0.00045482741883777435,0.000454827418837775,0.0,0.0,-0.0001473939571922007,0,0
sleepedf_full,shuffled,eegnet,conv_separable_depth,43,0,65,0.2135,0.008259672657853668,0.00825967265785367,0.0,0.0,0.0009760215929293769,0,0
sleepedf_full,shuffled,eegnet,bnorm_2,43,0,65,0.2135,0.009974511020903944,0.009974511020903944,0.0,0.0,0.0016864588812625315,0,0
sleepedf_full,shuffled,eegnet,pool_2,43,0,65,0.2135,0.07406241112112176,0.07406241112112176,0.0,0.0,0.05984639397015365,0,0
sleepedf_full,shuffled,eegnet,logits,43,0,65,0.2135,0.37091557176958884,0.37091557176958884,0.0,0.0,-0.005292833065824234,0,0
sleepedf_full,shuffled,eegnet,conv_temporal,43,1,65,0.206,0.0004062384074641057,0.0004062384074641057,0.0,0.0,-0.00022001512966917077,0,0
sleepedf_full,shuffled,eegnet,bnorm_1,43,1,65,0.206,0.05970421634269162,0.00048568598489473225,0.05987959756979302,-1.2799859608636138e-05,-0.0001625813674928048,0,0
sleepedf_full,shuffled,eegnet,conv_spatial,43,1,65,0.206,0.0014838413337583806,0.0004970303154949976,0.0014209486815943524,7.199115990948004e-06,-0.0001936403349479264,0,0
sleepedf_full,shuffled,eegnet,conv_separable_depth,43,1,65,0.206,0.13032056816037926,0.008520727134564173,0.1443160656006186,-0.015830434767019685,0.0018120710802921839,0,0
sleepedf_full,shuffled,eegnet,bnorm_2,43,1,65,0.206,0.5461271699453547,0.010274070755489214,0.5734035357717314,-0.02781689782317623,0.0005405319967996308,0,0
sleepedf_full,shuffled,eegnet,pool_2,43,1,65,0.206,0.8829739138715823,0.11453870334523733,0.9723828728955597,-0.09202431998696027,0.002615360962981707,0,0
sleepedf_full,shuffled,eegnet,logits,43,1,65,0.206,0.9222347887521846,0.3841533909086166,1.0724782297714412,-0.1541759221268496,0.003932481107593095,0,0
sleepedf_full,shuffled,eegnet,conv_temporal,43,2,65,0.2055,0.0004248121687811115,0.00042481216878111116,0.0,0.0,-0.00019882937090944376,0,0
sleepedf_full,shuffled,eegnet,bnorm_1,43,2,65,0.2055,0.02790254082420694,0.0005039937766984553,0.02806012882088978,-1.2414683517451438e-05,-0.00018146425132140227,0,0
sleepedf_full,shuffled,eegnet,conv_spatial,43,2,65,0.2055,0.00610555584183162,0.0005341425839379221,0.006122351458707898,1.133132925240112e-05,-0.00017833616501017249,0,0
sleepedf_full,shuffled,eegnet,conv_separable_depth,43,2,65,0.2055,0.09075111582902348,0.01054288036461252,0.10821809448881445,-0.022782794929535635,0.005089083643006448,0,0
sleepedf_full,shuffled,eegnet,bnorm_2,43,2,65,0.2055,0.3821982515398242,0.011241722910388751,0.41742471361999073,-0.03692741618283252,0.0017009541026657712,0,0
sleepedf_full,shuffled,eegnet,pool_2,43,2,65,0.2055,0.755911503711685,0.15586186344763645,0.9496168891689303,-0.2056620442871965,0.011956658829950517,0,0
sleepedf_full,shuffled,eegnet,logits,43,2,65,0.2055,0.7953089792973095,0.37891476378600686,1.0537553975271508,-0.3047362800282659,0.02300705670696831,0,0
sleepedf_full,shuffled,eegnet,conv_temporal,43,5,65,0.21,0.0004661263245075338,0.00046612632450753345,0.0,0.0,-0.0001030041294406042,0,0
sleepedf_full,shuffled,eegnet,bnorm_1,43,5,65,0.21,0.03619989344355495,0.0005498550616702201,0.03630466173547165,-2.8560552819503788e-05,-0.00011023487358121648,0,0
sleepedf_full,shuffled,eegnet,conv_spatial,43,5,65,0.21,0.010885526210442108,0.0006203368787833366,0.010832531136801962,-3.6511309271413784e-06,-9.62742424414692e-05,0,0
sleepedf_full,shuffled,eegnet,conv_separable_depth,43,5,65,0.21,0.07004145136225921,0.011578436235334012,0.09550177202817371,-0.04040695872015907,0.006962766046194141,0,0
sleepedf_full,shuffled,eegnet,bnorm_2,43,5,65,0.21,0.31272140810564714,0.010791787553266007,0.33025456224962113,-0.019233102332632902,0.0016999481886589196,0,0
sleepedf_full,shuffled,eegnet,pool_2,43,5,65,0.21,0.5654742484875384,0.16423845524364405,0.8838329067499442,-0.37140661715387746,0.03353511118983824,0,0
sleepedf_full,shuffled,eegnet,logits,43,5,65,0.21,0.7110178270398112,0.40415014699927115,1.0821464662058726,-0.5570454329617881,0.060522990923315936,0,0
sleepedf_full,shuffled,eegnet,conv_temporal,43,10,65,0.212,0.0005397768227215771,0.0005397768227215767,0.0,0.0,-1.180555945830804e-05,0,0
sleepedf_full,shuffled,eegnet,bnorm_1,43,10,65,0.212,0.13788978528419793,0.0006165717221211022,0.13792560567570075,-5.978101455345659e-06,-2.984229004759534e-05,0,0
sleepedf_full,shuffled,eegnet,conv_spatial,43,10,65,0.212,0.015694633116497696,0.0006976892099922106,0.015551540356035787,-7.680575102213245e-06,-9.113394607164362e-06,0,0
sleepedf_full,shuffled,eegnet,conv_separable_depth,43,10,65,0.212,0.1909498673781919,0.01234177557703871,0.24480503088242297,-0.06253686505525496,0.00512405565345314,0,0
sleepedf_full,shuffled,eegnet,bnorm_2,43,10,65,0.212,0.39175723251908934,0.011669557976570983,0.39924382204119535,-0.008843557629461509,0.001356968107355486,0,0
sleepedf_full,shuffled,eegnet,pool_2,43,10,65,0.212,0.5840458528975492,0.1637515743693196,0.922221308773396,-0.4000749853107432,0.032089031789204636,0,0
sleepedf_full,shuffled,eegnet,logits,43,10,65,0.212,0.639427799716478,0.3869408388251564,0.9037012466281137,-0.39252069234444736,0.03383851892579814,0,0
sleepedf_full,shuffled,eegnet,conv_temporal,43,20,65,0.212,0.0007032232110471652,0.0007032232110471651,0.0,0.0,9.71801068506632e-05,0,0
sleepedf_full,shuffled,eegnet,bnorm_1,43,20,65,0.212,0.34685513727136447,0.0008088044088133029,0.346918015508072,-2.932885760264222e-05,-3.354937910511093e-05,0,0
sleepedf_full,shuffled,eegnet,conv_spatial,43,20,65,0.212,0.042294775965918414,0.0008617653280598898,0.04207989782908401,2.6699744433126894e-05,9.036667915235455e-05,0,0
sleepedf_full,shuffled,eegnet,conv_separable_depth,43,20,65,0.212,0.345460992771367,0.016088116096900078,0.4190694659840528,-0.07752039388243162,0.0033180481631761276,0,0
sleepedf_full,shuffled,eegnet,bnorm_2,43,20,65,0.212,0.4233342576848409,0.014990990674827776,0.4242992248460583,-0.0022898892475751715,0.001324922086357897,0,0
sleepedf_full,shuffled,eegnet,pool_2,43,20,65,0.212,0.5769769759880472,0.14809361626490575,0.9384022990679465,-0.415043668695321,0.03279959830260722,0,0
sleepedf_full,shuffled,eegnet,logits,43,20,65,0.212,0.632628118446301,0.40251334584272747,0.9024738267789427,-0.3756140497347182,0.03417564523983787,0,0
sleepedf_full,shuffled,eegnet,conv_temporal,44,0,65,0.177,0.0004925574512895422,0.000492557451289542,0.0,0.0,-0.00013800709576488988,0,0
sleepedf_full,shuffled,eegnet,bnorm_1,44,0,65,0.177,0.0006497052702118524,0.0006497052702118524,0.0,0.0,-0.00017286389118502737,0,0
sleepedf_full,shuffled,eegnet,conv_spatial,44,0,65,0.177,0.0006497052945337635,0.0006497052945337633,0.0,0.0,-0.00017286386167411706,0,0
sleepedf_full,shuffled,eegnet,conv_separable_depth,44,0,65,0.177,0.007842760352680734,0.007842760352680734,0.0,0.0,0.0013355161817164133,0,0
sleepedf_full,shuffled,eegnet,bnorm_2,44,0,65,0.177,0.009238400085471362,0.009238400085471358,0.0,0.0,0.0013827655121690428,0,0
sleepedf_full,shuffled,eegnet,pool_2,44,0,65,0.177,0.06038987803985617,0.06038987803985618,0.0,0.0,0.026316091081210954,0,0
sleepedf_full,shuffled,eegnet,logits,44,0,65,0.177,0.3634066699775097,0.3634066699775097,0.0,0.0,0.02301375290485813,0,0
sleepedf_full,shuffled,eegnet,conv_temporal,44,1,65,0.1995,0.0005969668810319701,0.0005969668810319701,0.0,0.0,-0.00030736755843086396,0,0
sleepedf_full,shuffled,eegnet,bnorm_1,44,1,65,0.1995,0.10112353696807454,0.0007264887570530662,0.10134923910423062,1.9114539243210398e-05,-0.00024481667539936764,0,0
sleepedf_full,shuffled,eegnet,conv_spatial,44,1,65,0.1995,0.003100495451383814,0.0007559885188579032,0.0031861417306685157,-6.211306967624628e-06,-0.00035947337591237926,0,0
sleepedf_full,shuffled,eegnet,conv_separable_depth,44,1,65,0.1995,0.07488125026717192,0.00842555897759301,0.07042426778444864,0.003713932846203376,0.00024339369353596553,0,0
sleepedf_full,shuffled,eegnet,bnorm_2,44,1,65,0.1995,0.5604942123376143,0.009369294523010803,0.5650902397830383,-0.004272411175152152,-0.00032361627027164376,0,0
sleepedf_full,shuffled,eegnet,pool_2,44,1,65,0.1995,0.9122934924838977,0.05238307228512263,0.974898143159355,-0.06399710459196657,0.0013924539165087134,0,0
sleepedf_full,shuffled,eegnet,logits,44,1,65,0.1995,0.96787836113023,0.3751782016728384,1.0329017627446162,-0.06671224572329551,0.0016888441089092743,0,0
sleepedf_full,shuffled,eegnet,conv_temporal,44,2,65,0.19,0.0006196128493231648,0.000619612849323165,0.0,0.0,-0.00029252262927060814,0,0
sleepedf_full,shuffled,eegnet,bnorm_1,44,2,65,0.19,0.04077994187065493,0.0007207032562097069,0.04104023157978576,1.0123035794014843e-05,-0.00029098627635170787,0,0
sleepedf_full,shuffled,eegnet,conv_spatial,44,2,65,0.19,0.002832345560105129,0.0007870723965066538,0.002869132327204476,-4.77244167411082e-06,-0.0003647243341119935,0,0
sleepedf_full,shuffled,eegnet,conv_separable_depth,44,2,65,0.19,0.04597963081708143,0.00891434239310526,0.04146526080302797,0.0022374422065274905,0.0009281889634525813,0,0
sleepedf_full,shuffled,eegnet,bnorm_2,44,2,65,0.19,0.40557348243672003,0.009922995344618789,0.4151810423847058,-0.009230339316488988,-0.00037722063149694837,0,0
sleepedf_full,shuffled,eegnet,pool_2,44,2,65,0.19,0.77905933697869,0.09802733285258068,0.9835284929016453,-0.21747659254393917,0.013007436620983914,0,0
sleepedf_full,shuffled,eegnet,logits,44,2,65,0.19,0.8688467924763614,0.37848836425149335,1.1258915906261706,-0.27126068486461097,0.013351790436154398,0,0
sleepedf_full,shuffled,eegnet,conv_temporal,44,5,65,0.1845,0.0006303205178334257,0.0006303205178334253,0.0,0.0,-0.00022380079840668296,0,0
sleepedf_full,shuffled,eegnet,bnorm_1,44,5,65,0.1845,0.025067790842918044,0.000667850862005897,0.025216666737415308,-8.295637698661124e-06,-0.0002030198528156526,0,0
sleepedf_full,shuffled,eegnet,conv_spatial,44,5,65,0.1845,0.007381548579030014,0.0008026234897841064,0.00741662349082838,-4.178210784422229e-06,-0.00026093520350360314,0,0
sleepedf_full,shuffled,eegnet,conv_separable_depth,44,5,65,0.1845,0.019870815626406056,0.008941143744697148,0.015353568278126577,-0.0004944082775408401,0.0027315077305695152,0,0
sleepedf_full,shuffled,eegnet,bnorm_2,44,5,65,0.1845,0.3058970563972183,0.010256561987854811,0.31506304584160205,-0.009383933483522126,0.0002179440391383609,0,0
sleepedf_full,shuffled,eegnet,pool_2,44,5,65,0.1845,0.5147105271349421,0.1481556543063157,0.9090720513286442,-0.44619224730724477,0.04744605864998747,0,0
sleepedf_full,shuffled,eegnet,logits,44,5,65,0.1845,0.5291366373311909,0.3789267742906027,0.6562382209752552,-0.22365454620170597,0.018641897279878205,0,0
sleepedf_full,shuffled,eegnet,conv_temporal,44,10,65,0.2015,0.0007141258831125608,0.0007141258831125605,0.0,0.0,-0.0001457257975460547,0,0
sleepedf_full,shuffled,eegnet,bnorm_1,44,10,65,0.2015,0.12825718924688287,0.0007408197161758313,0.12837057767802754,2.1297307261685844e-05,-0.0001346857384064907,0,0
sleepedf_full,shuffled,eegnet,conv_spatial,44,10,65,0.2015,0.015899028215677406,0.0008368751911106068,0.015940073017853353,-1.0032976445409415e-05,-0.00021809750005854673,0,0
sleepedf_full,shuffled,eegnet,conv_separable_depth,44,10,65,0.2015,0.08808809189365713,0.010008923189602833,0.10578631034005698,-0.025842344521658844,0.0026784301896952663,0,0
sleepedf_full,shuffled,eegnet,bnorm_2,44,10,65,0.2015,0.36498005274302564,0.011124244342634355,0.3702470309328407,-0.005454261196456539,0.00018728300664138612,0,0
sleepedf_full,shuffled,eegnet,pool_2,44,10,65,0.2015,0.5427211456240283,0.13859944148156478,0.9380103430773136,-0.4425754948461604,0.04037519485559288,0,0
sleepedf_full,shuffled,eegnet,logits,44,10,65,0.2015,0.5773750072062357,0.38655061024708526,0.8264512448993426,-0.3761986636283642,0.027047669225553992,0,0
sleepedf_full,shuffled,eegnet,conv_temporal,44,20,65,0.2115,0.000822706121540098,0.0008227061215400978,0.0,0.0,-2.9339657047156918e-05,0,0
sleepedf_full,shuffled,eegnet,bnorm_1,44,20,65,0.2115,0.33032221563479613,0.0008416038729980711,0.33040848985265425,1.6151174625782037e-05,-0.00010242539248418962,0,0
sleepedf_full,shuffled,eegnet,conv_spatial,44,20,65,0.2115,0.021912595371292296,0.0008920301391668491,0.021864013419400564,-1.3546271293830037e-05,-0.00012675150845748985,0,0
sleepedf_full,shuffled,eegnet,conv_separable_depth,44,20,65,0.2115,0.2240098915974511,0.0132007536384829,0.2661648103922218,-0.045743993557738324,0.0023184646810144056,0,0
sleepedf_full,shuffled,eegnet,bnorm_2,44,20,65,0.2115,0.394018462840495,0.01440769205805543,0.3914745793734304,0.001778776862263961,0.0007651066048006684,0,0
sleepedf_full,shuffled,eegnet,pool_2,44,20,65,0.2115,0.5507142219726918,0.13754032872943256,0.9452812692844991,-0.4458050661719876,0.03792551863269153,0,0
sleepedf_full,shuffled,eegnet,logits,44,20,65,0.2115,0.5635181022593397,0.38405637694992634,0.7065736102902644,-0.2749658331914512,0.01225747065495314,0,0
sleepedf_full,shuffled,eegnet,conv_temporal,45,0,65,0.1995,0.00039391930694918293,0.00039391930694918277,0.0,0.0,-3.720898761084704e-05,0,0
sleepedf_full,shuffled,eegnet,bnorm_1,45,0,65,0.1995,0.0005921594766833758,0.0005921594766833758,0.0,0.0,-7.54159817764427e-05,0,0
sleepedf_full,shuffled,eegnet,conv_spatial,45,0,65,0.1995,0.000592159455401579,0.0005921594554015791,0.0,0.0,-7.541598635669579e-05,0,0
sleepedf_full,shuffled,eegnet,conv_separable_depth,45,0,65,0.1995,0.009533746331026985,0.009533746331026986,0.0,0.0,0.0018353902799660238,0,0
sleepedf_full,shuffled,eegnet,bnorm_2,45,0,65,0.1995,0.01031505265390356,0.010315052653903561,0.0,0.0,0.0019166197360173806,0,0
sleepedf_full,shuffled,eegnet,pool_2,45,0,65,0.1995,0.08878169483780463,0.08878169483780461,0.0,0.0,0.08162507975879325,0,0
sleepedf_full,shuffled,eegnet,logits,45,0,65,0.1995,0.4064965083416462,0.4064965083416462,0.0,0.0,0.08794155998000584,0,0
sleepedf_full,shuffled,eegnet,conv_temporal,45,1,65,0.1925,0.0004496158728148159,0.0004496158728148162,0.0,0.0,-0.00011743023519968044,0,0
sleepedf_full,shuffled,eegnet,bnorm_1,45,1,65,0.1925,0.10357578038856705,0.0005996985202119379,0.10371036782044571,1.0470678160508814e-05,-0.00014505811003922311,0,0
sleepedf_full,shuffled,eegnet,conv_spatial,45,1,65,0.1925,0.002645867482963037,0.0006381892374816389,0.0025696629008249428,3.702223564765082e-07,-0.00019803460388439923,0,0
sleepedf_full,shuffled,eegnet,conv_separable_depth,45,1,65,0.1925,0.0849140947808034,0.010083353597335094,0.09712847164719882,-0.01499786398835257,0.0021298916938873574,0,0
sleepedf_full,shuffled,eegnet,bnorm_2,45,1,65,0.1925,0.5798749478459319,0.01150608226639164,0.6051100726164137,-0.025489324530694746,0.0002541997602127978,0,0
sleepedf_full,shuffled,eegnet,pool_2,45,1,65,0.1925,0.9006966040776188,0.11799163146175617,0.9854242512506569,-0.08691830385970513,0.0021906566866660713,0,0
sleepedf_full,shuffled,eegnet,logits,45,1,65,0.1925,0.8521257355853044,0.39234094119954,0.9201575203962188,-0.06909857165666727,-0.0012458855194153828,0,0
sleepedf_full,shuffled,eegnet,conv_temporal,45,2,65,0.213,0.0004405498980699875,0.00044054989806998685,0.0,0.0,-8.43472051404433e-05,0,0
sleepedf_full,shuffled,eegnet,bnorm_1,45,2,65,0.213,0.0628138465726854,0.0005563314848464193,0.06293361869375202,1.6358061673957145e-05,-0.0001361301827406063,0,0
sleepedf_full,shuffled,eegnet,conv_spatial,45,2,65,0.213,0.002861300236355888,0.0006252289153889562,0.0027962054346320534,-8.601002783447776e-06,-0.0001768827998462243,0,0
sleepedf_full,shuffled,eegnet,conv_separable_depth,45,2,65,0.213,0.05386133500576208,0.011104225325420158,0.06522712091466111,-0.018419056090292138,0.0038615427848316527,0,0
sleepedf_full,shuffled,eegnet,bnorm_2,45,2,65,0.213,0.4060865390207619,0.012609459870321298,0.43964955371508974,-0.03424249356133397,0.0006794788670061988,0,0
sleepedf_full,shuffled,eegnet,pool_2,45,2,65,0.213,0.7681178094276837,0.16204313113677882,0.9535533707708369,-0.1960957642355632,0.010660202892409282,0,0
sleepedf_full,shuffled,eegnet,logits,45,2,65,0.213,0.8011210823120342,0.4075110956913782,1.0014085122694945,-0.2242617555418626,0.01033400187612089,0,0
sleepedf_full,shuffled,eegnet,conv_temporal,45,5,65,0.206,0.0004599682866868619,0.0004599682866868622,0.0,0.0,1.5440191971078226e-05,0,0
sleepedf_full,shuffled,eegnet,bnorm_1,45,5,65,0.206,0.06255568303742552,0.0005784888714141204,0.06257578426019623,4.2575598530730645e-05,-6.316602286266498e-05,0,0
sleepedf_full,shuffled,eegnet,conv_spatial,45,5,65,0.206,0.007319150957951272,0.0006412539364870527,0.007276070382241812,2.083868077623555e-06,-0.00010494895669829808,0,0
sleepedf_full,shuffled,eegnet,conv_separable_depth,45,5,65,0.206,0.07646565797429931,0.012558449985460782,0.09754925330143993,-0.033391014216633076,0.005209539502233491,0,0
sleepedf_full,shuffled,eegnet,bnorm_2,45,5,65,0.206,0.2931757306583928,0.014251456325093951,0.32196117525877127,-0.030858730251043104,0.0019745688217093775,0,0
sleepedf_full,shuffled,eegnet,pool_2,45,5,65,0.206,0.5824880215447319,0.18309419246970068,0.882709583436253,-0.35688992040465084,0.03357365825375366,0,0
sleepedf_full,shuffled,eegnet,logits,45,5,65,0.206,0.712085564007237,0.41203709697239477,0.9673541662126907,-0.42308340173062114,0.03693545196463327,0,0
sleepedf_full,shuffled,eegnet,conv_temporal,45,10,65,0.2105,0.0005858539742067235,0.000585853974206724,0.0,0.0,9.709221552620788e-05,0,0
sleepedf_full,shuffled,eegnet,bnorm_1,45,10,65,0.2105,0.23788339552426985,0.0006822435085059917,0.23782761156864213,8.288428317711639e-05,-2.7100327549622877e-05,0,0
sleepedf_full,shuffled,eegnet,conv_spatial,45,10,65,0.2105,0.03612882537129712,0.0007748680933342065,0.03610708415683081,-1.7516362890204136e-05,-2.167801727031806e-05,0,0
sleepedf_full,shuffled,eegnet,conv_separable_depth,45,10,65,0.2105,0.175984262604511,0.013647934379870498,0.22445164230458975,-0.05742812849829092,0.004003761558428853,0,0
sleepedf_full,shuffled,eegnet,bnorm_2,45,10,65,0.2105,0.35843520561568476,0.015830634499675016,0.3732468258481217,-0.016960900141159776,0.002147939003444507,0,0
sleepedf_full,shuffled,eegnet,pool_2,45,10,65,0.2105,0.6065431016973455,0.17460222131211556,0.8911246002106831,-0.35004979054675245,0.025963801957646634,0,0
sleepedf_full,shuffled,eegnet,logits,45,10,65,0.2105,0.6853730700373738,0.3886627166792611,0.7782413527783957,-0.2187633642002942,0.008675619927261477,0,0
sleepedf_full,shuffled,eegnet,conv_temporal,45,20,65,0.207,0.0007764581392366852,0.000776458139236685,0.0,0.0,0.0002677981597467406,0,0
sleepedf_full,shuffled,eegnet,bnorm_1,45,20,65,0.207,0.4631271189887735,0.0008890525464432051,0.46307766742821005,0.00010196654163244833,-5.2514981069111765e-05,0,0
sleepedf_full,shuffled,eegnet,conv_spatial,45,20,65,0.207,0.07326711690263092,0.0010304918844932303,0.07321618327437167,-2.8764556181328895e-05,4.6065677454434706e-05,0,0
sleepedf_full,shuffled,eegnet,conv_separable_depth,45,20,65,0.207,0.30138426573790794,0.015514577114042971,0.36113837923238873,-0.062475963525513885,0.0023784143096642766,0,0
sleepedf_full,shuffled,eegnet,bnorm_2,45,20,65,0.207,0.40668892901422593,0.018719385160018108,0.40232547018405423,0.002490160542488476,0.001873298287683214,0,0
sleepedf_full,shuffled,eegnet,pool_2,45,20,65,0.207,0.6295316739736054,0.12980251778674892,0.9047582257769964,-0.3236264862406023,0.018260902561393455,0,0
sleepedf_full,shuffled,eegnet,logits,45,20,65,0.207,0.7217368060692606,0.39679280853489113,0.9317692134448236,-0.3170642328913287,0.007885801524190142,0,0
sleepedf_full,shuffled,eegnet,conv_temporal,46,0,65,0.198,0.00041549386955549327,0.00041549386955549327,0.0,0.0,-0.00016950822165815553,0,0
sleepedf_full,shuffled,eegnet,bnorm_1,46,0,65,0.198,0.00048819372776069274,0.00048819372776069274,0.0,0.0,-0.0001438306289293411,0,0
sleepedf_full,shuffled,eegnet,conv_spatial,46,0,65,0.198,0.0004881937243876191,0.0004881937243876193,0.0,0.0,-0.0001438306207690563,0,0
sleepedf_full,shuffled,eegnet,conv_separable_depth,46,0,65,0.198,0.009126539866328918,0.009126539866328918,0.0,0.0,0.001282381531620193,0,0
sleepedf_full,shuffled,eegnet,bnorm_2,46,0,65,0.198,0.011191859501366462,0.011191859501366462,0.0,0.0,0.0018002301984222635,0,0
sleepedf_full,shuffled,eegnet,pool_2,46,0,65,0.198,0.04906537734422059,0.04906537734422059,0.0,0.0,0.01942433831548164,0,0
sleepedf_full,shuffled,eegnet,logits,46,0,65,0.198,0.38121073234331626,0.3812107323433163,0.0,0.0,0.00435807124818845,0,0
sleepedf_full,shuffled,eegnet,conv_temporal,46,1,65,0.1975,0.0005670233527553808,0.0005670233527553807,0.0,0.0,-0.0002796956648249039,0,0
sleepedf_full,shuffled,eegnet,bnorm_1,46,1,65,0.1975,0.05450652456599955,0.0006298626027299281,0.05472989719294551,2.8845217978360804e-05,-0.00025221784492433406,0,0
sleepedf_full,shuffled,eegnet,conv_spatial,46,1,65,0.1975,0.0018843492004506554,0.000639231382455274,0.0017938488616500155,9.76008767999618e-06,-0.0002828245833350512,0,0
sleepedf_full,shuffled,eegnet,conv_separable_depth,46,1,65,0.1975,0.028689170891391502,0.0084607012954521,0.025403680025450688,0.00044906136248015294,0.0011140075373549405,0,0
sleepedf_full,shuffled,eegnet,bnorm_2,46,1,65,0.1975,0.40324359462188447,0.01054861382062661,0.40272914006387706,0.0002039321231083024,0.0003105224348991447,0,0
sleepedf_full,shuffled,eegnet,pool_2,46,1,65,0.1975,0.8686598502866083,0.0442841530151041,0.9223967985008388,-0.05473167962775672,0.0009947314135258852,0,0
sleepedf_full,shuffled,eegnet,logits,46,1,65,0.1975,0.8625309237579885,0.3692817189951545,0.9271744632510764,-0.06329776443474863,-0.0013902678056581788,0,0
sleepedf_full,shuffled,eegnet,conv_temporal,46,2,65,0.21,0.0005232814199501519,0.0005232814199501513,0.0,0.0,-0.00023378009906007687,0,0
sleepedf_full,shuffled,eegnet,bnorm_1,46,2,65,0.21,0.029588409398070205,0.0005765634534841117,0.02976708634233015,3.648462881149695e-05,-0.000228456306956785,0,0
sleepedf_full,shuffled,eegnet,conv_spatial,46,2,65,0.21,0.001838114466584926,0.0006015609673951974,0.0017304679507378115,-2.436255458369619e-06,-0.00024082878086299268,0,0
sleepedf_full,shuffled,eegnet,conv_separable_depth,46,2,65,0.21,0.018198810337929597,0.008509047114313094,0.013678176790459677,-0.0002389632367698212,0.00201384833929598,0,0
sleepedf_full,shuffled,eegnet,bnorm_2,46,2,65,0.21,0.2234204851483326,0.010422443958484195,0.22366638461714355,-0.0010393546103011331,0.0007934551414902769,0,0
sleepedf_full,shuffled,eegnet,pool_2,46,2,65,0.21,0.6133559264370969,0.07433897489116663,0.8001554350289606,-0.20331841653502886,0.016518907943165174,0,0
sleepedf_full,shuffled,eegnet,logits,46,2,65,0.21,0.6860775096598244,0.39391790512975905,0.8704419452723783,-0.23618918811470138,0.019837924319398192,0,0
sleepedf_full,shuffled,eegnet,conv_temporal,46,5,65,0.2115,0.0005199096284934239,0.0005199096284934237,0.0,0.0,-0.00018092306893693734,0,0
sleepedf_full,shuffled,eegnet,bnorm_1,46,5,65,0.2115,0.03475166612382163,0.0005449896093125288,0.034886047425171596,2.72545864728788e-05,-0.0001837699095956031,0,0
sleepedf_full,shuffled,eegnet,conv_spatial,46,5,65,0.2115,0.008038864303346684,0.000614436922556033,0.00807194857428591,-2.194687964147039e-06,-0.00018655033347019984,0,0
sleepedf_full,shuffled,eegnet,conv_separable_depth,46,5,65,0.2115,0.019716884879525415,0.008516840484894766,0.018355498444879867,-0.003831846160469021,0.001939456909781931,0,0
sleepedf_full,shuffled,eegnet,bnorm_2,46,5,65,0.2115,0.23188104644440058,0.010308210037736725,0.23011602882975343,0.0011494952535967776,0.0006155223610503433,0,0
sleepedf_full,shuffled,eegnet,pool_2,46,5,65,0.2115,0.5046539196897184,0.15055385869436838,0.8693195110300007,-0.45390812368911176,0.057049846255740624,0,0
sleepedf_full,shuffled,eegnet,logits,46,5,65,0.2115,0.6265642494664675,0.405348759463623,0.9886238330412276,-0.5486958725713045,0.07638992714552571,0,0
sleepedf_full,shuffled,eegnet,conv_temporal,46,10,65,0.1915,0.0005687667567292035,0.0005687667567292038,0.0,0.0,-0.00011263515746059152,0,0
sleepedf_full,shuffled,eegnet,bnorm_1,46,10,65,0.1915,0.1037171830809823,0.00061554126094045,0.10383155697613977,1.754787239428424e-05,-0.00013192176755177318,0,0
sleepedf_full,shuffled,eegnet,conv_spatial,46,10,65,0.1915,0.011396918437064446,0.000699059995582749,0.011328290713034728,1.2084449378248453e-05,-0.00012124656718016313,0,0
sleepedf_full,shuffled,eegnet,conv_separable_depth,46,10,65,0.1915,0.0554294665659227,0.009208770596157509,0.06904904015321833,-0.01844094888059373,0.002568681594664903,0,0
sleepedf_full,shuffled,eegnet,bnorm_2,46,10,65,0.1915,0.30442727586842144,0.010972050703186742,0.2981494889816791,0.005728134194311708,0.0005496526924305851,0,0
sleepedf_full,shuffled,eegnet,pool_2,46,10,65,0.1915,0.5639813591036663,0.1292336926486059,0.9372705634316781,-0.4341536253599226,0.0447955217685955,0,0
sleepedf_full,shuffled,eegnet,logits,46,10,65,0.1915,0.6104372244128994,0.4087335346454799,0.8456140564303203,-0.35296299998152225,0.04050467627718854,0,0
sleepedf_full,shuffled,eegnet,conv_temporal,46,20,65,0.18,0.0007220536217254222,0.0007220536217254224,0.0,0.0,-6.162444143011697e-06,0,0
sleepedf_full,shuffled,eegnet,bnorm_1,46,20,65,0.18,0.26614892283675323,0.000740817165682769,0.2662969708864719,-3.78055143466947e-05,-0.0001102425353720996,0,0
sleepedf_full,shuffled,eegnet,conv_spatial,46,20,65,0.18,0.04567047992267855,0.0008245360221850879,0.04562331328295594,3.201822828672141e-05,-5.508795473786972e-05,0,0
sleepedf_full,shuffled,eegnet,conv_separable_depth,46,20,65,0.18,0.16206567448290374,0.010790013826917218,0.19773856256429284,-0.038459789627585964,0.002387566611920381,0,0
sleepedf_full,shuffled,eegnet,bnorm_2,46,20,65,0.18,0.32203066561223714,0.011932735582377004,0.3130990488854918,0.008239028164283374,0.0006925885624620286,0,0
sleepedf_full,shuffled,eegnet,pool_2,46,20,65,0.18,0.5445427780080582,0.12618624289033883,0.956517755146154,-0.47648415496199653,0.0509134869728531,0,0
sleepedf_full,shuffled,eegnet,logits,46,20,65,0.18,0.5680807886918096,0.3838478663897144,0.8244821037030001,-0.4179393093599067,0.05173862070216044,0,0
sleepedf_full,shuffled,shallowconvnet,conv_time_spat,41,0,65,0.2,0.0004843683927158363,0.0004843683927158363,0.0,0.0,-0.00022839647900112713,0,0
sleepedf_full,shuffled,shallowconvnet,bnorm,41,0,65,0.2,0.00048436839142843464,0.0004843683914284343,0.0,0.0,-0.0002283964793962383,0,0
sleepedf_full,shuffled,shallowconvnet,conv_nonlin_exp,41,0,65,0.2,0.22451969182301876,0.22451969182301879,0.0,0.0,0.22451969182301876,0,0
sleepedf_full,shuffled,shallowconvnet,pool,41,0,65,0.2,0.5328358771334735,0.5328358771334735,0.0,0.0,0.5328358771334735,0,0
sleepedf_full,shuffled,shallowconvnet,pool_nonlin_exp,41,0,65,0.2,0.9790224324493599,0.9857715069696796,4.5159655483215655,-4.829121826071034,1.2921787101988602,0,0
sleepedf_full,shuffled,shallowconvnet,logits,41,0,65,0.2,0.9673254774338949,0.9785646171754981,4.812043015264915,-5.312127857216441,1.467410319385422,0,0
sleepedf_full,shuffled,shallowconvnet,conv_time_spat,41,1,65,0.1945,0.07480358997004137,0.0005743602112980064,0.07501128225943716,1.1882358096688858e-05,-0.00021957464749255623,0,0
sleepedf_full,shuffled,shallowconvnet,bnorm,41,1,65,0.1945,0.005792946215891951,0.0005884394341675803,0.005896253201494691,-5.8687391442968824e-06,-0.00029465477037266035,0,0
sleepedf_full,shuffled,shallowconvnet,conv_nonlin_exp,41,1,65,0.1945,0.24586116534742097,0.24237865075902768,8.893636554035575e-05,0.004736433405089667,0.24103579557679097,0,0
sleepedf_full,shuffled,shallowconvnet,pool,41,1,65,0.1945,0.5965767831253881,0.594073705863376,0.0002544690782505258,0.012436016161937687,0.5838862978851997,0,0
sleepedf_full,shuffled,shallowconvnet,pool_nonlin_exp,41,1,65,0.1945,0.8685099439139041,0.984034649151412,14.673813478961186,-22.377625791955392,8.572322256908015,0,0
sleepedf_full,shuffled,shallowconvnet,logits,41,1,65,0.1945,0.8186841586403925,0.9821381142015089,16.288401883212675,-25.408652347593712,9.925490676954713,0,0
sleepedf_full,shuffled,shallowconvnet,conv_time_spat,41,2,65,0.188,0.16513961450587453,0.0005645412701085597,0.16529569238398417,1.8868982181589782e-05,-0.0001749468602915493,0,0
sleepedf_full,shuffled,shallowconvnet,bnorm,41,2,65,0.188,0.011152730834088657,0.0005708404582507546,0.011332816694753334,4.781711300729775e-06,-0.00027991820907907435,0,0
sleepedf_full,shuffled,shallowconvnet,conv_nonlin_exp,41,2,65,0.188,0.2514681046346465,0.24480816556400567,0.00046387888436951103,0.008641767806247768,0.24236245794402925,0,0
sleepedf_full,shuffled,shallowconvnet,pool,41,2,65,0.188,0.6072725656163411,0.6026400646468046,0.001271612488370786,0.022151318347281956,0.5838496347806885,0,0
sleepedf_full,shuffled,shallowconvnet,pool_nonlin_exp,41,2,65,0.188,0.8687258164032966,0.9804514643573875,14.399353472838655,-21.96004585618852,8.429418199753082,0,0
sleepedf_full,shuffled,shallowconvnet,logits,41,2,65,0.188,0.8927534744662117,0.9875362772906405,15.238886144416018,-23.297761616910652,8.947809522053669,0,0
sleepedf_full,shuffled,shallowconvnet,conv_time_spat,41,5,65,0.201,0.16042610812580696,0.00056271989648547,0.16060527600668406,1.7636344891350086e-06,-0.00018093151536637857,0,0
sleepedf_full,shuffled,shallowconvnet,bnorm,41,5,65,0.201,0.04826387230140415,0.0005665933668508816,0.04852536629298686,-1.858973626226369e-05,-0.00024290425532059323,0,0
sleepedf_full,shuffled,shallowconvnet,conv_nonlin_exp,41,5,65,0.201,0.2652114776085284,0.2336187461127459,0.004952464717402173,0.03575063874686806,0.22450837414425806,0,0
sleepedf_full,shuffled,shallowconvnet,pool,41,5,65,0.201,0.6287583275898782,0.6106897450170788,0.011316770573359334,0.08406529575766503,0.5333762612588538,0,0
sleepedf_full,shuffled,shallowconvnet,pool_nonlin_exp,41,5,65,0.201,0.8605911452448557,0.9656009907099379,11.160272750044424,-16.435068576927602,6.1353869721280345,0,0
sleepedf_full,shuffled,shallowconvnet,logits,41,5,65,0.201,0.9284354216426021,0.9914935531064154,12.88857001696193,-18.929429122998886,6.969294527679558,0,0
sleepedf_full,shuffled,shallowconvnet,conv_time_spat,41,10,65,0.224,0.17985851318146792,0.0005601381319448268,0.1799971479336492,4.386538256012869e-05,-0.00018250013474169606,0,0
sleepedf_full,shuffled,shallowconvnet,bnorm,41,10,65,0.224,0.1682749542758243,0.000567057949692061,0.1685149970735232,-4.5451381342829414e-05,-0.00019459141635632315,0,0
sleepedf_full,shuffled,shallowconvnet,conv_nonlin_exp,41,10,65,0.224,0.3064998673847497,0.19509502365800802,0.040756789099031326,0.09409374145949795,0.17164933682622027,0,0
sleepedf_full,shuffled,shallowconvnet,pool,41,10,65,0.224,0.6657247918175507,0.6052453141310813,0.07494207919783981,0.19841198388715137,0.3923707287325589,0,0
sleepedf_full,shuffled,shallowconvnet,pool_nonlin_exp,41,10,65,0.224,0.840503070045598,0.9391315974603891,7.27006848162153,-9.816073135134413,3.3865077235584327,0,0
sleepedf_full,shuffled,shallowconvnet,logits,41,10,65,0.224,0.8221720551403643,0.9568139889018296,8.33496135822325,-11.527003179728776,4.006420156225691,0,0
sleepedf_full,shuffled,shallowconvnet,conv_time_spat,41,20,65,0.1685,0.29295242995325166,0.0005703874557063607,0.29314740585743815,-4.268352352460484e-05,-0.00015229238066228527,0,0
sleepedf_full,shuffled,shallowconvnet,bnorm,41,20,65,0.1685,0.44611414420257817,0.0005788557631686355,0.44630202704966765,-7.12884908652893e-05,-0.0001165943562248423,0,0
sleepedf_full,shuffled,shallowconvnet,conv_nonlin_exp,41,20,65,0.1685,0.432637401810001,0.12581612098383402,0.189297443605549,0.1556308039733345,0.08770915423111693,0,0
sleepedf_full,shuffled,shallowconvnet,pool,41,20,65,0.1685,0.7721130792727848,0.5908030309191923,0.3000953646208064,0.2890804397166392,0.18293727493533898,0,0
sleepedf_full,shuffled,shallowconvnet,pool_nonlin_exp,41,20,65,0.1685,0.8277755152181318,0.9054380957032652,4.878460425254448,-5.9221366719264665,1.8714517618901354,0,0
sleepedf_full,shuffled,shallowconvnet,logits,41,20,65,0.1685,0.8362106019627197,0.8461994933458861,4.191717625107798,-4.711308640103818,1.3545999324987428,0,0
sleepedf_full,shuffled,shallowconvnet,conv_time_spat,42,0,65,0.204,0.0004605560398689023,0.000460556039868902,0.0,0.0,-0.00022280603432707987,0,0
sleepedf_full,shuffled,shallowconvnet,bnorm,42,0,65,0.204,0.00046055603912263215,0.00046055603912263204,0.0,0.0,-0.00022280602926187863,0,0
sleepedf_full,shuffled,shallowconvnet,conv_nonlin_exp,42,0,65,0.204,0.2129435610949145,0.21294356109491447,0.0,0.0,0.2129435610949145,0,0
sleepedf_full,shuffled,shallowconvnet,pool,42,0,65,0.204,0.5062380468571709,0.506238046857171,0.0,0.0,0.5062380468571709,0,0
sleepedf_full,shuffled,shallowconvnet,pool_nonlin_exp,42,0,65,0.204,0.9771854975709814,0.9849471365559188,4.618817320921105,-4.987289575887962,1.3456577525378697,0,0
sleepedf_full,shuffled,shallowconvnet,logits,42,0,65,0.204,0.9447770306618398,0.9715503623650186,5.115556896328986,-5.8357377808074125,1.6649579151402665,0,0
sleepedf_full,shuffled,shallowconvnet,conv_time_spat,42,1,65,0.1685,0.06554805697201825,0.0005369803619023131,0.06575572987490519,9.357770899585494e-07,-0.00020860867997699446,0,0
sleepedf_full,shuffled,shallowconvnet,bnorm,42,1,65,0.1685,0.006480749494441457,0.0005317312465849995,0.006599748316889816,5.1623102600500334e-06,-0.0002568879980137257,0,0
sleepedf_full,shuffled,shallowconvnet,conv_nonlin_exp,42,1,65,0.1685,0.24389105451380302,0.24018055343362257,9.373807724926413e-05,0.00481924542735693,0.23897807100919685,0,0
sleepedf_full,shuffled,shallowconvnet,pool,42,1,65,0.1685,0.5902914023795385,0.5863733522549188,0.00026748538424420463,0.012679430014383306,0.577344486980911,0,0
sleepedf_full,shuffled,shallowconvnet,pool_nonlin_exp,42,1,65,0.1685,0.8783023088034251,0.9817927830177461,13.782596281135238,-20.809049876795353,7.904755904463494,0,0
sleepedf_full,shuffled,shallowconvnet,logits,42,1,65,0.1685,0.9442205825434187,0.993500288039164,16.40507261333765,-25.10764116190167,9.64678913110744,0,0
sleepedf_full,shuffled,shallowconvnet,conv_time_spat,42,2,65,0.1995,0.08061563709796112,0.0005566165062044503,0.08086904296389781,-2.8840386482227723e-05,-0.00022456547945455378,0,0
sleepedf_full,shuffled,shallowconvnet,bnorm,42,2,65,0.1995,0.01434539228814729,0.0005607726716244952,0.014533253422024602,-3.5598751087564342e-06,-0.00027587518724511066,0,0
sleepedf_full,shuffled,shallowconvnet,conv_nonlin_exp,42,2,65,0.1995,0.24714135647950516,0.23877422882913107,0.0004778019364849935,0.010657932017265554,0.2360056225257546,0,0
sleepedf_full,shuffled,shallowconvnet,pool,42,2,65,0.1995,0.5980966466737713,0.5912276728187075,0.0013068769556624402,0.027572986213445564,0.5692167835046633,0,0
sleepedf_full,shuffled,shallowconvnet,pool_nonlin_exp,42,2,65,0.1995,0.8679641937663782,0.9759584923062958,12.317391057970157,-18.29773662147463,6.848309757270789,0,0
sleepedf_full,shuffled,shallowconvnet,logits,42,2,65,0.1995,0.7320203090345297,0.8757082247177245,6.6587143005886125,-9.249972646533521,3.314522807286265,0,0
sleepedf_full,shuffled,shallowconvnet,conv_time_spat,42,5,65,0.2125,0.2803235613486456,0.0005351134180194911,0.28054988669621794,-8.172853268468793e-05,-0.0001445968148884564,0,0
sleepedf_full,shuffled,shallowconvnet,bnorm,42,5,65,0.2125,0.040727169262509674,0.0005329182275643047,0.0409458270684835,5.8337766438523015e-06,-0.0002391245812933143,0,0
sleepedf_full,shuffled,shallowconvnet,conv_nonlin_exp,42,5,65,0.2125,0.25255358531620664,0.22908936751504713,0.0030740664744489535,0.027330082129958685,0.22214943671179888,0,0
sleepedf_full,shuffled,shallowconvnet,pool,42,5,65,0.2125,0.6060070513150188,0.5913093214326307,0.007384870315545273,0.06646186317831526,0.532160317821158,0,0
sleepedf_full,shuffled,shallowconvnet,pool_nonlin_exp,42,5,65,0.2125,0.8446012521700405,0.9612893575780764,10.081658896055318,-14.553797850761962,5.316740206876673,0,0
sleepedf_full,shuffled,shallowconvnet,logits,42,5,65,0.2125,0.6589895974593566,0.9482846617504882,11.96507994897215,-19.17014892606187,7.824666485854267,0,0
sleepedf_full,shuffled,shallowconvnet,conv_time_spat,42,10,65,0.209,0.23905750484986332,0.0005350723109577111,0.2393011080405071,-8.09344192670882e-05,-0.00016266877137719585,0,0
sleepedf_full,shuffled,shallowconvnet,bnorm,42,10,65,0.209,0.16063219359922398,0.0005353072345863612,0.1608425500616701,-2.085088737019505e-05,-0.00018950557507628962,0,0
sleepedf_full,shuffled,shallowconvnet,conv_nonlin_exp,42,10,65,0.209,0.2926574523995885,0.19319890346356658,0.032404220857924396,0.08710061641092448,0.17315261513073946,0,0
sleepedf_full,shuffled,shallowconvnet,pool,42,10,65,0.209,0.6540513508680912,0.5963444832948654,0.062396945362943004,0.19064730130396113,0.40100710420118646,0,0
sleepedf_full,shuffled,shallowconvnet,pool_nonlin_exp,42,10,65,0.209,0.8418187169878024,0.9377715189752044,7.19284814203579,-9.712751678605938,3.3617222535579026,0,0
sleepedf_full,shuffled,shallowconvnet,logits,42,10,65,0.209,0.8315261745327056,0.8940590818128639,6.394263090205659,-8.441005878028028,2.8523203142706843,0,0
sleepedf_full,shuffled,shallowconvnet,conv_time_spat,42,20,65,0.2075,0.2913081989296371,0.0005338310037624873,0.29154076741988577,-7.842694012090351e-05,-0.00015414155012866018,0,0
sleepedf_full,shuffled,shallowconvnet,bnorm,42,20,65,0.2075,0.4344660809186912,0.0005312644623139792,0.43460494052425663,-2.1427491314166644e-05,-0.00011743211425227914,0,0
sleepedf_full,shuffled,shallowconvnet,conv_nonlin_exp,42,20,65,0.2075,0.41201503872913686,0.12462900749441581,0.1653999667470595,0.15599901211768166,0.09061605986439521,0,0
sleepedf_full,shuffled,shallowconvnet,pool,42,20,65,0.2075,0.7591499619479282,0.5739375086588415,0.2694353730993238,0.2979180437265783,0.1917965451220248,0,0
sleepedf_full,shuffled,shallowconvnet,pool_nonlin_exp,42,20,65,0.2075,0.8274783420411677,0.9034522753572709,4.847303014936742,-5.873445280165797,1.8536206072702297,0,0
sleepedf_full,shuffled,shallowconvnet,logits,42,20,65,0.2075,0.7850975584493203,0.8696380760523297,4.905300814591503,-6.449173230894693,2.3064742805295975,0,0
sleepedf_full,shuffled,shallowconvnet,conv_time_spat,43,0,65,0.2005,0.000496340804973199,0.0004963408049731988,0.0,0.0,-0.00024967086669648684,0,0
sleepedf_full,shuffled,shallowconvnet,bnorm,43,0,65,0.2005,0.0004963408097755826,0.0004963408097755827,0.0,0.0,-0.000249670865765501,0,0
sleepedf_full,shuffled,shallowconvnet,conv_nonlin_exp,43,0,65,0.2005,0.20418343683010515,0.20418343683010515,0.0,0.0,0.20418343683010515,0,0
sleepedf_full,shuffled,shallowconvnet,pool,43,0,65,0.2005,0.49092736017522837,0.4909273601752283,0.0,0.0,0.49092736017522837,0,0
sleepedf_full,shuffled,shallowconvnet,pool_nonlin_exp,43,0,65,0.2005,0.9807501740899984,0.9852421111220556,4.484666275241529,-4.783518004025287,1.2796019028737864,0,0
sleepedf_full,shuffled,shallowconvnet,logits,43,0,65,0.2005,0.9855177629416912,0.9876443410986112,4.407868027421944,-4.656460693066374,1.2341104285861202,0,0
sleepedf_full,shuffled,shallowconvnet,conv_time_spat,43,1,65,0.186,0.15062122213689014,0.0005513485383114129,0.15083987644044855,-2.75073908021299e-05,-0.00019114691275648197,0,0
sleepedf_full,shuffled,shallowconvnet,bnorm,43,1,65,0.186,0.005875833939398776,0.0005521560111458371,0.0059775805210157285,-1.1563334045967026e-06,-0.00028549987645520446,0,0
sleepedf_full,shuffled,shallowconvnet,conv_nonlin_exp,43,1,65,0.186,0.24228062631202302,0.23904123444596506,7.821013239225051e-05,0.004239058997656243,0.2379633571819745,0,0
sleepedf_full,shuffled,shallowconvnet,pool,43,1,65,0.186,0.5896159542695151,0.5863156402141497,0.00022091888088623908,0.011135578128319433,0.5782594572603094,0,0
sleepedf_full,shuffled,shallowconvnet,pool_nonlin_exp,43,1,65,0.186,0.8790124869556923,0.9830662388394321,14.349827708693239,-21.81647284090488,8.345657619167277,0,0
sleepedf_full,shuffled,shallowconvnet,logits,43,1,65,0.186,0.9609169917323414,0.9947017952293065,15.291808294230565,-23.061058322067282,8.730167019569059,0,0
sleepedf_full,shuffled,shallowconvnet,conv_time_spat,43,2,65,0.2205,0.18623747066119567,0.0005365784004499151,0.18644630591055225,-3.7660737409288405e-05,-0.00017117451194766583,0,0
sleepedf_full,shuffled,shallowconvnet,bnorm,43,2,65,0.2205,0.011274134471522793,0.0005404828179021237,0.01144496246629732,-9.852511860168107e-07,-0.00026813494819561697,0,0
sleepedf_full,shuffled,shallowconvnet,conv_nonlin_exp,43,2,65,0.2205,0.24858824467185708,0.24224766794041927,0.0005189757578801799,0.008188463404602017,0.23988080550937493,0,0
sleepedf_full,shuffled,shallowconvnet,pool,43,2,65,0.2205,0.6041383405651071,0.5999983701993274,0.0013951947819661865,0.021036007055275016,0.5817071387278661,0,0
sleepedf_full,shuffled,shallowconvnet,pool_nonlin_exp,43,2,65,0.2205,0.8704237935504616,0.983758377052164,15.324560527708307,-23.60294717752318,9.148810443365244,0,0
sleepedf_full,shuffled,shallowconvnet,logits,43,2,65,0.2205,0.9505869346254925,0.992051500819367,15.161597801416223,-22.879382950787196,8.668372083996463,0,0
sleepedf_full,shuffled,shallowconvnet,conv_time_spat,43,5,65,0.1815,0.3183135806941472,0.0005287991832782274,0.31851585424188156,-6.537393145419346e-05,-0.00013689961628050824,0,0
sleepedf_full,shuffled,shallowconvnet,bnorm,43,5,65,0.1815,0.044171957093338,0.0005356884727772559,0.04440188436524787,8.466435769303217e-06,-0.0002458907396351912,0,0
sleepedf_full,shuffled,shallowconvnet,conv_nonlin_exp,43,5,65,0.1815,0.2597328173023354,0.23268195456705687,0.0045291382267124555,0.030729391035950245,0.22447428803967262,0,0
sleepedf_full,shuffled,shallowconvnet,pool,43,5,65,0.1815,0.6225648231547781,0.6086544928820862,0.010427800606316047,0.07367427180767105,0.5384627507407909,0,0
sleepedf_full,shuffled,shallowconvnet,pool_nonlin_exp,43,5,65,0.1815,0.8488023809516386,0.9646927845287868,10.122723399231617,-14.54884435700169,5.2749233387216705,0,0
sleepedf_full,shuffled,shallowconvnet,logits,43,5,65,0.1815,0.9392245274835987,0.9922870869407077,12.122032600658017,-17.615805980467755,6.431343686048834,0,0
sleepedf_full,shuffled,shallowconvnet,conv_time_spat,43,10,65,0.193,0.21627655498795736,0.0005219190819075936,0.21643712264813383,1.2103610472283895e-05,-0.00017267127064916874,0,0
sleepedf_full,shuffled,shallowconvnet,bnorm,43,10,65,0.193,0.1705984235074674,0.000525405757566617,0.17076500113428017,2.365243667399019e-05,-0.00019023006348713498,0,0
sleepedf_full,shuffled,shallowconvnet,conv_nonlin_exp,43,10,65,0.193,0.3012150008101499,0.1911331639914412,0.04441317622669438,0.0891051273488479,0.1676966972346074,0,0
sleepedf_full,shuffled,shallowconvnet,pool,43,10,65,0.193,0.6548011957789663,0.6048728728513006,0.08140688836384435,0.18948572152459192,0.3839085858905297,0,0
sleepedf_full,shuffled,shallowconvnet,pool_nonlin_exp,43,10,65,0.193,0.8361038213615529,0.9465490679067333,8.26260475088282,-11.617624459317978,4.191123529796688,0,0
sleepedf_full,shuffled,shallowconvnet,logits,43,10,65,0.193,0.9473276211116886,0.9612206747428308,8.030954314463996,-10.604910476956562,3.520569983924667,0,0
sleepedf_full,shuffled,shallowconvnet,conv_time_spat,43,20,65,0.209,0.303464076275075,0.0005090500875932102,0.30362456875987814,-1.2738991905107611e-05,-0.0001477534928984506,0,0
sleepedf_full,shuffled,shallowconvnet,bnorm,43,20,65,0.209,0.43203945730841126,0.0005173259434567013,0.43211687308370084,4.05445413354905e-05,-0.00011796031662653303,0,0
sleepedf_full,shuffled,shallowconvnet,conv_nonlin_exp,43,20,65,0.209,0.41810925712631264,0.12574834855470474,0.1734329483819389,0.15453802028923244,0.09013828845514088,0,0
sleepedf_full,shuffled,shallowconvnet,pool,43,20,65,0.209,0.7595037387060039,0.5937105035025029,0.27903000154109625,0.29145881264231815,0.18901492452258895,0,0
sleepedf_full,shuffled,shallowconvnet,pool_nonlin_exp,43,20,65,0.209,0.830122544684703,0.9206502815754936,5.796214844264697,-7.562596629072737,2.5965043294927184,0,0
sleepedf_full,shuffled,shallowconvnet,logits,43,20,65,0.209,0.8940420492737,0.9359638743620748,6.686051470734281,-8.754336183179598,2.958269129771052,0,0
sleepedf_full,shuffled,shallowconvnet,conv_time_spat,44,0,65,0.2,0.0005265010516449415,0.0005265010516449412,0.0,0.0,-0.0002608116612536129,0,0
sleepedf_full,shuffled,shallowconvnet,bnorm,44,0,65,0.2,0.0005265010528379717,0.0005265010528379716,0.0,0.0,-0.00026081166114184104,0,0
sleepedf_full,shuffled,shallowconvnet,conv_nonlin_exp,44,0,65,0.2,0.23001621699047659,0.23001621699047659,0.0,0.0,0.23001621699047659,0,0
sleepedf_full,shuffled,shallowconvnet,pool,44,0,65,0.2,0.5531014524912395,0.5531014524912395,0.0,0.0,0.5531014524912395,0,0
sleepedf_full,shuffled,shallowconvnet,pool_nonlin_exp,44,0,65,0.2,0.9804461366443027,0.9860058641931337,4.495336353737359,-4.797064238219614,1.2821740211265886,0,0
sleepedf_full,shuffled,shallowconvnet,logits,44,0,65,0.2,0.9722127834064762,0.9791920509058061,4.372631210834447,-4.640182679087284,1.2397642516593146,0,0
sleepedf_full,shuffled,shallowconvnet,conv_time_spat,44,1,65,0.2385,0.13145265150011734,0.000547341422761371,0.13165095552004466,-7.530272707020834e-06,-0.00019077374722062848,0,0
sleepedf_full,shuffled,shallowconvnet,bnorm,44,1,65,0.2385,0.007358633464932334,0.0005455389799365667,0.007446402741313446,3.5581766023013956e-06,-0.00027561759396757855,0,0
sleepedf_full,shuffled,shallowconvnet,conv_nonlin_exp,44,1,65,0.2385,0.2450653569035158,0.24077624304065007,0.00016862023396121446,0.0058352433642559634,0.2390614933052986,0,0
sleepedf_full,shuffled,shallowconvnet,pool,44,1,65,0.2385,0.595037642261369,0.5926181515990903,0.00047818117448768563,0.015360098048076917,0.5791993630388044,0,0
sleepedf_full,shuffled,shallowconvnet,pool_nonlin_exp,44,1,65,0.2385,0.8823913362018884,0.9836992299328514,14.252894779884967,-21.606767476555806,8.236264032872636,0,0
sleepedf_full,shuffled,shallowconvnet,logits,44,1,65,0.2385,0.9741453137301713,0.9973179316839118,17.30679466918013,-26.479761128795637,10.147111773345674,0,0
sleepedf_full,shuffled,shallowconvnet,conv_time_spat,44,2,65,0.17,0.188376998859864,0.0005351370351107963,0.18851863992906776,2.6204610543408364e-05,-0.0001678456797474897,0,0
sleepedf_full,shuffled,shallowconvnet,bnorm,44,2,65,0.17,0.012776972198490031,0.0005222169105632936,0.012920297285056928,8.558608678352275e-06,-0.0002624258554211926,0,0
sleepedf_full,shuffled,shallowconvnet,conv_nonlin_exp,44,2,65,0.17,0.24840441652330916,0.24066588080225443,0.0005874975694153964,0.01005616102754258,0.2377607579263512,0,0
sleepedf_full,shuffled,shallowconvnet,pool,44,2,65,0.17,0.6022261331823135,0.5978206976023273,0.0015859831032787488,0.025814516803272,0.5748256332757629,0,0
sleepedf_full,shuffled,shallowconvnet,pool_nonlin_exp,44,2,65,0.17,0.8726340398787182,0.9796910546451245,13.798625003350084,-20.876596003105625,7.950605039634192,0,0
sleepedf_full,shuffled,shallowconvnet,logits,44,2,65,0.17,0.9723054630181744,0.9967441663552498,15.995533320565343,-24.17885121352806,9.155623355980886,0,0
sleepedf_full,shuffled,shallowconvnet,conv_time_spat,44,5,65,0.152,0.18858882976569646,0.0005548016833129927,0.18877307353992157,7.263192535241717e-06,-0.00019150696676048084,0,0
sleepedf_full,shuffled,shallowconvnet,bnorm,44,5,65,0.152,0.04181900357305286,0.0005492959643664267,0.04205960934637491,6.257514598582362e-06,-0.0002645883691197573,0,0
sleepedf_full,shuffled,shallowconvnet,conv_nonlin_exp,44,5,65,0.152,0.25344770150818774,0.22820133440970355,0.005677858278892416,0.02826095261342325,0.219508890615872,0,0
sleepedf_full,shuffled,shallowconvnet,pool,44,5,65,0.152,0.6019739838337099,0.5944155945496163,0.012662965605094103,0.06644595125353152,0.5228650669750841,0,0
sleepedf_full,shuffled,shallowconvnet,pool_nonlin_exp,44,5,65,0.152,0.8360158238484483,0.9711177929819774,13.015457913806818,-19.742849981026765,7.563407891068335,0,0
sleepedf_full,shuffled,shallowconvnet,logits,44,5,65,0.152,0.9192488649318535,0.9881104559347462,12.877408639542683,-19.040823263081812,7.082663488470984,0,0
sleepedf_full,shuffled,shallowconvnet,conv_time_spat,44,10,65,0.2155,0.1821788384795098,0.0005308961051350116,0.18235605005578304,1.1552609087360627e-05,-0.00018876418536072453,0,0
sleepedf_full,shuffled,shallowconvnet,bnorm,44,10,65,0.2155,0.16396069135693,0.0005249316461682934,0.1641371743365511,1.4809451105918553e-05,-0.00019129243072723393,0,0
sleepedf_full,shuffled,shallowconvnet,conv_nonlin_exp,44,10,65,0.2155,0.2985453696628238,0.1907429340842317,0.04178121533084278,0.08856527595368979,0.16819887837829106,0,0
sleepedf_full,shuffled,shallowconvnet,pool,44,10,65,0.2155,0.6508240994929051,0.5985165749132151,0.0772676103978831,0.18880756023723433,0.3847489288577878,0,0
sleepedf_full,shuffled,shallowconvnet,pool_nonlin_exp,44,10,65,0.2155,0.8301139682168573,0.9394198846020935,8.045150162891888,-11.242794156181041,4.027757961505967,0,0
sleepedf_full,shuffled,shallowconvnet,logits,44,10,65,0.2155,0.8968889419514149,0.9716272777389934,8.10031292724187,-10.877210382581586,3.6737863972911313,0,0
sleepedf_full,shuffled,shallowconvnet,conv_time_spat,44,20,65,0.1925,0.26430032344340737,0.0005209084778296295,0.2644569865635713,4.161572408704477e-06,-0.00016082469257321092,0,0
sleepedf_full,shuffled,shallowconvnet,bnorm,44,20,65,0.1925,0.4363077118839571,0.0005235028894048202,0.4364134474643249,1.0044189307116265e-05,-0.00011577976967607269,0,0
sleepedf_full,shuffled,shallowconvnet,conv_nonlin_exp,44,20,65,0.1925,0.4228717361881792,0.12522779854850186,0.1798022295476415,0.15369510136041364,0.08937440528012303,0,0
sleepedf_full,shuffled,shallowconvnet,pool,44,20,65,0.1925,0.766419457098514,0.5954322803956074,0.28938636608563123,0.288932448562027,0.18810064245085495,0,0
sleepedf_full,shuffled,shallowconvnet,pool_nonlin_exp,44,20,65,0.1925,0.8383302445953752,0.911791998356389,4.940394835665093,-6.003462159274217,1.9013975682044797,0,0
sleepedf_full,shuffled,shallowconvnet,logits,44,20,65,0.1925,0.900847068147696,0.9023374677011416,4.775880254700595,-5.526842754410974,1.6518095678580749,0,0
sleepedf_full,shuffled,shallowconvnet,conv_time_spat,45,0,65,0.2005,0.0004550617217845592,0.0004550617217845593,0.0,0.0,-0.00021824213824840497,0,0
sleepedf_full,shuffled,shallowconvnet,bnorm,45,0,65,0.2005,0.0004550617254358516,0.0004550617254358517,0.0,0.0,-0.00021824213951602552,0,0
sleepedf_full,shuffled,shallowconvnet,conv_nonlin_exp,45,0,65,0.2005,0.22311866012167694,0.22311866012167694,0.0,0.0,0.22311866012167694,0,0
sleepedf_full,shuffled,shallowconvnet,pool,45,0,65,0.2005,0.5374173866575871,0.5374173866575871,0.0,0.0,0.5374173866575871,0,0
sleepedf_full,shuffled,shallowconvnet,pool_nonlin_exp,45,0,65,0.2005,0.980664346020873,0.9861605662782825,4.565996360712566,-4.905974783482397,1.3206427687907358,0,0
sleepedf_full,shuffled,shallowconvnet,logits,45,0,65,0.2005,0.9860718186011359,0.9901875362732941,4.385215664955812,-4.619970829805441,1.2208269834507648,0,0
sleepedf_full,shuffled,shallowconvnet,conv_time_spat,45,1,65,0.1915,0.07000775082473276,0.0005091050021116285,0.07021021312889271,3.891526282945329e-06,-0.0002063538304430298,0,0
sleepedf_full,shuffled,shallowconvnet,bnorm,45,1,65,0.1915,0.005292814275757766,0.0005125260860080426,0.005384341909010305,5.631823150895316e-06,-0.00026844354656975445,0,0
sleepedf_full,shuffled,shallowconvnet,conv_nonlin_exp,45,1,65,0.1915,0.24357605450582387,0.24041465828004263,7.694231907817306e-05,0.004096741405570212,0.2394023707811755,0,0
sleepedf_full,shuffled,shallowconvnet,pool,45,1,65,0.1915,0.5925497390984624,0.5891692438848481,0.00022307592873188292,0.010835990908517633,0.581490672261213,0,0
sleepedf_full,shuffled,shallowconvnet,pool_nonlin_exp,45,1,65,0.1915,0.8753712285848287,0.9842868642703533,15.433685580280212,-23.723414761580443,9.165100409884973,0,0
sleepedf_full,shuffled,shallowconvnet,logits,45,1,65,0.1915,0.894868860157024,0.9884340615877153,14.167935264668712,-21.31267180748397,8.03960540297228,0,0
sleepedf_full,shuffled,shallowconvnet,conv_time_spat,45,2,65,0.2175,0.15437036662125223,0.0005099959044529657,0.15457162892746437,-3.2334405011275825e-05,-0.00016892790120097428,0,0
sleepedf_full,shuffled,shallowconvnet,bnorm,45,2,65,0.2175,0.010601157968318401,0.0005131304903131974,0.01075311544451038,1.0588315231345558e-07,-0.0002616778853431967,0,0
sleepedf_full,shuffled,shallowconvnet,conv_nonlin_exp,45,2,65,0.2175,0.2525864521877548,0.24546256906180244,0.0002638380214565097,0.009197684724749066,0.24312492944154912,0,0
sleepedf_full,shuffled,shallowconvnet,pool,45,2,65,0.2175,0.6147481937887841,0.6087421973553704,0.0007434676038340043,0.024047466060285166,0.589957260124665,0,0
sleepedf_full,shuffled,shallowconvnet,pool_nonlin_exp,45,2,65,0.2175,0.8682769591366377,0.9784726075338784,12.809715467104681,-19.09820174314484,7.156763235176761,0,0
sleepedf_full,shuffled,shallowconvnet,logits,45,2,65,0.2175,0.8646212662992293,0.979520243180269,12.102066218163028,-17.85413265889959,6.616687707035791,0,0
sleepedf_full,shuffled,shallowconvnet,conv_time_spat,45,5,65,0.233,0.19508031247753324,0.0005157826368986962,0.19529415850041631,-4.767948226657867e-05,-0.00016616654061691824,0,0
sleepedf_full,shuffled,shallowconvnet,bnorm,45,5,65,0.233,0.031210897713495778,0.0005145326090071837,0.031431712989221545,9.796695866016674e-06,-0.000249422815765437,0,0
sleepedf_full,shuffled,shallowconvnet,conv_nonlin_exp,45,5,65,0.233,0.2580706144200041,0.23682781442667736,0.0022407030410010968,0.02528210740192749,0.23054780397707544,0,0
sleepedf_full,shuffled,shallowconvnet,pool,45,5,65,0.233,0.622808065158402,0.6081612920582683,0.005538579360152342,0.06210912371639682,0.5551603620818527,0,0
sleepedf_full,shuffled,shallowconvnet,pool_nonlin_exp,45,5,65,0.233,0.8485817933317394,0.967290987571967,11.1691639278361,-16.37741159053019,6.056829456025779,0,0
sleepedf_full,shuffled,shallowconvnet,logits,45,5,65,0.233,0.8645207498433046,0.9703968593214434,10.197701865172023,-14.598587341613424,5.261282701278331,0,0
sleepedf_full,shuffled,shallowconvnet,conv_time_spat,45,10,65,0.193,0.22341142413283027,0.0005136817172362342,0.22364015854215183,-5.6786199116560935e-05,-0.0001719482102052601,0,0
sleepedf_full,shuffled,shallowconvnet,bnorm,45,10,65,0.193,0.11743533374761847,0.0005155838340838198,0.11760659580176705,4.3724858219130856e-05,-0.0002149869123679469,0,0
sleepedf_full,shuffled,shallowconvnet,conv_nonlin_exp,45,10,65,0.193,0.28700309865462087,0.20951625568823756,0.02636908739356935,0.0700396341740936,0.19059437708695776,0,0
sleepedf_full,shuffled,shallowconvnet,pool,45,10,65,0.193,0.6441157194282793,0.6091185622338557,0.050105230107528195,0.1520311123076172,0.4419793770131335,0,0
sleepedf_full,shuffled,shallowconvnet,pool_nonlin_exp,45,10,65,0.193,0.8306443030161207,0.9455923022902621,9.32962402055162,-13.421492865697047,4.9225131481615065,0,0
sleepedf_full,shuffled,shallowconvnet,logits,45,10,65,0.193,0.9152383462084724,0.9741667552005772,9.965775280162443,-14.06791290631691,5.0166930213835625,0,0
sleepedf_full,shuffled,shallowconvnet,conv_time_spat,45,20,65,0.2105,0.20651148018292928,0.0005064116631981681,0.20665020133147965,4.009538326351384e-05,-0.0001788165318142076,0,0
sleepedf_full,shuffled,shallowconvnet,bnorm,45,20,65,0.2105,0.38231507177144614,0.000507764837152707,0.38240338371512106,4.425661026710141e-05,-0.0001325685539426481,0,0
sleepedf_full,shuffled,shallowconvnet,conv_nonlin_exp,45,20,65,0.2105,0.3937788466549738,0.13484777900750775,0.1446386804619803,0.1479772905124863,0.1011628756805068,0,0
sleepedf_full,shuffled,shallowconvnet,pool,45,20,65,0.2105,0.7392284673581913,0.5886303770898333,0.23775480675190305,0.28468820253783017,0.2167854580684571,0,0
sleepedf_full,shuffled,shallowconvnet,pool_nonlin_exp,45,20,65,0.2105,0.8321897698818758,0.9315202265118547,6.549422407291541,-8.840156632184623,3.122923994774928,0,0
sleepedf_full,shuffled,shallowconvnet,logits,45,20,65,0.2105,0.8770863656854144,0.9307918267377473,7.0522923397617445,-9.58213922551245,3.401035175009828,0,0
sleepedf_full,shuffled,shallowconvnet,conv_time_spat,46,0,65,0.199,0.0004694479512672569,0.00046944795126725703,0.0,0.0,-0.00022921988285416427,0,0
sleepedf_full,shuffled,shallowconvnet,bnorm,46,0,65,0.199,0.0004694479464083292,0.0004694479464083291,0.0,0.0,-0.00022921988421245034,0,0
sleepedf_full,shuffled,shallowconvnet,conv_nonlin_exp,46,0,65,0.199,0.21542635439789987,0.21542635439789987,0.0,0.0,0.21542635439789987,0,0
sleepedf_full,shuffled,shallowconvnet,pool,46,0,65,0.199,0.516069519076056,0.5160695190760559,0.0,0.0,0.516069519076056,0,0
sleepedf_full,shuffled,shallowconvnet,pool_nonlin_exp,46,0,65,0.199,0.9800476659374292,0.9851805303944157,4.425330261793942,-4.690626084044149,1.2453434881876662,0,0
sleepedf_full,shuffled,shallowconvnet,logits,46,0,65,0.199,0.9885205372644442,0.9928167392062398,4.448606874458433,-4.711880734906103,1.2517943977121146,0,0
sleepedf_full,shuffled,shallowconvnet,conv_time_spat,46,1,65,0.2355,0.09044641393148038,0.0005675869353914554,0.0906621333323609,6.371285489010413e-06,-0.0002220906863696634,0,0
sleepedf_full,shuffled,shallowconvnet,bnorm,46,1,65,0.2355,0.006530253213419807,0.0005574855644511528,0.006649884217464708,7.238362157798113e-06,-0.00028936966265480173,0,0
sleepedf_full,shuffled,shallowconvnet,conv_nonlin_exp,46,1,65,0.2355,0.23963328208490492,0.23624654219343336,0.00018865158455999277,0.004612833297475754,0.23483179720286917,0,0
sleepedf_full,shuffled,shallowconvnet,pool,46,1,65,0.2355,0.5799518308746463,0.5780966981352436,0.0005273490954028444,0.012079232098916433,0.567345249680327,0,0
sleepedf_full,shuffled,shallowconvnet,pool_nonlin_exp,46,1,65,0.2355,0.8702962375305432,0.9855514121162295,15.6312276008743,-24.10467342431831,9.343742060974465,0,0
sleepedf_full,shuffled,shallowconvnet,logits,46,1,65,0.2355,0.9219809969831751,0.9897274544803583,14.782708444034615,-22.32166634673651,8.460938899685072,0,0
sleepedf_full,shuffled,shallowconvnet,conv_time_spat,46,2,65,0.212,0.1103887386705849,0.0005545212773055435,0.1105969211685415,4.556897345842175e-06,-0.0002127393953024748,0,0
sleepedf_full,shuffled,shallowconvnet,bnorm,46,2,65,0.212,0.009377431394401631,0.0005521606670197296,0.009511799632025085,4.035460817216627e-06,-0.0002942375597914921,0,0
sleepedf_full,shuffled,shallowconvnet,conv_nonlin_exp,46,2,65,0.212,0.2506646086641855,0.24503711003369816,0.00023512683899826916,0.007349074760891429,0.24308040706429582,0,0
sleepedf_full,shuffled,shallowconvnet,pool,46,2,65,0.212,0.6053213495156197,0.6005949109830214,0.0006608844505675022,0.019126290291220795,0.5855341747738313,0,0
sleepedf_full,shuffled,shallowconvnet,pool_nonlin_exp,46,2,65,0.212,0.86219796168849,0.9813679704770597,15.027417238175502,-23.092221182023486,8.927001905536407,0,0
sleepedf_full,shuffled,shallowconvnet,logits,46,2,65,0.212,0.9678043934370119,0.9960634487246727,16.227068259665472,-24.603522473049683,9.344258606821224,0,0
sleepedf_full,shuffled,shallowconvnet,conv_time_spat,46,5,65,0.202,0.18908373538805778,0.0005428630221876746,0.18923978275271117,2.987841264151612e-05,-0.00018592577729532997,0,0
sleepedf_full,shuffled,shallowconvnet,bnorm,46,5,65,0.202,0.0369256025486315,0.0005330864671922508,0.03716882883171315,-1.1547017334500849e-07,-0.00026119617073982375,0,0
sleepedf_full,shuffled,shallowconvnet,conv_nonlin_exp,46,5,65,0.202,0.2598476451424997,0.23677775449032423,0.003451775955820741,0.026766378381729343,0.22962949080494957,0,0
sleepedf_full,shuffled,shallowconvnet,pool,46,5,65,0.202,0.622331720772371,0.6077669912574539,0.008215878677715954,0.06461059976920067,0.5495052423254544,0,0
sleepedf_full,shuffled,shallowconvnet,pool_nonlin_exp,46,5,65,0.202,0.8437264176408589,0.9663885017260861,10.36193086717739,-14.953793851733588,5.435589402197024,0,0
sleepedf_full,shuffled,shallowconvnet,logits,46,5,65,0.202,0.8956860235372283,0.9701914828263986,10.257195594386953,-14.537907102877188,5.1759142717700595,0,0
sleepedf_full,shuffled,shallowconvnet,conv_time_spat,46,10,65,0.227,0.28686179261799993,0.0005413940412758405,0.28701965987422995,5.230109432720232e-07,-0.00015839026717338756,0,0
sleepedf_full,shuffled,shallowconvnet,bnorm,46,10,65,0.227,0.1457704952958376,0.0005442769246395818,0.14597224505630874,7.0745453138490965e-06,-0.00020882430578519456,0,0
sleepedf_full,shuffled,shallowconvnet,conv_nonlin_exp,46,10,65,0.227,0.2947720779980462,0.204231315075555,0.03540287127714591,0.07684831706738691,0.18252088965351299,0,0
sleepedf_full,shuffled,shallowconvnet,pool,46,10,65,0.227,0.6480224722409622,0.6073833115213715,0.0655246154458346,0.16427553976149561,0.41822231703363194,0,0
sleepedf_full,shuffled,shallowconvnet,pool_nonlin_exp,46,10,65,0.227,0.8409026287270476,0.9479162500676689,8.3632896825164,-11.780296367557366,4.257909313767964,0,0
sleepedf_full,shuffled,shallowconvnet,logits,46,10,65,0.227,0.9149042546314967,0.8946860910751784,5.800602767811772,-7.083156740651651,2.197329091736215,0,0
sleepedf_full,shuffled,shallowconvnet,conv_time_spat,46,20,65,0.208,0.3367275565309014,0.0005374177593190866,0.3369213956407152,-5.065517055671461e-05,-0.00014318393925725827,0,0
sleepedf_full,shuffled,shallowconvnet,bnorm,46,20,65,0.208,0.45042154627319336,0.00054232945824225,0.450492549178186,4.378578470045327e-05,-0.0001147886896944764,0,0
sleepedf_full,shuffled,shallowconvnet,conv_nonlin_exp,46,20,65,0.208,0.42624122187637564,0.1198954375402396,0.17952796778102703,0.16151067108534978,0.08520258300999832,0,0
sleepedf_full,shuffled,shallowconvnet,pool,46,20,65,0.208,0.7702853377028168,0.5806264452164559,0.28836451409876085,0.30378758840139175,0.1781332352026631,0,0
sleepedf_full,shuffled,shallowconvnet,pool_nonlin_exp,46,20,65,0.208,0.830280265999019,0.8589177746113307,3.719888014514521,-3.99745469911008,1.1078469505945652,0,0
sleepedf_full,shuffled,shallowconvnet,logits,46,20,65,0.208,0.8827871230822913,0.915150407952877,4.025396591441448,-4.33920751890144,1.1940249981018125,0,0
sleepedf_full,shuffled,eegconformer,patch_embedding,41,0,65,0.2,0.9956728887522652,0.20173980330697908,1.0053760679788797,-0.009872219488458922,0.00016904026184199806,0,0
sleepedf_full,shuffled,eegconformer,transformer.0,41,0,65,0.2,0.9991307899303361,0.5253954553026192,1.0079385013491464,-0.008982461027126906,0.00017474960831603912,0,0
sleepedf_full,shuffled,eegconformer,transformer.2,41,0,65,0.2,0.9996265262557565,0.626076798133643,1.0033218357919176,-0.0037848780615916547,8.95685254295525e-05,0,0
sleepedf_full,shuffled,eegconformer,transformer.5,41,0,65,0.2,0.9996978223446212,0.6104275222959522,1.002257424089481,-0.0026312305761328958,7.1628831269802e-05,0,0
sleepedf_full,shuffled,eegconformer,fc,41,0,65,0.2,0.9996684002393041,0.6863720963929758,1.00516840495295,-0.005601843571311558,0.00010183885766557576,0,0
sleepedf_full,shuffled,eegconformer,logits,41,0,65,0.2,0.9995909298517374,0.5468049665843451,1.0118567039579043,-0.012349726684711656,8.3952578544783e-05,0,0
sleepedf_full,shuffled,eegconformer,patch_embedding,41,1,65,0.217,0.9198110439046736,0.28247003341781335,0.948024649918894,-0.03131484206179642,0.003101236047571541,0,0
sleepedf_full,shuffled,eegconformer,transformer.0,41,1,65,0.217,0.9633819335928813,0.717807841919533,1.0787199824224316,-0.12138805421518899,0.0060500053856344235,0,0
sleepedf_full,shuffled,eegconformer,transformer.2,41,1,65,0.217,0.9733190503404388,0.6481922040113623,1.0597366202940781,-0.09021189740221525,0.003794327448573531,0,0
sleepedf_full,shuffled,eegconformer,transformer.5,41,1,65,0.217,0.9804112586310408,0.6626476745131157,1.0031868781964621,-0.02556704649419595,0.002791426928775377,0,0
sleepedf_full,shuffled,eegconformer,fc,41,1,65,0.217,0.9932917461108579,0.6478044176384855,1.021273704552553,-0.0292431309956032,0.0012611725539082123,0,0
sleepedf_full,shuffled,eegconformer,logits,41,1,65,0.217,0.9956904040813103,0.7544884379615786,1.0875898673430298,-0.09345405348332242,0.001554590221602878,0,0
sleepedf_full,shuffled,eegconformer,patch_embedding,41,2,65,0.1945,0.9035142489657857,0.3055301536422109,0.9393412798460988,-0.039510985108033664,0.0036839542277199476,0,0
sleepedf_full,shuffled,eegconformer,transformer.0,41,2,65,0.1945,0.9467942237251032,0.7607674636679125,1.0648015818988055,-0.12604502498617762,0.008037666812471804,0,0
sleepedf_full,shuffled,eegconformer,transformer.2,41,2,65,0.1945,0.9538043965895071,0.7696307976889024,0.9881080480399135,-0.04141996599343654,0.00711631454302896,0,0
sleepedf_full,shuffled,eegconformer,transformer.5,41,2,65,0.1945,0.965478446158124,0.8904093604765289,0.9179068352805848,0.03902032227095361,0.00855128860658323,0,0
sleepedf_full,shuffled,eegconformer,fc,41,2,65,0.1945,0.989411310667208,0.9406731583484248,0.963861467072029,0.021809792969218884,0.0037400506259598035,0,0
sleepedf_full,shuffled,eegconformer,logits,41,2,65,0.1945,0.991842011209889,0.9159079178046066,0.8208521139751996,0.16274599221171349,0.008243905022975909,0,0
sleepedf_full,shuffled,eegconformer,patch_embedding,41,5,65,0.2175,0.8784838281892673,0.2746747729802743,0.9274210428814712,-0.051517691739340524,0.0025804770471351914,0,0
sleepedf_full,shuffled,eegconformer,transformer.0,41,5,65,0.2175,0.9687488555967574,0.674182595929406,1.0074224225326132,-0.0408006934665194,0.0021271265306624853,0,0
sleepedf_full,shuffled,eegconformer,transformer.2,41,5,65,0.2175,0.9539433207136372,0.7578576197529041,1.0026010702894315,-0.05263367351574333,0.003975923939944507,0,0
sleepedf_full,shuffled,eegconformer,transformer.5,41,5,65,0.2175,0.9682363897847135,0.7202867537077529,1.0122730358790981,-0.04642796918109038,0.0023913230867033887,0,0
sleepedf_full,shuffled,eegconformer,fc,41,5,65,0.2175,0.9641344733676306,0.7377961500370972,1.0347657913578718,-0.07260392710529864,0.001972609115057401,0,0
sleepedf_full,shuffled,eegconformer,logits,41,5,65,0.2175,0.9698405545760302,0.9016712402753891,0.8519229992544285,0.10697524608502977,0.010942309236572006,0,0
sleepedf_full,shuffled,eegconformer,patch_embedding,41,10,65,0.195,0.8338167984232647,0.24335772031200298,0.8999039066347596,-0.06766127877829527,0.0015741705667994194,0,0
sleepedf_full,shuffled,eegconformer,transformer.0,41,10,65,0.195,0.893968276398297,0.7359980919172848,1.131630219973821,-0.24060164398018347,0.0029397004046566363,0,0
sleepedf_full,shuffled,eegconformer,transformer.2,41,10,65,0.195,0.9429322633404952,0.6775266505978135,1.064151593662344,-0.12235165963010847,0.0011323293082576024,0,0
sleepedf_full,shuffled,eegconformer,transformer.5,41,10,65,0.195,0.9797719827818109,0.42528379126801835,1.009724841629284,-0.030102819641166182,0.00014996079369335944,0,0
sleepedf_full,shuffled,eegconformer,fc,41,10,65,0.195,0.9967628558501457,0.5525167357413505,0.9975135965301576,-0.0007815051000456461,3.076442003364018e-05,0,0
sleepedf_full,shuffled,eegconformer,logits,41,10,65,0.195,0.9997343460393722,0.6557677934549975,1.0120744622389144,-0.012340764768308834,6.485687667817839e-07,0,0
sleepedf_full,shuffled,eegconformer,patch_embedding,41,20,65,0.201,0.7184422540548244,0.15873364374817703,0.8514544311253591,-0.13526603801497522,0.001731288770598408,0,0
sleepedf_full,shuffled,eegconformer,transformer.0,41,20,65,0.201,0.687672188866808,0.12199855141415235,0.9321204834245278,-0.24630963686216314,0.00047702163472635107,0,0
sleepedf_full,shuffled,eegconformer,transformer.2,41,20,65,0.201,0.6498644368769552,0.08457253531746925,0.843184670697095,-0.19870204677693584,0.0002868057505378308,0,0
sleepedf_full,shuffled,eegconformer,transformer.5,41,20,65,0.201,0.6535423518497235,0.05997214704854836,0.8185213195306885,-0.16544027059991762,0.0004613029189524871,0,0
sleepedf_full,shuffled,eegconformer,fc,41,20,65,0.201,0.9542340720363481,0.43189927822878554,0.9831454271540467,-0.029173487270372285,0.0002621321526735406,0,0
sleepedf_full,shuffled,eegconformer,logits,41,20,65,0.201,0.973617961275095,0.6541005409941708,0.9542460324069573,0.019131536892073947,0.00024039197606374235,0,0
sleepedf_full,shuffled,eegconformer,patch_embedding,42,0,65,0.211,0.9920965142242331,0.25792251430023344,1.0008289633860312,-0.009091909416817812,0.0003594602550179136,0,0
sleepedf_full,shuffled,eegconformer,transformer.0,42,0,65,0.211,0.9987257676799394,0.590180592275529,1.0004225888360236,-0.0019346955309438682,0.00023787437485966518,0,0
sleepedf_full,shuffled,eegconformer,transformer.2,42,0,65,0.211,0.9990654817808805,0.6773373013792651,0.9979408904040112,0.0009030564419318011,0.00022153493493733947,0,0
sleepedf_full,shuffled,eegconformer,transformer.5,42,0,65,0.211,0.9993604790036399,0.7187106144674273,0.9954101518623973,0.003797489696753731,0.00015283744448372767,0,0
sleepedf_full,shuffled,eegconformer,fc,42,0,65,0.211,0.999390580152996,0.7002142618259932,0.9911904045349696,0.00805455584794835,0.000145619770077742,0,0
sleepedf_full,shuffled,eegconformer,logits,42,0,65,0.211,0.9996025704060081,0.7970946427398374,0.9823683845796621,0.01710637578736065,0.0001278100389851905,0,0
sleepedf_full,shuffled,eegconformer,patch_embedding,42,1,65,0.2,0.9124275139323085,0.33505077759123886,0.967135290099982,-0.059428312653684735,0.0047205364860100395,0,0
sleepedf_full,shuffled,eegconformer,transformer.0,42,1,65,0.2,0.9694352970076322,0.6379189929878651,1.0181185018531254,-0.053606976413098396,0.004923771567603291,0,0
sleepedf_full,shuffled,eegconformer,transformer.2,42,1,65,0.2,0.9784906784438547,0.6399130342975788,1.0144562214836923,-0.040376070025237,0.004410526985397197,0,0
sleepedf_full,shuffled,eegconformer,transformer.5,42,1,65,0.2,0.9833442091536473,0.6459172533546056,1.0028292377860388,-0.0234745340055006,0.0039895053731051,0,0
sleepedf_full,shuffled,eegconformer,fc,42,1,65,0.2,0.9999995562345488,0.984723837793403,1.0002258636069026,-0.00022653637751524292,2.2900516158845582e-07,0,0
sleepedf_full,shuffled,eegconformer,logits,42,1,65,0.2,0.9999993099440546,0.9981591979012924,0.997337374397726,0.0026598830462316704,2.0525000970755978e-06,0,0
sleepedf_full,shuffled,eegconformer,patch_embedding,42,2,65,0.1885,0.906241537736304,0.34736275838107045,0.9695809486840234,-0.06750769532779698,0.004168284380074561,0,0
sleepedf_full,shuffled,eegconformer,transformer.0,42,2,65,0.1885,0.9708876683430461,0.6771055000991036,1.0277822549151452,-0.06029208895035724,0.0033975023782549826,0,0
sleepedf_full,shuffled,eegconformer,transformer.2,42,2,65,0.1885,0.9788083861939587,0.6895910544194649,1.034678511078613,-0.05864342417109049,0.002773299286431016,0,0
sleepedf_full,shuffled,eegconformer,transformer.5,42,2,65,0.1885,0.9848254884281346,0.766451040371078,0.9918906319822823,-0.0098841595877764,0.002819016033627522,0,0
sleepedf_full,shuffled,eegconformer,fc,42,2,65,0.1885,0.9999987500611685,0.95207564838152,0.9996582129229805,0.0003400054677690927,5.316704189001855e-07,0,0
sleepedf_full,shuffled,eegconformer,logits,42,2,65,0.1885,0.9999967235669671,0.9402436044666841,0.9992639721148558,0.0007313298759390065,1.4215761724358972e-06,0,0
sleepedf_full,shuffled,eegconformer,patch_embedding,42,5,65,0.198,0.8848528002082122,0.32899649379797724,0.9564211302791465,-0.07499261661206771,0.003424286541131921,0,0
sleepedf_full,shuffled,eegconformer,transformer.0,42,5,65,0.198,0.9591091595464344,0.6865800317517555,1.0701396791324405,-0.1138872054662414,0.002856685880233309,0,0
sleepedf_full,shuffled,eegconformer,transformer.2,42,5,65,0.198,0.9250018475461806,0.6291060038004905,0.9719521584510862,-0.05099141538940132,0.004041104484494735,0,0
sleepedf_full,shuffled,eegconformer,transformer.5,42,5,65,0.198,0.9414585285439103,0.7195536190785692,1.0099810416083905,-0.07242986949566109,0.003907356431177987,0,0
sleepedf_full,shuffled,eegconformer,fc,42,5,65,0.198,0.9999378859426113,0.8808627867917422,1.004481798180517,-0.004548305822692906,4.393584787532622e-06,0,0
sleepedf_full,shuffled,eegconformer,logits,42,5,65,0.198,0.9999572697865213,0.7495194637209751,1.0014690659891197,-0.00151332930437374,1.5331017753843126e-06,0,0
sleepedf_full,shuffled,eegconformer,patch_embedding,42,10,65,0.202,0.8245971184913704,0.3477659387988021,0.9279891090786797,-0.1074826077234413,0.004090617136131823,0,0
sleepedf_full,shuffled,eegconformer,transformer.0,42,10,65,0.202,0.9404534175418834,0.6838753214769642,1.0031695953773136,-0.06448614119853441,0.0017699633631036316,0,0
sleepedf_full,shuffled,eegconformer,transformer.2,42,10,65,0.202,0.9556879284737331,0.6232859183176217,0.9820891689852654,-0.027368455244028603,0.0009672147324961376,0,0
sleepedf_full,shuffled,eegconformer,transformer.5,42,10,65,0.202,0.9656540525708689,0.6091409850625844,0.9629086045954108,0.0020171112489363336,0.000728336726520305,0,0
sleepedf_full,shuffled,eegconformer,fc,42,10,65,0.202,0.9999999116583141,0.9458120321095157,0.9999545085917154,4.539589017197728e-05,7.176426849778763e-09,0,0
sleepedf_full,shuffled,eegconformer,logits,42,10,65,0.202,0.9999999764888291,0.988497237896768,1.000185230170938,-0.0001852616025089617,7.920400046692164e-09,0,0
sleepedf_full,shuffled,eegconformer,patch_embedding,42,20,65,0.196,0.8250749859903145,0.3015741620863513,0.9248283964598358,-0.10206849464860446,0.002315084179082498,0,0
sleepedf_full,shuffled,eegconformer,transformer.0,42,20,65,0.196,0.9486393194628691,0.6478209578832774,0.987021698194271,-0.03944064374500729,0.001058265013603099,0,0
sleepedf_full,shuffled,eegconformer,transformer.2,42,20,65,0.196,0.9546174424588522,0.667355500172459,0.9407933627523475,0.012627177251571033,0.0011969024549306371,0,0
sleepedf_full,shuffled,eegconformer,transformer.5,42,20,65,0.196,0.9418886028628787,0.7189580661892938,0.9743977251452912,-0.03447308821145105,0.0019639659290360233,0,0
sleepedf_full,shuffled,eegconformer,fc,42,20,65,0.196,0.9999999999996673,0.7793201317595548,0.9999997346108299,2.6538879220414636e-07,4.505818485370188e-14,0,76
sleepedf_full,shuffled,eegconformer,logits,42,20,65,0.196,0.9999999999998487,0.5038843791370888,0.9999991510773253,8.489224781028898e-07,4.5195466149869563e-14,0,870
sleepedf_full,shuffled,eegconformer,patch_embedding,43,0,65,0.1745,0.9941168661137532,0.2220510791045569,0.9977051116136765,-0.0037966092786155797,0.00020836377868967381,0,0
sleepedf_full,shuffled,eegconformer,transformer.0,43,0,65,0.1745,0.9994889907978004,0.5861643441481804,1.0017810200558055,-0.0023856864950208044,9.365723701267541e-05,0,0
sleepedf_full,shuffled,eegconformer,transformer.2,43,0,65,0.1745,0.9996450738488883,0.6965447852339489,0.9996177743766413,-6.707969564844064e-05,9.437916789482482e-05,0,0
sleepedf_full,shuffled,eegconformer,transformer.5,43,0,65,0.1745,0.999730639336224,0.7250882516907137,0.9998722061049083,-0.00021553562817192904,7.3968859486046e-05,0,0
sleepedf_full,shuffled,eegconformer,fc,43,0,65,0.1745,0.9996809288811689,0.6267418450721216,1.0015633915652584,-0.0019506134440480016,6.815075995862658e-05,0,0
sleepedf_full,shuffled,eegconformer,logits,43,0,65,0.1745,0.999622496736368,0.8741881013507403,0.9977984827417768,0.0016679566388796822,0.0001560573557114859,0,0
sleepedf_full,shuffled,eegconformer,patch_embedding,43,1,65,0.202,0.9060832156227326,0.41417128623388105,0.9185665663503286,-0.01884954383679952,0.0063661931092014136,0,0
sleepedf_full,shuffled,eegconformer,transformer.0,43,1,65,0.202,0.9697729418119534,0.7236837343635739,1.063138761849319,-0.09811455713293347,0.004748737095565936,0,0
sleepedf_full,shuffled,eegconformer,transformer.2,43,1,65,0.202,0.9665253916692479,0.726933283696765,1.0512456752542099,-0.08927844304850074,0.00455815946353524,0,0
sleepedf_full,shuffled,eegconformer,transformer.5,43,1,65,0.202,0.9778411308344755,0.7320597457856368,1.0327740457259065,-0.05778435259263304,0.0028514377011991496,0,0
sleepedf_full,shuffled,eegconformer,fc,43,1,65,0.202,0.999846911529318,0.9548627617483224,1.0052929611089947,-0.005464586768627612,1.8537188950922287e-05,0,0
sleepedf_full,shuffled,eegconformer,logits,43,1,65,0.202,0.9929037198337957,0.9789543590625733,1.041697544336038,-0.04962241660244528,0.0008285921002032475,0,0
sleepedf_full,shuffled,eegconformer,patch_embedding,43,2,65,0.2,0.9005698593279161,0.391579231745526,0.9147047960435906,-0.019516591657029025,0.005381654941353427,0,0
sleepedf_full,shuffled,eegconformer,transformer.0,43,2,65,0.2,0.9631031665988294,0.7200836835130939,1.0419728630560046,-0.08296084282862605,0.004091146371450306,0,0
sleepedf_full,shuffled,eegconformer,transformer.2,43,2,65,0.2,0.9394271799140559,0.7780307801713023,1.0099899010526021,-0.078041143337312,0.007478422198764916,0,0
sleepedf_full,shuffled,eegconformer,transformer.5,43,2,65,0.2,0.9378267769187252,0.7728056887445497,1.0084761252748062,-0.07875630692592796,0.008106958569844471,0,0
sleepedf_full,shuffled,eegconformer,fc,43,2,65,0.2,0.9994278255239725,0.8503773285285823,1.0112048485490612,-0.011831197114181924,5.41740890933031e-05,0,0
sleepedf_full,shuffled,eegconformer,logits,43,2,65,0.2,0.9943689517087533,0.7768382808842745,1.0001007341734804,-0.006013341054911061,0.0002815585901836812,0,0
sleepedf_full,shuffled,eegconformer,patch_embedding,43,5,65,0.201,0.8904498264153219,0.3427019715204343,0.9190374334083484,-0.032591229059820946,0.004003622066792484,0,0
sleepedf_full,shuffled,eegconformer,transformer.0,43,5,65,0.201,0.9742115257752794,0.521409227642353,1.0423739301946118,-0.06956488130252522,0.0014024768831899558,0,0
sleepedf_full,shuffled,eegconformer,transformer.2,43,5,65,0.201,0.9727393069348701,0.44440272756159077,1.0342122000869565,-0.062465477924757845,0.000992584772669327,0,0
sleepedf_full,shuffled,eegconformer,transformer.5,43,5,65,0.201,0.973734350469027,0.3387495892359796,1.0113759213364408,-0.0380964127157003,0.0004548418482826757,0,0
sleepedf_full,shuffled,eegconformer,fc,43,5,65,0.201,0.9999472678954491,0.4774562506325629,1.0022468968171478,-0.002302113744094157,2.484822395546419e-06,0,0
sleepedf_full,shuffled,eegconformer,logits,43,5,65,0.201,0.9997444161280247,0.541823661213522,1.0045494695046056,-0.004811808132099178,6.7547555181472566e-06,0,0
sleepedf_full,shuffled,eegconformer,patch_embedding,43,10,65,0.1995,0.8833700713195726,0.3113848275150278,0.9205430002146847,-0.04003800365477196,0.0028650747596576974,0,0
sleepedf_full,shuffled,eegconformer,transformer.0,43,10,65,0.1995,0.9691370119981413,0.47930016524389746,1.033302945107126,-0.06515940216628735,0.000993469057300343,0,0
sleepedf_full,shuffled,eegconformer,transformer.2,43,10,65,0.1995,0.9783009021269707,0.4289224910233263,1.0044605435824694,-0.02670494885495978,0.0005453073994599176,0,0
sleepedf_full,shuffled,eegconformer,transformer.5,43,10,65,0.1995,0.9788959006457121,0.43650260405164487,0.9911808336797934,-0.012832286618628784,0.0005473535845484197,0,0
sleepedf_full,shuffled,eegconformer,fc,43,10,65,0.1995,0.9999381436480117,0.611413060457793,1.000427732974535,-0.0004912136253230679,1.6242987997278893e-06,0,0
sleepedf_full,shuffled,eegconformer,logits,43,10,65,0.1995,0.9990375346998904,0.9500500726279687,0.9861746760007186,0.012795244540122278,6.7614159049507e-05,0,0
sleepedf_full,shuffled,eegconformer,patch_embedding,43,20,65,0.2,0.8443558159670093,0.24505237312439254,0.9350187863141022,-0.09233780244802196,0.0016748321009254692,0,0
sleepedf_full,shuffled,eegconformer,transformer.0,43,20,65,0.2,0.9696377324034379,0.5645305342204462,1.0077324203395823,-0.03871939497394831,0.0006247070378032686,0,0
sleepedf_full,shuffled,eegconformer,transformer.2,43,20,65,0.2,0.97283282179023,0.5913490653383744,1.0127750994574627,-0.04055674406459386,0.0006144663973609633,0,0
sleepedf_full,shuffled,eegconformer,transformer.5,43,20,65,0.2,0.9849102667175128,0.6090868880385866,0.9712917478494734,0.01322177912422747,0.00039673974381097967,0,0
sleepedf_full,shuffled,eegconformer,fc,43,20,65,0.2,0.9999999999999998,0.8877681025276106,0.9999999951743167,4.825683127359123e-09,3.586874425396256e-17,0,1156
sleepedf_full,shuffled,eegconformer,logits,43,20,65,0.2,0.9999999999999964,0.9119671271374213,1.0000000340848092,-3.4084827736088226e-08,1.4843693390728436e-14,0,0
sleepedf_full,shuffled,eegconformer,patch_embedding,44,0,65,0.2,0.9930854523286994,0.1812556718416243,1.000796212377012,-0.007853649953420595,0.00014288990510490267,0,0
sleepedf_full,shuffled,eegconformer,transformer.0,44,0,65,0.2,0.9991785490635089,0.513132225625046,1.0071421934258082,-0.0080685925523056,0.00010494819000399401,0,0
sleepedf_full,shuffled,eegconformer,transformer.2,44,0,65,0.2,0.9995602480769142,0.5184603407176304,1.0017966408794765,-0.0022970427572599475,6.0649954697108534e-05,0,0
sleepedf_full,shuffled,eegconformer,transformer.5,44,0,65,0.2,0.9997249045337561,0.5731833773600785,1.0001682226943107,-0.0004914545276788499,4.813636712287333e-05,0,0
sleepedf_full,shuffled,eegconformer,fc,44,0,65,0.2,0.9995467363911302,0.6186145048622361,1.0079263935460603,-0.008464413630898004,8.475647596810701e-05,0,0
sleepedf_full,shuffled,eegconformer,logits,44,0,65,0.2,0.9996325838307016,0.7696475611696881,0.9993917574769907,9.718507619267814e-05,0.00014364127751797425,0,0
sleepedf_full,shuffled,eegconformer,patch_embedding,44,1,65,0.204,0.9123464792543803,0.321339841485769,0.9100728998647861,-0.002237960364207116,0.004511539753800597,0,0
sleepedf_full,shuffled,eegconformer,transformer.0,44,1,65,0.204,0.9645832688511544,0.7124355368281715,1.0757972184605893,-0.11866576878702322,0.007451819177585309,0,0
sleepedf_full,shuffled,eegconformer,transformer.2,44,1,65,0.204,0.9547097583201176,0.7815115946071879,1.0070518121702157,-0.06264162604920478,0.010299572199105387,0,0
sleepedf_full,shuffled,eegconformer,transformer.5,44,1,65,0.204,0.9540869356422864,0.8021807165678837,1.0347614246679575,-0.0916188579990119,0.010944368973337412,0,0
sleepedf_full,shuffled,eegconformer,fc,44,1,65,0.204,0.9983881877191533,0.6850861926428431,1.0108058569600726,-0.012623453127774263,0.00020578388685486013,0,0
sleepedf_full,shuffled,eegconformer,logits,44,1,65,0.204,0.9972916396806526,0.9095488848886231,1.07270092373791,-0.07617855694212222,0.0007692728848646363,0,0
sleepedf_full,shuffled,eegconformer,patch_embedding,44,2,65,0.1945,0.8954196090126584,0.2876261693127494,0.9032773913631511,-0.011382982087293781,0.003525199736797947,0,0
sleepedf_full,shuffled,eegconformer,transformer.0,44,2,65,0.1945,0.9441493920071498,0.6342713077297422,1.0314582089941737,-0.09392954785640054,0.006620730869375238,0,0
sleepedf_full,shuffled,eegconformer,transformer.2,44,2,65,0.1945,0.9453008329939244,0.6755023966674193,1.0096929777171957,-0.07072212304308222,0.00632997831980836,0,0
sleepedf_full,shuffled,eegconformer,transformer.5,44,2,65,0.1945,0.9676808707076268,0.6766920316898924,0.978638929829574,-0.015230882513132546,0.004272823391183448,0,0
sleepedf_full,shuffled,eegconformer,fc,44,2,65,0.1945,0.8809217548245402,0.7698162060441549,0.8284700984234415,0.04285754388605522,0.009594112515043426,0,0
sleepedf_full,shuffled,eegconformer,logits,44,2,65,0.1945,0.8593195102513086,0.6667752923037,0.9918430705749973,-0.1414649246698384,0.00894136434614966,0,0
sleepedf_full,shuffled,eegconformer,patch_embedding,44,5,65,0.1935,0.8715572447684579,0.2561921644711165,0.8885777400341425,-0.01947725587780654,0.0024567606121185634,0,0
sleepedf_full,shuffled,eegconformer,transformer.0,44,5,65,0.1935,0.9637404123473021,0.5789250125794846,1.0389809235923262,-0.07719163158794563,0.001951120342921192,0,0
sleepedf_full,shuffled,eegconformer,transformer.2,44,5,65,0.1935,0.9692092503394556,0.5355480323792149,0.9853845793206955,-0.017213356761223913,0.001038027779984458,0,0
sleepedf_full,shuffled,eegconformer,transformer.5,44,5,65,0.1935,0.9597954428024005,0.5003166413107326,0.9987862527131414,-0.04021513105415661,0.0012243211434170708,0,0
sleepedf_full,shuffled,eegconformer,fc,44,5,65,0.1935,0.996851120206842,0.8390711378298052,1.0218263026152963,-0.025102115656988454,0.00012693324853435081,0,0
sleepedf_full,shuffled,eegconformer,logits,44,5,65,0.1935,0.9995908360903043,0.8381182966176437,1.0242662369802602,-0.02472132404424957,4.592315429364295e-05,0,0
sleepedf_full,shuffled,eegconformer,patch_embedding,44,10,65,0.1975,0.8175359587269728,0.18639606629625857,0.8501024008292978,-0.03425595791865552,0.0016895158163298136,0,0
sleepedf_full,shuffled,eegconformer,transformer.0,44,10,65,0.1975,0.8422881194527132,0.669282888268544,1.0952893084669604,-0.2575254909653153,0.0045243019510644075,0,0
sleepedf_full,shuffled,eegconformer,transformer.2,44,10,65,0.1975,0.8550161106497057,0.6068621366741618,1.0186938938880383,-0.16662700473273076,0.0029492214943953794,0,0
sleepedf_full,shuffled,eegconformer,transformer.5,44,10,65,0.1975,0.8375882773334726,0.5079377260348112,0.8974120823427861,-0.06241542060070098,0.002591615591386473,0,0
sleepedf_full,shuffled,eegconformer,fc,44,10,65,0.1975,0.9800239203067411,0.6911914939125434,0.9817630718484904,-0.002360725890625747,0.0006215743488765436,0,0
sleepedf_full,shuffled,eegconformer,logits,44,10,65,0.1975,0.9989299199636211,0.9565861805686479,0.8924248243647616,0.10519690491460518,0.0013081906842544253,0,0
sleepedf_full,shuffled,eegconformer,patch_embedding,44,20,65,0.2055,0.7463822557938546,0.17337930238989693,0.845524455313398,-0.1002300924222529,0.001087892902708079,0,0
sleepedf_full,shuffled,eegconformer,transformer.0,44,20,65,0.2055,0.8978984258524076,0.1455687589747137,1.08604771759084,-0.1882571506920654,0.00010785895362873549,0,0
sleepedf_full,shuffled,eegconformer,transformer.2,44,20,65,0.2055,0.8667003786435457,0.103065550041491,1.0548656937115566,-0.18827735954733513,0.00011204447932081724,0,0
sleepedf_full,shuffled,eegconformer,transformer.5,44,20,65,0.2055,0.8578991986557366,0.07241554482134545,0.9754368157354731,-0.1175995401416358,6.192306189604667e-05,0,0
sleepedf_full,shuffled,eegconformer,fc,44,20,65,0.2055,0.96168871041996,0.6125376295931911,0.9897825238932414,-0.028094237592631424,4.241193500697363e-07,0,0
sleepedf_full,shuffled,eegconformer,logits,44,20,65,0.2055,0.9966345409015754,0.9112140199307096,0.9533882896104461,0.04324607186718219,1.794239471561875e-07,0,0
sleepedf_full,shuffled,eegconformer,patch_embedding,45,0,65,0.217,0.9920759531754331,0.2676823183147176,0.9872675442489809,0.004376917181358129,0.0004314917450911378,0,0
sleepedf_full,shuffled,eegconformer,transformer.0,45,0,65,0.217,0.9980061812673636,0.6273175896244567,0.9973887526491867,0.00019503787113574124,0.0004223907470406252,0,0
sleepedf_full,shuffled,eegconformer,transformer.2,45,0,65,0.217,0.9989917255223365,0.6960002644073565,1.0046797320059337,-0.005954907936952954,0.0002669014533539524,0,0
sleepedf_full,shuffled,eegconformer,transformer.5,45,0,65,0.217,0.9992539781433935,0.6674462921607078,1.0034881857066285,-0.004417933579199295,0.00018372601596318427,0,0
sleepedf_full,shuffled,eegconformer,fc,45,0,65,0.217,0.9994294778188768,0.6450400592675642,0.995190617471586,0.0040990969579732806,0.0001397633893173997,0,0
sleepedf_full,shuffled,eegconformer,logits,45,0,65,0.217,0.9985623645982361,0.8700855635688575,0.9859911287312695,0.012132156055150277,0.0004390798118162996,0,0
sleepedf_full,shuffled,eegconformer,patch_embedding,45,1,65,0.199,0.9255520391730824,0.4085709025647889,0.9382629236627399,-0.0188701021048884,0.006159217615229189,0,0
sleepedf_full,shuffled,eegconformer,transformer.0,45,1,65,0.199,0.9566062907198776,0.7860730158509667,1.0767319456476283,-0.13323829582358104,0.013112640895828191,0,0
sleepedf_full,shuffled,eegconformer,transformer.2,45,1,65,0.199,0.9359250915333073,0.8786596452324893,1.1283412670947617,-0.2131641317327814,0.02074795617132494,0,0
sleepedf_full,shuffled,eegconformer,transformer.5,45,1,65,0.199,0.9380348526286136,0.8790032736636323,1.0646413387533669,-0.14549351959398724,0.018887033469232914,0,0
sleepedf_full,shuffled,eegconformer,fc,45,1,65,0.199,0.9966292505358909,0.8729437052358534,1.009980613279888,-0.014273225354762085,0.0009218626107650647,0,0
sleepedf_full,shuffled,eegconformer,logits,45,1,65,0.199,0.9644928821840061,0.8803722611671057,1.237360359139289,-0.29060757361223893,0.01774009665695625,0,0
sleepedf_full,shuffled,eegconformer,patch_embedding,45,2,65,0.199,0.9239543269822096,0.39402181579005435,0.9325837783589132,-0.013398685005134935,0.004769233628428686,0,0
sleepedf_full,shuffled,eegconformer,transformer.0,45,2,65,0.199,0.9713836247979617,0.7306680161743607,1.0340496532895804,-0.06856246023742266,0.005896431745802123,0,0
sleepedf_full,shuffled,eegconformer,transformer.2,45,2,65,0.199,0.9606721270047736,0.8506036787788096,1.135196397930912,-0.18568488817057469,0.011160617244432139,0,0
sleepedf_full,shuffled,eegconformer,transformer.5,45,2,65,0.199,0.951551309004265,0.8650954818251626,1.073839790090421,-0.1353363086646583,0.013047827578497975,0,0
sleepedf_full,shuffled,eegconformer,fc,45,2,65,0.199,0.9995666424144813,0.555284091443408,1.0031792610398487,-0.0036352410786942044,2.2622453326811166e-05,0,0
sleepedf_full,shuffled,eegconformer,logits,45,2,65,0.199,0.9912414646763988,0.5786381856076624,1.0548993439941565,-0.06458245588697617,0.0009245765692183768,0,0
sleepedf_full,shuffled,eegconformer,patch_embedding,45,5,65,0.186,0.9054932971876893,0.4057295875061165,0.9154487543261871,-0.015166496240403103,0.0052110391019027005,0,0
sleepedf_full,shuffled,eegconformer,transformer.0,45,5,65,0.186,0.9809252973019492,0.7276423963914209,1.0042657292612127,-0.026493257918009674,0.0031528259587466473,0,0
sleepedf_full,shuffled,eegconformer,transformer.2,45,5,65,0.186,0.9557277494607358,0.8741683250398593,1.0480225626527782,-0.10231135886684747,0.010016545674803413,0,0
sleepedf_full,shuffled,eegconformer,transformer.5,45,5,65,0.186,0.9505873084174205,0.8570430652580953,1.0239875804505612,-0.08201158234592122,0.008611310312778182,0,0
sleepedf_full,shuffled,eegconformer,fc,45,5,65,0.186,0.9898671110021005,0.9632057767489135,1.0237100402900587,-0.03539188262170008,0.0015489533337416494,0,0
sleepedf_full,shuffled,eegconformer,logits,45,5,65,0.186,0.9251734664385743,0.9993211843573426,0.6755433258407976,0.2020505748108535,0.047579565786923295,0,0
sleepedf_full,shuffled,eegconformer,patch_embedding,45,10,65,0.205,0.8594358117389367,0.3099025640003798,0.8898306565810146,-0.033226529226485065,0.002831684384405002,0,0
sleepedf_full,shuffled,eegconformer,transformer.0,45,10,65,0.205,0.9794276104653084,0.5654283459458953,1.0616682776684203,-0.08266375440292147,0.0004230871998067743,0,0
sleepedf_full,shuffled,eegconformer,transformer.2,45,10,65,0.205,0.9800822283842132,0.5856834733923268,1.0037419984337776,-0.024106601049166048,0.0004468309995998021,0,0
sleepedf_full,shuffled,eegconformer,transformer.5,45,10,65,0.205,0.9842232057653455,0.5117019504897775,0.9938945698355872,-0.009903141353951548,0.00023177728370778352,0,0
sleepedf_full,shuffled,eegconformer,fc,45,10,65,0.205,0.9965781143186965,0.748128389900726,1.0340361609900826,-0.037257830912223996,-0.0002002157591622591,0,0
sleepedf_full,shuffled,eegconformer,logits,45,10,65,0.205,0.999520986435301,0.868313833663824,1.0144170758951299,-0.014750471649744433,-0.0001456178100846237,0,0
sleepedf_full,shuffled,eegconformer,patch_embedding,45,20,65,0.2,0.8315208149542979,0.27783093973037815,0.9145279299691433,-0.08513371255926025,0.002126597544413467,0,0
sleepedf_full,shuffled,eegconformer,transformer.0,45,20,65,0.2,0.9020864367390543,0.604265331733294,1.0366967107258709,-0.13574825742270347,0.0011379834358844342,0,0
sleepedf_full,shuffled,eegconformer,transformer.2,45,20,65,0.2,0.8959136723360887,0.6302199412143099,1.0104931472823186,-0.11577053541970103,0.001191060473467755,0,0
sleepedf_full,shuffled,eegconformer,transformer.5,45,20,65,0.2,0.9104780786136699,0.44947370911212986,0.9507229141506218,-0.04075214074852847,0.000507305211576527,0,0
sleepedf_full,shuffled,eegconformer,fc,45,20,65,0.2,0.9999999999169653,0.6490717195470989,0.9999982082353606,1.7916809459958515e-06,6.587407322626041e-13,0,64
sleepedf_full,shuffled,eegconformer,logits,45,20,65,0.2,0.9999999999363061,0.5786082143802899,0.9999957107710609,4.289164419380705e-06,8.256153456554872e-13,0,16
sleepedf_full,shuffled,eegconformer,patch_embedding,46,0,65,0.2,0.9951621583086157,0.1967154717935138,0.9954987766123402,-0.0004741510310348812,0.0001375327273085983,0,0
sleepedf_full,shuffled,eegconformer,transformer.0,46,0,65,0.2,0.9992576446485618,0.5880597054584881,1.00212057108627,-0.0030235867060407844,0.00016066026833297498,0,0
sleepedf_full,shuffled,eegconformer,transformer.2,46,0,65,0.2,0.9993487208532267,0.6481209141535704,1.0046597489306095,-0.005478763399612847,0.0001677353222277245,0,0
sleepedf_full,shuffled,eegconformer,transformer.5,46,0,65,0.2,0.9994842881705109,0.7178798560671578,0.9966646871505731,0.002658958614703674,0.00016064240523264422,0,0
sleepedf_full,shuffled,eegconformer,fc,46,0,65,0.2,0.9994483569846094,0.6802796696609593,1.0025470691487548,-0.003245671166543657,0.00014695900239805197,0,0
sleepedf_full,shuffled,eegconformer,logits,46,0,65,0.2,0.9993392274010008,0.8378458025717916,1.007322890923694,-0.008229044485778988,0.0002453809630860651,0,0
sleepedf_full,shuffled,eegconformer,patch_embedding,46,1,65,0.1895,0.9235638477175279,0.2879061113516557,0.9476157802868019,-0.027671941943387464,0.0036200093741111327,0,0
sleepedf_full,shuffled,eegconformer,transformer.0,46,1,65,0.1895,0.9818424327643631,0.7232196408366736,1.0915247164578012,-0.11336263321331416,0.0036803495198774296,0,0
sleepedf_full,shuffled,eegconformer,transformer.2,46,1,65,0.1895,0.988139060077071,0.7744708989171566,1.038901451897446,-0.053120364574515244,0.0023579727541382183,0,0
sleepedf_full,shuffled,eegconformer,transformer.5,46,1,65,0.1895,0.9915612308379331,0.7338482329718711,0.9976421089568277,-0.0076304297555133595,0.0015495516366175147,0,0
sleepedf_full,shuffled,eegconformer,fc,46,1,65,0.1895,0.9990571871866459,0.7302654121296404,0.9898430807697158,0.008981242290432723,0.0002328641264972541,0,0
sleepedf_full,shuffled,eegconformer,logits,46,1,65,0.1895,0.9996434571737233,0.6670533185760762,1.0111920502106635,-0.011630392292989917,8.179925604961247e-05,0,0
sleepedf_full,shuffled,eegconformer,patch_embedding,46,2,65,0.2025,0.9139668075753018,0.2928562344400797,0.9499385499783312,-0.03943010353293082,0.0034583611298973716,0,0
sleepedf_full,shuffled,eegconformer,transformer.0,46,2,65,0.2025,0.9804544064170044,0.6943306163422911,1.1040591161060171,-0.12657104166045474,0.0029663319714417435,0,0
sleepedf_full,shuffled,eegconformer,transformer.2,46,2,65,0.2025,0.9828216144539277,0.7405400455874529,1.0568491971594054,-0.07640445174755467,0.002376869042074732,0,0
sleepedf_full,shuffled,eegconformer,transformer.5,46,2,65,0.2025,0.9860443643266531,0.7378215320402556,1.024732351460631,-0.04062667180901428,0.0019386846750355721,0,0
sleepedf_full,shuffled,eegconformer,fc,46,2,65,0.2025,0.9985345581281907,0.7314165252381941,0.9943081741869207,0.004042057758205127,0.00018432618306462223,0,0
sleepedf_full,shuffled,eegconformer,logits,46,2,65,0.2025,0.9998151329564785,0.5835033423911595,0.9932173766197493,0.006589883543510794,7.872793218196715e-06,0,0
sleepedf_full,shuffled,eegconformer,patch_embedding,46,5,65,0.1875,0.8876187062213347,0.26604593330273835,0.9321293113574377,-0.04731128076617597,0.0028006756300721814,0,0
sleepedf_full,shuffled,eegconformer,transformer.0,46,5,65,0.1875,0.9737801508581505,0.6976552493376512,1.0954383761038793,-0.12423868095175392,0.0025804557060218293,0,0
sleepedf_full,shuffled,eegconformer,transformer.2,46,5,65,0.1875,0.9732462344524229,0.71533172315437,1.037630188889302,-0.0663015112361563,0.0019175567992764646,0,0
sleepedf_full,shuffled,eegconformer,transformer.5,46,5,65,0.1875,0.9826895752495325,0.7242629877086135,1.0366921473247788,-0.05544446272786204,0.0014418906526120134,0,0
sleepedf_full,shuffled,eegconformer,fc,46,5,65,0.1875,0.998137894340455,0.9096560657708618,0.9922187591123912,0.0054906365788967995,0.00042849864916703916,0,0
sleepedf_full,shuffled,eegconformer,logits,46,5,65,0.1875,0.9999134923586148,0.9953235138739442,0.9464167612793342,0.05296148893991709,0.0005352421393634554,0,0
sleepedf_full,shuffled,eegconformer,patch_embedding,46,10,65,0.203,0.8352326224654809,0.21525612056016502,0.8994684856717571,-0.06579038468817079,0.0015545214818936143,0,0
sleepedf_full,shuffled,eegconformer,transformer.0,46,10,65,0.203,0.9695891353157278,0.5890832889136846,1.1176305884437117,-0.14877565807775367,0.0007342049497664569,0,0
sleepedf_full,shuffled,eegconformer,transformer.2,46,10,65,0.203,0.9732196972657654,0.5752970614488743,1.0487077304341834,-0.07595501854569087,0.000466985377270417,0,0
sleepedf_full,shuffled,eegconformer,transformer.5,46,10,65,0.203,0.9811463606218237,0.46983613960005083,1.0324074561084873,-0.05145869595885276,0.00019760047218596785,0,0
sleepedf_full,shuffled,eegconformer,fc,46,10,65,0.203,0.9942019675962666,0.7792489404792243,0.9866777975025424,0.007367139967346872,0.0001570301263773205,0,0
sleepedf_full,shuffled,eegconformer,logits,46,10,65,0.203,0.9998557505250499,0.6382441792496407,0.959664006441318,0.04015903239198582,3.271169174622104e-05,0,0
sleepedf_full,shuffled,eegconformer,patch_embedding,46,20,65,0.212,0.6911395504428306,0.15323622918006713,0.8472885962147458,-0.15919168577541065,0.0021204849601982488,0,0
sleepedf_full,shuffled,eegconformer,transformer.0,46,20,65,0.212,0.8391058683863261,0.24465138658211075,1.1909799816933448,-0.352522944819278,0.0006488315122587222,0,0
sleepedf_full,shuffled,eegconformer,transformer.2,46,20,65,0.212,0.8447326790716965,0.21669389883941964,1.101698248874507,-0.2573972750960617,0.0004317052932498103,0,0
sleepedf_full,shuffled,eegconformer,transformer.5,46,20,65,0.212,0.7995272061083498,0.12256059338003882,0.9562528694810487,-0.15696223418289101,0.00023657081019201498,0,0
sleepedf_full,shuffled,eegconformer,fc,46,20,65,0.212,0.9711460747523238,0.45803852436541254,0.9835598841890498,-0.012471477740190248,5.766830346438217e-05,0,0
sleepedf_full,shuffled,eegconformer,logits,46,20,65,0.212,0.9938461673489284,0.7917488354650306,1.075326564568184,-0.081540123815068,5.97265958124165e-05,0,0
sleepedf_full,shuffled,tsception,temporal_blocks.0,41,0,65,0.202,0.6498659743935093,0.4429955629459413,0.3763805135411374,0.09878323496478611,0.17470222588758574,0,0
sleepedf_full,shuffled,tsception,temporal_blocks.2,41,0,65,0.202,0.7949861192594471,0.19914999938415517,0.710491625591355,0.06514455152405686,0.01934994214403353,0,0
sleepedf_full,shuffled,tsception,spatial_block_1,41,0,65,0.202,0.9229697711651953,0.17062824914522973,0.8781243194283751,0.039050331694186514,0.005795120042627646,0,0
sleepedf_full,shuffled,tsception,spatial_block_2,41,0,65,0.202,0.973543091355441,0.47494210219747707,0.8692240018843788,0.09967339774782685,0.004645691723235468,0,0
sleepedf_full,shuffled,tsception,batch_temporal_lay,41,0,65,0.202,0.6803956239009327,0.3326794920717575,0.6545659703421739,-0.04293349908066981,0.06876315263942834,0,0
sleepedf_full,shuffled,tsception,batch_spatial_lay,41,0,65,0.202,0.9635840832662794,0.4221241233528619,0.8609810241611051,0.09707595243871867,0.005527106666455478,0,0
sleepedf_full,shuffled,tsception,dense_layer,41,0,65,0.202,0.9645342930872703,0.48258115006388347,0.8368018026588089,0.11974878600569776,0.00798370442276385,0,0
sleepedf_full,shuffled,tsception,logits,41,0,65,0.202,0.9910638267718617,0.6822653776302441,0.8958803647607859,0.09117794033315595,0.004005521677919734,0,0
sleepedf_full,shuffled,tsception,temporal_blocks.0,41,1,65,0.2225,0.6525050744817484,0.3550920659745902,0.3844280828725995,0.14387666346743858,0.12420032814170885,0,0
sleepedf_full,shuffled,tsception,temporal_blocks.2,41,1,65,0.2225,0.801707909833085,0.14032253500696484,0.7201863694215667,0.06740671781499587,0.014114822596522731,0,0
sleepedf_full,shuffled,tsception,spatial_block_1,41,1,65,0.2225,0.8204009175384944,0.5238932501694311,1.150254631567006,-0.38809956316618816,0.05824584913767818,0,0
sleepedf_full,shuffled,tsception,spatial_block_2,41,1,65,0.2225,0.8191585029233782,0.26680620108170927,0.923020656996079,-0.11929361113529749,0.015431457062589011,0,0
sleepedf_full,shuffled,tsception,batch_temporal_lay,41,1,65,0.2225,0.7235219393072208,0.26887459992181006,1.0144068909462223,-0.3260583243291091,0.03517337269010785,0,0
sleepedf_full,shuffled,tsception,batch_spatial_lay,41,1,65,0.2225,0.7332810853643472,0.4159110200071017,1.0642458200202616,-0.3842907368363228,0.05332600218040796,0,0
sleepedf_full,shuffled,tsception,dense_layer,41,1,65,0.2225,0.7700184710920052,0.9199562588264445,2.798543062670307,-2.9782371118794684,0.9497125203011657,0,0
sleepedf_full,shuffled,tsception,logits,41,1,65,0.2225,0.6978825383299903,0.9042431103981355,5.585959452804442,-7.206768092417216,2.2300640990912584,0,0
sleepedf_full,shuffled,tsception,temporal_blocks.0,41,2,65,0.209,0.6453536292593364,0.40027159108890553,0.3863779327387598,0.11238007314856974,0.14659562337200718,0,0
sleepedf_full,shuffled,tsception,temporal_blocks.2,41,2,65,0.209,0.7974792334112699,0.14193647998210626,0.7090750330919262,0.07402551743257374,0.01437868288676689,0,0
sleepedf_full,shuffled,tsception,spatial_block_1,41,2,65,0.209,0.8069726694469492,0.450236132805908,1.131015082081915,-0.3734770071568861,0.04943459452191988,0,0
sleepedf_full,shuffled,tsception,spatial_block_2,41,2,65,0.209,0.8221411650097344,0.23712303396974171,0.9149938419492053,-0.10871192846455992,0.015859251525092856,0,0
sleepedf_full,shuffled,tsception,batch_temporal_lay,41,2,65,0.209,0.7079994540016528,0.2709408319079137,1.0070664906568334,-0.3350001556587815,0.03593311900360084,0,0
sleepedf_full,shuffled,tsception,batch_spatial_lay,41,2,65,0.209,0.7227636082571413,0.39311473684917564,1.0865169820341762,-0.4203672096601007,0.05661383588306622,0,0
sleepedf_full,shuffled,tsception,dense_layer,41,2,65,0.209,0.9059255640901643,0.9452355495654954,1.5261645738232625,-1.0591100414060202,0.4388710316729214,0,0
sleepedf_full,shuffled,tsception,logits,41,2,65,0.209,0.9170373834094726,0.8547878504453225,1.0351955439574618,-0.2907855714789201,0.17065534614727465,0,0
sleepedf_full,shuffled,tsception,temporal_blocks.0,41,5,65,0.205,0.6146462918557966,0.3939257670706415,0.310368345007407,0.14545817369361647,0.15881977315477247,0,0
sleepedf_full,shuffled,tsception,temporal_blocks.2,41,5,65,0.205,0.7628945123179263,0.2087721114004241,0.6471394053594645,0.09466010682183525,0.021095000136627944,0,0
sleepedf_full,shuffled,tsception,spatial_block_1,41,5,65,0.205,0.8311809657838456,0.45513459043103066,1.095689217021223,-0.30302571006837015,0.03851745883098929,0,0
sleepedf_full,shuffled,tsception,spatial_block_2,41,5,65,0.205,0.8074103506529123,0.2888777165994083,0.9405011178783373,-0.14805017402208684,0.014959406796663093,0,0
sleepedf_full,shuffled,tsception,batch_temporal_lay,41,5,65,0.205,0.7003973434627466,0.29510504043350844,0.9961238077845131,-0.3263263315911037,0.03059986726933688,0,0
sleepedf_full,shuffled,tsception,batch_spatial_lay,41,5,65,0.205,0.6767705149197945,0.4095478140027756,1.1015472793594783,-0.49163555722243124,0.06685879278274688,0,0
sleepedf_full,shuffled,tsception,dense_layer,41,5,65,0.205,0.6451178547626225,0.956578345702902,4.967572965766456,-6.075186483746002,1.752322608935959,0,0
sleepedf_full,shuffled,tsception,logits,41,5,65,0.205,0.7333240483177336,0.9554344761949695,4.559321333981047,-6.110137722711298,1.9723543100426166,0,0
sleepedf_full,shuffled,tsception,temporal_blocks.0,41,10,65,0.241,0.5878934990063956,0.36388220501893564,0.23264351869050937,0.19126120857684203,0.1639887717390449,0,0
sleepedf_full,shuffled,tsception,temporal_blocks.2,41,10,65,0.241,0.7405591834095855,0.2285974085811695,0.6047561994331135,0.11084560449141487,0.024957379485056684,0,0
sleepedf_full,shuffled,tsception,spatial_block_1,41,10,65,0.241,0.8732245485625325,0.4130598082528496,1.155571354620983,-0.313601172505554,0.03125436644709919,0,0
sleepedf_full,shuffled,tsception,spatial_block_2,41,10,65,0.241,0.807235976922388,0.271680926570016,0.9272376141932749,-0.13880453696169973,0.01880289969080881,0,0
sleepedf_full,shuffled,tsception,batch_temporal_lay,41,10,65,0.241,0.6775511587667041,0.2807279319725811,0.9733441004697703,-0.3266290537763252,0.030836112073258565,0,0
sleepedf_full,shuffled,tsception,batch_spatial_lay,41,10,65,0.241,0.6700017878411038,0.4151323952727051,1.2110248961304726,-0.6365589706989743,0.09553586240960492,0,0
sleepedf_full,shuffled,tsception,dense_layer,41,10,65,0.241,0.7733216778599808,0.5021134515148686,1.0258260819282614,-0.42316997714826726,0.17066557307998684,0,0
sleepedf_full,shuffled,tsception,logits,41,10,65,0.241,0.7363600552763748,0.5433343283638561,0.8848568334971695,-0.3722990887693827,0.19412799530060326,0,0
sleepedf_full,shuffled,tsception,temporal_blocks.0,41,20,65,0.2125,0.5584916324858891,0.3433986109126206,0.20798467664354314,0.18378779171918633,0.16671916412315907,0,0
sleepedf_full,shuffled,tsception,temporal_blocks.2,41,20,65,0.2125,0.7248829625942489,0.18071015778841495,0.575270028482745,0.1258677233601543,0.02374521075135148,0,0
sleepedf_full,shuffled,tsception,spatial_block_1,41,20,65,0.2125,0.8596552099626867,0.34676576059827835,1.1031941172944117,-0.2716853733581833,0.02814646602645653,0,0
sleepedf_full,shuffled,tsception,spatial_block_2,41,20,65,0.2125,0.7929906586306608,0.2048906968601892,0.9100339827696192,-0.13711102426155464,0.020067700122597384,0,0
sleepedf_full,shuffled,tsception,batch_temporal_lay,41,20,65,0.2125,0.6571987235271854,0.24934607615719095,0.9492146851797889,-0.32279408572048096,0.030778124067877288,0,0
sleepedf_full,shuffled,tsception,batch_spatial_lay,41,20,65,0.2125,0.6373732331997656,0.3262712692852835,1.168759440547539,-0.6238660177482092,0.09247981040043579,0,0
sleepedf_full,shuffled,tsception,dense_layer,41,20,65,0.2125,0.5580846873533309,0.5420927527076451,2.5500151564225875,-2.846340425314643,0.8544099562453857,0,0
sleepedf_full,shuffled,tsception,logits,41,20,65,0.2125,0.5092468266720449,0.5843689067964238,1.4199670083872356,-1.4732292454410871,0.43042007318897924,0,0
sleepedf_full,shuffled,tsception,temporal_blocks.0,42,0,65,0.2045,0.6441150407096464,0.34422689841058485,0.38855336107282273,0.14028225605526792,0.11527942358155474,0,0
sleepedf_full,shuffled,tsception,temporal_blocks.2,42,0,65,0.2045,0.8031787714309591,0.1321114224776209,0.6853398640266392,0.09857776075667886,0.019261146647641114,0,0
sleepedf_full,shuffled,tsception,spatial_block_1,42,0,65,0.2045,0.9086890494114034,0.317619079679891,0.6943044923536281,0.1901948277481892,0.024189729309585954,0,0
sleepedf_full,shuffled,tsception,spatial_block_2,42,0,65,0.2045,0.970313285528617,0.39944486796135664,0.9737192590648406,-0.009731120946948914,0.0063251474107229606,0,0
sleepedf_full,shuffled,tsception,batch_temporal_lay,42,0,65,0.2045,0.7141223259138493,0.22839007661814656,0.6075134538491799,0.06110892682413507,0.04549994524053413,0,0
sleepedf_full,shuffled,tsception,batch_spatial_lay,42,0,65,0.2045,0.9558723244763285,0.38548547430923946,0.9489296810330017,-0.002180890740213867,0.009123534183540389,0,0
sleepedf_full,shuffled,tsception,dense_layer,42,0,65,0.2045,0.9673845088407934,0.3962639950652696,0.9385299208585354,0.021703700117352304,0.007150887864905544,0,0
sleepedf_full,shuffled,tsception,logits,42,0,65,0.2045,0.991192531303123,0.4263566562599361,0.9708475930848266,0.019020632637934857,0.0013243055803615817,0,0
sleepedf_full,shuffled,tsception,temporal_blocks.0,42,1,65,0.225,0.6492476994626757,0.31649666251473374,0.37902120663774996,0.170440174220134,0.09978631860479073,0,0
sleepedf_full,shuffled,tsception,temporal_blocks.2,42,1,65,0.225,0.809773034722157,0.12280759520332138,0.6966496810460759,0.09472532697994906,0.01839802669612868,0,0
sleepedf_full,shuffled,tsception,spatial_block_1,42,1,65,0.225,0.811609335500492,0.26269501335208634,1.0578969190421879,-0.2691776720219092,0.022890088480212234,0,0
sleepedf_full,shuffled,tsception,spatial_block_2,42,1,65,0.225,0.8915778424547062,0.38470475847851904,1.061582454494833,-0.18990218672495562,0.019897574684831297,0,0
sleepedf_full,shuffled,tsception,batch_temporal_lay,42,1,65,0.225,0.6988657406555514,0.2099822077409168,0.9709486348613694,-0.3053471180364713,0.033264223830653354,0,0
sleepedf_full,shuffled,tsception,batch_spatial_lay,42,1,65,0.225,0.7797347791440604,0.3432370259204502,1.0692860826935673,-0.3265582037533691,0.037006900203861964,0,0
sleepedf_full,shuffled,tsception,dense_layer,42,1,65,0.225,0.8435457580763269,0.7916169181973535,2.124230683907342,-1.57070118626477,0.29001626043375495,0,0
sleepedf_full,shuffled,tsception,logits,42,1,65,0.225,0.9588701999823259,0.8437996152822465,2.1727970724307193,-1.4426208027561265,0.22869393030773313,0,0
sleepedf_full,shuffled,tsception,temporal_blocks.0,42,2,65,0.2075,0.6314119115195177,0.3560289356572006,0.3498923548526275,0.16003081020988638,0.12148874645700278,0,0
sleepedf_full,shuffled,tsception,temporal_blocks.2,42,2,65,0.2075,0.8127605782098914,0.11978028328322692,0.7003359671955056,0.09460548296788543,0.017819128046496706,0,0
sleepedf_full,shuffled,tsception,spatial_block_1,42,2,65,0.2075,0.7936166629744503,0.24825602808168806,0.9730569555308232,-0.1995711782506922,0.020130885694320286,0,0
sleepedf_full,shuffled,tsception,spatial_block_2,42,2,65,0.2075,0.8813332660105345,0.4164585917692607,1.0509219746691731,-0.18986741889308517,0.020278710234442783,0,0
sleepedf_full,shuffled,tsception,batch_temporal_lay,42,2,65,0.2075,0.6807822638405168,0.23298939891522613,0.9575348837585391,-0.31084352561941736,0.03409090570139468,0,0
sleepedf_full,shuffled,tsception,batch_spatial_lay,42,2,65,0.2075,0.7568065453745689,0.38569808468624794,1.058540867910856,-0.34058868872072895,0.0388543661844415,0,0
sleepedf_full,shuffled,tsception,dense_layer,42,2,65,0.2075,0.9774816775261495,0.7352576515688286,1.0578503016485428,-0.08521063601761868,0.004842011895225133,0,0
sleepedf_full,shuffled,tsception,logits,42,2,65,0.2075,0.9731588416039945,0.7274065086957354,0.9796758310012912,-0.01194293186813823,0.005425942470841595,0,0
sleepedf_full,shuffled,tsception,temporal_blocks.0,42,5,65,0.2085,0.6113423101576385,0.370500822243307,0.3667095840036409,0.1179651685227461,0.12666755763125132,0,0
sleepedf_full,shuffled,tsception,temporal_blocks.2,42,5,65,0.2085,0.8044456635159194,0.10733093298249509,0.6922638602715345,0.09586007491367719,0.016321728330707618,0,0
sleepedf_full,shuffled,tsception,spatial_block_1,42,5,65,0.2085,0.8135077081273646,0.33213355806306066,1.082575281958894,-0.29580650281433724,0.026738928982806685,0,0
sleepedf_full,shuffled,tsception,spatial_block_2,42,5,65,0.2085,0.8735247448543636,0.35692408075948817,1.0350717223686083,-0.17891326936970936,0.017366291855460306,0,0
sleepedf_full,shuffled,tsception,batch_temporal_lay,42,5,65,0.2085,0.6561675073462602,0.2502626666470217,0.9501558736813138,-0.331291030860283,0.03730266452522916,0,0
sleepedf_full,shuffled,tsception,batch_spatial_lay,42,5,65,0.2085,0.7212864084634496,0.3533446655881238,1.0450377283269208,-0.3644869161653511,0.04073559630187975,0,0
sleepedf_full,shuffled,tsception,dense_layer,42,5,65,0.2085,0.9409806582773363,0.7696993263261336,1.0842321937211823,-0.18990981398943263,0.04665827854558687,0,0
sleepedf_full,shuffled,tsception,logits,42,5,65,0.2085,0.9480297911830281,0.7642876957138306,1.231719044662261,-0.3164786798848242,0.03240672275205083,0,0
sleepedf_full,shuffled,tsception,temporal_blocks.0,42,10,65,0.2045,0.5867295777857081,0.29990138635446895,0.3584926359871365,0.12523178154817463,0.10300516025039608,0,0
sleepedf_full,shuffled,tsception,temporal_blocks.2,42,10,65,0.2045,0.8034464265095758,0.10635426053665685,0.6895931901947097,0.09751597268474879,0.01633726363011661,0,0
sleepedf_full,shuffled,tsception,spatial_block_1,42,10,65,0.2045,0.8052232260128547,0.2708857550968347,1.1441081934018449,-0.3707474190989504,0.031862451709960035,0,0
sleepedf_full,shuffled,tsception,spatial_block_2,42,10,65,0.2045,0.8430424722505073,0.3526867969294081,1.0621607575280356,-0.24439956362817997,0.02528127835065033,0,0
sleepedf_full,shuffled,tsception,batch_temporal_lay,42,10,65,0.2045,0.624654815669529,0.21352536429711566,0.907121344958915,-0.32005460885382764,0.03758807956444168,0,0
sleepedf_full,shuffled,tsception,batch_spatial_lay,42,10,65,0.2045,0.6623841198044289,0.3149685625938095,1.0710277925543326,-0.4675746380241284,0.05893096527422453,0,0
sleepedf_full,shuffled,tsception,dense_layer,42,10,65,0.2045,0.8295449289639001,0.9513408386502729,2.156092507639016,-2.0546078351721335,0.7280602564970179,0,0
sleepedf_full,shuffled,tsception,logits,42,10,65,0.2045,0.8107175202418562,0.9535976522073522,1.0899964885247226,-0.7950903684808472,0.5134032975067637,0,0
sleepedf_full,shuffled,tsception,temporal_blocks.0,42,20,65,0.2035,0.5551677661177797,0.37166590608166983,0.34792291666347275,0.08586667282201704,0.1213781766322887,0,0
sleepedf_full,shuffled,tsception,temporal_blocks.2,42,20,65,0.2035,0.7924708122681822,0.10281467489174535,0.66701634527399,0.1085365155133821,0.01691795148080914,0,0
sleepedf_full,shuffled,tsception,spatial_block_1,42,20,65,0.2035,0.797430536785035,0.36692017905010027,1.297261411854605,-0.5558978226456462,0.05606694757606901,0,0
sleepedf_full,shuffled,tsception,spatial_block_2,42,20,65,0.2035,0.8261537890515473,0.32527194341850907,1.0953939453727939,-0.2982433147099331,0.029003158388687767,0,0
sleepedf_full,shuffled,tsception,batch_temporal_lay,42,20,65,0.2035,0.6110221659066448,0.235389925596026,0.8827640700935431,-0.3101909546895808,0.03844905050268256,0,0
sleepedf_full,shuffled,tsception,batch_spatial_lay,42,20,65,0.2035,0.6395601722359794,0.27652582143364096,1.1354296369717296,-0.5721619381328207,0.07629247339707058,0,0
sleepedf_full,shuffled,tsception,dense_layer,42,20,65,0.2035,0.9556145976723904,0.4448331671147314,1.1741723261301702,-0.2341623746602808,0.015604646202500664,0,0
sleepedf_full,shuffled,tsception,logits,42,20,65,0.2035,0.9799059259389625,0.5580992324674193,1.1957811503773883,-0.2265833959539101,0.010708171515484428,0,0
sleepedf_full,shuffled,tsception,temporal_blocks.0,43,0,65,0.197,0.7388441337066509,0.2862299492006195,0.5182648418058482,0.1644921879716147,0.05608710392918479,0,0
sleepedf_full,shuffled,tsception,temporal_blocks.2,43,0,65,0.197,0.6967805572280774,0.17578555251817912,0.4929502715973144,0.16668637905215433,0.03714390657860909,0,0
sleepedf_full,shuffled,tsception,spatial_block_1,43,0,65,0.197,0.9564596402340177,0.16486863605011204,0.8663583599180077,0.08690579395691016,0.0031954863590986636,0,0
sleepedf_full,shuffled,tsception,spatial_block_2,43,0,65,0.197,0.9067034523383458,0.2964517838805553,0.9272880078310474,-0.0280615314406912,0.007476975947988155,0,0
sleepedf_full,shuffled,tsception,batch_temporal_lay,43,0,65,0.197,0.6588830096177053,0.20088198542959057,0.5329048014632376,0.08096484803317676,0.045013360121290674,0,0
sleepedf_full,shuffled,tsception,batch_spatial_lay,43,0,65,0.197,0.9012691061717776,0.2637342063790804,0.8928800001023427,0.00046792870900474787,0.007921177360430071,0,0
sleepedf_full,shuffled,tsception,dense_layer,43,0,65,0.197,0.9145246229136825,0.2896263380129844,0.8976464208821539,0.009688444047888899,0.007189757983639761,0,0
sleepedf_full,shuffled,tsception,logits,43,0,65,0.197,0.9883609959267152,0.44051697903265696,0.9633189552431292,0.023801613324876375,0.0012404273587094655,0,0
sleepedf_full,shuffled,tsception,temporal_blocks.0,43,1,65,0.179,0.7511442710624695,0.24977480374741096,0.5486385876311574,0.1535242972536576,0.048981386177653415,0,0
sleepedf_full,shuffled,tsception,temporal_blocks.2,43,1,65,0.179,0.6923420726869929,0.15697321566742312,0.4905341036075051,0.16738365203016628,0.03442431704931885,0,0
sleepedf_full,shuffled,tsception,spatial_block_1,43,1,65,0.179,0.8539553395465247,0.2296353577225352,1.0037757773874603,-0.16456990885683123,0.014749471015894142,0,0
sleepedf_full,shuffled,tsception,spatial_block_2,43,1,65,0.179,0.861327959909259,0.22865593620177488,0.8508448724356981,0.003907867672137375,0.006575219801424294,0,0
sleepedf_full,shuffled,tsception,batch_temporal_lay,43,1,65,0.179,0.7243271143086658,0.19367731504463637,0.9457812280780783,-0.24763786913523358,0.026183755365821234,0,0
sleepedf_full,shuffled,tsception,batch_spatial_lay,43,1,65,0.179,0.7873614146764055,0.23135167247382174,0.9596461888648109,-0.18733057111492754,0.015045796926521929,0,0
sleepedf_full,shuffled,tsception,dense_layer,43,1,65,0.179,0.9907223133746221,0.4335104729423406,0.9928228640878871,-0.002660349181834201,0.0005597984685694237,0,0
sleepedf_full,shuffled,tsception,logits,43,1,65,0.179,0.9723655461054634,0.6364395374646066,1.0205137578028922,-0.0533599615690494,0.005211749871620584,0,0
sleepedf_full,shuffled,tsception,temporal_blocks.0,43,2,65,0.207,0.7440171167400353,0.2649243717446691,0.5449973598423686,0.14860774223322495,0.05041201466443851,0,0
sleepedf_full,shuffled,tsception,temporal_blocks.2,43,2,65,0.207,0.6885498849782722,0.14888665049590466,0.4766621259102164,0.1771644019605437,0.03472335710751153,0,0
sleepedf_full,shuffled,tsception,spatial_block_1,43,2,65,0.207,0.8771261273988874,0.2053360338184253,0.9988981276392401,-0.13140582199068435,0.009633821750329763,0,0
sleepedf_full,shuffled,tsception,spatial_block_2,43,2,65,0.207,0.8482306542294479,0.22590009802221744,0.8406581657850448,-0.0006242188734166386,0.008196707317821792,0,0
sleepedf_full,shuffled,tsception,batch_temporal_lay,43,2,65,0.207,0.7096909818307396,0.1928264228187001,0.9277375984302313,-0.2449488295877845,0.02690221298829272,0,0
sleepedf_full,shuffled,tsception,batch_spatial_lay,43,2,65,0.207,0.7618568308806177,0.22087177744663047,0.9197449876130652,-0.17366656504471467,0.015778408312266796,0,0
sleepedf_full,shuffled,tsception,dense_layer,43,2,65,0.207,0.9920847360072199,0.44976327969978214,1.0247156448288888,-0.0336749358758943,0.0010440270542252702,0,0
sleepedf_full,shuffled,tsception,logits,43,2,65,0.207,0.9757426691341559,0.5297116181188662,0.840618246691949,0.12958303242164598,0.005541390020561106,0,0
sleepedf_full,shuffled,tsception,temporal_blocks.0,43,5,65,0.1825,0.7066328565345736,0.291079688882809,0.4544429979335926,0.19246256414275068,0.059727294458227595,0,0
sleepedf_full,shuffled,tsception,temporal_blocks.2,43,5,65,0.1825,0.6797186926196509,0.14770472768064272,0.4421046771493869,0.19994901434109963,0.03766500112916373,0,0
sleepedf_full,shuffled,tsception,spatial_block_1,43,5,65,0.1825,0.8917631960801741,0.2550869525112961,1.091195985802975,-0.21335020991343004,0.013917420190628325,0,0
sleepedf_full,shuffled,tsception,spatial_block_2,43,5,65,0.1825,0.8367086702639385,0.11603576865252724,0.8549491777037984,-0.02079049595972894,0.0025499885198684968,0,0
sleepedf_full,shuffled,tsception,batch_temporal_lay,43,5,65,0.1825,0.6803990554935337,0.2118278486586949,0.9474532314378569,-0.29530808046886414,0.02825390452454079,0,0
sleepedf_full,shuffled,tsception,batch_spatial_lay,43,5,65,0.1825,0.7052529955929567,0.1634825970647478,0.9207493325522905,-0.23197172899374455,0.016475392034410483,0,0
sleepedf_full,shuffled,tsception,dense_layer,43,5,65,0.1825,0.957587780533776,0.3716153132866585,1.0680842674910098,-0.11293405604446088,0.002437569087226944,0,0
sleepedf_full,shuffled,tsception,logits,43,5,65,0.1825,0.9417139251558184,0.44732944140643527,0.9658380543739238,-0.028425997175117703,0.001985098324552729,0,0
sleepedf_full,shuffled,tsception,temporal_blocks.0,43,10,65,0.194,0.6756697955122075,0.2713469856635977,0.41054414069562245,0.20546490295607947,0.05966075186050398,0,0
sleepedf_full,shuffled,tsception,temporal_blocks.2,43,10,65,0.194,0.6592697827043726,0.1477996273147136,0.41330772536013677,0.20520360702907744,0.04075845031515864,0,0
sleepedf_full,shuffled,tsception,spatial_block_1,43,10,65,0.194,0.8789895382874062,0.3293609733572325,1.1743550605374944,-0.319020506304217,0.02365498405412576,0,0
sleepedf_full,shuffled,tsception,spatial_block_2,43,10,65,0.194,0.8489147223682815,0.14664879399833267,0.9220088752646567,-0.07484521786194734,0.0017510649655721035,0,0
sleepedf_full,shuffled,tsception,batch_temporal_lay,43,10,65,0.194,0.6397217719235818,0.2305402812575183,0.9357244240826648,-0.3289058058083109,0.032903153649227954,0,0
sleepedf_full,shuffled,tsception,batch_spatial_lay,43,10,65,0.194,0.6310973709017861,0.2175794108108579,0.919397635461371,-0.31975405205717244,0.031453787497587364,0,0
sleepedf_full,shuffled,tsception,dense_layer,43,10,65,0.194,0.8563684506296164,0.3185950766833997,0.928660600301866,-0.07683229846231514,0.004071398558261192,0,0
sleepedf_full,shuffled,tsception,logits,43,10,65,0.194,0.8745156825325103,0.41430533174274603,0.9600448429578754,-0.11809317307297357,0.005153331520168578,0,0
sleepedf_full,shuffled,tsception,temporal_blocks.0,43,20,65,0.2025,0.647443318802129,0.32548004134336683,0.36759602380431716,0.20186901891671455,0.0779782760810969,0,0
sleepedf_full,shuffled,tsception,temporal_blocks.2,43,20,65,0.2025,0.6502258944118635,0.15074944341616964,0.41290668548765247,0.1950515520091915,0.04226765691501688,0,0
sleepedf_full,shuffled,tsception,spatial_block_1,43,20,65,0.2025,0.8774043375799099,0.4118391621678207,1.2652003328494428,-0.42688385021074954,0.039087854941215666,0,0
sleepedf_full,shuffled,tsception,spatial_block_2,43,20,65,0.2025,0.8375502025459503,0.1749003722946075,0.9355088097650134,-0.10187329168909193,0.003914684470024764,0,0
sleepedf_full,shuffled,tsception,batch_temporal_lay,43,20,65,0.2025,0.5955387899081078,0.24997973798862888,0.9159468184309211,-0.3605489036894653,0.03990895639935071,0,0
sleepedf_full,shuffled,tsception,batch_spatial_lay,43,20,65,0.2025,0.6139804587212803,0.3247806205787178,1.0783011757938705,-0.5315963609658257,0.0672756438932345,0,0
sleepedf_full,shuffled,tsception,dense_layer,43,20,65,0.2025,0.6176472805783786,0.9108393112195636,3.126870501599485,-3.4448007448805895,0.9352450642625714,0,0
sleepedf_full,shuffled,tsception,logits,43,20,65,0.2025,0.5887812648839604,0.8800967394009289,1.4480062581879982,-1.2218378581255465,0.3495077109335194,0,0
sleepedf_full,shuffled,tsception,temporal_blocks.0,44,0,65,0.217,0.7371585419080151,0.23741982426932293,0.5736692825775522,0.12355989375004252,0.03992936558041787,0,0
sleepedf_full,shuffled,tsception,temporal_blocks.2,44,0,65,0.217,0.791829681941991,0.22444929604348726,0.6901168574214914,0.07487764498092132,0.026835179539582314,0,0
sleepedf_full,shuffled,tsception,spatial_block_1,44,0,65,0.217,0.6306527713470532,0.19520391403126452,0.5349743815643765,0.03580636257891663,0.05987202720375844,0,0
sleepedf_full,shuffled,tsception,spatial_block_2,44,0,65,0.217,0.9750814930230878,0.21944560649110004,1.0107140989525492,-0.037616535101706414,0.001983929172244023,0,0
sleepedf_full,shuffled,tsception,batch_temporal_lay,44,0,65,0.217,0.6393650840189644,0.2619656718549541,0.5988204706924034,-0.027936192389172356,0.06848080571573281,0,0
sleepedf_full,shuffled,tsception,batch_spatial_lay,44,0,65,0.217,0.9514091172398403,0.21346128441173656,0.9914497122987018,-0.04368077480708643,0.003640179748224628,0,0
sleepedf_full,shuffled,tsception,dense_layer,44,0,65,0.217,0.9570775724568467,0.22938326749574048,0.9808949469681693,-0.027294732859101837,0.003477358347779322,0,0
sleepedf_full,shuffled,tsception,logits,44,0,65,0.217,0.9848007208221995,0.49039559882193473,0.9954400529178761,-0.013774376646007594,0.0031350445503309852,0,0
sleepedf_full,shuffled,tsception,temporal_blocks.0,44,1,65,0.1995,0.7165867161463378,0.2756935432269934,0.5335266459849219,0.1354369695429105,0.04762310061850326,0,0
sleepedf_full,shuffled,tsception,temporal_blocks.2,44,1,65,0.1995,0.8000182005205445,0.22004763527039356,0.7033429580542782,0.07038428759763755,0.026290954868631283,0,0
sleepedf_full,shuffled,tsception,spatial_block_1,44,1,65,0.1995,0.7524314164312141,0.37330210907568523,1.0093667368518617,-0.29861977420327385,0.04168445378262597,0,0
sleepedf_full,shuffled,tsception,spatial_block_2,44,1,65,0.1995,0.9040413113269221,0.1112925176386392,0.9345480581730147,-0.032463682912531024,0.0019569360664381825,0,0
sleepedf_full,shuffled,tsception,batch_temporal_lay,44,1,65,0.1995,0.7420679869184902,0.2682422164147512,1.0386846803526635,-0.3287041160849001,0.032087422650727025,0,0
sleepedf_full,shuffled,tsception,batch_spatial_lay,44,1,65,0.1995,0.7500141418245903,0.19080974213131674,0.8684970646687826,-0.135868893463366,0.017385970619173758,0,0
sleepedf_full,shuffled,tsception,dense_layer,44,1,65,0.1995,0.8984669598900642,0.8365618284703779,1.3862853828613058,-0.7239026971321051,0.2360842741608639,0,0
sleepedf_full,shuffled,tsception,logits,44,1,65,0.1995,0.7505375950877257,0.7326607562193095,1.7830410423967007,-1.5142394608899215,0.4690113758414818,0,0
sleepedf_full,shuffled,tsception,temporal_blocks.0,44,2,65,0.2035,0.7108502125023604,0.26564695393142324,0.5322451690419345,0.13166173980793638,0.04694330365249047,0,0
sleepedf_full,shuffled,tsception,temporal_blocks.2,44,2,65,0.2035,0.8017327527437316,0.1890829498486903,0.7025739789606734,0.07647067115147183,0.02268810263158796,0,0
sleepedf_full,shuffled,tsception,spatial_block_1,44,2,65,0.2035,0.7642623268386386,0.25314889098653925,0.9269631315130771,-0.18609448266529685,0.023393677990860253,0,0
sleepedf_full,shuffled,tsception,spatial_block_2,44,2,65,0.2035,0.8998052235727506,0.12027099341147518,0.9576506153552862,-0.06179122748570366,0.003945835703165423,0,0
sleepedf_full,shuffled,tsception,batch_temporal_lay,44,2,65,0.2035,0.7161636594212086,0.24015193538251373,1.0023454678367654,-0.3180566358891275,0.03187482747357078,0,0
sleepedf_full,shuffled,tsception,batch_spatial_lay,44,2,65,0.2035,0.7532831264640211,0.16079471665418701,0.9065507749361073,-0.16786205831198678,0.014594409839900416,0,0
sleepedf_full,shuffled,tsception,dense_layer,44,2,65,0.2035,0.8148353332718264,0.801280249828836,1.7554502915752614,-1.071175840096889,0.13056088179345354,0,0
sleepedf_full,shuffled,tsception,logits,44,2,65,0.2035,0.717674347598662,0.8453129466028172,2.0412947715747243,-1.6433385695396174,0.23972221182474873,0,0
sleepedf_full,shuffled,tsception,temporal_blocks.0,44,5,65,0.217,0.6847393985550229,0.2646081851972963,0.4680936049031277,0.15812131534155702,0.058524478310336386,0,0
sleepedf_full,shuffled,tsception,temporal_blocks.2,44,5,65,0.217,0.7769415562921111,0.15660788404044013,0.6620818978205877,0.09332941775726597,0.02153024071426028,0,0
sleepedf_full,shuffled,tsception,spatial_block_1,44,5,65,0.217,0.7880339624951412,0.3403627168725275,1.0113498339054037,-0.251450965466857,0.028135094056594853,0,0
sleepedf_full,shuffled,tsception,spatial_block_2,44,5,65,0.217,0.8876375244599143,0.11325417985106531,0.9730089690211794,-0.08761293433910997,0.002241489777839959,0,0
sleepedf_full,shuffled,tsception,batch_temporal_lay,44,5,65,0.217,0.6952433494219475,0.2532666834729762,0.9888162209000718,-0.3218837300193323,0.02831085854120806,0,0
sleepedf_full,shuffled,tsception,batch_spatial_lay,44,5,65,0.217,0.6934353449192318,0.18801084348983904,0.9155049521951889,-0.2428425678789393,0.020772960602981727,0,0
sleepedf_full,shuffled,tsception,dense_layer,44,5,65,0.217,0.6104171914202696,0.6461803507209659,2.8319986656944733,-2.9965121103873,0.7749306361130964,0,0
sleepedf_full,shuffled,tsception,logits,44,5,65,0.217,0.5845549485605435,0.596426106422141,1.7201372079791386,-1.6416609406796057,0.4466608620406558,0,0
sleepedf_full,shuffled,tsception,temporal_blocks.0,44,10,65,0.186,0.6548070043254364,0.23641238908352422,0.41651209297511066,0.17496461688816137,0.06333029446216278,0,0
sleepedf_full,shuffled,tsception,temporal_blocks.2,44,10,65,0.186,0.7460780808301503,0.17289554991949482,0.6078293022531427,0.10957086521587156,0.028677913361132644,0,0
sleepedf_full,shuffled,tsception,spatial_block_1,44,10,65,0.186,0.8009013459283382,0.2912797157141352,1.0534439137710154,-0.27932595345250305,0.02678338560982432,0,0
sleepedf_full,shuffled,tsception,spatial_block_2,44,10,65,0.186,0.8695109566193856,0.07745434642147511,0.9721782074083805,-0.10656713254657561,0.003899881757573626,0,0
sleepedf_full,shuffled,tsception,batch_temporal_lay,44,10,65,0.186,0.6684017278023564,0.2659609078502185,0.9823018219351584,-0.34560622760124315,0.03170613346844087,0,0
sleepedf_full,shuffled,tsception,batch_spatial_lay,44,10,65,0.186,0.6385026783658013,0.1536225627293668,0.9026714200126442,-0.29482844559769833,0.03065970395085518,0,0
sleepedf_full,shuffled,tsception,dense_layer,44,10,65,0.186,0.6184377804872769,0.571639924808241,1.2486467129832663,-0.6732578048843157,0.03979009062617528,0,0
sleepedf_full,shuffled,tsception,logits,44,10,65,0.186,0.7192334421752997,0.709056842608762,1.128517914803858,-0.4140608866011263,-0.014913700186089274,0,0
sleepedf_full,shuffled,tsception,temporal_blocks.0,44,20,65,0.199,0.6126092696929918,0.25752241926060837,0.3116331469095278,0.20994684471414216,0.09102927806931946,0,0
sleepedf_full,shuffled,tsception,temporal_blocks.2,44,20,65,0.199,0.7285911674256965,0.15034603586379058,0.5728606766359107,0.12920978353064674,0.026520707259139163,0,0
sleepedf_full,shuffled,tsception,spatial_block_1,44,20,65,0.199,0.7610393110290287,0.38098186079412716,1.1337667048512106,-0.41618284703197145,0.04345545320978967,0,0
sleepedf_full,shuffled,tsception,spatial_block_2,44,20,65,0.199,0.8388407892892102,0.11233993843971792,0.9614546838405568,-0.12916464280048295,0.006550748249134867,0,0
sleepedf_full,shuffled,tsception,batch_temporal_lay,44,20,65,0.199,0.6213441361300932,0.28940636736365943,0.9581223415779917,-0.3760325279767929,0.03782072282638992,0,0
sleepedf_full,shuffled,tsception,batch_spatial_lay,44,20,65,0.199,0.6179645617970666,0.12158655101217201,0.871181139335182,-0.2796454843680913,0.02642890682997589,0,0
sleepedf_full,shuffled,tsception,dense_layer,44,20,65,0.199,0.6315551265627086,0.27068417071940704,0.5703280986524634,0.06122977127511987,-0.0010003880787395369,0,0
sleepedf_full,shuffled,tsception,logits,44,20,65,0.199,0.7292745438709178,0.43024456145783607,0.64853987127986,0.0829443108423641,-0.011248937623483751,0,0
sleepedf_full,shuffled,tsception,temporal_blocks.0,45,0,65,0.211,0.6700248896375212,0.37104617723292144,0.431548763526574,0.12796518587656006,0.11051094023438558,0,0
sleepedf_full,shuffled,tsception,temporal_blocks.2,45,0,65,0.211,0.797473407561016,0.2554427378397976,0.6975247945968593,0.07577875559989564,0.02416985736425904,0,0
sleepedf_full,shuffled,tsception,spatial_block_1,45,0,65,0.211,0.9021743573775053,0.38340722665750576,0.7827291610050982,0.09695359239913377,0.02249160397327271,0,0
sleepedf_full,shuffled,tsception,spatial_block_2,45,0,65,0.211,0.9594394178015749,0.41508310140778726,0.9931365823838256,-0.03965249872209343,0.005955334139838027,0,0
sleepedf_full,shuffled,tsception,batch_temporal_lay,45,0,65,0.211,0.6797067236826484,0.2837889371650967,0.5992060292288797,0.023925281340615237,0.0565754131131535,0,0
sleepedf_full,shuffled,tsception,batch_spatial_lay,45,0,65,0.211,0.935198103217801,0.4045303891986397,0.9536315195920418,-0.028745246049291583,0.010311829675050658,0,0
sleepedf_full,shuffled,tsception,dense_layer,45,0,65,0.211,0.9444541702549794,0.4354131141805465,0.9418816464526351,-0.008343826526914656,0.010916350329258924,0,0
sleepedf_full,shuffled,tsception,logits,45,0,65,0.211,0.9892658976348221,0.41837842474740183,1.004055004196561,-0.015356764639081762,0.0005676580773429066,0,0
sleepedf_full,shuffled,tsception,temporal_blocks.0,45,1,65,0.2325,0.6637105254594187,0.3914523554162337,0.4195448965062673,0.12849812424951793,0.11566750470363159,0,0
sleepedf_full,shuffled,tsception,temporal_blocks.2,45,1,65,0.2325,0.8038193116284641,0.2765221712058505,0.7110711653337859,0.0676749826371236,0.025073163657551297,0,0
sleepedf_full,shuffled,tsception,spatial_block_1,45,1,65,0.2325,0.7080235627376331,0.25984682787880653,0.6525630503923063,0.022959518799895152,0.03250099354543068,0,0
sleepedf_full,shuffled,tsception,spatial_block_2,45,1,65,0.2325,0.8408719580577659,0.354927817463749,0.9741194607496829,-0.14959880665451505,0.016351303962599303,0,0
sleepedf_full,shuffled,tsception,batch_temporal_lay,45,1,65,0.2325,0.6887142352759421,0.3216185079611225,1.01850343582404,-0.37250221999992084,0.042713019451822556,0,0
sleepedf_full,shuffled,tsception,batch_spatial_lay,45,1,65,0.2325,0.73774294100254,0.3496089525146206,0.9100248556180487,-0.1984063170695029,0.026124402453994056,0,0
sleepedf_full,shuffled,tsception,dense_layer,45,1,65,0.2325,0.9880026713816176,0.8453491712182337,0.8705880844742958,0.11002724881390767,0.0073873380934137995,0,0
sleepedf_full,shuffled,tsception,logits,45,1,65,0.2325,0.9855114463846761,0.617686080755809,0.923142636206071,0.06050347217012656,0.0018653380084784161,0,0
sleepedf_full,shuffled,tsception,temporal_blocks.0,45,2,65,0.213,0.6728266550828498,0.37872122874626335,0.4534721151711039,0.12019964416246702,0.09915489574927767,0,0
sleepedf_full,shuffled,tsception,temporal_blocks.2,45,2,65,0.213,0.7922890404916864,0.2590593578872162,0.6898002399495636,0.07835036594460211,0.0241384345975203,0,0
sleepedf_full,shuffled,tsception,spatial_block_1,45,2,65,0.213,0.7369399547918359,0.2582052876211442,0.7437818265695572,-0.03848746334325567,0.03164559156553384,0,0
sleepedf_full,shuffled,tsception,spatial_block_2,45,2,65,0.213,0.8571631474487517,0.35182498185139977,0.9838920297220313,-0.14342871897471465,0.016699836701432724,0,0
sleepedf_full,shuffled,tsception,batch_temporal_lay,45,2,65,0.213,0.6770776157287756,0.30756991533882816,1.00432053244512,-0.3694328188679649,0.042189902151620245,0,0
sleepedf_full,shuffled,tsception,batch_spatial_lay,45,2,65,0.213,0.743010757057773,0.34931375150934296,0.9313226080498227,-0.21787023179874018,0.029558380806690064,0,0
sleepedf_full,shuffled,tsception,dense_layer,45,2,65,0.213,0.9000993912028099,0.9059441285692962,1.4202118706621878,-0.8565468266001179,0.33643434714074005,0,0
sleepedf_full,shuffled,tsception,logits,45,2,65,0.213,0.7907472872204706,0.9390771404049663,2.717018367322524,-2.8565521192346446,0.9300336114903892,0,0
sleepedf_full,shuffled,tsception,temporal_blocks.0,45,5,65,0.1765,0.6366321672636841,0.37427016473261776,0.4122947081416805,0.11337871536078645,0.11095874376121496,0,0
sleepedf_full,shuffled,tsception,temporal_blocks.2,45,5,65,0.1765,0.7744916332144107,0.1973030135125254,0.6591658063266813,0.09044128266500237,0.02488454422272557,0,0
sleepedf_full,shuffled,tsception,spatial_block_1,45,5,65,0.1765,0.8319926605957753,0.18446750547857385,0.9067126174691165,-0.08216102831828824,0.00744107144494567,0,0
sleepedf_full,shuffled,tsception,spatial_block_2,45,5,65,0.1765,0.8489396695604534,0.3622942106636032,1.042832837637654,-0.2138214253598126,0.019928257282609774,0,0
sleepedf_full,shuffled,tsception,batch_temporal_lay,45,5,65,0.1765,0.6505548160269576,0.2854337561945451,0.9916982255840351,-0.3822377039640364,0.04109429440695863,0,0
sleepedf_full,shuffled,tsception,batch_spatial_lay,45,5,65,0.1765,0.6818176488361011,0.3281719055833568,0.9553114085252133,-0.3158634585565435,0.042369698867430944,0,0
sleepedf_full,shuffled,tsception,dense_layer,45,5,65,0.1765,0.6812832711860646,0.9722698995457144,4.16291859780999,-5.401564431478163,1.919929104854238,0,0
sleepedf_full,shuffled,tsception,logits,45,5,65,0.1765,0.6698446330986862,0.9914796825724553,12.866785999330489,-20.8292560103066,8.447629369608865,0,0
sleepedf_full,shuffled,tsception,temporal_blocks.0,45,10,65,0.221,0.6063955436140964,0.4146925930480865,0.36642809850871605,0.10550410201780705,0.13446334308757366,0,0
sleepedf_full,shuffled,tsception,temporal_blocks.2,45,10,65,0.221,0.7621192227511138,0.21952884397973635,0.643801468651377,0.08943207414549982,0.02888567995423727,0,0
sleepedf_full,shuffled,tsception,spatial_block_1,45,10,65,0.221,0.8294195974228962,0.2307577750672689,0.9717153172788671,-0.15503401672107323,0.012738296865101376,0,0
sleepedf_full,shuffled,tsception,spatial_block_2,45,10,65,0.221,0.8455615922936258,0.43118188183086276,1.138781676988872,-0.3264251774059192,0.03320509271066891,0,0
sleepedf_full,shuffled,tsception,batch_temporal_lay,45,10,65,0.221,0.6186926428897154,0.3077057688300503,0.9790715066630613,-0.40631090255002145,0.04551929703856285,0,0
sleepedf_full,shuffled,tsception,batch_spatial_lay,45,10,65,0.221,0.6403365387789555,0.4217408530402201,1.102100454950083,-0.5472460177090052,0.08548210153787707,0,0
sleepedf_full,shuffled,tsception,dense_layer,45,10,65,0.221,0.6096170988986209,0.9320739813667036,6.5909614739389415,-9.970955188170649,3.989610813130326,0,0
sleepedf_full,shuffled,tsception,logits,45,10,65,0.221,0.7191490892434279,0.8190067951046776,2.7554439751482165,-3.2882781175880784,1.2319430238872147,0,0
sleepedf_full,shuffled,tsception,temporal_blocks.0,45,20,65,0.2055,0.5679247245970308,0.3734766520646266,0.35722690343376184,0.09280865883607284,0.11788916232719496,0,0
sleepedf_full,shuffled,tsception,temporal_blocks.2,45,20,65,0.2055,0.750623819058292,0.23186173617109507,0.621918703963975,0.09801483497449018,0.030690280119825074,0,0
sleepedf_full,shuffled,tsception,spatial_block_1,45,20,65,0.2055,0.8344494150187376,0.40190630387488435,1.176713496338107,-0.3813055008311357,0.03904141951176512,0,0
sleepedf_full,shuffled,tsception,spatial_block_2,45,20,65,0.2055,0.8334998646881426,0.38050035730783893,1.1561236604695535,-0.3550942824624323,0.032470486681019456,0,0
sleepedf_full,shuffled,tsception,batch_temporal_lay,45,20,65,0.2055,0.5994559929934472,0.2890030214456677,0.950984433589931,-0.3976274697696292,0.04481712767588878,0,0
sleepedf_full,shuffled,tsception,batch_spatial_lay,45,20,65,0.2055,0.6224790292223682,0.40154963722294146,1.1398828617138972,-0.6020733434206689,0.08466951092914007,0,0
sleepedf_full,shuffled,tsception,dense_layer,45,20,65,0.2055,0.92397978771789,0.8723243820099013,1.0955849460370801,-0.4286665917636744,0.25706143344448434,0,0
sleepedf_full,shuffled,tsception,logits,45,20,65,0.2055,0.948017629584093,0.7939117526021919,0.8023094068638363,0.08879865929136313,0.055582183108948344,0,0
sleepedf_full,shuffled,tsception,temporal_blocks.0,46,0,65,0.2005,0.7269041225613617,0.25623399427461196,0.5331693025879228,0.1413810739961074,0.0523537459773299,0,0
sleepedf_full,shuffled,tsception,temporal_blocks.2,46,0,65,0.2005,0.7150271002377742,0.31087488838998123,0.6088442261821092,0.056330404052714944,0.04985247000295245,0,0
sleepedf_full,shuffled,tsception,spatial_block_1,46,0,65,0.2005,0.895697242398134,0.29704302254327747,0.7231790578622928,0.15335608286336228,0.01916210167247895,0,0
sleepedf_full,shuffled,tsception,spatial_block_2,46,0,65,0.2005,0.952484705966144,0.32308998572064546,0.8714407370130134,0.07305878457426328,0.007985184378865055,0,0
sleepedf_full,shuffled,tsception,batch_temporal_lay,46,0,65,0.2005,0.6789360697107139,0.25441020218313204,0.5492056243638004,0.07220436529204198,0.05752608005487145,0,0
sleepedf_full,shuffled,tsception,batch_spatial_lay,46,0,65,0.2005,0.9277488908460773,0.3167062067851688,0.8365296405452886,0.0790126607213861,0.012206589579402585,0,0
sleepedf_full,shuffled,tsception,dense_layer,46,0,65,0.2005,0.9383751729786373,0.2592847233888655,0.8671368502759126,0.06290695404666179,0.00833136865606325,0,0
sleepedf_full,shuffled,tsception,logits,46,0,65,0.2005,0.9928830003428739,0.42751607695250887,0.9792688834142929,0.01340109602329722,0.0002130209052837356,0,0
sleepedf_full,shuffled,tsception,temporal_blocks.0,46,1,65,0.2145,0.7243712094848505,0.2563724381734567,0.5289173127975465,0.1440869715436082,0.05136692514369179,0,0
sleepedf_full,shuffled,tsception,temporal_blocks.2,46,1,65,0.2145,0.7165710619769677,0.2603174299703778,0.6153009643490809,0.0634102797308417,0.03785981789704529,0,0
sleepedf_full,shuffled,tsception,spatial_block_1,46,1,65,0.2145,0.5972709023058207,0.2380046839982973,0.3644900089225234,0.16613159904081456,0.0666492943424834,0,0
sleepedf_full,shuffled,tsception,spatial_block_2,46,1,65,0.2145,0.8271041439359146,0.3568421760437032,1.0316273470130568,-0.23412655527659404,0.029603352199450584,0,0
sleepedf_full,shuffled,tsception,batch_temporal_lay,46,1,65,0.2145,0.730596282343597,0.23407006927071236,0.9512603115412305,-0.24823648648277802,0.027572457285144243,0,0
sleepedf_full,shuffled,tsception,batch_spatial_lay,46,1,65,0.2145,0.730133470574753,0.39829182938030805,1.063250857935351,-0.3920079185965322,0.05889053123593364,0,0
sleepedf_full,shuffled,tsception,dense_layer,46,1,65,0.2145,0.981889779667206,0.7501620472373409,0.9066119815415318,0.0664875375104153,0.008790260615259025,0,0
sleepedf_full,shuffled,tsception,logits,46,1,65,0.2145,0.9877498506872087,0.5271376701817556,1.020546938448666,-0.03631543010087568,0.0035183423394181852,0,0
sleepedf_full,shuffled,tsception,temporal_blocks.0,46,2,65,0.188,0.7122447604412723,0.31572640224784027,0.5120535894385787,0.13722087767357147,0.0629702933291204,0,0
sleepedf_full,shuffled,tsception,temporal_blocks.2,46,2,65,0.188,0.7211277921080551,0.20954039213891404,0.6031551336185262,0.08634940610771237,0.03162325238181854,0,0
sleepedf_full,shuffled,tsception,spatial_block_1,46,2,65,0.188,0.5286881626898868,0.24463147178649658,0.3015984844351707,0.13741713532161356,0.08967254293310244,0,0
sleepedf_full,shuffled,tsception,spatial_block_2,46,2,65,0.188,0.8394049352451,0.3559250995192806,1.0523592869632972,-0.23963917389101883,0.026684822172817528,0,0
sleepedf_full,shuffled,tsception,batch_temporal_lay,46,2,65,0.188,0.7243391570495732,0.244836670541545,0.9411312637435905,-0.24372406228392351,0.026931955589906274,0,0
sleepedf_full,shuffled,tsception,batch_spatial_lay,46,2,65,0.188,0.7251407716471738,0.41297604758919065,1.0959795872616678,-0.4294230527608758,0.058584237146381404,0,0
sleepedf_full,shuffled,tsception,dense_layer,46,2,65,0.188,0.7741137929217512,0.8627359592941402,2.56858549450254,-2.2264186223028757,0.4319469207220875,0,0
sleepedf_full,shuffled,tsception,logits,46,2,65,0.188,0.844114214812739,0.9036501203189758,3.063071370054137,-2.753759884970736,0.534802729729338,0,0
sleepedf_full,shuffled,tsception,temporal_blocks.0,46,5,65,0.179,0.6852273489482361,0.30973239900653987,0.45726358371632053,0.15890526510703376,0.06905850012487914,0,0
sleepedf_full,shuffled,tsception,temporal_blocks.2,46,5,65,0.179,0.6966835228983256,0.19331342243670313,0.5625857837808466,0.10260635070645213,0.031491388411024716,0,0
sleepedf_full,shuffled,tsception,spatial_block_1,46,5,65,0.179,0.685331435414048,0.20001676842140695,0.6220997610770567,0.03988042813200603,0.023351246204985344,0,0
sleepedf_full,shuffled,tsception,spatial_block_2,46,5,65,0.179,0.8421363712340112,0.39240136995775293,1.089227488866552,-0.2726833716395271,0.025592254006983055,0,0
sleepedf_full,shuffled,tsception,batch_temporal_lay,46,5,65,0.179,0.6987176029667556,0.2579438027987663,0.9224894464561028,-0.24972585515625526,0.025954011666907556,0,0
sleepedf_full,shuffled,tsception,batch_spatial_lay,46,5,65,0.179,0.7042525474330433,0.42835436526192877,1.133056326440087,-0.4920199677242293,0.06321618871718543,0,0
sleepedf_full,shuffled,tsception,dense_layer,46,5,65,0.179,0.7716881767726227,0.8196685694196287,1.9902196520309015,-1.725638201308384,0.506730583830699,0,0
sleepedf_full,shuffled,tsception,logits,46,5,65,0.179,0.6871616949586014,0.8689494984105548,3.91381191447938,-6.033002688064251,2.4982121677469507,0,0
sleepedf_full,shuffled,tsception,temporal_blocks.0,46,10,65,0.181,0.645458780892539,0.296493266432017,0.40224024909229183,0.1681615334607139,0.07505699833953207,0,0
sleepedf_full,shuffled,tsception,temporal_blocks.2,46,10,65,0.181,0.6685755886760104,0.20741348077408475,0.48149952762422005,0.14293628541980177,0.044139775631988835,0,0
sleepedf_full,shuffled,tsception,spatial_block_1,46,10,65,0.181,0.7568686866177774,0.17494624559239383,0.7578057232614981,-0.0067285156367546985,0.005791478993034213,0,0
sleepedf_full,shuffled,tsception,spatial_block_2,46,10,65,0.181,0.8167437203138826,0.34133793346337393,1.0567803918645744,-0.2678153351817857,0.027778663631094117,0,0
sleepedf_full,shuffled,tsception,batch_temporal_lay,46,10,65,0.181,0.6616128241903392,0.234642954932559,0.8846777859244599,-0.24914488030884543,0.026079918574724414,0,0
sleepedf_full,shuffled,tsception,batch_spatial_lay,46,10,65,0.181,0.6370946228803493,0.37677472492226916,1.1227735084532664,-0.5636221889942621,0.07794330342134516,0,0
sleepedf_full,shuffled,tsception,dense_layer,46,10,65,0.181,0.6389560069026718,0.8928636516888055,4.97850912635384,-6.218299641922579,1.8787465224714097,0,0
sleepedf_full,shuffled,tsception,logits,46,10,65,0.181,0.6681315695249322,0.9063198792447593,4.59331976212513,-5.848021152547323,1.7969412969344352,0,0
sleepedf_full,shuffled,tsception,temporal_blocks.0,46,20,65,0.1875,0.6122672956047532,0.3829343184171023,0.35880413471352485,0.14974256429042887,0.10372059660080127,0,0
sleepedf_full,shuffled,tsception,temporal_blocks.2,46,20,65,0.1875,0.6766466424346703,0.17098772050121852,0.4802595309029034,0.15775448225583155,0.0386326292759367,0,0
sleepedf_full,shuffled,tsception,spatial_block_1,46,20,65,0.1875,0.7941859898749967,0.1846677998297272,0.841771335962884,-0.05099229826099413,0.003406952173107756,0,0
sleepedf_full,shuffled,tsception,spatial_block_2,46,20,65,0.1875,0.817072626227678,0.36333835512491536,1.084218847703385,-0.2972398151795374,0.030093593703828053,0,0
sleepedf_full,shuffled,tsception,batch_temporal_lay,46,20,65,0.1875,0.6281206778476317,0.25435539033267074,0.8615923859522295,-0.26343054981264635,0.029958841708048536,0,0
sleepedf_full,shuffled,tsception,batch_spatial_lay,46,20,65,0.1875,0.5947747135423578,0.36167819796743844,1.067322410513211,-0.5500822099327568,0.07753451296190288,0,0
sleepedf_full,shuffled,tsception,dense_layer,46,20,65,0.1875,0.6523522256479031,0.7063923820088928,1.4472806861269636,-1.0585495343819114,0.263621073902851,0,0
sleepedf_full,shuffled,tsception,logits,46,20,65,0.1875,0.8317266546095209,0.5523312270334161,1.0425562274070364,-0.2475750752328215,0.021978480675790186,0,0
sleepedf_full,shuffled,atcnet,conv_block,41,0,65,0.203,0.12276061667484572,0.12276061667484571,0.0,0.0,0.12103267985787568,0,0
sleepedf_full,shuffled,atcnet,attention_blocks.0,41,0,65,0.203,0.8959644871017822,0.594613056083946,1.0208321791891948,-0.2392519166060443,0.11438422451863015,0,0
sleepedf_full,shuffled,atcnet,attention_blocks.4,41,0,65,0.203,0.92096919745164,0.7182824747686513,0.676391040361331,0.09498933753698377,0.14958881955332498,0,0
sleepedf_full,shuffled,atcnet,temporal_conv_nets.0,41,0,65,0.203,0.8881469127874236,0.49611384236691874,0.9837034507009264,-0.17377560677495912,0.07821906886145609,0,0
sleepedf_full,shuffled,atcnet,temporal_conv_nets.4,41,0,65,0.203,0.9383841088308423,0.7423968258988674,0.7342048052309674,0.07699979246931211,0.12717951113056253,0,0
sleepedf_full,shuffled,atcnet,final_layer.4,41,0,65,0.203,0.9402322664994357,0.7408420352665004,0.9144247835026225,-0.10521096369815403,0.13101844669496718,0,0
sleepedf_full,shuffled,atcnet,logits,41,0,65,0.203,0.8794377629571376,0.8360001689571622,0.9027727787123304,-0.3866782281794805,0.36334321242428763,0,0
sleepedf_full,shuffled,atcnet,conv_block,41,1,65,0.194,0.8169103166778585,0.5245936081709369,1.0681843627814016,-0.2679386413647123,0.016664595261168445,0,0
sleepedf_full,shuffled,atcnet,attention_blocks.0,41,1,65,0.194,0.9450254111070426,0.4907326804958894,1.127197007136953,-0.18481155092927212,0.002639954899361493,0,0
sleepedf_full,shuffled,atcnet,attention_blocks.4,41,1,65,0.194,0.9151535919172656,0.46746107587872177,1.105139029569053,-0.19373179676585697,0.0037463591140691585,0,0
sleepedf_full,shuffled,atcnet,temporal_conv_nets.0,41,1,65,0.194,0.9543100319827461,0.521276888994475,1.0805844395503061,-0.12933654684207108,0.003062139274509928,0,0
sleepedf_full,shuffled,atcnet,temporal_conv_nets.4,41,1,65,0.194,0.8740482833737516,0.4276956365432531,1.0184622056448105,-0.1481198924778246,0.0037059702067650936,0,0
sleepedf_full,shuffled,atcnet,final_layer.4,41,1,65,0.194,0.9206180547920612,0.45673467868411927,0.9755285265495307,-0.05630411264970894,0.0013936408922392211,0,0
sleepedf_full,shuffled,atcnet,logits,41,1,65,0.194,0.9158295696605726,0.6748530519218936,1.0882013463352227,-0.19780497296712168,0.017613373977361964,0,0
sleepedf_full,shuffled,atcnet,conv_block,41,2,65,0.208,0.8117583724818707,0.5113413170968093,1.0193636531583414,-0.21876057868219131,0.011155298005720054,0,0
sleepedf_full,shuffled,atcnet,attention_blocks.0,41,2,65,0.208,0.9335287271924314,0.6077203790717404,1.201766777825823,-0.27453298147326044,0.00629493083986843,0,0
sleepedf_full,shuffled,atcnet,attention_blocks.4,41,2,65,0.208,0.9274490526718376,0.44208600148869565,1.208166180566216,-0.28295331910803817,0.002236191213659571,0,0
sleepedf_full,shuffled,atcnet,temporal_conv_nets.0,41,2,65,0.208,0.9359259870085674,0.6995839707185113,1.1242520676961654,-0.1956759589637939,0.00734987827619567,0,0
sleepedf_full,shuffled,atcnet,temporal_conv_nets.4,41,2,65,0.208,0.8855226433579043,0.4041712390457406,1.0870925500413047,-0.20374566664550406,0.0021757599621032436,0,0
sleepedf_full,shuffled,atcnet,final_layer.4,41,2,65,0.208,0.9284917460074062,0.5954409133792533,0.9963082621906691,-0.06947373720448108,0.0016572210212182433,0,0
sleepedf_full,shuffled,atcnet,logits,41,2,65,0.208,0.89881587262747,0.5365525070467991,1.0835313975546588,-0.19487993515662702,0.008840290446243012,0,0
sleepedf_full,shuffled,atcnet,conv_block,41,5,65,0.229,0.744235123155665,0.4439068469046195,0.9121196741646964,-0.17529838413305623,0.007413833124024387,0,0
sleepedf_full,shuffled,atcnet,attention_blocks.0,41,5,65,0.229,0.9095486456624469,0.49725505472423603,1.289170541794728,-0.38244482263294405,0.0028229265006628457,0,0
sleepedf_full,shuffled,atcnet,attention_blocks.4,41,5,65,0.229,0.8587401598888353,0.4515746438832567,1.2320564734504378,-0.37505088659595603,0.0017345730343531565,0,0
sleepedf_full,shuffled,atcnet,temporal_conv_nets.0,41,5,65,0.229,0.87258630155675,0.6406156020179482,1.1485361678645276,-0.2831346278520859,0.007184761544307851,0,0
sleepedf_full,shuffled,atcnet,temporal_conv_nets.4,41,5,65,0.229,0.8134205782992798,0.42095075143346217,1.0378987480342785,-0.22450822258528103,3.005285028177719e-05,0,0
sleepedf_full,shuffled,atcnet,final_layer.4,41,5,65,0.229,0.7998046488092252,0.5797475001271684,1.1514666631910808,-0.3531351828908493,-0.004438773074216289,0,0
sleepedf_full,shuffled,atcnet,logits,41,5,65,0.229,0.8047878811511467,0.6238545053903541,1.0700120296804032,-0.27332823274154155,-0.0007257059293870476,0,0
sleepedf_full,shuffled,atcnet,conv_block,41,10,65,0.221,0.7441874476047399,0.5250568987927717,0.9342376940440699,-0.19539168086020856,0.005341434420877089,0,0
sleepedf_full,shuffled,atcnet,attention_blocks.0,41,10,65,0.221,0.9070761007780147,0.4623969695619846,1.2075443319655315,-0.30177064938516635,0.0013024181976492785,0,0
sleepedf_full,shuffled,atcnet,attention_blocks.4,41,10,65,0.221,0.7933479036923247,0.4598278012012042,1.0636853185721657,-0.2717553583634217,0.00042676557283954605,0,0
sleepedf_full,shuffled,atcnet,temporal_conv_nets.0,41,10,65,0.221,0.9227558283411691,0.4417121169328997,1.1627922594740985,-0.2414282232895396,0.0013917921566095988,0,0
sleepedf_full,shuffled,atcnet,temporal_conv_nets.4,41,10,65,0.221,0.774472431739103,0.48586054626277336,0.943198512263354,-0.17106875294017707,0.0020701244258956512,0,0
sleepedf_full,shuffled,atcnet,final_layer.4,41,10,65,0.221,0.7793092923719481,0.5271351497339635,1.0531324102043953,-0.3925423914372313,0.0029203042922473785,0,0
sleepedf_full,shuffled,atcnet,logits,41,10,65,0.221,0.7959220250855086,0.6900492867377078,1.114538565444295,-0.35543067403820494,0.0101422681015716,0,0
sleepedf_full,shuffled,atcnet,conv_block,41,20,65,0.2405,0.6921108129598021,0.5495587690714588,0.9418226875822693,-0.2606299548148242,0.0076243824134798995,0,0
sleepedf_full,shuffled,atcnet,attention_blocks.0,41,20,65,0.2405,0.7871060883273467,0.4963531893424077,1.2688464719158423,-0.4850786411371621,0.0014412159787484849,0,0
sleepedf_full,shuffled,atcnet,attention_blocks.4,41,20,65,0.2405,0.7308108741897984,0.5103145810942896,1.145616105502149,-0.4313012773656064,0.0033986304597323526,0,0
sleepedf_full,shuffled,atcnet,temporal_conv_nets.0,41,20,65,0.2405,0.8340762934142607,0.6677691245022702,1.2188037008003065,-0.39223026514552717,0.007502857759481004,0,0
sleepedf_full,shuffled,atcnet,temporal_conv_nets.4,41,20,65,0.2405,0.7227256809969496,0.5263458570419473,0.9564497940356934,-0.2394277428897422,0.0026794268067088637,0,0
sleepedf_full,shuffled,atcnet,final_layer.4,41,20,65,0.2405,0.816887121937727,0.5739128001441092,1.155447926401647,-0.37003212285312886,0.002042999281137492,0,0
sleepedf_full,shuffled,atcnet,logits,41,20,65,0.2405,0.8115154608772257,0.7140725465645564,1.4387905724555003,-0.7881369120606402,0.015914295368747982,0,0
sleepedf_full,shuffled,atcnet,conv_block,42,0,65,0.181,0.17020548047516051,0.17020548047516051,0.0,0.0,0.1699466197405003,0,0
sleepedf_full,shuffled,atcnet,attention_blocks.0,42,0,65,0.181,0.8593970670658515,0.8208324115016555,0.5483614271709296,-0.09042536452087359,0.40146100441579513,0,0
sleepedf_full,shuffled,atcnet,attention_blocks.4,42,0,65,0.181,0.8664575697007957,0.6136982520352056,0.9833765148989045,-0.29193567202608517,0.17501672682797564,0,0
sleepedf_full,shuffled,atcnet,temporal_conv_nets.0,42,0,65,0.181,0.9254479096487968,0.8820466038117957,0.7435330087880544,-0.1134048677742791,0.2953197686350216,0,0
sleepedf_full,shuffled,atcnet,temporal_conv_nets.4,42,0,65,0.181,0.8304108581996563,0.5874601854338725,1.2103889343592502,-0.5983401196443647,0.21836204348477056,0,0
sleepedf_full,shuffled,atcnet,final_layer.4,42,0,65,0.181,0.7990333201789911,0.6949971197635545,2.09087143945491,-1.8282252756890582,0.5190362452977275,0,0
sleepedf_full,shuffled,atcnet,logits,42,0,65,0.181,0.7989376249587242,0.7488495629294045,1.605895649812634,-1.4078053671945747,0.6008473423406651,0,0
sleepedf_full,shuffled,atcnet,conv_block,42,1,65,0.216,0.7548180230031768,0.45499656687757883,0.9954450604081175,-0.25416984285351757,0.013542805448575553,0,0
sleepedf_full,shuffled,atcnet,attention_blocks.0,42,1,65,0.216,0.8551409924577723,0.39378388746066867,1.1171460900863401,-0.27000872377625407,0.008003626147685893,0,0
sleepedf_full,shuffled,atcnet,attention_blocks.4,42,1,65,0.216,0.8675605201586614,0.4028186124293988,1.1633537878472657,-0.3004936790381568,0.0047004113495518925,0,0
sleepedf_full,shuffled,atcnet,temporal_conv_nets.0,42,1,65,0.216,0.8525695621913691,0.4571574074073764,1.107612242192115,-0.2704275212389644,0.015384841238218127,0,0
sleepedf_full,shuffled,atcnet,temporal_conv_nets.4,42,1,65,0.216,0.894740118571839,0.3055626315460588,1.087531376343584,-0.19625855689311716,0.0034672991213712517,0,0
sleepedf_full,shuffled,atcnet,final_layer.4,42,1,65,0.216,0.8956948713685405,0.5367267341471991,1.1508469985748653,-0.26356530236534775,0.007736189350326974,0,0
sleepedf_full,shuffled,atcnet,logits,42,1,65,0.216,0.9290015830017946,0.5151137594207702,1.1677331348250495,-0.24447599149014873,0.005744439666893676,0,0
sleepedf_full,shuffled,atcnet,conv_block,42,2,65,0.2085,0.7425442877545017,0.42391218161121247,0.9376077424978074,-0.20561738939661459,0.010553934653307924,0,0
sleepedf_full,shuffled,atcnet,attention_blocks.0,42,2,65,0.2085,0.8599586350468886,0.4496606652069325,1.17206526484313,-0.3188037104802462,0.006697080684004881,0,0
sleepedf_full,shuffled,atcnet,attention_blocks.4,42,2,65,0.2085,0.8867350664669362,0.4011794474020172,1.1539692886727113,-0.269838520561684,0.0026042983559085185,0,0
sleepedf_full,shuffled,atcnet,temporal_conv_nets.0,42,2,65,0.2085,0.8126719421227887,0.45071969032701864,1.1423434930172844,-0.338912843439637,0.009241292545140617,0,0
sleepedf_full,shuffled,atcnet,temporal_conv_nets.4,42,2,65,0.2085,0.8778708608265974,0.4105735193448634,1.1809105706298029,-0.30713959065618074,0.004099880852974388,0,0
sleepedf_full,shuffled,atcnet,final_layer.4,42,2,65,0.2085,0.8890300085042061,0.6027427061211325,1.4669477330149887,-0.5940383501531508,0.010545919500873588,0,0
sleepedf_full,shuffled,atcnet,logits,42,2,65,0.2085,0.8842591683106089,0.5377471519069947,1.3151822291692634,-0.45280774558566467,0.008267550799576293,0,0
sleepedf_full,shuffled,atcnet,conv_block,42,5,65,0.196,0.7529543913603204,0.4611965726152913,0.9390128994791548,-0.19151800913981515,0.005459501020980176,0,0
sleepedf_full,shuffled,atcnet,attention_blocks.0,42,5,65,0.196,0.8889008102924479,0.4290421505551696,1.1060965669136769,-0.21944105008006012,0.002245293458831683,0,0
sleepedf_full,shuffled,atcnet,attention_blocks.4,42,5,65,0.196,0.8685111512225393,0.376917815009142,1.0778936826752776,-0.21091691216316227,0.0015343807104231614,0,0
sleepedf_full,shuffled,atcnet,temporal_conv_nets.0,42,5,65,0.196,0.8818620774859959,0.3997534071332991,1.0594113311501983,-0.17947965033446756,0.0019303966702640999,0,0
sleepedf_full,shuffled,atcnet,temporal_conv_nets.4,42,5,65,0.196,0.8775531152849162,0.40707650439010223,1.015143677069411,-0.13853400145077283,0.0009434396662772482,0,0
sleepedf_full,shuffled,atcnet,final_layer.4,42,5,65,0.196,0.8356862395725555,0.5668684710188595,1.0017786460318026,-0.18957307809643698,-0.001957926042286098,0,0
sleepedf_full,shuffled,atcnet,logits,42,5,65,0.196,0.8611147934255325,0.5135484511806669,0.9775967097395538,-0.11754737165166758,0.0010654553376462706,0,0
sleepedf_full,shuffled,atcnet,conv_block,42,10,65,0.2055,0.7150403471688197,0.47050093313974933,0.9101347090835796,-0.1992357543412308,0.004141392426470026,0,0
sleepedf_full,shuffled,atcnet,attention_blocks.0,42,10,65,0.2055,0.8661831100467974,0.5312404550271044,1.1631728864664719,-0.30020453645980427,0.0032147600401291375,0,0
sleepedf_full,shuffled,atcnet,attention_blocks.4,42,10,65,0.2055,0.8054036216815997,0.41739166934508753,1.0762889716026887,-0.2730030062207599,0.0021176562996698877,0,0
sleepedf_full,shuffled,atcnet,temporal_conv_nets.0,42,10,65,0.2055,0.8575251237804429,0.43617120124713854,1.0452380025563466,-0.18885016893633336,0.0011372901604289802,0,0
sleepedf_full,shuffled,atcnet,temporal_conv_nets.4,42,10,65,0.2055,0.8123804145094944,0.4900731680928778,1.0486308865141927,-0.23818347184231323,0.0019329998376142747,0,0
sleepedf_full,shuffled,atcnet,final_layer.4,42,10,65,0.2055,0.8238718683247991,0.5829357294732741,1.0971728356450436,-0.27794125804678566,0.002728559068064502,0,0
sleepedf_full,shuffled,atcnet,logits,42,10,65,0.2055,0.7623706259148113,0.48817079428649124,0.8636815103010396,-0.14524606509876886,-0.000622807382317762,0,0
sleepedf_full,shuffled,atcnet,conv_block,42,20,65,0.2025,0.7005697247242336,0.4726366326025883,0.9083528189122455,-0.2118155095048431,0.0035375619106533776,0,0
sleepedf_full,shuffled,atcnet,attention_blocks.0,42,20,65,0.2025,0.8701460693281686,0.4628864109439947,1.2111989949611737,-0.34355430874462806,0.0025013831116223227,0,0
sleepedf_full,shuffled,atcnet,attention_blocks.4,42,20,65,0.2025,0.7873036591221465,0.38415734564759463,1.129155105353146,-0.34005420307168377,-0.001797243159316275,0,0
sleepedf_full,shuffled,atcnet,temporal_conv_nets.0,42,20,65,0.2025,0.8314952712659202,0.38696072102786955,1.07385644066931,-0.24438374640735278,0.002022577003962908,0,0
sleepedf_full,shuffled,atcnet,temporal_conv_nets.4,42,20,65,0.2025,0.7452325060069274,0.3113228350456455,0.9916832605448279,-0.24619736593321945,-0.00025338860468152285,0,0
sleepedf_full,shuffled,atcnet,final_layer.4,42,20,65,0.2025,0.8070861895116552,0.43398804081671893,0.9123310086703658,-0.1247201215327224,-0.00028063229460511207,0,0
sleepedf_full,shuffled,atcnet,logits,42,20,65,0.2025,0.8142874224570436,0.4770249890480987,1.2984012703155674,-0.5282895537267461,-0.0008064308723960568,0,0
sleepedf_full,shuffled,atcnet,conv_block,43,0,65,0.193,0.16782416453808532,0.16782416453808535,0.0,0.0,0.16695731187759857,0,0
sleepedf_full,shuffled,atcnet,attention_blocks.0,43,0,65,0.193,0.9209241474744566,0.8218590509064485,0.6501213741519776,0.03781767941976198,0.23298509390271652,0,0
sleepedf_full,shuffled,atcnet,attention_blocks.4,43,0,65,0.193,0.8553405063136151,0.6761239053406756,0.7906458908261662,-0.15112794025384382,0.21582255574129264,0,0
sleepedf_full,shuffled,atcnet,temporal_conv_nets.0,43,0,65,0.193,0.9060372466044209,0.7951642299199376,1.1107272541744375,-0.4424495392028336,0.23775953163281666,0,0
sleepedf_full,shuffled,atcnet,temporal_conv_nets.4,43,0,65,0.193,0.8499773127724567,0.6165286705938641,1.098147219201245,-0.43476866600149294,0.18659875957270416,0,0
sleepedf_full,shuffled,atcnet,final_layer.4,43,0,65,0.193,0.917132900973859,0.6687812440861873,1.5613065179909535,-0.793910384659231,0.14973676764213661,0,0
sleepedf_full,shuffled,atcnet,logits,43,0,65,0.193,0.8563765869845918,0.598995691456833,1.1579401867365855,-0.4357711440068081,0.13278056775893668,0,0
sleepedf_full,shuffled,atcnet,conv_block,43,1,65,0.208,0.8298981603636398,0.4913426956526211,1.0501294748262342,-0.2329694929482674,0.012738178485672092,0,0
sleepedf_full,shuffled,atcnet,attention_blocks.0,43,1,65,0.208,0.9123737397288103,0.4494705578201003,1.125958891360135,-0.21752920668156459,0.00394405505023871,0,0
sleepedf_full,shuffled,atcnet,attention_blocks.4,43,1,65,0.208,0.9326145703179274,0.5909253008826558,1.204282049274175,-0.2796853873109754,0.008017908354728012,0,0
sleepedf_full,shuffled,atcnet,temporal_conv_nets.0,43,1,65,0.208,0.9318349281074879,0.48965551833702814,1.0794150192843315,-0.15104527012062902,0.0034651789437849844,0,0
sleepedf_full,shuffled,atcnet,temporal_conv_nets.4,43,1,65,0.208,0.9258409520846828,0.5479139724216348,1.0715314919572647,-0.15179510057679957,0.006104560704217692,0,0
sleepedf_full,shuffled,atcnet,final_layer.4,43,1,65,0.208,0.8868769733762777,0.7814336602976771,1.228744271923223,-0.3640613101863406,0.021132536522162224,0,0
sleepedf_full,shuffled,atcnet,logits,43,1,65,0.208,0.910777794439393,0.5941824885710454,1.1537025697142962,-0.2511619691298494,0.00823719385494606,0,0
sleepedf_full,shuffled,atcnet,conv_block,43,2,65,0.2075,0.8103436101444277,0.43651934747181603,0.9837222306410714,-0.18138747990109122,0.008008859404447366,0,0
sleepedf_full,shuffled,atcnet,attention_blocks.0,43,2,65,0.2075,0.84981788085607,0.34656666166443606,1.0325687669938466,-0.18585516705815405,0.003104280920377274,0,0
sleepedf_full,shuffled,atcnet,attention_blocks.4,43,2,65,0.2075,0.92852215617796,0.5497078176895825,1.1849062819688678,-0.26187010726485815,0.005485981473949993,0,0
sleepedf_full,shuffled,atcnet,temporal_conv_nets.0,43,2,65,0.2075,0.9367588948143719,0.4616666841862133,1.056172438600905,-0.12198855070999717,0.0025750069234637112,0,0
sleepedf_full,shuffled,atcnet,temporal_conv_nets.4,43,2,65,0.2075,0.9185731780145832,0.5195333103911831,1.0694519118513788,-0.15535364423962966,0.0044749104028334865,0,0
sleepedf_full,shuffled,atcnet,final_layer.4,43,2,65,0.2075,0.9277947716935,0.7678938301994659,1.5218663501283556,-0.6105760631984966,0.016504484763641115,0,0
sleepedf_full,shuffled,atcnet,logits,43,2,65,0.2075,0.954013369921479,0.6385093332796395,1.275320363307408,-0.3256617818610728,0.004354788475143457,0,0
sleepedf_full,shuffled,atcnet,conv_block,43,5,65,0.1985,0.8017135918880121,0.5362940759349797,0.9971462421538857,-0.2044531608536103,0.009020510587735018,0,0
sleepedf_full,shuffled,atcnet,attention_blocks.0,43,5,65,0.1985,0.882524117693567,0.611474687476291,1.1788490855817861,-0.3020973620427144,0.005772394154494447,0,0
sleepedf_full,shuffled,atcnet,attention_blocks.4,43,5,65,0.1985,0.9549544342907722,0.5238470085073069,1.2382768661878074,-0.28463552267172293,0.0013130907746871495,0,0
sleepedf_full,shuffled,atcnet,temporal_conv_nets.0,43,5,65,0.1985,0.9109833510344449,0.5294328926153439,1.0473902011475233,-0.13760371862199672,0.0011968685089179855,0,0
sleepedf_full,shuffled,atcnet,temporal_conv_nets.4,43,5,65,0.1985,0.9255271340351989,0.48431318365857284,1.1451520208888086,-0.22025288307953533,0.000627996225924774,0,0
sleepedf_full,shuffled,atcnet,final_layer.4,43,5,65,0.1985,0.9713708217087982,0.6411621271544954,1.5627999326112323,-0.5941117836381536,0.00268267273571947,0,0
sleepedf_full,shuffled,atcnet,logits,43,5,65,0.1985,0.9634008265924011,0.5163070384974233,1.2150425737074206,-0.25210967974249243,0.00046793262747276044,0,0
sleepedf_full,shuffled,atcnet,conv_block,43,10,65,0.2025,0.742647436071819,0.5077560914954662,0.9206537402175478,-0.18344244867524287,0.0054361445295133815,0,0
sleepedf_full,shuffled,atcnet,attention_blocks.0,43,10,65,0.2025,0.8050801022125107,0.5481993576590443,1.039278587289004,-0.2378800551698279,0.003681570093333687,0,0
sleepedf_full,shuffled,atcnet,attention_blocks.4,43,10,65,0.2025,0.8618234208007879,0.5650721665534156,1.1778494824455787,-0.3191584411138865,0.00313237946909571,0,0
sleepedf_full,shuffled,atcnet,temporal_conv_nets.0,43,10,65,0.2025,0.8462886805194295,0.5555594515818532,1.0216222178289462,-0.17825055889177682,0.0029170215822598724,0,0
sleepedf_full,shuffled,atcnet,temporal_conv_nets.4,43,10,65,0.2025,0.9150433107341437,0.5288386711388899,1.050324455088059,-0.1363692137223493,0.0010880693684335774,0,0
sleepedf_full,shuffled,atcnet,final_layer.4,43,10,65,0.2025,0.897353253990393,0.7537088555224679,1.2548537862684366,-0.3652176531450824,0.004874494136855495,0,0
sleepedf_full,shuffled,atcnet,logits,43,10,65,0.2025,0.9048487450304993,0.6505826664538692,1.1216151192106134,-0.21899747229637134,0.0022310981162570022,0,0
sleepedf_full,shuffled,atcnet,conv_block,43,20,65,0.21,0.7128544819465185,0.5482686110032441,0.9392702259568964,-0.2324274156707,0.006011671660321808,0,0
sleepedf_full,shuffled,atcnet,attention_blocks.0,43,20,65,0.21,0.718428157579726,0.5271361000286261,1.0109045858836667,-0.2988248533291872,0.004511782039708827,0,0
sleepedf_full,shuffled,atcnet,attention_blocks.4,43,20,65,0.21,0.7530918929624076,0.5877566829535028,1.1894072029048737,-0.44121617031291077,0.004900860370444353,0,0
sleepedf_full,shuffled,atcnet,temporal_conv_nets.0,43,20,65,0.21,0.7665544875815097,0.4909253239855104,0.9274701956845455,-0.1638445197151075,0.002928811612071463,0,0
sleepedf_full,shuffled,atcnet,temporal_conv_nets.4,43,20,65,0.21,0.7442153697388364,0.5530949894495428,0.9758201551539692,-0.2359496490834694,0.004344863668335955,0,0
sleepedf_full,shuffled,atcnet,final_layer.4,43,20,65,0.21,0.7319059965698657,0.6665950113463079,1.244578700933423,-0.6320165653364486,0.011434704275504783,0,0
sleepedf_full,shuffled,atcnet,logits,43,20,65,0.21,0.7730081482876423,0.6513192300960944,1.0611383883998435,-0.34041245618149213,0.008470627296926977,0,0
sleepedf_full,shuffled,atcnet,conv_block,44,0,65,0.21,0.18357536336172228,0.18357536336172228,0.0,0.0,0.18340549965385866,0,0
sleepedf_full,shuffled,atcnet,attention_blocks.0,44,0,65,0.21,0.8857765055204291,0.6850239514387393,0.7395301818327827,-0.04398511500986642,0.19023143869751263,0,0
sleepedf_full,shuffled,atcnet,attention_blocks.4,44,0,65,0.21,0.8830136485237943,0.7957346192219262,0.6733715250724888,-0.06010305302382656,0.2697451764751317,0,0
sleepedf_full,shuffled,atcnet,temporal_conv_nets.0,44,0,65,0.21,0.9005503248480871,0.644865562982321,0.7300941490896291,0.020078650858611737,0.15037752489984607,0,0
sleepedf_full,shuffled,atcnet,temporal_conv_nets.4,44,0,65,0.21,0.8497650178326356,0.7838831408063873,0.8499008622051044,-0.3219753213088083,0.321839476936339,0,0
sleepedf_full,shuffled,atcnet,final_layer.4,44,0,65,0.21,0.9087894827761361,0.8881744224207532,0.6626702971986019,-0.041199414577530596,0.2873186001550649,0,0
sleepedf_full,shuffled,atcnet,logits,44,0,65,0.21,0.8185003042474552,0.8503682199440138,1.2749063947237864,-0.9528313189714053,0.4955181491169876,0,0
sleepedf_full,shuffled,atcnet,conv_block,44,1,65,0.2045,0.8147624194229147,0.43880245971150744,1.0077835757676112,-0.20458017639564774,0.011559020050949753,0,0
sleepedf_full,shuffled,atcnet,attention_blocks.0,44,1,65,0.2045,0.929852416306145,0.7261522047786658,1.2086225252376392,-0.29164810431754695,0.012877995386052315,0,0
sleepedf_full,shuffled,atcnet,attention_blocks.4,44,1,65,0.2045,0.9639443592078898,0.509979579406501,1.1942970387053327,-0.23332529435952337,0.002972614862078953,0,0
sleepedf_full,shuffled,atcnet,temporal_conv_nets.0,44,1,65,0.2045,0.9127376590570689,0.6506561940740713,1.1252099156510962,-0.2223252392029722,0.00985298260894435,0,0
sleepedf_full,shuffled,atcnet,temporal_conv_nets.4,44,1,65,0.2045,0.9631779185613776,0.4304719034603196,1.1296938909088572,-0.16756220108813114,0.0010462287406506237,0,0
sleepedf_full,shuffled,atcnet,final_layer.4,44,1,65,0.2045,0.8535447211977605,0.552129449784981,0.9425739968294333,-0.09602500686145443,0.0056968962719592025,0,0
sleepedf_full,shuffled,atcnet,logits,44,1,65,0.2045,0.819679680115529,0.617105186720098,1.148141548749593,-0.40673980879644855,0.027538536407401865,0,0
sleepedf_full,shuffled,atcnet,conv_block,44,2,65,0.195,0.8321317900012439,0.5414044576665998,1.0895848809990558,-0.27203097063346576,0.014577879635653494,0,0
sleepedf_full,shuffled,atcnet,attention_blocks.0,44,2,65,0.195,0.9405335114521338,0.7055642857789434,1.2362727385534797,-0.30454461112479164,0.008805384023445738,0,0
sleepedf_full,shuffled,atcnet,attention_blocks.4,44,2,65,0.195,0.9444613902704504,0.5518082308153788,1.1436897886643131,-0.20352109245551223,0.004292694061649641,0,0
sleepedf_full,shuffled,atcnet,temporal_conv_nets.0,44,2,65,0.195,0.9445267912553076,0.6475657538437254,1.125645973508519,-0.18633086073672261,0.005211678483510571,0,0
sleepedf_full,shuffled,atcnet,temporal_conv_nets.4,44,2,65,0.195,0.9520492819857321,0.5605276523218002,1.1176057629057796,-0.16946262814671664,0.003906147226668082,0,0
sleepedf_full,shuffled,atcnet,final_layer.4,44,2,65,0.195,0.8358968573516982,0.6195388815982062,1.156008513539537,-0.3387674582792244,0.015083984229358803,0,0
sleepedf_full,shuffled,atcnet,logits,44,2,65,0.195,0.7736153537226941,0.6720435124098745,1.0677633355947738,-0.36935329971908,0.035258165927863724,0,0
sleepedf_full,shuffled,atcnet,conv_block,44,5,65,0.188,0.8019199016549948,0.5413100849598825,1.0361365596543755,-0.24242664232280497,0.008209984323424345,0,0
sleepedf_full,shuffled,atcnet,attention_blocks.0,44,5,65,0.188,0.8536357459510862,0.5589842031633026,1.127709949775084,-0.27990265387822066,0.005828450054222322,0,0
sleepedf_full,shuffled,atcnet,attention_blocks.4,44,5,65,0.188,0.9244632095445618,0.4890338992033948,1.1490259160104142,-0.22624397674605046,0.0016812702801974264,0,0
sleepedf_full,shuffled,atcnet,temporal_conv_nets.0,44,5,65,0.188,0.9258989088953348,0.5383520270329107,1.074380392159136,-0.15064683557101763,0.0021653523072160045,0,0
sleepedf_full,shuffled,atcnet,temporal_conv_nets.4,44,5,65,0.188,0.9182374880766812,0.5148776489609955,1.0629710696089973,-0.14742596283753448,0.0026923813052180732,0,0
sleepedf_full,shuffled,atcnet,final_layer.4,44,5,65,0.188,0.8635180753001509,0.6180254059700774,1.079142724794739,-0.2328967220962135,0.011293590196064983,0,0
sleepedf_full,shuffled,atcnet,logits,44,5,65,0.188,0.8897786146226627,0.5298543571524768,1.1589099834375158,-0.2771634070746056,0.003234285764235344,0,0
sleepedf_full,shuffled,atcnet,conv_block,44,10,65,0.182,0.7706966625793601,0.5862511108511551,1.024701060750153,-0.2605869614616243,0.0065825632908315225,0,0
sleepedf_full,shuffled,atcnet,attention_blocks.0,44,10,65,0.182,0.864058919416942,0.6488801877907352,1.238326680606998,-0.3790783247850329,0.004810563594976358,0,0
sleepedf_full,shuffled,atcnet,attention_blocks.4,44,10,65,0.182,0.8524784553470468,0.5248379606945918,1.0901038756993182,-0.24011851553105068,0.002493095178778828,0,0
sleepedf_full,shuffled,atcnet,temporal_conv_nets.0,44,10,65,0.182,0.8925481497295671,0.6418830867584696,1.0903108948745992,-0.2004883339597564,0.002725588814723903,0,0
sleepedf_full,shuffled,atcnet,temporal_conv_nets.4,44,10,65,0.182,0.8700436184017157,0.5726465406601571,1.0645062492045516,-0.19741561009906605,0.002952979296229588,0,0
sleepedf_full,shuffled,atcnet,final_layer.4,44,10,65,0.182,0.8948396376480492,0.6032515569420897,1.1117682658049086,-0.22448579369720612,0.0012877217286319529,0,0
sleepedf_full,shuffled,atcnet,logits,44,10,65,0.182,0.8193425922587126,0.5338970154400392,1.2589686381100966,-0.46582122072766796,0.0028843950469516276,0,0
sleepedf_full,shuffled,atcnet,conv_block,44,20,65,0.1775,0.7145656056629094,0.5839349774509902,1.0167660715123858,-0.312819812318444,0.0059594792852437715,0,0
sleepedf_full,shuffled,atcnet,attention_blocks.0,44,20,65,0.1775,0.7860596142837484,0.5321064827091014,1.0814656421512128,-0.29862072900267334,0.003214701135208279,0,0
sleepedf_full,shuffled,atcnet,attention_blocks.4,44,20,65,0.1775,0.7748377885032497,0.594950302435161,1.1467377956710696,-0.37977066195950315,0.004140005550838612,0,0
sleepedf_full,shuffled,atcnet,temporal_conv_nets.0,44,20,65,0.1775,0.8672222953785425,0.5410516188173679,1.0683317162945427,-0.2030422059124121,0.0019327849964115463,0,0
sleepedf_full,shuffled,atcnet,temporal_conv_nets.4,44,20,65,0.1775,0.7890516565030163,0.636817376909317,1.068172233600688,-0.2833133811412584,0.0041928040435865455,0,0
sleepedf_full,shuffled,atcnet,final_layer.4,44,20,65,0.1775,0.8919149351443458,0.5263170609324198,0.9773730085124058,-0.08580931376228756,0.0003512403942273506,0,0
sleepedf_full,shuffled,atcnet,logits,44,20,65,0.1775,0.7894795086721823,0.5265760982037025,1.0378898279649391,-0.297597586141455,0.002357944698686894,0,0
sleepedf_full,shuffled,atcnet,conv_block,45,0,65,0.202,0.16967828470195231,0.16967828470195231,0.0,0.0,0.16905178485002362,0,0
sleepedf_full,shuffled,atcnet,attention_blocks.0,45,0,65,0.202,0.857845515925035,0.7320934839391043,0.9176504041409839,-0.32986215922128925,0.27005727100534005,0,0
sleepedf_full,shuffled,atcnet,attention_blocks.4,45,0,65,0.202,0.9293102352405662,0.8745651605175436,0.6719648904046683,-0.010230371255114614,0.26757571609101205,0,0
sleepedf_full,shuffled,atcnet,temporal_conv_nets.0,45,0,65,0.202,0.9154901050922994,0.7294904606137891,0.7464954265568066,0.0016403378270322447,0.16735434070846028,0,0
sleepedf_full,shuffled,atcnet,temporal_conv_nets.4,45,0,65,0.202,0.8894040767199937,0.8426571219032073,0.808008213180326,-0.28509639307219037,0.3664922566118576,0,0
sleepedf_full,shuffled,atcnet,final_layer.4,45,0,65,0.202,0.9524273788000603,0.8960858193579425,0.8566281456410526,-0.12190536641912583,0.21770459957813354,0,0
sleepedf_full,shuffled,atcnet,logits,45,0,65,0.202,0.9391105910727295,0.8292797252263449,0.770534902842922,-0.0047849482599329795,0.17336063648974048,0,0
sleepedf_full,shuffled,atcnet,conv_block,45,1,65,0.2145,0.8006763754777301,0.49342050130765447,1.0271184264409527,-0.23970408123558598,0.013262030272362935,0,0
sleepedf_full,shuffled,atcnet,attention_blocks.0,45,1,65,0.2145,0.9378734115632379,0.4053632953515474,1.1567953240428117,-0.22165271539937742,0.002730802919802917,0,0
sleepedf_full,shuffled,atcnet,attention_blocks.4,45,1,65,0.2145,0.9223680656060471,0.5060585688950062,1.1738920124850087,-0.2565065358865224,0.004982589007560435,0,0
sleepedf_full,shuffled,atcnet,temporal_conv_nets.0,45,1,65,0.2145,0.9098824634317294,0.3725244487712746,1.0789424906579412,-0.1711734412618475,0.0021134140356351347,0,0
sleepedf_full,shuffled,atcnet,temporal_conv_nets.4,45,1,65,0.2145,0.9147414689553789,0.5298175826599103,1.1126261703311102,-0.20292618743932853,0.0050414860635967325,0,0
sleepedf_full,shuffled,atcnet,final_layer.4,45,1,65,0.2145,0.919573517486862,0.499059987386565,1.2303478551987599,-0.3150170304960269,0.004242692784129067,0,0
sleepedf_full,shuffled,atcnet,logits,45,1,65,0.2145,0.9306623324310835,0.5228825586495868,1.2519137871389305,-0.3249748498080628,0.002718774849672109,0,0
sleepedf_full,shuffled,atcnet,conv_block,45,2,65,0.2155,0.7852832583740577,0.46579606148332,0.9973234920523295,-0.22238248548768033,0.010342251809407019,0,0
sleepedf_full,shuffled,atcnet,attention_blocks.0,45,2,65,0.2155,0.8885840309011966,0.4042904095764839,1.1044102764947916,-0.2189017562087583,0.003075510615163297,0,0
sleepedf_full,shuffled,atcnet,attention_blocks.4,45,2,65,0.2155,0.9144978263263183,0.40426273827102494,1.1365654102269014,-0.2247151853428374,0.0026476014422541533,0,0
sleepedf_full,shuffled,atcnet,temporal_conv_nets.0,45,2,65,0.2155,0.8870046767872743,0.38083764093206196,0.9751378744603976,-0.09039936266300438,0.0022661649898805965,0,0
sleepedf_full,shuffled,atcnet,temporal_conv_nets.4,45,2,65,0.2155,0.8928110162887801,0.4246943057702315,1.04836965270862,-0.15764134207814645,0.002082705658306575,0,0
sleepedf_full,shuffled,atcnet,final_layer.4,45,2,65,0.2155,0.8470892817778888,0.4603609491811107,1.0586874943921327,-0.22266087216463626,0.00656369502571431,0,0
sleepedf_full,shuffled,atcnet,logits,45,2,65,0.2155,0.9272368908218395,0.44900611750315594,1.2686821056713369,-0.34350782561017756,0.002062610760680286,0,0
sleepedf_full,shuffled,atcnet,conv_block,45,5,65,0.207,0.7694142004987328,0.5111281107911126,0.9699908894412472,-0.20722942760393845,0.006652738661423483,0,0
sleepedf_full,shuffled,atcnet,attention_blocks.0,45,5,65,0.207,0.9196331617215519,0.5170844745457036,1.2452259042823213,-0.3280003041551165,0.0024075615943466343,0,0
sleepedf_full,shuffled,atcnet,attention_blocks.4,45,5,65,0.207,0.8479853920226772,0.49352691674527155,1.103792454958787,-0.2560146906832379,0.00020762774712721954,0,0
sleepedf_full,shuffled,atcnet,temporal_conv_nets.0,45,5,65,0.207,0.8709979213416272,0.5596616398629434,1.1831034619004943,-0.315685226100898,0.0035796855420304695,0,0
sleepedf_full,shuffled,atcnet,temporal_conv_nets.4,45,5,65,0.207,0.894150174150468,0.6345923761042152,1.0874198718499755,-0.19145493391851837,-0.0018147637809892998,0,0
sleepedf_full,shuffled,atcnet,final_layer.4,45,5,65,0.207,0.8445169485987053,0.6237413812680552,1.1364707095166646,-0.3305036463006393,0.0049090991699651185,0,0
sleepedf_full,shuffled,atcnet,logits,45,5,65,0.207,0.9039796148769826,0.6917227073473471,1.1967195450579893,-0.3012223192933347,0.004501584172318691,0,0
sleepedf_full,shuffled,atcnet,conv_block,45,10,65,0.218,0.7269258422778287,0.5681218185318954,0.9634209453068834,-0.24295522976011166,0.00601454835306196,0,0
sleepedf_full,shuffled,atcnet,attention_blocks.0,45,10,65,0.218,0.8459525638662221,0.5276933971512888,1.1859311497107046,-0.3418743681153777,0.001895782270894934,0,0
sleepedf_full,shuffled,atcnet,attention_blocks.4,45,10,65,0.218,0.8297561349297742,0.485107335353752,1.19720851917662,-0.368054531327015,0.0006021470801690682,0,0
sleepedf_full,shuffled,atcnet,temporal_conv_nets.0,45,10,65,0.218,0.8540595404346681,0.5659237368934719,1.078746152430295,-0.22654929481796143,0.001862682822334076,0,0
sleepedf_full,shuffled,atcnet,temporal_conv_nets.4,45,10,65,0.218,0.8418654692615487,0.5698377689575624,1.0705576483219272,-0.2301970351329706,0.0015048560725916997,0,0
sleepedf_full,shuffled,atcnet,final_layer.4,45,10,65,0.218,0.8022930680526384,0.6194752602184467,1.0758217688587886,-0.30720735747186456,0.0005808077891847558,0,0
sleepedf_full,shuffled,atcnet,logits,45,10,65,0.218,0.8628336601401392,0.5451007314628078,1.4216518450392304,-0.5868068966128873,-0.0008687519144588172,0,0
sleepedf_full,shuffled,atcnet,conv_block,45,20,65,0.2395,0.705673129957787,0.5687602381486754,0.9682319602669994,-0.27049831236805105,0.005076263811329622,0,0
sleepedf_full,shuffled,atcnet,attention_blocks.0,45,20,65,0.2395,0.7861858307675447,0.49505244920557084,1.2224613481117528,-0.438856447005046,0.0011532290033304095,0,0
sleepedf_full,shuffled,atcnet,attention_blocks.4,45,20,65,0.2395,0.712694024664022,0.4697270447556414,1.114687003923664,-0.405041372042104,-0.0006941281235051395,0,0
sleepedf_full,shuffled,atcnet,temporal_conv_nets.0,45,20,65,0.2395,0.7494362583344298,0.5607025969769603,1.0387631770681172,-0.2924064357206781,0.0029525011038343822,0,0
sleepedf_full,shuffled,atcnet,temporal_conv_nets.4,45,20,65,0.2395,0.6894781339319666,0.6639503996711449,0.9342273398437067,-0.23979991510383739,-0.004949290807903296,0,0
sleepedf_full,shuffled,atcnet,final_layer.4,45,20,65,0.2395,0.8043441323019923,0.7621911003778689,1.1527500893091522,-0.6257093482931215,-0.012625473317888485,0,0
sleepedf_full,shuffled,atcnet,logits,45,20,65,0.2395,0.8761686114887657,0.592299970506624,1.658470180904244,-0.8169598386617449,-0.0015614523138727393,0,0
sleepedf_full,shuffled,atcnet,conv_block,46,0,65,0.2005,0.14213002493024512,0.14213002493024515,0.0,0.0,0.1409276267495589,0,0
sleepedf_full,shuffled,atcnet,attention_blocks.0,46,0,65,0.2005,0.9065593446310138,0.757876936479884,0.7805040500272575,-0.050048621979317406,0.17610391658307262,0,0
sleepedf_full,shuffled,atcnet,attention_blocks.4,46,0,65,0.2005,0.8949307118732963,0.8028514115153269,0.7196671832007063,-0.08994972383139951,0.26521325250398936,0,0
sleepedf_full,shuffled,atcnet,temporal_conv_nets.0,46,0,65,0.2005,0.902162686515572,0.6766110507019544,0.8074779760305488,-0.04353820858847361,0.13822291907349651,0,0
sleepedf_full,shuffled,atcnet,temporal_conv_nets.4,46,0,65,0.2005,0.8895803827414619,0.777592805992102,0.7449047400926502,-0.09167714343386964,0.236352786082681,0,0
sleepedf_full,shuffled,atcnet,final_layer.4,46,0,65,0.2005,0.9094440923265751,0.8163944354968664,1.2648009620565908,-0.6501293097994343,0.29477244006941833,0,0
sleepedf_full,shuffled,atcnet,logits,46,0,65,0.2005,0.6589524028231871,0.8481928398165763,1.3024282501394977,-1.801588766485684,1.103704090029289,0,0
sleepedf_full,shuffled,atcnet,conv_block,46,1,65,0.208,0.8191874384188294,0.4425190144951026,1.0353764328792154,-0.22828040806352345,0.01209141360313696,0,0
sleepedf_full,shuffled,atcnet,attention_blocks.0,46,1,65,0.208,0.9239243161417702,0.4265769396515607,1.1607173059796543,-0.24170926535348447,0.004916275515600034,0,0
sleepedf_full,shuffled,atcnet,attention_blocks.4,46,1,65,0.208,0.9293679695963405,0.3940767592558334,1.0679873800955597,-0.1411565058635445,0.002537095364324898,0,0
sleepedf_full,shuffled,atcnet,temporal_conv_nets.0,46,1,65,0.208,0.8952545534848522,0.3402929848288587,1.0218645610832655,-0.12908103599206305,0.0024710283936495475,0,0
sleepedf_full,shuffled,atcnet,temporal_conv_nets.4,46,1,65,0.208,0.9415998814926857,0.4825978569422828,1.0821493193706657,-0.14411015472385816,0.003560716845877558,0,0
sleepedf_full,shuffled,atcnet,final_layer.4,46,1,65,0.208,0.930413780940404,0.4793094114031214,1.0350973686157068,-0.10727885081183193,0.00259526313652928,0,0
sleepedf_full,shuffled,atcnet,logits,46,1,65,0.208,0.8793739374991035,0.57389730854816,1.2036221704678844,-0.34742311416271854,0.021787281315064518,0,0
sleepedf_full,shuffled,atcnet,conv_block,46,2,65,0.2075,0.7917950784678189,0.4539476914909052,1.0022078213775862,-0.22075515997619272,0.010342417066424534,0,0
sleepedf_full,shuffled,atcnet,attention_blocks.0,46,2,65,0.2075,0.923650573931327,0.4136733874527837,1.1758997007359646,-0.2554980074493235,0.0032488806446853316,0,0
sleepedf_full,shuffled,atcnet,attention_blocks.4,46,2,65,0.2075,0.9169361935790582,0.5229703166289646,1.1362898735067912,-0.22419651905618856,0.004842839128454849,0,0
sleepedf_full,shuffled,atcnet,temporal_conv_nets.0,46,2,65,0.2075,0.8942316507866616,0.37763961994821277,1.0610807993822193,-0.17042873201999378,0.0035795834244358314,0,0
sleepedf_full,shuffled,atcnet,temporal_conv_nets.4,46,2,65,0.2075,0.9446137398248537,0.5795707609106738,1.185483484138939,-0.2455697265506983,0.004699982236612504,0,0
sleepedf_full,shuffled,atcnet,final_layer.4,46,2,65,0.2075,0.8322522639869553,0.5082862549852369,1.0531068693941201,-0.2402902112850238,0.007669105662393165,0,0
sleepedf_full,shuffled,atcnet,logits,46,2,65,0.2075,0.8423472855302075,0.6537734492636339,1.5441419930192097,-0.805018276308131,0.026975016138551335,0,0
sleepedf_full,shuffled,atcnet,conv_block,46,5,65,0.2055,0.7849557109110756,0.519855274929745,0.9933645558483006,-0.2167846850082474,0.008375840071021191,0,0
sleepedf_full,shuffled,atcnet,attention_blocks.0,46,5,65,0.2055,0.9179558286846939,0.4394020921651804,1.1274300499269532,-0.2099074378278331,0.0004332165855737334,0,0
sleepedf_full,shuffled,atcnet,attention_blocks.4,46,5,65,0.2055,0.9109936966459347,0.5176407708276612,1.191634848456287,-0.283903991135597,0.0032628393252443623,0,0
sleepedf_full,shuffled,atcnet,temporal_conv_nets.0,46,5,65,0.2055,0.8887823331241523,0.4587361594018034,1.054746718329302,-0.16579004246549206,-0.00017434273965806471,0,0
sleepedf_full,shuffled,atcnet,temporal_conv_nets.4,46,5,65,0.2055,0.9464374636522057,0.5875416311188814,1.162435616051112,-0.2188085034521317,0.002810351053224641,0,0
sleepedf_full,shuffled,atcnet,final_layer.4,46,5,65,0.2055,0.9115034251987901,0.6029774620964067,1.0900157386663711,-0.18157235848876205,0.0030600450211810248,0,0
sleepedf_full,shuffled,atcnet,logits,46,5,65,0.2055,0.8496978358671209,0.6237284900291953,1.0610345388736329,-0.26708046707253474,0.007661407179137792,0,0
sleepedf_full,shuffled,atcnet,conv_block,46,10,65,0.2315,0.7358732850151773,0.563464890818819,0.9716323904860148,-0.24229076086428156,0.006516373545901193,0,0
sleepedf_full,shuffled,atcnet,attention_blocks.0,46,10,65,0.2315,0.8628564706577465,0.45674069224957564,1.1748802602772714,-0.31279218174436285,0.0007683921248374726,0,0
sleepedf_full,shuffled,atcnet,attention_blocks.4,46,10,65,0.2315,0.861270544084211,0.5174591904237393,1.1795785525359195,-0.3202083004684029,0.0019002920166941667,0,0
sleepedf_full,shuffled,atcnet,temporal_conv_nets.0,46,10,65,0.2315,0.8365681491648647,0.4345522216284044,1.1063319433390044,-0.2698819866054798,0.00011819243133934958,0,0
sleepedf_full,shuffled,atcnet,temporal_conv_nets.4,46,10,65,0.2315,0.8896335031996581,0.6214136195043946,1.1674403154584065,-0.28071836647693743,0.0029115542181885955,0,0
sleepedf_full,shuffled,atcnet,final_layer.4,46,10,65,0.2315,0.8420600471053191,0.6299310905097332,0.8258209708163711,-0.008896663839429003,0.002917283815318975,0,0
sleepedf_full,shuffled,atcnet,logits,46,10,65,0.2315,0.8175457014200246,0.6752806006740328,1.4597276845564642,-0.7388987235410976,0.006792881645777579,0,0
sleepedf_full,shuffled,atcnet,conv_block,46,20,65,0.197,0.697830485802551,0.5496595335846798,0.9567025737684224,-0.2711047422370889,0.004727041374349085,0,0
sleepedf_full,shuffled,atcnet,attention_blocks.0,46,20,65,0.197,0.753288274545272,0.5370281664553472,1.1562516968155823,-0.40938359295072124,0.002520640234061244,0,0
sleepedf_full,shuffled,atcnet,attention_blocks.4,46,20,65,0.197,0.8149889069877031,0.47717107891037397,1.3496027497000536,-0.5432162384623306,0.0016078791266348547,0,0
sleepedf_full,shuffled,atcnet,temporal_conv_nets.0,46,20,65,0.197,0.7086844512161445,0.4621480457211481,0.9923761979566843,-0.28819993389827553,0.0022816645672564945,0,0
sleepedf_full,shuffled,atcnet,temporal_conv_nets.4,46,20,65,0.197,0.8049077033727066,0.5408945074922976,1.1614384468056997,-0.3598814771286231,0.0017466161023510878,0,0
sleepedf_full,shuffled,atcnet,final_layer.4,46,20,65,0.197,0.8187634722358265,0.599913882881372,1.1001967084964197,-0.3114543825481571,0.0029655608853933406,0,0
sleepedf_full,shuffled,atcnet,logits,46,20,65,0.197,0.8154765395022354,0.6130445998076473,1.4131371744583343,-0.859658289761484,0.004373072688258102,0,0
