arch,seed,epoch,layer,raw_odi,anchored_odi,raw_signed_mean,anchored_signed_mean,baseline_sq_over_raw_den,cross_over_raw_den,residual_dot_over_raw_den,raw_floor_bands,raw_floor_pairs,anchor_excluded_bands,anchor_excluded_pairs,signed_reconstruction_max_abs_error,delta_anchor_minus_raw
atcnet,41,0,attention_blocks.0,0.8412893396154038,0.4073386079978157,0.8412893396154038,0.3893886681499839,0.7951299203650407,-0.05246578740030889,0.0986252066506719,0.0,0.0,0.0,0.0,1.1518563880486e-15,-0.43395073161758807
atcnet,41,0,attention_blocks.4,0.8373540461401008,0.424112528569151,0.8373540461401008,0.40758300186369695,0.6579931035636128,0.06802964829460528,0.11133129428188257,0.0,0.0,0.0,0.0,9.853229343548264e-16,-0.4132415175709498
atcnet,41,0,conv_block,0.112388039883362,0.112388039883362,0.10714113579126455,0.10714113579126455,0.0,0.0,0.10714113579126455,0.0,0.0,0.0,0.0,0.0,0.0
atcnet,41,0,final_layer.4,0.802126532242314,0.5393193748964796,0.7999219395113364,0.3108594788561076,0.7187991595152996,-0.012181143160670408,0.09330392315670716,0.0,0.0,0.0,0.0,1.7780915628762273e-16,-0.2628071573458344
atcnet,41,0,logits,0.8352897567507277,0.5174976995767052,0.8330584944360331,0.2721630341376786,0.8421856954565697,-0.07587840475352245,0.0667512037329857,0.0,0.0,0.0,0.0,1.960237527853792e-16,-0.3177920571740225
atcnet,41,0,temporal_conv_nets.0,0.8756645548246995,0.3564319398683436,0.8756645548246995,0.3240812760010931,0.886357154746609,-0.06958791441158228,0.058895314489672744,0.0,0.0,0.0,0.0,7.511352650979575e-16,-0.519232614956356
atcnet,41,0,temporal_conv_nets.4,0.8092545485893088,0.4189782782816865,0.8092545485893088,0.39075557616587897,0.7581988937539536,-0.0699218413853422,0.12097749622069734,0.0,0.0,0.0,0.0,7.580741590018647e-16,-0.3902762703076223
atcnet,41,1,attention_blocks.0,0.9012187222366472,0.3607152561263933,0.9012187222366472,0.3568874253418836,1.1052795815306213,-0.2100006143704378,0.00593975507646359,0.0,0.0,0.0,0.0,5.967448757360216e-16,-0.5405034661102539
atcnet,41,1,attention_blocks.4,0.8498464199218709,0.36122603458108093,0.8498464199218709,0.35702748648601634,1.0348914955866937,-0.19276273108546121,0.007717655420638484,0.0,0.0,0.0,0.0,9.159339953157541e-16,-0.48862038534079
atcnet,41,1,conv_block,0.8097901833428719,0.38174187133374116,0.8097901833428719,0.38163740325775014,0.9910079593657736,-0.19661902401633863,0.015401247993436784,0.0,0.0,0.0,0.0,1.1657341758564144e-15,-0.42804831200913074
atcnet,41,1,final_layer.4,0.9115448007046663,0.5117992709695343,0.9042225622228879,0.3899204171990505,1.1829520716823587,-0.28941656008470423,0.0106870506252334,0.0,0.0,0.0,0.0,2.727852665973529e-16,-0.399745529735132
atcnet,41,1,logits,0.86257554722448,0.4693602636989998,0.8496832808841064,0.18247767535105824,1.0660456036213526,-0.21871913438718577,0.002356811649939606,0.0,0.0,0.0,0.0,2.1076890233118206e-16,-0.39321528352548024
atcnet,41,1,temporal_conv_nets.0,0.9075553043413435,0.41062106622458666,0.9075553043413435,0.40934708439773093,1.0927581677147762,-0.1928292038773222,0.007626340503889197,0.0,0.0,0.0,0.0,7.216449660063518e-16,-0.4969342381167568
atcnet,41,1,temporal_conv_nets.4,0.8987758900128062,0.334237235843791,0.8987758900128062,0.32648717147388523,1.0337963315814156,-0.1402003885762479,0.005179947007638539,0.0,0.0,0.0,0.0,9.315465065995454e-16,-0.5645386541690152
atcnet,41,2,attention_blocks.0,0.8725318318933564,0.4135064958434276,0.8725318318933564,0.4084395191733196,1.1083137479105747,-0.2416915451564709,0.005909629139252383,0.0,0.0,0.0,0.0,7.840950111415168e-16,-0.4590253360499288
atcnet,41,2,attention_blocks.4,0.821554366074225,0.4109337058743533,0.821554366074225,0.41057009708925457,1.0536548800244812,-0.24308679815255968,0.01098628420230347,0.0,0.0,0.0,0.0,1.087671619437458e-15,-0.41062066019987176
atcnet,41,2,conv_block,0.7876924264852051,0.3946766845681069,0.7876924264852051,0.3946766845681069,0.9532379551372999,-0.17859715043703653,0.013051621784941727,0.0,0.0,0.0,0.0,1.6427831317500363e-15,-0.3930157419170982
atcnet,41,2,final_layer.4,0.9279434482877766,0.4994809803071137,0.9279434482877766,0.29889081435077713,1.1029434937579312,-0.1813470994528924,0.006347053982737858,0.0,0.0,0.0,0.0,1.8908485888147197e-16,-0.42846246798066295
atcnet,41,2,logits,0.9485756622556683,0.5767353515392136,0.9469154532059255,0.46025493911993137,1.2530107330412146,-0.31531587434777464,0.009220594512485554,0.0,0.0,0.0,0.0,3.2439329000766293e-16,-0.3718403107164546
atcnet,41,2,temporal_conv_nets.0,0.897672089936883,0.5311310697251298,0.897672089936883,0.530756662482878,1.1199591176764958,-0.2322553909727815,0.009968363233168446,0.0,0.0,0.0,0.0,8.777700788442644e-16,-0.36654102021175317
atcnet,41,2,temporal_conv_nets.4,0.8886967910316841,0.3658244667623052,0.8886967910316841,0.36402874737505764,1.0305586214980236,-0.14759595302786285,0.00573412256152324,0.0,0.0,0.0,0.0,8.864436962241484e-16,-0.5228723242693789
atcnet,41,5,attention_blocks.0,0.8895411322981476,0.3842504451719195,0.8895411322981476,0.3358155716908714,1.1088592349345074,-0.22087288961273582,0.001554786976375761,0.0,0.0,0.0,0.0,6.591949208711868e-16,-0.5052906871262282
atcnet,41,5,attention_blocks.4,0.8491208345394734,0.4748774857011636,0.8491208345394734,0.4742533931519845,1.0901850719389141,-0.2503081208714233,0.009243883471982399,0.0,0.0,0.0,0.0,6.92154666914746e-16,-0.3742433488383098
atcnet,41,5,conv_block,0.7868063640579526,0.4024624029706203,0.7868063640579526,0.4023091032170906,0.9351728330544816,-0.15888182490951594,0.010515355912986874,0.0,0.0,0.0,0.0,1.5855372570428017e-15,-0.38434396108733226
atcnet,41,5,final_layer.4,0.9511610186510564,0.5503151367594457,0.9471904739923421,0.4044933749057685,1.1478863410733904,-0.20570530026703132,0.005009433185983104,0.0,0.0,0.0,0.0,2.3245294578089215e-16,-0.40084588189161074
atcnet,41,5,logits,0.9734828962166263,0.7570728109193644,0.9663327559034277,0.6974379524042247,1.3107586739999975,-0.3556205593153882,0.011194641218818371,0.0,0.0,0.0,0.0,2.8297676701871666e-16,-0.2164100852972619
atcnet,41,5,temporal_conv_nets.0,0.9096071476360851,0.505520860230272,0.9096071476360851,0.4763561503900621,1.1054383000987962,-0.20136476082129068,0.005533608358579439,0.0,0.0,0.0,0.0,7.511352650979575e-16,-0.4040862874058131
atcnet,41,5,temporal_conv_nets.4,0.8957406104741239,0.4274193777095801,0.8957406104741239,0.42585111692526595,1.0466335713725108,-0.15573039625183344,0.004837435353446481,0.0,0.0,0.0,0.0,6.38378239159465e-16,-0.4683212327645438
atcnet,41,10,attention_blocks.0,0.8676932204914589,0.3444709600348565,0.8676932204914589,0.2768121963000842,1.1101032355359997,-0.24398479889739053,0.0015747838528497036,0.0,0.0,0.0,0.0,8.430756093247282e-16,-0.5232222604566024
atcnet,41,10,attention_blocks.4,0.8693721240845692,0.4142602284110714,0.8693721240845692,0.41089750450648876,1.0900620123273104,-0.22586050318589415,0.0051706149431527265,0.0,0.0,0.0,0.0,9.766493169749424e-16,-0.4551118956734978
atcnet,41,10,conv_block,0.7776724148667263,0.3923203847698679,0.7776724148667263,0.3917491431468895,0.926566203855198,-0.15779162868345425,0.008897839694982687,0.0,0.0,0.0,0.0,1.3114509478384662e-15,-0.3853520300968584
atcnet,41,10,final_layer.4,0.9651391458624097,0.6111388515945503,0.960281094365274,0.5428860996288772,1.1761939582035332,-0.21908354736878277,0.003170683530523563,0.0,0.0,0.0,0.0,2.393918396847994e-16,-0.3540002942678594
atcnet,41,10,logits,0.9403875528308966,0.7364454852873036,0.9316653372117581,0.5561589897742839,1.3572164187186655,-0.45574050375611147,0.030189422249204113,0.0,0.0,0.0,0.0,3.9118014383277e-16,-0.203942067543593
atcnet,41,10,temporal_conv_nets.0,0.8553067431245747,0.4575252554028327,0.8553067431245747,0.3328261780010189,1.0338495508223642,-0.18547080282991082,0.006927995132121015,0.0,0.0,0.0,0.0,6.938893903907228e-16,-0.397781487721742
atcnet,41,10,temporal_conv_nets.4,0.9076696538325209,0.3708364269627761,0.9076696538325209,0.36844388576130194,1.0674263711351957,-0.16239189892109085,0.0026351816184159247,0.0,0.0,0.0,0.0,8.413408858487514e-16,-0.5368332268697448
atcnet,41,20,attention_blocks.0,0.785425214958363,0.32477203711983677,0.7812786998872364,0.26606918414832376,1.1467952595147521,-0.40953093633488064,0.044014376707364834,0.0,0.0,0.0,0.0,6.817463260588852e-16,-0.4606531778385263
atcnet,41,20,attention_blocks.4,0.8576434699705466,0.33125637076865355,0.8569610376356585,0.30408559572326266,1.1675440351101778,-0.3330282411207655,0.022445243646246164,0.0,0.0,0.0,0.0,9.558326352632207e-16,-0.5263870992018931
atcnet,41,20,conv_block,0.7588023830058006,0.2886354665896519,0.7588023830058006,0.28371411807219293,0.9623795643777091,-0.2217474752398506,0.018170293867942017,0.0,0.0,0.0,0.0,1.3860440573054689e-15,-0.4701669164161487
atcnet,41,20,final_layer.4,0.9603885111189752,0.6759818164667006,0.9474405638142527,0.507589546242157,1.3253085418986055,-0.4154391051094546,0.037571127025101535,0.0,0.0,0.0,0.0,3.6648743935441264e-16,-0.2844066946522745
atcnet,41,20,logits,0.9449507489738032,0.5229479579360347,0.9116817820018233,0.3167677970233386,1.4041682530705302,-0.5537576132191196,0.061271142150412704,0.0,0.0,0.0,0.0,4.950467119568813e-16,-0.4220027910377685
atcnet,41,20,temporal_conv_nets.0,0.8504814094059845,0.3914626336007742,0.8466223888576583,0.31120660987049226,1.2493347435749882,-0.46207858056367296,0.05936622584634294,0.0,0.0,0.0,0.0,8.708311849403572e-16,-0.4590187758052103
atcnet,41,20,temporal_conv_nets.4,0.8957617364991667,0.4043518534452467,0.8911964426942085,0.335243330606245,1.1966065992359936,-0.3336488204472105,0.02823866390542551,0.0,0.0,0.0,0.0,9.35015953551499e-16,-0.49140988305391997
atcnet,42,0,attention_blocks.0,0.8524285881545128,0.3948258486091984,0.8524285881545128,0.3845869164120807,0.7027022477461948,0.05421016044565075,0.09551617996266712,0.0,0.0,0.0,0.0,9.62771529167128e-16,-0.45760273954531444
atcnet,42,0,attention_blocks.4,0.8458438307139194,0.5149205364046496,0.8458438307139194,0.5124016073199843,0.7195352930894499,-0.020542164396624606,0.14685070202109413,0.0,0.0,0.0,0.0,7.997075224253081e-16,-0.3309232943092698
atcnet,42,0,conv_block,0.11995183413723788,0.11995183413723788,0.1136727592246711,0.1136727592246711,0.0,0.0,0.1136727592246711,0.0,0.0,0.0,0.0,0.0,0.0
atcnet,42,0,final_layer.4,0.8468674294027718,0.6388423993759968,0.8468674294027718,0.5566403691607237,0.8428807948346131,-0.1896698255735392,0.19365646014169793,0.0,0.0,0.0,0.0,1.726049858596923e-16,-0.20802503002677497
atcnet,42,0,logits,0.9322714798985258,0.6484775176402406,0.9322714798985258,0.5856454525507883,0.8650195277349214,-0.03065704804889754,0.09790900021250173,0.0,0.0,0.0,0.0,2.42861286636753e-16,-0.2837939622582851
atcnet,42,0,temporal_conv_nets.0,0.8972051486846473,0.370928506018901,0.8972051486846473,0.34619731021719685,0.7421691737872292,0.09788753607545794,0.057148438821959906,0.0,0.0,0.0,0.0,6.539907504432563e-16,-0.5262766426657464
atcnet,42,0,temporal_conv_nets.4,0.8229091786664827,0.55877058571243,0.8229091786664827,0.5554314929716055,0.8162903000459064,-0.1843198710707723,0.19093874969134852,0.0,0.0,0.0,0.0,6.29704621779581e-16,-0.26413859295405273
atcnet,42,1,attention_blocks.0,0.8421602457780193,0.2675597060775182,0.8421602457780193,0.24053605082738624,1.041306190709515,-0.20335596604045222,0.004210021108956596,0.0,0.0,0.0,0.0,7.467984564080155e-16,-0.5746005397005011
atcnet,42,1,attention_blocks.4,0.8180437823921638,0.4473451566943308,0.8180437823921638,0.4464692752817365,1.066997866195323,-0.2633344831352501,0.01438039933209084,0.0,0.0,0.0,0.0,9.454242944073599e-16,-0.370698625697833
atcnet,42,1,conv_block,0.7675146121774086,0.2868600821327955,0.7675146121774086,0.2863157829743253,0.8797630656926556,-0.12118837548854208,0.008939921973294955,0.0,0.0,0.0,0.0,9.488937413593135e-16,-0.48065453004461306
atcnet,42,1,final_layer.4,0.9023446160695855,0.4918866890019209,0.9023446160695855,0.2269589280476562,1.1974827693403385,-0.2998838485770262,0.004745695306273142,0.0,0.0,0.0,0.0,2.1597307275911248e-16,-0.4104579270676646
atcnet,42,1,logits,0.9405961653373416,0.4687414110455241,0.9377686897127008,0.25694126892865726,1.3368139452411116,-0.4037049840328836,0.004659728504472897,0.0,0.0,0.0,0.0,4.688090193827321e-16,-0.4718547542918175
atcnet,42,1,temporal_conv_nets.0,0.891831528786067,0.3051735157468098,0.891831528786067,0.27977373516963566,1.0172298543257348,-0.1284222124474511,0.0030238869077832166,0.0,0.0,0.0,0.0,3.8163916471489756e-16,-0.5866580130392571
atcnet,42,1,temporal_conv_nets.4,0.8804885295846474,0.4639621530313586,0.8804885295846474,0.4607251730146404,1.0768606132409928,-0.2048202901336108,0.008448206477265179,0.0,0.0,0.0,0.0,9.610368056911511e-16,-0.4165263765532888
atcnet,42,2,attention_blocks.0,0.894005434688802,0.29691629364360106,0.894005434688802,0.2755234883087615,1.1115362439040182,-0.22008943320433272,0.0025586239891166327,0.0,0.0,0.0,0.0,5.585809592645319e-16,-0.5970891410452009
atcnet,42,2,attention_blocks.4,0.8622062679287382,0.36198051573801265,0.8622062679287382,0.3564277065556573,1.132884211536045,-0.2769552207334474,0.006277277126140634,0.0,0.0,0.0,0.0,6.418476861114186e-16,-0.5002257521907256
atcnet,42,2,conv_block,0.7942026139530067,0.30133024925766716,0.7942026139530067,0.30125358236083666,0.8843893069396146,-0.0964347451510993,0.0062480521644912405,0.0,0.0,0.0,0.0,9.593020822151743e-16,-0.49287236469533957
atcnet,42,2,final_layer.4,0.8994624148181282,0.5407867829203078,0.8787431520585944,0.3464318466543841,1.0956395402045622,-0.22497337852500013,0.008076990379032383,0.0,0.0,0.0,0.0,1.9678269430611905e-16,-0.35867563189782037
atcnet,42,2,logits,0.9773787491826167,0.4688157929600864,0.9773787491826167,0.11551914662023025,1.1652682457887005,-0.18811403388190634,0.00022453727582254294,0.0,0.0,0.0,0.0,2.220446049250313e-16,-0.5085629562225302
atcnet,42,2,temporal_conv_nets.0,0.9492875720099618,0.34648493517848117,0.9492875720099618,0.3343833205909915,1.088895390551845,-0.14129938587484303,0.0016915673329596218,0.0,0.0,0.0,0.0,4.85722573273506e-16,-0.6028026368314807
atcnet,42,2,temporal_conv_nets.4,0.9021814958753451,0.32183401852815635,0.9021814958753451,0.2798353321060851,1.1071023225053434,-0.20817547726016522,0.003254650630166818,0.0,0.0,0.0,0.0,7.042977312465837e-16,-0.5803474773471888
atcnet,42,5,attention_blocks.0,0.8734525058602796,0.38603991141017435,0.8734525058602796,0.3775751381001334,1.021519625614634,-0.15146643443476632,0.003399314680411635,0.0,0.0,0.0,0.0,6.088879400678593e-16,-0.4874125944501052
atcnet,42,5,attention_blocks.4,0.8401071209837194,0.35485147312258947,0.8401071209837194,0.3401680607512372,1.019647398876298,-0.1833211572396236,0.003780879347045081,0.0,0.0,0.0,0.0,7.28583859910259e-16,-0.48525564786112996
atcnet,42,5,conv_block,0.7840480455380893,0.37497222776744493,0.7840480455380893,0.37424831414324294,0.8927244828011349,-0.1147632465613217,0.006086809298275851,0.0,0.0,0.0,0.0,1.1293049828609014e-15,-0.40907581777064433
atcnet,42,5,final_layer.4,0.8598754282888864,0.5240457914371655,0.8434628231407009,0.26959099336341613,1.0749927212661237,-0.23569626946079286,0.004166371335369989,0.0,0.0,0.0,0.0,2.2432142948725087e-16,-0.33582963685172096
atcnet,42,5,logits,0.9709597598937076,0.499838643908478,0.9709597598937076,0.27563606378695643,1.1628568658719345,-0.1927534810263191,0.0008563750480920996,0.0,0.0,0.0,0.0,2.5934115965853266e-16,-0.47112111598522965
atcnet,42,5,temporal_conv_nets.0,0.926589233022669,0.429552119192873,0.926589233022669,0.39251460510068964,1.048762451387428,-0.1248837102014933,0.002710491836734324,0.0,0.0,0.0,0.0,4.2674197509029455e-16,-0.49703711382979604
atcnet,42,5,temporal_conv_nets.4,0.8779975206122895,0.36473515862874484,0.8779975206122895,0.3298620928036305,0.9940956190900262,-0.11915364264748124,0.003055544169744695,0.0,0.0,0.0,0.0,9.766493169749424e-16,-0.5132623619835447
atcnet,42,10,attention_blocks.0,0.8492434539242504,0.4574767873778701,0.8492434539242504,0.445759504486729,1.043580411493854,-0.19790953002269426,0.0035725724530907624,0.0,0.0,0.0,0.0,1.0026701691145945e-15,-0.39176666654638026
atcnet,42,10,attention_blocks.4,0.8020185781650223,0.39616833570211357,0.8020185781650223,0.3804238301346525,1.0146655518894512,-0.21686736884398072,0.004220395119551975,0.0,0.0,0.0,0.0,1.0495077029659683e-15,-0.40585024246290874
atcnet,42,10,conv_block,0.746975059524917,0.39916132859690445,0.746975059524917,0.3989592600033328,0.847597703645055,-0.10592407712987384,0.005301433009735532,0.0,0.0,0.0,0.0,8.916478666520788e-16,-0.3478137309280126
atcnet,42,10,final_layer.4,0.8274701615022322,0.5676213845210855,0.7550160934801033,0.39429857009541835,1.0837568854740767,-0.33626469075702137,0.007523898763047845,0.0,0.0,0.0,0.0,3.465110143263672e-16,-0.2598487769811467
atcnet,42,10,logits,0.9485192120680815,0.5416447732213105,0.9448414132695461,0.3151954119072771,1.214753946716635,-0.27236214454395485,0.0024496110968659744,0.0,0.0,0.0,0.0,2.8384412875670506e-16,-0.406874438846771
atcnet,42,10,temporal_conv_nets.0,0.9029405686679158,0.44078683296114024,0.9029405686679158,0.39654540066316246,1.0176567527003355,-0.11680979609047404,0.0020936120580543,0.0,0.0,0.0,0.0,4.9439619065339e-16,-0.4621537357067756
atcnet,42,10,temporal_conv_nets.4,0.8209946857443677,0.39898189338011164,0.8209946857443677,0.3620597671163188,1.0017351117160296,-0.18408951282905303,0.003349086857391101,0.0,0.0,0.0,0.0,1.025221574302293e-15,-0.4220127923642561
atcnet,42,20,attention_blocks.0,0.7898292640745791,0.3678312417768423,0.7898292640745791,0.3113550240625939,1.0323882699366962,-0.2629289142816572,0.020369908419540138,0.0,0.0,0.0,0.0,5.984795992119984e-16,-0.4219980222977368
atcnet,42,20,attention_blocks.4,0.7605661524964649,0.3307487763348246,0.7605176272768116,0.2736366214236659,1.0404880712462243,-0.29555087525790014,0.015580431288487441,0.0,0.0,0.0,0.0,9.107298248878237e-16,-0.4298173761616403
atcnet,42,20,conv_block,0.7326464328693763,0.34362333377047843,0.7326464328693763,0.3400551904534352,0.8935239677903537,-0.17150254670293635,0.010625011781958616,0.0,0.0,0.0,0.0,1.1934897514720433e-15,-0.3890230990988978
atcnet,42,20,final_layer.4,0.8067404556417208,0.6420539484924883,0.7443145691409193,0.23379733822815915,1.5085572853453533,-0.9085803385565405,0.14433762235210648,0.0,0.0,0.0,0.0,4.735795089416683e-16,-0.1646865071492325
atcnet,42,20,logits,0.951520607199706,0.5462669416141264,0.9500586099831263,0.19704160285805644,1.2482407839014553,-0.3043719969587458,0.00618982304041687,0.0,0.0,0.0,0.0,3.174543961037557e-16,-0.4052536655855796
atcnet,42,20,temporal_conv_nets.0,0.8787382231297034,0.4339077101276967,0.8787382231297034,0.34312077611595965,0.9958922362856444,-0.12629475558289915,0.009140742426958108,0.0,0.0,0.0,0.0,5.568462357885551e-16,-0.4448305130020067
atcnet,42,20,temporal_conv_nets.4,0.770182220958781,0.4096233278841775,0.7690704225666231,0.2600055965741542,1.0740596489509366,-0.3435167609003156,0.03852753451600207,0.0,0.0,0.0,0.0,9.71445146547012e-16,-0.3605588930746035
atcnet,43,0,attention_blocks.0,0.8439324147151859,0.3447344869417199,0.8439324147151859,0.3105581303456211,0.7148732108559475,0.06112692921535715,0.06793227464388125,0.0,0.0,0.0,0.0,1.0755285551056204e-15,-0.499197927773466
atcnet,43,0,attention_blocks.4,0.8822477932301912,0.4358889214036536,0.8822477932301912,0.4310797131117551,0.6539786275485034,0.14350395186788156,0.08476521381380608,0.0,0.0,0.0,0.0,7.147060721024445e-16,-0.4463588718265376
atcnet,43,0,conv_block,0.10855248938122068,0.10855248938122068,0.09912114695051716,0.09912114695051716,0.0,0.0,0.09912114695051716,0.0,0.0,0.0,0.0,0.0,0.0
atcnet,43,0,final_layer.4,0.8669795849489906,0.5274383881712866,0.8669795849489906,0.42513374038572344,1.1160988066003112,-0.36524645237835723,0.11612723072703669,0.0,0.0,0.0,0.0,1.8735013540549517e-16,-0.339541196777704
atcnet,43,0,logits,0.7530565000519138,0.47131436465834226,0.7490628839435433,0.21012977028455607,1.2590264648968301,-0.6532967555153698,0.14333317456208305,0.0,0.0,0.0,0.0,3.0314292742694704e-16,-0.28174213539357157
atcnet,43,0,temporal_conv_nets.0,0.8426216674478229,0.334534795851116,0.8426216674478229,0.2836862352773186,0.8320718759600116,-0.05057615028988968,0.06112594177770086,0.0,0.0,0.0,0.0,8.604228440844963e-16,-0.5080868715967068
atcnet,43,0,temporal_conv_nets.4,0.8424796082731688,0.4463063085665421,0.8424796082731688,0.4382868262105821,0.7626383858839008,-0.03919137520307325,0.11903259759234133,0.0,0.0,0.0,0.0,8.378714388967978e-16,-0.39617329970662674
atcnet,43,1,attention_blocks.0,0.8543741405204186,0.3057724191064926,0.8543741405204186,0.29946054008945905,0.9961154630930202,-0.14476303769118376,0.0030217151185820443,0.0,0.0,0.0,0.0,1.0599160438218291e-15,-0.548601721413926
atcnet,43,1,attention_blocks.4,0.9031098626729791,0.32683201396121764,0.9031098626729791,0.3238703117084845,1.0650355520901356,-0.16470688200512454,0.0027811925879680835,0.0,0.0,0.0,0.0,8.014422459012849e-16,-0.5762778487117615
atcnet,43,1,conv_block,0.7982089530727128,0.33738008501771094,0.7982089530727128,0.3371012295452642,0.9187369555441837,-0.1283282242789729,0.007800221807501729,0.0,0.0,0.0,0.0,7.337880303381894e-16,-0.46082886805500184
atcnet,43,1,final_layer.4,0.8936498623583755,0.5301719443113232,0.8936498623583755,0.28145271593929627,1.0814250280719326,-0.19146482882447938,0.0036896631109222945,0.0,0.0,0.0,0.0,2.082752373344654e-16,-0.3634779180470523
atcnet,43,1,logits,0.8639048830651915,0.4639251437974288,0.8400527300637646,0.241871133170757,1.030697952658628,-0.1955779782978234,0.00493275570295998,0.0,0.0,0.0,0.0,2.940356291780688e-16,-0.39997973926776276
atcnet,43,1,temporal_conv_nets.0,0.9067247245970764,0.3228474052856582,0.9067247245970764,0.31323216450616254,1.000185249535308,-0.09556063205046372,0.0021001071122320933,0.0,0.0,0.0,0.0,1.0096090630185017e-15,-0.5838773193114182
atcnet,43,1,temporal_conv_nets.4,0.9074369250650138,0.2672173935168443,0.9074369250650138,0.25660587248769795,1.0188784618429667,-0.11308552013366092,0.001643983355707975,0.0,0.0,0.0,0.0,1.2576745200831851e-15,-0.6402195315481696
atcnet,43,2,attention_blocks.0,0.8481251378341524,0.27778670077167356,0.8481251378341524,0.2711272778337853,1.0088144515125828,-0.16340555147840888,0.0027162377999785593,0.0,0.0,0.0,0.0,7.927686285214008e-16,-0.5703384370624789
atcnet,43,2,attention_blocks.4,0.9010252909515674,0.3130348065462037,0.9010252909515674,0.306171419469772,1.0476725971878078,-0.1491604257745801,0.002513119538339701,0.0,0.0,0.0,0.0,6.123573870198129e-16,-0.5879904844053636
atcnet,43,2,conv_block,0.7887037775494647,0.3541160314397262,0.7887037775494647,0.35378484418391437,0.904961861400794,-0.1235826229445217,0.007324539093192419,0.0,0.0,0.0,0.0,1.124100812432971e-15,-0.43458774610973855
atcnet,43,2,final_layer.4,0.9270127473386751,0.5311010522901372,0.9270127473386751,0.28440070834460046,1.0960830359338964,-0.17129613829525214,0.002225849700030723,0.0,0.0,0.0,0.0,2.0556473190325164e-16,-0.39591169504853796
atcnet,43,2,logits,0.8319932007443929,0.45169318757631693,0.8159382742275333,0.16155108167704024,0.8728725096274275,-0.06047784254050485,0.0035436071406107095,0.0,0.0,0.0,0.0,1.6306400674181987e-16,-0.38030001316807593
atcnet,43,2,temporal_conv_nets.0,0.9018811811137164,0.31047818434413355,0.9018811811137164,0.30243788254456,1.0049230316719466,-0.10551928791249882,0.0024774373542684946,0.0,0.0,0.0,0.0,9.645062526431047e-16,-0.5914029967695829
atcnet,43,2,temporal_conv_nets.4,0.9048514442684648,0.2881932760653406,0.9048514442684648,0.26431372657732893,0.991459543384859,-0.0881225964413356,0.0015144973249415653,0.0,0.0,0.0,0.0,1.1188966420050406e-15,-0.6166581682031241
atcnet,43,5,attention_blocks.0,0.8951158514132372,0.3321783097048274,0.8951158514132372,0.3302624308665428,1.0882030328679315,-0.1949008686882844,0.0018136872335899783,0.0,0.0,0.0,0.0,4.98732999343332e-16,-0.5629375417084098
atcnet,43,5,attention_blocks.4,0.9085455795955208,0.32234905763868216,0.9085455795955208,0.31680838600328604,1.0584709771923317,-0.15163503333093772,0.0017096357341268018,0.0,0.0,0.0,0.0,8.881784197001252e-16,-0.5861965219568387
atcnet,43,5,conv_block,0.8082670823275434,0.3882074071875518,0.8082670823275434,0.3882074071875518,0.9212778189531691,-0.11797335265131997,0.004962616025694236,0.0,0.0,0.0,0.0,1.2004286453759505e-15,-0.4200596751399916
atcnet,43,5,final_layer.4,0.9163977764041207,0.555981691660721,0.9163977764041207,0.35385100486760573,1.0581766992714117,-0.14414584104497338,0.0023669181776824837,0.0,0.0,0.0,0.0,1.9125326322644298e-16,-0.3604160847433997
atcnet,43,5,logits,0.968675489457543,0.4845090087530174,0.968675489457543,0.018375513594745842,1.0580876999876325,-0.08979053140912667,0.00037832087903717494,0.0,0.0,0.0,0.0,2.0643209364124004e-16,-0.4841664807045256
atcnet,43,5,temporal_conv_nets.0,0.9206401007462306,0.30942757212662736,0.9206401007462306,0.29114345702186284,1.051373144874169,-0.13187707787142763,0.0011440337434893606,0.0,0.0,0.0,0.0,7.840950111415168e-16,-0.6112125286196033
atcnet,43,5,temporal_conv_nets.4,0.9015034726518092,0.29697112960303057,0.9015034726518092,0.26656854422546217,0.9912459144666077,-0.09138318248706867,0.0016407406722701223,0.0,0.0,0.0,0.0,8.135853102331226e-16,-0.6045323430487786
atcnet,43,10,attention_blocks.0,0.889897786417087,0.28335479175104633,0.889897786417087,0.2226587838848536,1.0840767507275875,-0.19774258496089916,0.0035636206503986854,0.0,0.0,0.0,0.0,1.1223660889569942e-15,-0.6065429946660406
atcnet,43,10,attention_blocks.4,0.8793281400204139,0.29707282101470794,0.8793281400204139,0.18096112172259574,1.0320027861553496,-0.15476167743160094,0.0020870312966654284,0.0,0.0,0.0,0.0,6.071532165918825e-16,-0.582255319005706
atcnet,43,10,conv_block,0.8098161540410189,0.34299295216676867,0.8098161540410189,0.34296084311384434,0.9509634190616124,-0.1472669704813078,0.006119705460714121,0.0,0.0,0.0,0.0,1.5803330866148713e-15,-0.46682320187425025
atcnet,43,10,final_layer.4,0.9343633820821987,0.597717432148845,0.9342389943414833,0.03621321626711876,1.0812158263220653,-0.14960243199680792,0.002625600016225785,0.0,0.0,0.0,0.0,2.0469737016526324e-16,-0.3366459499333537
atcnet,43,10,logits,0.9477849286609704,0.6178987400065459,0.9456465230202539,-0.0043467250735909554,1.1425706624127088,-0.20217628424514542,0.0052521448526907325,0.0,0.0,0.0,0.0,4.3281350725621337e-16,-0.32988618865442454
atcnet,43,10,temporal_conv_nets.0,0.9255557423370555,0.3693277823894677,0.9255557423370555,0.10827982974023925,1.0532703665833396,-0.13147222155206895,0.0037575973057845905,0.0,0.0,0.0,0.0,5.967448757360216e-16,-0.5562279599475879
atcnet,43,10,temporal_conv_nets.4,0.8965901657405076,0.3823290235168113,0.8965901657405076,0.06669656454077717,0.9728394188731014,-0.07752714014013354,0.0012778870075396587,0.0,0.0,0.0,0.0,8.569533971325427e-16,-0.5142611422236963
atcnet,43,20,attention_blocks.0,0.8771386389658715,0.4108669409497261,0.8771386389658715,0.10192883910712411,1.1586591180594048,-0.28755079358562086,0.006030314492087528,0.0,0.0,0.0,0.0,9.072603779358701e-16,-0.46627169801614543
atcnet,43,20,attention_blocks.4,0.8396426975288287,0.39504248799469954,0.8396426975288287,0.09461957123806582,1.0274696423603127,-0.18944313909883279,0.001616194267348792,0.0,0.0,0.0,0.0,8.72565908416334e-16,-0.44460020953412915
atcnet,43,20,conv_block,0.7818613026112805,0.2826837909490056,0.7818613026112805,0.24739661854290515,0.9635871279418111,-0.18900596637596503,0.007280141045434203,0.0,0.0,0.0,0.0,1.2524703496552547e-15,-0.4991775116622749
atcnet,43,20,final_layer.4,0.8182574205929231,0.6345072215790509,0.8146235696835261,0.002103581716043081,0.8469303162085793,-0.0353603022102381,0.003053555685184915,0.0,0.0,0.0,0.0,1.7802599672211983e-16,-0.18375019901387213
atcnet,43,20,logits,0.8209379640855335,0.8285698014104362,0.7866218435186328,-0.1644517863999836,1.1201006595753944,-0.31269873098119433,-0.02078008507556693,0.0,0.0,0.0,0.0,5.342948306008566e-16,0.0076318373249026905
atcnet,43,20,temporal_conv_nets.0,0.9093942727619847,0.5330990734149469,0.9093942727619847,-0.030703867860489044,1.1082058509137356,-0.20368924682408157,0.004877668672330497,0.0,0.0,0.0,0.0,8.326672684688674e-16,-0.3762951993470378
atcnet,43,20,temporal_conv_nets.4,0.8253586974976022,0.4119490042498512,0.8253586974976022,0.048285180603312536,0.9132472642853984,-0.0904417213101693,0.0025531545223731527,0.0,0.0,0.0,0.0,1.2698175844150228e-15,-0.41340969324775095
atcnet,44,0,attention_blocks.0,0.8234526137111978,0.4095898837075924,0.8234526137111978,0.39626747353353364,0.7084062950498653,-0.0020158397476812626,0.1170621584090137,0.0,0.0,0.0,0.0,9.71445146547012e-16,-0.4138627300036054
atcnet,44,0,attention_blocks.4,0.8460962319606642,0.38388029470107266,0.8460962319606642,0.367337393684946,0.838323215671437,-0.08493791440901938,0.09271093069824654,0.0,0.0,0.0,0.0,9.384854005034526e-16,-0.46221593725959154
atcnet,44,0,conv_block,0.12133508723186552,0.12133508723186551,0.11555086268281778,0.11555086268281776,0.0,0.0,0.11555086268281778,0.0,0.0,0.0,0.0,0.0,-1.3877787807814457e-17
atcnet,44,0,final_layer.4,0.966493977226248,0.4928592677173435,0.966493977226248,0.21561422054185864,0.9301868083774755,0.029354372819565645,0.006952796029206732,0.0,0.0,0.0,0.0,1.8214596497756474e-16,-0.47363470950890446
atcnet,44,0,logits,0.8012299539767705,0.4842148849869853,0.7994208946750361,0.2705253367577388,1.1310107526526927,-0.45770278739381764,0.126112929416161,0.0,0.0,0.0,0.0,2.979387569990166e-16,-0.31701506898978526
atcnet,44,0,temporal_conv_nets.0,0.8905021643194581,0.4225909734990718,0.8905021643194581,0.4118867720971062,0.8016456011351499,0.010672719933153796,0.07818384325115425,0.0,0.0,0.0,0.0,7.112366251504909e-16,-0.46791119082038624
atcnet,44,0,temporal_conv_nets.4,0.8877499070054995,0.384798217373466,0.8877499070054995,0.35721128187015566,0.875925988853824,-0.05366688263814534,0.06549080078982067,0.0,0.0,0.0,0.0,9.662409761190816e-16,-0.5029516896320335
atcnet,44,1,attention_blocks.0,0.8715876142531277,0.49924406296301754,0.8715876142531277,0.4989469915703599,1.2010357979754656,-0.34443958802516816,0.01499140430283019,0.0,0.0,0.0,0.0,9.610368056911511e-16,-0.37234355129011015
atcnet,44,1,attention_blocks.4,0.877075344517582,0.32837760599305754,0.877075344517582,0.2992145599166697,1.093605070404186,-0.22053277734917584,0.004003051462571789,0.0,0.0,0.0,0.0,1.1986939218999737e-15,-0.5486977385245244
atcnet,44,1,conv_block,0.7663719167822074,0.37887653717912234,0.7663719167822074,0.37887653717912234,0.9687691445975476,-0.220294396019215,0.017897168203874582,0.0,0.0,0.0,0.0,1.2802259252708836e-15,-0.38749537960308506
atcnet,44,1,final_layer.4,0.8395666033779637,0.45751489489383107,0.8222970758350876,0.048388406319867745,1.0470968362079287,-0.22372839448551943,-0.0010713658873216202,0.0,0.0,0.0,0.0,2.255140518769849e-16,-0.38205170848413267
atcnet,44,1,logits,0.8856190385286772,0.6088243694880815,0.871252629275144,0.33112793404715474,0.9148942110955681,-0.045334262738583056,0.001692680918158937,0.0,0.0,0.0,0.0,1.964574336543734e-16,-0.2767946690405957
atcnet,44,1,temporal_conv_nets.0,0.9194492255531638,0.39741313500999914,0.9194492255531638,0.3944121269112532,1.0738017197111778,-0.1601160604678501,0.005763566309835836,0.0,0.0,0.0,0.0,7.008282842946301e-16,-0.5220360905431647
atcnet,44,1,temporal_conv_nets.4,0.8863631727599659,0.2692797613780269,0.8863631727599659,0.23731747781936693,1.030382470188954,-0.14695754039051345,0.0029382429615254307,0.0,0.0,0.0,0.0,8.760353553682876e-16,-0.617083411381939
atcnet,44,2,attention_blocks.0,0.8641448018856107,0.3490819142287541,0.8641448018856107,0.3294428113347468,1.138960401356818,-0.2804380756987316,0.005622476227524011,0.0,0.0,0.0,0.0,7.546047120499111e-16,-0.5150628876568566
atcnet,44,2,attention_blocks.4,0.8587851719528388,0.32826984030784406,0.8587851719528388,0.3170270977117969,1.1058424628459638,-0.2513430199555554,0.004285729062430283,0.0,0.0,0.0,0.0,9.71445146547012e-16,-0.5305153316449946
atcnet,44,2,conv_block,0.7704619618858367,0.35604525189242475,0.7704619618858367,0.35604525189242475,0.921357569130125,-0.16103730365014696,0.010141696405858611,0.0,0.0,0.0,0.0,1.6046192152785466e-15,-0.41441670999341196
atcnet,44,2,final_layer.4,0.8770292492101794,0.46392690896480343,0.8696935911974185,0.12128280288547603,0.9611442230250934,-0.0909280023339771,-0.0005226294936977375,0.0,0.0,0.0,0.0,1.6832238727837454e-16,-0.413102340245376
atcnet,44,2,logits,0.8772346942829761,0.44308150753751535,0.8732850547064656,0.1820865587019026,1.0124509810792202,-0.14058992769940878,0.0014240013266542354,0.0,0.0,0.0,0.0,2.242130092700023e-16,-0.4341531867454607
atcnet,44,2,temporal_conv_nets.0,0.9053903946917354,0.30165167380585434,0.9053903946917354,0.2739527896317693,1.028060098153511,-0.12501615337634508,0.0023464499145695195,0.0,0.0,0.0,0.0,8.031769693772617e-16,-0.6037387208858811
atcnet,44,2,temporal_conv_nets.4,0.9062461582384593,0.2556358764853153,0.9062461582384593,0.20555392837021028,0.9975705160526316,-0.09228149365225075,0.0009571358380784521,0.0,0.0,0.0,0.0,9.08995101411847e-16,-0.6506102817531441
atcnet,44,5,attention_blocks.0,0.8741902134783526,0.33817883370245017,0.8741902134783526,0.2932080375680146,1.0473821773187397,-0.17742544678037062,0.004233482939983419,0.0,0.0,0.0,0.0,5.412337245047638e-16,-0.5360113797759024
atcnet,44,5,attention_blocks.4,0.9091492122833599,0.29583730394732405,0.9091492122833599,0.2233215186508006,1.1539340100739168,-0.24612860393789693,0.0013438061473397096,0.0,0.0,0.0,0.0,1.4883927423881005e-15,-0.6133119083360359
atcnet,44,5,conv_block,0.799210509131664,0.3694422676602825,0.799210509131664,0.3694115052201933,0.9265449236557385,-0.13452783538234597,0.0071934208582713904,0.0,0.0,0.0,0.0,1.1258355359089478e-15,-0.42976824147138154
atcnet,44,5,final_layer.4,0.8510417474022879,0.5256112587099863,0.8478797891236763,0.18079953860495682,1.0877852838235114,-0.2371646414968186,-0.0027408532030162706,0.0,0.0,0.0,0.0,2.025289658202922e-16,-0.3254304886923016
atcnet,44,5,logits,0.934010671494635,0.4787185108115001,0.934010671494635,0.21795882295859995,1.1504128805254525,-0.2198775309673245,0.0034753219365069913,0.0,0.0,0.0,0.0,2.237793284010081e-16,-0.45529216068313494
atcnet,44,5,temporal_conv_nets.0,0.9286041301687197,0.33710204519038856,0.9286041301687197,0.2805181751684206,1.0316377875559208,-0.10540993907284431,0.002376281685643133,0.0,0.0,0.0,0.0,1.0269562977782698e-15,-0.5915020849783311
atcnet,44,5,temporal_conv_nets.4,0.910519993818043,0.2751700099678326,0.910519993818043,0.1628224907992958,1.0468761021700232,-0.13676973490218688,0.00041362655020653143,0.0,0.0,0.0,0.0,1.0408340855860843e-15,-0.6353499838502105
atcnet,44,10,attention_blocks.0,0.8147632981720953,0.33665783410225397,0.8147632981720953,0.10343753998803959,0.9912993060395461,-0.1797535814612656,0.003217573593814951,0.0,0.0,0.0,0.0,8.89913143176102e-16,-0.4781054640698413
atcnet,44,10,attention_blocks.4,0.8568076849915993,0.2678057454037542,0.8568076849915993,0.15413717035127286,1.0889063009397195,-0.23544062036972785,0.0033420044216075956,0.0,0.0,0.0,0.0,1.375635716449608e-15,-0.5890019395878452
atcnet,44,10,conv_block,0.7693805678032065,0.26712422754545107,0.7693805678032065,0.2514962688569282,0.905787046125342,-0.14438401917333482,0.007977540851199144,0.0,0.0,0.0,0.0,7.832276494035284e-16,-0.5022563402577555
atcnet,44,10,final_layer.4,0.863221179499148,0.5507434238748716,0.8577226121892472,0.06195060662265026,0.9723907443411031,-0.1111653443662926,-0.003502787785563265,0.0,0.0,0.0,0.0,1.721713049906981e-16,-0.3124777556242764
atcnet,44,10,logits,0.8924414013290466,0.6810870524213677,0.8871824490549913,-0.10130508389763332,1.2320547040770782,-0.3770499973876853,0.03217774236559843,0.0,0.0,0.0,0.0,3.259982586240322e-16,-0.2113543489076789
atcnet,44,10,temporal_conv_nets.0,0.880028061784028,0.3500585387546231,0.880028061784028,0.0724888349958764,0.9701786858311029,-0.0922987663462196,0.002148142299144693,0.0,0.0,0.0,0.0,1.2698175844150228e-15,-0.5299695230294049
atcnet,44,10,temporal_conv_nets.4,0.9064232226080404,0.3156909265622026,0.9064232226080404,0.11242554054117011,1.0239675958789214,-0.11757052881664852,2.6155545767543127e-05,0.0,0.0,0.0,0.0,6.661338147750939e-16,-0.5907322960458379
atcnet,44,20,attention_blocks.0,0.7767887498162365,0.428133927243692,0.7767887498162365,0.023782082536589914,0.9067195880725699,-0.12866912717244308,-0.001261711083890268,0.0,0.0,0.0,0.0,1.1882855810441129e-15,-0.3486548225725445
atcnet,44,20,attention_blocks.4,0.7792754966284186,0.4652546972507559,0.7791810619486306,-0.015290080410568218,0.9692696086192208,-0.18964823180947774,-0.00044031486111254816,0.0,0.0,0.0,0.0,6.158268339717665e-16,-0.31402079937766264
atcnet,44,20,conv_block,0.7521289765784083,0.28551503857660043,0.7521289765784083,0.12511685587738255,0.890240750535007,-0.1444793248895416,0.006367550932942928,0.0,0.0,0.0,0.0,1.240327285323417e-15,-0.46661393800180784
atcnet,44,20,final_layer.4,0.8091051196820513,0.6098591385381575,0.804729075886389,-0.041712110899763684,0.998029125711759,-0.19354448999054985,0.00024444016517997447,0.0,0.0,0.0,0.0,1.8388068845354155e-16,-0.1992459811438938
atcnet,44,20,logits,0.7381741036401358,0.7369989457039509,0.6169246116627205,-0.11289640777765377,1.116446698842744,-0.5339639608563923,0.03444187367636887,0.0,0.0,0.0,0.0,3.469446951953614e-16,-0.0011751579361849451
atcnet,44,20,temporal_conv_nets.0,0.8059168906435965,0.5069200434036049,0.8059168906435965,0.003928070697153571,0.9149781885907399,-0.10855045622441802,-0.0005108417227253406,0.0,0.0,0.0,0.0,9.506284648352903e-16,-0.29899684723999165
atcnet,44,20,temporal_conv_nets.4,0.8875787028944616,0.5030761388099393,0.8875787028944616,-0.050465453483783104,1.0152024956183592,-0.12659441585465586,-0.0010293768692417951,0.0,0.0,0.0,0.0,6.643990912991172e-16,-0.3845025640845223
atcnet,45,0,attention_blocks.0,0.8366114298918983,0.3810219439542276,0.8366114298918983,0.3506127770221987,0.6801032140746069,0.06388669417314412,0.09262152164414708,0.0,0.0,0.0,0.0,8.743006318923108e-16,-0.4555894859376707
atcnet,45,0,attention_blocks.4,0.8895099337339063,0.46773877615441084,0.8895099337339063,0.46142858178228124,0.7136107855546637,0.07762292429140698,0.09827622388783541,0.0,0.0,0.0,0.0,6.904199434387692e-16,-0.42177115757949546
atcnet,45,0,conv_block,0.12465262408568348,0.12465262408568346,0.11874870664071757,0.11874870664071756,0.0,0.0,0.11874870664071757,0.0,0.0,0.0,0.0,0.0,-1.3877787807814457e-17
atcnet,45,0,final_layer.4,0.9439249246071479,0.5843083987431799,0.9439249246071479,0.4481649630462395,0.6294891556528163,0.2511054203474065,0.06333034860692506,0.0,0.0,0.0,0.0,1.8388068845354155e-16,-0.3596165258639681
atcnet,45,0,logits,0.9603343429359636,0.7213297088778884,0.9603343429359636,0.6222709615977284,0.3928637910926342,0.43307411787146155,0.13439643397186785,0.0,0.0,0.0,0.0,1.8214596497756474e-16,-0.23900463405807526
atcnet,45,0,temporal_conv_nets.0,0.850148577645762,0.42937697560747046,0.850148577645762,0.3902794670762053,0.5769457157010439,0.16642172124141888,0.10678114070329917,0.0,0.0,0.0,0.0,5.048045315092509e-16,-0.42077160203829156
atcnet,45,0,temporal_conv_nets.4,0.8714515531805112,0.5758387136215954,0.8714515531805112,0.5690959109251156,0.7089542028760111,-0.020958696055807476,0.18345604636030738,0.0,0.0,0.0,0.0,5.898059818321144e-16,-0.2956128395589157
atcnet,45,1,attention_blocks.0,0.8685614172023476,0.2986338917425689,0.8685614172023476,0.2580249437887884,1.0777540664308558,-0.21086628020223444,0.0016736309737259221,0.0,0.0,0.0,0.0,7.4593109467002705e-16,-0.5699275254597786
atcnet,45,1,attention_blocks.4,0.8456892038939413,0.3095049169190877,0.8456892038939413,0.30018688442439345,1.0166847984451761,-0.17617341463558067,0.00517782008434589,0.0,0.0,0.0,0.0,1.0460382560140147e-15,-0.5361842869748537
atcnet,45,1,conv_block,0.7933240694558648,0.36373983262420595,0.7933240694558648,0.3634404076733236,0.960529528091435,-0.17906304256714878,0.011857583931578326,0.0,0.0,0.0,0.0,1.7225804116449694e-15,-0.4295842368316588
atcnet,45,1,final_layer.4,0.9330244170682405,0.6150567958106089,0.9330244170682405,0.5093911341935438,1.0409837345167654,-0.1177648641795068,0.009805546730981933,0.0,0.0,0.0,0.0,1.7694179454963432e-16,-0.31796762125763156
atcnet,45,1,logits,0.8520987439601843,0.5818685019302433,0.851921342508507,0.48707173476898774,1.058954469253538,-0.24272283439259662,0.035689707647565676,0.0,0.0,0.0,0.0,2.0122792321330962e-16,-0.27023024202994095
atcnet,45,1,temporal_conv_nets.0,0.8847398032569783,0.28935843951813295,0.8847398032569783,0.26874716198292675,0.9987351873501391,-0.11551506310651974,0.0015196790133589237,0.0,0.0,0.0,0.0,9.853229343548264e-16,-0.5953813637388454
atcnet,45,1,temporal_conv_nets.4,0.8984898967061334,0.3563240568707038,0.8984898967061334,0.3420184028799484,1.0515362372164196,-0.1569654929769257,0.003919152466639407,0.0,0.0,0.0,0.0,7.892991815694472e-16,-0.5421658398354297
atcnet,45,2,attention_blocks.0,0.8821713006018455,0.40687207833053296,0.8821713006018455,0.35727869769686904,1.082288006075201,-0.20133481248424887,0.001218107010893097,0.0,0.0,0.0,0.0,8.612902058224847e-16,-0.4752992222713125
atcnet,45,2,attention_blocks.4,0.8839900674625419,0.4040573659396353,0.8839900674625419,0.40172971031373184,1.0650550528460332,-0.18698203731210739,0.005917051928615944,0.0,0.0,0.0,0.0,5.516420653606247e-16,-0.4799327015229066
atcnet,45,2,conv_block,0.8106560026622422,0.4133880115088259,0.8106560026622422,0.41329703962469794,0.986591517523465,-0.18823520109803543,0.012299686236812546,0.0,0.0,0.0,0.0,1.4328815911568427e-15,-0.3972679911534163
atcnet,45,2,final_layer.4,0.931103816024837,0.6903493172010972,0.931103816024837,0.5809061436678733,0.9723086469598482,-0.053216545008305145,0.01201171407329399,0.0,0.0,0.0,0.0,1.6479873021779667e-16,-0.2407544988237399
atcnet,45,2,logits,0.9271166532039081,0.7005036954938514,0.9271166532039081,0.6492522494405327,1.195152116002153,-0.2965918901816113,0.028556427383366348,0.0,0.0,0.0,0.0,1.942890293094024e-16,-0.22661295771005674
atcnet,45,2,temporal_conv_nets.0,0.8969975427313225,0.4112207718793771,0.8969975427313225,0.39027417224817407,1.028653245880422,-0.13405176570048236,0.0023960625513825464,0.0,0.0,0.0,0.0,7.164407955784213e-16,-0.48577677085194537
atcnet,45,2,temporal_conv_nets.4,0.9022275076748717,0.43216961806329107,0.9022275076748717,0.4213526389498038,1.0361422944529521,-0.13969286807843295,0.005778081300352408,0.0,0.0,0.0,0.0,8.690964614643804e-16,-0.4700578896115806
atcnet,45,5,attention_blocks.0,0.8650580278976164,0.3877343092015137,0.8650580278976164,0.3416693347787187,1.0521105618112725,-0.18943652997992697,0.0023839960662709386,0.0,0.0,0.0,0.0,1.0286910212542466e-15,-0.47732371869610274
atcnet,45,5,attention_blocks.4,0.8765554618019553,0.4543129954160926,0.8765554618019553,0.4515821369073248,1.0788306064005295,-0.21420006125676075,0.011924916658186435,0.0,0.0,0.0,0.0,4.735795089416683e-16,-0.4222424663858627
atcnet,45,5,conv_block,0.7902374791856073,0.39694857862736116,0.7902374791856073,0.3965946279765055,0.9664089508999476,-0.18893862758021882,0.012767155865878356,0.0,0.0,0.0,0.0,7.945033519973776e-16,-0.3932889005582461
atcnet,45,5,final_layer.4,0.8978224769394458,0.5855926734927163,0.8976111615574689,0.4512246171716582,1.134320647851253,-0.2765653730945642,0.039855886800779936,0.0,0.0,0.0,0.0,2.0036056147532122e-16,-0.31222980344672957
atcnet,45,5,logits,0.9656755442250092,0.6273537637269168,0.9656755442250092,0.4953471592289393,1.177878470567135,-0.22659218855213348,0.01438926221000774,0.0,0.0,0.0,0.0,2.1337098754514727e-16,-0.3383217804980925
atcnet,45,5,temporal_conv_nets.0,0.8852547047090719,0.3970646955703395,0.8852547047090719,0.32033903330479463,1.003630864306449,-0.11916248517656762,0.0007863255791903089,0.0,0.0,0.0,0.0,7.355227538141662e-16,-0.48819000913873234
atcnet,45,5,temporal_conv_nets.4,0.8722572457418094,0.4371234985760917,0.8722572457418094,0.4217119694557262,1.0191994005917044,-0.1634280367521694,0.01648588190227452,0.0,0.0,0.0,0.0,8.378714388967978e-16,-0.43513374716571773
atcnet,45,10,attention_blocks.0,0.8586178647366376,0.3173518417076959,0.8586178647366376,0.1858000505047694,1.0827760976365726,-0.22828906187245296,0.004130828972517774,0.0,0.0,0.0,0.0,9.367506770274758e-16,-0.5412660230289417
atcnet,45,10,attention_blocks.4,0.8749430494274735,0.3568362488166055,0.8749430494274735,0.32663822235912304,1.1025146249865514,-0.2425065657909603,0.014934990231882482,0.0,0.0,0.0,0.0,1.07032438467769e-15,-0.518106800610868
atcnet,45,10,conv_block,0.7584912480472212,0.33875341559047667,0.7584912480472212,0.3362183223436407,0.932934401634078,-0.18624099660727741,0.0117978430204207,0.0,0.0,0.0,0.0,9.124645483638005e-16,-0.41973783245674456
atcnet,45,10,final_layer.4,0.9108213098133586,0.5111586198180943,0.9009066809993008,0.34978318562167776,1.2021510948150973,-0.32130773734662726,0.020063323530830665,0.0,0.0,0.0,0.0,3.382710778154774e-16,-0.39966268999526433
atcnet,45,10,logits,0.94152557430128,0.534345955452051,0.9354698175253203,0.2728980354212513,1.2016580406951258,-0.2886780782361568,0.022489855066351296,0.0,0.0,0.0,0.0,2.1250362580715887e-16,-0.40717961884922904
atcnet,45,10,temporal_conv_nets.0,0.8785489010024824,0.3448711204872661,0.8785489010024824,0.2174638413881349,1.0384571731843586,-0.16675010229290255,0.006841830111026448,0.0,0.0,0.0,0.0,1.2038980923279041e-15,-0.5336777805152163
atcnet,45,10,temporal_conv_nets.4,0.8745509064643298,0.37631401520565555,0.8745509064643298,0.3430599784445379,1.0976185221205061,-0.23968261019764042,0.016614994541464166,0.0,0.0,0.0,0.0,6.83481049534862e-16,-0.4982368912586742
atcnet,45,20,attention_blocks.0,0.8170850524809068,0.37632614019402566,0.8170850524809068,0.09769369623944842,1.035299679246416,-0.22226903124053832,0.004054404475029115,0.0,0.0,0.0,0.0,9.26342336171615e-16,-0.44075891228688113
atcnet,45,20,attention_blocks.4,0.8284895636743559,0.3387229549222998,0.8277993134471371,0.15500458821811994,1.1785570855915277,-0.37907571228816495,0.02831794014377426,0.0,0.0,0.0,0.0,9.17668718791731e-16,-0.4897666087520561
atcnet,45,20,conv_block,0.7221703767799228,0.2553143940805127,0.7221703767799228,0.21613591916377684,0.894049701434991,-0.18273847729268414,0.010859152637615863,0.0,0.0,0.0,0.0,8.968520370800093e-16,-0.4668559826994101
atcnet,45,20,final_layer.4,0.8973289960421126,0.5083927921872561,0.8657388427456765,0.21351205536809897,1.3822770288138477,-0.5573432753180741,0.04080508924990291,0.0,0.0,0.0,0.0,3.651592916931179e-16,-0.3889362038548565
atcnet,45,20,logits,0.8621742263879102,0.604474210444057,0.8355811496280475,-0.11202352793398243,1.0831849870377812,-0.25265345520362814,0.005049617793894764,0.0,0.0,0.0,0.0,2.8427780962569926e-16,-0.25770001594385317
atcnet,45,20,temporal_conv_nets.0,0.7485126246927569,0.4770765628096718,0.7476060367766653,0.011461677812997605,0.8773000867670434,-0.12896963059130526,-0.00072441939907295,0.0,0.0,0.0,0.0,5.759281940243e-16,-0.2714360618830851
atcnet,45,20,temporal_conv_nets.4,0.856994143235448,0.37936298896919657,0.851856364836149,0.10926293703803615,1.217699296279426,-0.39515988517514605,0.029316953731869162,0.0,0.0,0.0,0.0,8.360282952035725e-16,-0.4776311542662514
atcnet,46,0,attention_blocks.0,0.8392190464106943,0.44591231624755256,0.8392190464106943,0.4279809949746448,0.7868139381487284,-0.06706609670606738,0.11947120496803314,0.0,0.0,0.0,0.0,6.192962809237201e-16,-0.39330673016314177
atcnet,46,0,attention_blocks.4,0.870098647016284,0.48054262876249487,0.870098647016284,0.46487311463529024,0.6557311577153124,0.10439973135712557,0.1099677579438459,0.0,0.0,0.0,0.0,7.546047120499111e-16,-0.38955601825378916
atcnet,46,0,conv_block,0.11362953235457308,0.11362953235457308,0.10513756180817814,0.10513756180817814,0.0,0.0,0.10513756180817814,0.0,0.0,0.0,0.0,0.0,0.0
atcnet,46,0,final_layer.4,0.7793220826022655,0.6049021164572359,0.773860148794503,0.461082543496799,0.3705330060489385,0.22195772230236127,0.18136942044320317,0.0,0.0,0.0,0.0,1.7000290064572707e-16,-0.17441996614502964
atcnet,46,0,logits,0.9340627085381515,0.4584327179957668,0.9340627085381515,0.19304379729495452,0.7280955551997167,0.1915871519739632,0.014380001364471555,0.0,0.0,0.0,0.0,1.960237527853792e-16,-0.47562999054238475
atcnet,46,0,temporal_conv_nets.0,0.7341757694739494,0.44091735743348776,0.7341757694739494,0.4278363554103596,0.8342064556992863,-0.2889331234183725,0.18890243719303546,0.0,0.0,0.0,0.0,8.014422459012849e-16,-0.2932584120404616
atcnet,46,0,temporal_conv_nets.4,0.868553819271286,0.5236227200601454,0.868553819271286,0.5088062288580159,0.6827134214495622,0.05677865238972083,0.12906174543200302,0.0,0.0,0.0,0.0,7.511352650979575e-16,-0.3449310992111406
atcnet,46,1,attention_blocks.0,0.8999117442482183,0.27429924965705804,0.8999117442482183,0.22709556276049234,1.0710605730144613,-0.17412819897473547,0.0029793702084927325,0.0,0.0,0.0,0.0,9.315465065995454e-16,-0.6256124945911603
atcnet,46,1,attention_blocks.4,0.8377727837884427,0.3123310502353751,0.8377727837884427,0.29040854471140426,1.0209844681098197,-0.1893866463325413,0.006174962011164367,0.0,0.0,0.0,0.0,1.0668549377257364e-15,-0.5254417335530676
atcnet,46,1,conv_block,0.7531156542373565,0.2995144454731929,0.7531156542373565,0.2991836654800622,0.895309491176695,-0.15519038243432062,0.012996545494981847,0.0,0.0,0.0,0.0,9.610368056911511e-16,-0.4536012087641636
atcnet,46,1,final_layer.4,0.9085054757096692,0.5836690185932398,0.9080367108561125,0.3952067765187047,1.0966123357986723,-0.19295383329282248,0.00437820835026256,0.0,0.0,0.0,0.0,2.5326962749261384e-16,-0.3248364571164294
atcnet,46,1,logits,0.9110032651766807,0.6573335158345296,0.8855348980486825,0.5894753014457883,1.272163213378538,-0.40686012946768235,0.02023181413782683,0.0,0.0,0.0,0.0,2.8622937353617317e-16,-0.25366974934215114
atcnet,46,1,temporal_conv_nets.0,0.9224026895409406,0.2753184972559987,0.9224026895409406,0.2439284095943932,1.0479125661939277,-0.1278990610916356,0.0023891844386482223,0.0,0.0,0.0,0.0,9.731798700229888e-16,-0.647084192284942
atcnet,46,1,temporal_conv_nets.4,0.879587060190818,0.31799402827919554,0.879587060190818,0.2824051693249241,1.0091162874682593,-0.1340771434497972,0.004547916172355704,0.0,0.0,0.0,0.0,1.1934897514720433e-15,-0.5615930319116225
atcnet,46,2,attention_blocks.0,0.9097642004756673,0.3267221161018045,0.9097642004756673,0.31142674891178385,1.0919346039521596,-0.18547139360759843,0.003300990131105908,0.0,0.0,0.0,0.0,6.973588373426765e-16,-0.5830420843738628
atcnet,46,2,attention_blocks.4,0.8428159496074303,0.4171344252153512,0.8428159496074303,0.40707534245146626,0.9647719309872492,-0.13114875070724896,0.009192769327429894,0.0,0.0,0.0,0.0,1.4346163146328195e-15,-0.4256815243920791
atcnet,46,2,conv_block,0.7680842340040872,0.3172562555017815,0.7680842340040872,0.31703075922286394,0.8742771685687699,-0.11506659110186518,0.008873656537182353,0.0,0.0,0.0,0.0,1.205632815803881e-15,-0.4508279785023057
atcnet,46,2,final_layer.4,0.834879791615389,0.6043630882063041,0.8330361680136512,0.4613346435576348,0.9027368501567254,-0.08632320892544258,0.016622526782368297,0.0,0.0,0.0,0.0,1.6609977282477928e-16,-0.23051670340908492
atcnet,46,2,logits,0.9376233464079125,0.6759437431665948,0.9376233464079125,0.5972835229611875,1.1295235798688374,-0.2004933211700254,0.008593087709100248,0.0,0.0,0.0,0.0,2.7929047963226594e-16,-0.26167960324131767
atcnet,46,2,temporal_conv_nets.0,0.9275304286143896,0.3266763554909104,0.9275304286143896,0.3114474770960584,1.0794910166646126,-0.15454642689223547,0.0025858388420126922,0.0,0.0,0.0,0.0,1.2524703496552547e-15,-0.6008540731234793
atcnet,46,2,temporal_conv_nets.4,0.8950335651675614,0.4024389045452254,0.8950335651675614,0.38538777438338634,0.9732206253582286,-0.08384428373821033,0.005657223547543059,0.0,0.0,0.0,0.0,6.92154666914746e-16,-0.492594660622336
atcnet,46,5,attention_blocks.0,0.8868683737622652,0.29970687351927605,0.8868683737622652,0.2616105628113223,1.012520291778584,-0.12720188120398157,0.0015499631876627876,0.0,0.0,0.0,0.0,5.429684479807406e-16,-0.5871615002429892
atcnet,46,5,attention_blocks.4,0.8816535239924049,0.25577428870272195,0.8816535239924049,0.2058922220778116,1.03615007468958,-0.15652478894113914,0.002028238243964209,0.0,0.0,0.0,0.0,8.72565908416334e-16,-0.6258792352896829
atcnet,46,5,conv_block,0.8029799495932596,0.3243017207359521,0.8029799495932596,0.32369852262199006,0.9157605467181902,-0.11809185288624924,0.005311255761318503,0.0,0.0,0.0,0.0,8.222589276130066e-16,-0.4786782288573075
atcnet,46,5,final_layer.4,0.8860560091221781,0.5165433883151808,0.8653506608863402,0.22429579867686134,0.9322393653286292,-0.06854075981967604,0.00165205537738712,0.0,0.0,0.0,0.0,1.6653345369377346e-16,-0.3695126208069973
atcnet,46,5,logits,0.9834288807035857,0.46145533631423313,0.9834288807035857,0.2822594364208028,1.0663131348163273,-0.08368952241767799,0.0008052683049364287,0.0,0.0,0.0,0.0,1.52655665885959e-16,-0.5219735443893525
atcnet,46,5,temporal_conv_nets.0,0.9135988222925324,0.3119954382976376,0.9135988222925324,0.28009252749371016,1.017248176824565,-0.10527056969023608,0.0016212151582034916,0.0,0.0,0.0,0.0,1.106753577673203e-15,-0.6016033839948949
atcnet,46,5,temporal_conv_nets.4,0.9142259517850702,0.2635363158586668,0.9142259517850702,0.15997133783589407,0.9853224376547898,-0.07145630088222595,0.0003598150125062993,0.0,0.0,0.0,0.0,6.071532165918825e-16,-0.6506896359264034
atcnet,46,10,attention_blocks.0,0.8087946837330612,0.32347206646540966,0.8087946837330612,0.25184866639492354,0.9528477183706002,-0.14947262598865935,0.005419591351120319,0.0,0.0,0.0,0.0,1.0512424264419451e-15,-0.4853226172676515
atcnet,46,10,attention_blocks.4,0.8588733140904873,0.29216399462600856,0.8588733140904873,0.1460518090832361,1.0353111032493363,-0.18034867098515536,0.003910881826306432,0.0,0.0,0.0,0.0,6.83481049534862e-16,-0.5667093194644788
atcnet,46,10,conv_block,0.7643349593370239,0.3214599566365107,0.7643349593370239,0.31899375403474806,0.9066240019385581,-0.15042854424870977,0.008139501647175642,0.0,0.0,0.0,0.0,1.2888995426507677e-15,-0.44287500270051317
atcnet,46,10,final_layer.4,0.8588662087190517,0.532514020198873,0.8501293641808172,0.18081927289836947,1.092341610714213,-0.26344391316274685,0.021231666629351092,0.0,0.0,0.0,0.0,2.0469737016526324e-16,-0.3263521885201788
atcnet,46,10,logits,0.9490800353626085,0.5511578495539462,0.9459332422510798,0.03238381963485008,1.1618021408371277,-0.21965190346446256,0.0037830048784145585,0.0,0.0,0.0,0.0,2.1163626406917047e-16,-0.39792218580866234
atcnet,46,10,temporal_conv_nets.0,0.8621432281421781,0.3785770832075534,0.8621432281421781,0.27029192680436326,0.9790520570530792,-0.12299970220557038,0.006090873294669247,0.0,0.0,0.0,0.0,8.708311849403572e-16,-0.48356614493462474
atcnet,46,10,temporal_conv_nets.4,0.8881545570419113,0.3245365602061552,0.8881545570419113,0.08372219906065442,0.9704107908657784,-0.08463320821522433,0.0023769743913570956,0.0,0.0,0.0,0.0,5.811323644522304e-16,-0.5636179968357561
atcnet,46,20,attention_blocks.0,0.7767506924328411,0.43521704572587944,0.7767506924328411,0.06642038303741357,0.9012971031424711,-0.12759228311478044,0.003045872405150467,0.0,0.0,0.0,0.0,8.933825901280557e-16,-0.3415336467069617
atcnet,46,20,attention_blocks.4,0.8640181698503288,0.3657715227853434,0.8640181698503288,0.09514900759266123,1.060592044948216,-0.2036070452093192,0.007033170111431581,0.0,0.0,0.0,0.0,8.309325449928906e-16,-0.49824664706498534
atcnet,46,20,conv_block,0.7855400046346429,0.31201127736310247,0.7855400046346429,0.3004096021472694,0.9724695859999499,-0.1952310355719244,0.00830145420661731,0.0,0.0,0.0,0.0,1.7104373473131318e-15,-0.47352872727154044
atcnet,46,20,final_layer.4,0.8802049986898308,0.7608145613710341,0.8417401240894664,-0.10975404657457787,1.408446570579951,-0.6428726809402046,0.0761662344497199,0.0,0.0,0.0,0.0,5.7462715141731735e-16,-0.11939043731879673
atcnet,46,20,logits,0.8863567135824478,0.6730877371988905,0.871320789317318,-0.1166466160080827,1.0496461827162764,-0.18501935338603318,0.006693959987074859,0.0,0.0,0.0,0.0,2.177077962350893e-16,-0.21326897638355735
atcnet,46,20,temporal_conv_nets.0,0.7716754429475368,0.5496453467623683,0.7709763395015169,0.0022316465750105378,0.8662967979224306,-0.0954796161946681,0.0001591577737543513,0.0,0.0,0.0,0.0,6.401129626354418e-16,-0.22203009618516845
atcnet,46,20,temporal_conv_nets.4,0.8737275659252464,0.48093933470361483,0.8737275659252464,-0.03763937835983138,1.021235530942523,-0.15394893997792986,0.006440974960653372,0.0,0.0,0.0,0.0,7.164407955784213e-16,-0.39278823122163153
eegconformer,41,0,fc,0.997023016534597,0.6636089129371797,0.997023016534597,0.6540440709090231,1.0158111148975335,-0.019250955885510106,0.0004628575225736735,0.0,0.0,0.0,0.0,2.688821387764051e-16,-0.3334141035974173
eegconformer,41,0,logits,0.9991099532421381,0.7888764102541076,0.9991099532421381,0.7633594755571442,1.0349180255583506,-0.036183221992196965,0.0003751496759844488,0.0,0.0,0.0,0.0,1.8214596497756474e-16,-0.21023354298803054
eegconformer,41,0,patch_embedding,0.9704076933239001,0.10372558673537895,0.9704076933239001,0.09616098079699413,0.9681596628800669,0.0021225515535616426,0.00012547889027099635,0.0,0.0,0.0,0.0,2.0573820425084932e-15,-0.8666821065885212
eegconformer,41,0,transformer.0,0.9966519339179806,0.32364092643582787,0.9966519339179806,0.32169261044740805,1.0123732238386807,-0.01581541296630972,9.412304560946452e-05,0.0,0.0,0.0,0.0,2.7495367094232392e-15,-0.6730110074821527
eegconformer,41,0,transformer.2,0.996806453696177,0.4966652340443928,0.996806453696177,0.493788362621784,1.002162953679603,-0.005610087636627852,0.0002535876532015395,0.0,0.0,0.0,0.0,1.64625257870199e-15,-0.5001412196517843
eegconformer,41,0,transformer.5,0.997259773665765,0.6058916771173766,0.997259773665765,0.6013503825529558,1.0128356446619973,-0.01594174645276967,0.0003658754565375894,0.0,0.0,0.0,0.0,2.3713669916602953e-15,-0.39136809654838844
eegconformer,41,1,fc,0.9949130814861235,0.6588391795729697,0.9949130814861235,0.6111079893963525,0.9765736965728959,0.01807239861306089,0.00026698630016635405,0.0,0.0,0.0,0.0,2.2898349882893854e-16,-0.3360739019131538
eegconformer,41,1,logits,0.9975578958472454,0.7793192500237504,0.9975578958472454,0.6611662911591064,1.0041927484026543,-0.0068131298881282465,0.00017827733271927464,0.0,0.0,0.0,0.0,1.5785983631388942e-16,-0.21823864582349506
eegconformer,41,1,patch_embedding,0.8245533483068581,0.12638764244571224,0.8245533483068581,0.1187270122190033,0.8059701478339233,0.01669226404621776,0.001890936426716548,0.0,0.0,0.0,0.0,2.1961599205866378e-15,-0.6981657058611459
eegconformer,41,1,transformer.0,0.9598500636351277,0.3303848427777038,0.9598500636351277,0.3192424404794982,1.0588025434898545,-0.09953251477799148,0.0005800349232644247,0.0,0.0,0.0,0.0,2.624636619152909e-15,-0.6294652208574238
eegconformer,41,1,transformer.2,0.9709062345262306,0.47350660878950485,0.9709062345262306,0.47256907953917804,1.0242720734149602,-0.054190306252696184,0.0008244673639654985,0.0,0.0,0.0,0.0,1.8318679906315083e-15,-0.49739962573672575
eegconformer,41,1,transformer.5,0.9793169407774295,0.5057881747734344,0.9793169407774295,0.5051092458436848,0.9926780341223448,-0.014106938633061056,0.0007458452881452608,0.0,0.0,0.0,0.0,2.114627917215728e-15,-0.47352876600399507
eegconformer,41,2,fc,0.9774878737767909,0.4981034582047691,0.9774878737767909,0.39440055683573677,0.9728388571615142,0.0038438862981587545,0.0008051303171177881,0.0,0.0,0.0,0.0,2.255140518769849e-16,-0.4793844155720218
eegconformer,41,2,logits,0.989322528777822,0.525865063708447,0.989322528777822,0.28477781548034237,0.9796315424108905,0.009365327215971301,0.00032565915096024626,0.0,0.0,0.0,0.0,1.6479873021779667e-16,-0.463457465069375
eegconformer,41,2,patch_embedding,0.8136289279814909,0.11420592831573409,0.8136289279814909,0.10473306997373956,0.8003497951003341,0.011469885152413395,0.0018092477287431285,0.0,0.0,0.0,0.0,1.7399276464047375e-15,-0.6994229996657568
eegconformer,41,2,transformer.0,0.9504257550794147,0.3401237215941485,0.9504257550794147,0.33934439583369724,1.0845473544368835,-0.13522881059126804,0.0011072112337981459,0.0,0.0,0.0,0.0,2.1562612806391712e-15,-0.6103020334852662
eegconformer,41,2,transformer.2,0.9467710811016345,0.5162582375634416,0.9467710811016345,0.515995251033208,1.0361974524709967,-0.09130432200811055,0.0018779506387483753,0.0,0.0,0.0,0.0,1.7642137750684128e-15,-0.43051284353819297
eegconformer,41,2,transformer.5,0.9636451929378963,0.47375742333387527,0.9636451929378963,0.47252063215378587,1.000613806607817,-0.03834498803996588,0.0013763743700453382,0.0,0.0,0.0,0.0,2.79810896675059e-15,-0.48988776960402103
eegconformer,41,5,fc,0.9679602381503548,0.49990402188319233,0.9679602381503548,0.4289047423801737,1.0421572095870697,-0.07513121939694131,0.000934247960226379,0.0,0.0,0.0,0.0,2.7755575615628914e-16,-0.4680562162671625
eegconformer,41,5,logits,0.987381692034416,0.5770433711245274,0.987381692034416,0.23806500394444086,1.1150811493836619,-0.12867823282494176,0.0009787754756956247,0.0,0.0,0.0,0.0,2.7929047963226594e-16,-0.41033832090988853
eegconformer,41,5,patch_embedding,0.7692803705643113,0.11477138143797873,0.7692803705643113,0.10693652582046981,0.7642663538763735,0.0026102829101274376,0.0024037337778098026,0.0,0.0,0.0,0.0,1.824929096727601e-15,-0.6545089891263326
eegconformer,41,5,transformer.0,0.9163842741831006,0.35408575203114667,0.9163842741831006,0.34553019065660945,1.109859421263529,-0.1955516918862623,0.0020765448058333415,0.0,0.0,0.0,0.0,1.7329887525008303e-15,-0.562298522151954
eegconformer,41,5,transformer.2,0.9238023488437264,0.43133866707570045,0.9238023488437264,0.41832268980894904,1.0363535527271608,-0.114385756461537,0.0018345525781018669,0.0,0.0,0.0,0.0,1.916869440954372e-15,-0.4924636817680259
eegconformer,41,5,transformer.5,0.932916490086015,0.44845042680387376,0.932916490086015,0.4414090777181763,1.0318153839869606,-0.10020612152513692,0.0013072276241908368,0.0,0.0,0.0,0.0,2.14064876935538e-15,-0.4844660632821412
eegconformer,41,10,fc,0.8154083246139324,0.6602611352245541,0.7384467338485261,0.1568787885170268,1.104883950816709,-0.3679061318574638,0.00146891488928101,0.0,0.0,0.0,0.0,4.49293380277993e-16,-0.15514718938937833
eegconformer,41,10,logits,0.8048150951563255,0.7056282968097969,0.732149542104999,0.18024302174327805,1.012714656375109,-0.28074191890235645,0.00017680463224638437,0.0,0.0,0.0,0.0,2.239961688355052e-16,-0.09918679834652866
eegconformer,41,10,patch_embedding,0.7378683089777167,0.15012828889169802,0.7378683089777167,0.14756606898039595,0.7413280473317272,-0.00696653485191485,0.0035067964979041875,0.0,0.0,0.0,0.0,2.149322386735264e-15,-0.5877400200860187
eegconformer,41,10,transformer.0,0.8128662145052786,0.45520302957676584,0.8128662145052786,0.22740063245922731,1.045153988367905,-0.23608678624283047,0.0037990123802032153,0.0,0.0,0.0,0.0,2.0469737016526324e-15,-0.3576631849285128
eegconformer,41,10,transformer.2,0.7961538304148628,0.588379725397738,0.7285043466691534,0.21983814187060507,1.0910019316644004,-0.3682396627127895,0.005742077717541895,0.0,0.0,0.0,0.0,3.0574501264091225e-15,-0.2077741050171248
eegconformer,41,10,transformer.5,0.79047805092718,0.5344154509905243,0.7454802640048304,0.2215051858224385,1.0690569601549533,-0.3288426694633319,0.0052659733132081445,0.0,0.0,0.0,0.0,2.8770388849075346e-15,-0.2560625999366557
eegconformer,41,20,fc,0.811496445342204,0.7404270065825194,0.730012502726069,0.266979190632895,1.022918977034449,-0.29816618804436856,0.005259713735988664,0.0,0.0,0.0,0.0,3.7470027081099033e-16,-0.07106943875968463
eegconformer,41,20,logits,0.8858512896176649,0.7803195213322229,0.7326297447535345,0.279882153135788,1.0165759609981602,-0.2952676008426688,0.011321384598043039,0.0,0.0,0.0,0.0,2.393918396847994e-16,-0.10553176828544197
eegconformer,41,20,patch_embedding,0.6778590602577073,0.18305850628037573,0.6778590602577073,0.18171650195382655,0.7239162989553596,-0.05067294420889598,0.004615705511243222,0.0,0.0,0.0,0.0,2.345346139520643e-15,-0.4948005539773315
eegconformer,41,20,transformer.0,0.7265894988328641,0.580470168560227,0.724849664843609,0.42010710186933287,0.994316459840426,-0.28171472523053026,0.012247930233712276,0.0,0.0,0.0,0.0,2.267270030574531e-15,-0.14611933027263702
eegconformer,41,20,transformer.2,0.7081580787633126,0.6785914536000553,0.6976369442139794,0.4054387283767561,0.9319341508814705,-0.25156760019751623,0.01727039353002456,0.0,0.0,0.0,0.0,2.833399747464993e-15,-0.029566625163257254
eegconformer,41,20,transformer.5,0.7495753241222256,0.6543277103582626,0.7375789408779047,0.40435327207991156,0.9634711640781788,-0.24228403609107488,0.01639181289080078,0.0,0.0,0.0,0.0,2.9993368899638995e-15,-0.09524761376396296
eegconformer,42,0,fc,0.9981479519135337,0.45591311174527455,0.9981479519135337,0.4318990663178133,1.0126169468242905,-0.014569973118575915,0.00010097820781912616,0.0,0.0,0.0,0.0,2.5673907444456745e-16,-0.5422348401682591
eegconformer,42,0,logits,0.9993182178273576,0.5445950446006207,0.9993182178273576,0.40384377809920147,1.0073040618948599,-0.008019674353957427,3.383028645517105e-05,0.0,0.0,0.0,0.0,1.700029006457271e-16,-0.45472317322673694
eegconformer,42,0,patch_embedding,0.9701439309743023,0.09196708328349897,0.9701439309743023,0.0814177362392405,0.9704850739995049,-0.0004065822416010099,6.543921639811078e-05,0.0,0.0,0.0,0.0,2.2187113257743363e-15,-0.8781768476908033
eegconformer,42,0,transformer.0,0.9954199815827797,0.31143819327190503,0.9954199815827797,0.3102565584175728,1.0207815445608217,-0.025499263978741818,0.00013770100069935046,0.0,0.0,0.0,0.0,1.6306400674181987e-15,-0.6839817883108746
eegconformer,42,0,transformer.2,0.9976237556410509,0.4063436719857612,0.9976237556410509,0.4032657508577558,1.0138864105287926,-0.01636826113092763,0.00010560624318576473,0.0,0.0,0.0,0.0,1.3565537582138631e-15,-0.5912800836552896
eegconformer,42,0,transformer.5,0.9982384454269766,0.39869817352755077,0.9982384454269766,0.39565469269369297,1.0064798206622316,-0.008314372743679686,7.29975084237497e-05,0.0,0.0,0.0,0.0,1.7919693506840417e-15,-0.5995402718994258
eegconformer,42,1,fc,0.9975548987379944,0.6288402751248764,0.9975548987379944,0.5869436211394048,1.016311646411756,-0.01884459356139555,8.784588763392437e-05,0.0,0.0,0.0,0.0,2.1337098754514727e-16,-0.368714623613118
eegconformer,42,1,logits,0.9842409990753499,0.682695901949347,0.9842409990753499,0.6123751480619585,1.064007074927944,-0.08028703178614079,0.000520955933546695,0.0,0.0,0.0,0.0,1.7520707107365752e-16,-0.30154509712600286
eegconformer,42,1,patch_embedding,0.8179678278538942,0.08628526962276643,0.8179678278538942,0.0603355238800256,0.8167051226786012,0.0006600743512810624,0.0006026308240118863,0.0,0.0,0.0,0.0,2.2690183065776637e-15,-0.7316825582311278
eegconformer,42,1,transformer.0,0.9422942197797901,0.3481628785048828,0.9422942197797901,0.29713316967736164,1.1130673409645926,-0.17103843108629796,0.00026530990149503035,0.0,0.0,0.0,0.0,2.4424906541753444e-15,-0.5941313412749073
eegconformer,42,1,transformer.2,0.981688116477113,0.367127874816093,0.981688116477113,0.34662881479830077,1.0495931044355022,-0.0680897200548969,0.0001847320965075249,0.0,0.0,0.0,0.0,2.6836172173361206e-15,-0.61456024166102
eegconformer,42,1,transformer.5,0.9823214600855451,0.37502845615506625,0.9823214600855451,0.3247562325080747,1.0405991404335655,-0.058349797741364215,7.211739334374927e-05,0.0,0.0,0.0,0.0,2.0088097851811426e-15,-0.6072930039304789
eegconformer,42,2,fc,0.9986512232142251,0.4172238251898974,0.9986512232142251,0.08374155846881598,1.0093023343655614,-0.010639269635711485,-1.1841515624760275e-05,0.0,0.0,0.0,0.0,2.2898349882893854e-16,-0.5814273980243276
eegconformer,42,2,logits,0.9989089332983667,0.5653934582804383,0.9989089332983667,0.04211785803715079,1.0401090884021185,-0.04116001473723573,-4.0140366515986755e-05,0.0,0.0,0.0,0.0,1.4571677198205177e-16,-0.4335154750179284
eegconformer,42,2,patch_embedding,0.815025260899609,0.08054531162789119,0.815025260899609,0.058824947144281735,0.8145023370536719,-0.00016911770103673912,0.0006920415469735472,0.0,0.0,0.0,0.0,1.932481952238163e-15,-0.7344799492717178
eegconformer,42,2,transformer.0,0.9562953695861669,0.34898675145430574,0.9562953695861669,0.32485035906710946,1.1397661233139988,-0.18387308069807626,0.0004023269702436069,0.0,0.0,0.0,0.0,1.8943180357666733e-15,-0.6073086181318612
eegconformer,42,2,transformer.2,0.9847372983952274,0.3748120529500445,0.9847372983952274,0.36424576369932016,1.0549516087813782,-0.07039828807124386,0.00018397768509305205,0.0,0.0,0.0,0.0,2.0573820425084932e-15,-0.6099252454451829
eegconformer,42,2,transformer.5,0.989535377275064,0.39633173590054005,0.989535377275064,0.3508112873793994,1.0432771334544058,-0.05379431652567911,5.2560346336846746e-05,0.0,0.0,0.0,0.0,1.56472057533108e-15,-0.593203641374524
eegconformer,42,5,fc,0.997545335940113,0.6805201673740635,0.997545335940113,0.40140849074653734,1.016783051112479,-0.019252792002738328,1.5076830372436528e-05,0.0,0.0,0.0,0.0,1.8908485888147197e-16,-0.31702516856604945
eegconformer,42,5,logits,0.9954770500884673,0.7422896314662581,0.9954770500884673,0.3016260132079014,1.0086223961712264,-0.013211059828259174,6.571374550021157e-05,0.0,0.0,0.0,0.0,1.509209424099822e-16,-0.25318741862220917
eegconformer,42,5,patch_embedding,0.7989261263127094,0.0797910440061194,0.7989261263127094,0.05093017495701571,0.8096009835490763,-0.011418199879159723,0.0007433426427926224,0.0,0.0,0.0,0.0,2.024422296464934e-15,-0.7191350823065901
eegconformer,42,5,transformer.0,0.9248499226799317,0.39087160486752237,0.9248499226799317,0.3604120516108623,1.1180657387847432,-0.19415032654167988,0.0009345104368680307,0.0,0.0,0.0,0.0,2.0174834025610267e-15,-0.5339783178124093
eegconformer,42,5,transformer.2,0.9592597128114002,0.44863307676232045,0.9592597128114002,0.40341630287246993,1.0984019273926668,-0.139926773433305,0.0007845588520376618,0.0,0.0,0.0,0.0,2.4702462297909733e-15,-0.5106266360490798
eegconformer,42,5,transformer.5,0.9624306112182317,0.49680197262881554,0.9624306112182317,0.4062322125012104,1.0618962718894214,-0.10008427106519217,0.0006186103940020496,0.0,0.0,0.0,0.0,2.048708425128609e-15,-0.46562863858941617
eegconformer,42,10,fc,0.8405393476688618,0.7870672018667985,0.8347639082260365,0.6477399293492169,1.0498482074680835,-0.23197905692004075,0.016894757677993758,0.0,0.0,0.0,0.0,2.441623292437356e-16,-0.05347214580206339
eegconformer,42,10,logits,0.8746313359814051,0.8398538292560346,0.7008880619273395,0.5859325236249853,1.1113733019017116,-0.4511798004820554,0.04069456050768342,0.0,0.0,0.0,0.0,2.437286483747414e-16,-0.0347775067253705
eegconformer,42,10,patch_embedding,0.7611105306815141,0.10094614343245019,0.7611105306815141,0.07744317504999887,0.778658272478908,-0.018849505256426133,0.0013017634590319252,0.0,0.0,0.0,0.0,1.85268467234323e-15,-0.6601643872490639
eegconformer,42,10,transformer.0,0.8457048330533741,0.6097097316251285,0.8446788072816543,0.5975077654749055,1.1984606154560546,-0.3655718337241582,0.011790025549757692,0.0,0.0,0.0,0.0,2.877906246645523e-15,-0.23599510142824554
eegconformer,42,10,transformer.2,0.8673270736794165,0.6745942031867012,0.8622468242763072,0.6469659739341008,1.127010194025942,-0.27594006534536375,0.011176695595728129,0.0,0.0,0.0,0.0,2.4906292306337008e-15,-0.19273287049271537
eegconformer,42,10,transformer.5,0.86482306252064,0.6535404134771879,0.8641806406482931,0.6127031314919025,1.0234865086605796,-0.1679515941434303,0.008645726131144036,0.0,0.0,0.0,0.0,3.1172980863303223e-15,-0.21128264904345206
eegconformer,42,20,fc,0.9056923055739187,0.8674615217287961,0.869413277560147,0.701672149683072,1.6583169473813706,-0.8649490678959204,0.07604539807469682,0.0,0.0,0.0,0.0,1.637795801756603e-15,-0.03823078384512257
eegconformer,42,20,logits,0.9373326100979995,0.8773608499202891,0.8186257558081019,0.6553142804626669,1.6256298634248252,-0.9039932458955144,0.09698913827879121,0.0,0.0,0.0,0.0,9.763240563231967e-16,-0.05997176017771044
eegconformer,42,20,patch_embedding,0.7129473711475653,0.17686274982164157,0.7129473711475653,0.16810081007158392,0.7786770482200746,-0.06982636901605553,0.004096691943546195,0.0,0.0,0.0,0.0,1.8544193958192068e-15,-0.5360846213259238
eegconformer,42,20,transformer.0,0.839976463874162,0.6111200269659577,0.8369478318670839,0.5757036508709058,1.2391179855758336,-0.4219503988290028,0.019780245120252074,0.0,0.0,0.0,0.0,2.792037434584671e-15,-0.22885643690820434
eegconformer,42,20,transformer.2,0.8583918934676043,0.6149223123724457,0.850837992502341,0.5613866680390477,1.1656182470403746,-0.32983182237572545,0.01505156783769168,0.0,0.0,0.0,0.0,2.1703288038271706e-15,-0.2434695810951586
eegconformer,42,20,transformer.5,0.8351958368761239,0.6106675906260036,0.8310822101606438,0.5548738780068408,1.0964589962711047,-0.2802717014650433,0.014894915354582053,0.0,0.0,0.0,0.0,1.7071034256327389e-15,-0.22452824625012024
eegconformer,43,0,fc,0.9972068747236593,0.44421023043028696,0.9972068747236593,0.4037016360988529,0.9980559095509399,-0.0009745387572668015,0.00012550392998632206,0.0,0.0,0.0,0.0,2.5153490401663703e-16,-0.5529966442933724
eegconformer,43,0,logits,0.9969130843042885,0.6359195816218803,0.9969130843042885,0.5764956531271695,0.9927016152636413,0.003886820536972076,0.0003246485036750837,0.0,0.0,0.0,0.0,1.5612511283791261e-16,-0.36099350268240815
eegconformer,43,0,patch_embedding,0.9647532158966539,0.07618638415230496,0.9647532158966539,0.06549996828859116,0.9658202842877315,-0.0011289087624987374,6.184037142060439e-05,0.0,0.0,0.0,0.0,1.6566609195578508e-15,-0.8885668317443489
eegconformer,43,0,transformer.0,0.9935453603496496,0.30088910666138574,0.9935453603496496,0.29925838550235784,1.0124753665534991,-0.01907843347231091,0.00014842726846087695,0.0,0.0,0.0,0.0,1.8006429680639258e-15,-0.6926562536882639
eegconformer,43,0,transformer.2,0.9960665045136663,0.3668364785894905,0.9960665045136663,0.363856858038551,1.00252674324156,-0.006613271932918467,0.00015303320502371977,0.0,0.0,0.0,0.0,1.9585028043778152e-15,-0.6292300259241759
eegconformer,43,0,transformer.5,0.9981983923732802,0.4080451651457797,0.9981983923732802,0.40204399926243095,0.9992472065487065,-0.0011297958789410645,8.098170351430245e-05,0.0,0.0,0.0,0.0,2.321060010856968e-15,-0.5901532272275005
eegconformer,43,1,fc,0.9908986903076378,0.6210804032451144,0.9908986903076378,0.4777049389643089,1.0021866122951608,-0.01154717996530887,0.0002592579777858946,0.0,0.0,0.0,0.0,2.1510571102112408e-16,-0.3698182870625234
eegconformer,43,1,logits,0.9717525701172072,0.7718951680108577,0.9717525701172072,0.3959146671163373,0.9759901636248505,-0.005119944432645072,0.0008823509250017531,0.0,0.0,0.0,0.0,1.5959455978986623e-16,-0.1998574021063495
eegconformer,43,1,patch_embedding,0.8232637126337453,0.07934009469724923,0.8232637126337453,0.052970812600327884,0.8230885116229356,-0.0004989086274900041,0.0006741096382992008,0.0,0.0,0.0,0.0,1.9984014443252818e-15,-0.7439236179364961
eegconformer,43,1,transformer.0,0.9452406597833529,0.3406742952107732,0.9452406597833529,0.335391887790386,1.0302222800302308,-0.08572971244328816,0.000748092196409584,0.0,0.0,0.0,0.0,1.6774776012695725e-15,-0.6045663645725797
eegconformer,43,1,transformer.2,0.9540966452006175,0.4179101316316537,0.9540966452006175,0.40178743903096087,1.0537060577176465,-0.10052414012542746,0.0009147276083983128,0.0,0.0,0.0,0.0,1.4849232954361469e-15,-0.5361865135689639
eegconformer,43,1,transformer.5,0.962204163899546,0.49778926870595164,0.962204163899546,0.46280831299281683,1.0315640800826669,-0.07045203515810247,0.0010921189749810967,0.0,0.0,0.0,0.0,1.5785983631388945e-15,-0.46441489519359436
eegconformer,43,2,fc,0.811977377764483,0.7317152984986116,0.798088037574818,0.5302472284486699,0.8930670499537589,-0.10384744398067956,0.008868431601738721,0.0,0.0,0.0,0.0,2.1380466841414147e-16,-0.08026207926587137
eegconformer,43,2,logits,0.8086143883564271,0.7918868473856866,0.6862121775898623,0.5214119545561964,0.8458597506877986,-0.17692940333284515,0.017281830234908837,0.0,0.0,0.0,0.0,1.5785983631388942e-16,-0.016727540970740473
eegconformer,43,2,patch_embedding,0.7908111163810054,0.0772030730109728,0.7908111163810054,0.04684246625839088,0.8005895307945277,-0.01035274782667744,0.0005743334131551445,0.0,0.0,0.0,0.0,2.003605614753212e-15,-0.7136080433700326
eegconformer,43,2,transformer.0,0.8702703423975592,0.3667029871111808,0.8702703423975592,0.36116921200105395,1.0544617880661271,-0.18657062404895308,0.0023791783803849983,0.0,0.0,0.0,0.0,1.9203388879063255e-15,-0.5035673552863784
eegconformer,43,2,transformer.2,0.8733228972133623,0.44226428964758396,0.8733228972133623,0.399802491272657,1.0590465411929677,-0.18885514728259642,0.0031315033029911095,0.0,0.0,0.0,0.0,2.3401419690927128e-15,-0.43105860756577835
eegconformer,43,2,transformer.5,0.8511333842049903,0.5147996236211242,0.8507553687794768,0.43981206181902394,1.0413075215711498,-0.194653518892117,0.004101366100444305,0.0,0.0,0.0,0.0,2.6940255581919814e-15,-0.3363337605838661
eegconformer,43,5,fc,0.9266384065503599,0.5731706188980729,0.9251831523688261,0.3329902480567239,1.0980631177447913,-0.17369701767717785,0.0008170523012127126,0.0,0.0,0.0,0.0,2.463307335887066e-16,-0.35346778765228704
eegconformer,43,5,logits,0.935494493663214,0.5919269982816353,0.8923697805255448,0.3296503429495408,1.1134235840485078,-0.2230206003984168,0.0019667968754538013,0.0,0.0,0.0,0.0,2.038300084272748e-16,-0.3435674953815787
eegconformer,43,5,patch_embedding,0.778709733253181,0.08692809259184728,0.778709733253181,0.06448344422421091,0.8022244873205436,-0.02420818949317625,0.0006934354258131989,0.0,0.0,0.0,0.0,2.321060010856968e-15,-0.6917816406613337
eegconformer,43,5,transformer.0,0.9061483494855195,0.4853645083745045,0.9061483494855195,0.4839077929562962,1.1747250812671808,-0.27145402916947114,0.0028772973878088645,0.0,0.0,0.0,0.0,2.1120258320017626e-15,-0.42078384111101497
eegconformer,43,5,transformer.2,0.9241023574603366,0.49545116377380766,0.9241023574603366,0.49032370361970135,1.1030840316508035,-0.18106250697314474,0.0020808327826772445,0.0,0.0,0.0,0.0,1.831434309762514e-15,-0.428651193686529
eegconformer,43,5,transformer.5,0.9198428230166877,0.45895510579246324,0.9189709110530253,0.43440008226276094,1.1006129415727695,-0.1829978718464062,0.00135584132666163,0.0,0.0,0.0,0.0,2.08080080943418e-15,-0.4608877172242245
eegconformer,43,10,fc,0.8085362029185978,0.5152556820326983,0.7937090745182669,0.3403445936352935,0.9998928249651866,-0.21411730124273107,0.007933550795811352,0.0,0.0,0.0,0.0,2.5066754227864863e-16,-0.2932805208858995
eegconformer,43,10,logits,0.8614836886317478,0.5689255955041789,0.8212691136016096,0.3679607116078808,1.0538240234388472,-0.24871503186564797,0.01616012202841047,0.0,0.0,0.0,0.0,2.3678975447083417e-16,-0.292558093127569
eegconformer,43,10,patch_embedding,0.7215265152320115,0.1223561892453044,0.7215265152320115,0.10945358926908942,0.7717758635963715,-0.052149882557639714,0.0019005341932794156,0.0,0.0,0.0,0.0,1.8023776915399026e-15,-0.599170325986707
eegconformer,43,10,transformer.0,0.8207423150864934,0.42075810501012006,0.8207423150864934,0.3999779034088036,1.0737001877019847,-0.25783780569846265,0.004879933082970678,0.0,0.0,0.0,0.0,1.9563344000328442e-15,-0.39998421007637336
eegconformer,43,10,transformer.2,0.8665604761156759,0.4399567698892989,0.8661140195759476,0.3533955056434651,1.0542846241785968,-0.19189063696575323,0.0037200323631037245,0.0,0.0,0.0,0.0,1.9463597400459776e-15,-0.426603706226377
eegconformer,43,10,transformer.5,0.8351450719728754,0.4169846178885761,0.8312733585512777,0.29458010666722145,1.0090182371384702,-0.18103583019213862,0.0032909516049459777,0.0,0.0,0.0,0.0,1.822327011513636e-15,-0.41816045408429925
eegconformer,43,20,fc,0.7455025431737189,0.6260024761395151,0.6884220649263585,0.4220865403646182,1.7035938178202812,-1.0453960260830544,0.030224273189131637,0.0,0.0,0.0,0.0,2.3227947343329447e-15,-0.1195000670342038
eegconformer,43,20,logits,0.7781136473467494,0.7162113426274472,0.6547522757121661,0.4507216723199318,1.5983128449309076,-0.9638972884314052,0.020336719212663747,0.0,0.0,0.0,0.0,6.583275591331983e-16,-0.06190230471930214
eegconformer,43,20,patch_embedding,0.7226354183048207,0.16000339481436912,0.7226354183048207,0.15401659310257973,0.800545278179061,-0.08072166788445367,0.002811808010212868,0.0,0.0,0.0,0.0,1.915134717478395e-15,-0.5626320234904516
eegconformer,43,20,transformer.0,0.770415934390972,0.38790315763120187,0.7642245500428066,0.2805171921195581,1.1211533745707885,-0.3662777664327257,0.00934894190474369,0.0,0.0,0.0,0.0,2.5953631604958005e-15,-0.38251277675977013
eegconformer,43,20,transformer.2,0.7921597544630157,0.4354707791229133,0.7840373320545153,0.2932861106584688,1.0854871063713791,-0.3090178845155679,0.007568110198703147,0.0,0.0,0.0,0.0,2.1671033023640263e-15,-0.35668897534010235
eegconformer,43,20,transformer.5,0.7614123025639028,0.4454022033306836,0.7589720708867091,0.33492657346382204,1.0511517664871302,-0.29942378592651503,0.007244090326093313,0.0,0.0,0.0,0.0,2.361826012542423e-15,-0.3160100992332192
eegconformer,44,0,fc,0.9987304313630796,0.3674647371205334,0.9987304313630796,0.3438778597729877,1.0015799621286867,-0.002893825493772411,4.429472816530954e-05,0.0,0.0,0.0,0.0,2.0643209364124004e-16,-0.6312656942425462
eegconformer,44,0,logits,0.9997163910761231,0.4614585028217027,0.9997163910761231,0.22153919772608818,0.9954809769188625,0.004225591711368056,9.82244589252351e-06,0.0,0.0,0.0,0.0,1.4224732503009816e-16,-0.5382578882544204
eegconformer,44,0,patch_embedding,0.9774216044445383,0.07041519843383391,0.9774216044445383,0.057298891550940284,0.9799445338719575,-0.002550129558700578,2.7200131280998476e-05,0.0,0.0,0.0,0.0,2.1892210266827306e-15,-0.9070064060107044
eegconformer,44,0,transformer.0,0.99718466659415,0.19592227274375967,0.99718466659415,0.18704676569642087,1.007693063472372,-0.010526759500839622,1.8362622617457392e-05,0.0,0.0,0.0,0.0,1.474514954580286e-15,-0.8012623938503902
eegconformer,44,0,transformer.2,0.9974220937515131,0.318001852269238,0.9974220937515131,0.315512418227443,1.0089872153291382,-0.011635761303411376,7.06397257855236e-05,0.0,0.0,0.0,0.0,1.9290125052862095e-15,-0.6794202414822752
eegconformer,44,0,transformer.5,0.9985992301690502,0.3261106344004893,0.9985992301690502,0.3202286789542372,1.0043482365605747,-0.005794298723246977,4.529233172246608e-05,0.0,0.0,0.0,0.0,2.688821387764051e-15,-0.6724885957685609
eegconformer,44,1,fc,0.9812761133334944,0.8583826109062747,0.9812761133334944,0.8558905310111221,0.9666579869546861,0.01294025225251723,0.0016778741262910195,0.0,0.0,0.0,0.0,2.0816681711721685e-16,-0.12289350242721975
eegconformer,44,1,logits,0.9665343071967938,0.9085377774255067,0.9665343071967938,0.8933049999828673,0.9289289307454491,0.0336485020299202,0.003956874421424472,0.0,0.0,0.0,0.0,1.3877787807814454e-16,-0.05799652977128711
eegconformer,44,1,patch_embedding,0.8299300722906175,0.09615077486010266,0.8299300722906175,0.08072595819896054,0.8372489925311201,-0.008016846928281954,0.0006979266877787525,0.0,0.0,0.0,0.0,1.7954387976359953e-15,-0.7337792974305148
eegconformer,44,1,transformer.0,0.9545117280782474,0.3768473804882407,0.9545117280782474,0.36968999235315253,1.063063368963354,-0.1092300511200114,0.0006784102349049348,0.0,0.0,0.0,0.0,1.6341095143701523e-15,-0.5776643475900067
eegconformer,44,1,transformer.2,0.9509569105251743,0.6665076563632171,0.9509569105251743,0.6657024402367849,1.0117035293677317,-0.06313251734089444,0.00238589849833646,0.0,0.0,0.0,0.0,1.592476150946709e-15,-0.2844492541619572
eegconformer,44,1,transformer.5,0.9699674738381965,0.7144958780666926,0.9699674738381965,0.7144429657088931,1.0116246703423135,-0.0431952901518158,0.0015380936476987175,0.0,0.0,0.0,0.0,1.9845236565174673e-15,-0.2554715957715039
eegconformer,44,2,fc,0.9829477608718892,0.8874881202711168,0.9829477608718892,0.8874881202711168,0.9971370791857784,-0.014842594437564941,0.0006532761236756902,0.0,0.0,0.0,0.0,1.9949319973733282e-16,-0.09545964060077239
eegconformer,44,2,logits,0.9815780152938457,0.7569827991464774,0.9815780152938457,0.7172503388417631,0.9436030759175472,0.0374778530941019,0.0004970862821965469,0.0,0.0,0.0,0.0,1.283695372222837e-16,-0.22459521614736833
eegconformer,44,2,patch_embedding,0.8127632748969296,0.08813681134008554,0.8127632748969296,0.06577983590136267,0.8196954495971829,-0.007550866991201406,0.00061869229094773,0.0,0.0,0.0,0.0,1.7937040741600185e-15,-0.724626463556844
eegconformer,44,2,transformer.0,0.9517878361002627,0.34093830479700005,0.9517878361002627,0.327540786363452,1.0981498648400672,-0.14676422565936567,0.00040219691956125056,0.0,0.0,0.0,0.0,2.4251434194155763e-15,-0.6108495313032627
eegconformer,44,2,transformer.2,0.9661886168214113,0.6053158004091346,0.9661886168214113,0.6049634490156925,1.0092328077514767,-0.044022918736789936,0.000978727806724456,0.0,0.0,0.0,0.0,2.0209528495129803e-15,-0.36087281641227675
eegconformer,44,2,transformer.5,0.958418145167088,0.725025520057349,0.958418145167088,0.7249878030300407,0.9950314763423804,-0.03813207210795685,0.0015187409326639042,0.0,0.0,0.0,0.0,2.3332030751888055e-15,-0.23339262510973902
eegconformer,44,5,fc,0.9174452471660246,0.5874240356119335,0.9019967437812999,0.22289499022707815,1.0584800120701536,-0.15797463708689827,0.0014913687980445658,0.0,0.0,0.0,0.0,2.8514517136368767e-16,-0.33002121155409114
eegconformer,44,5,logits,0.9294199197053055,0.7189224532539628,0.8600282254218627,0.203659487770922,1.0803170062095344,-0.2214092890005959,0.00112050821292432,0.0,0.0,0.0,0.0,2.3288662664988635e-16,-0.2104974664513427
eegconformer,44,5,patch_embedding,0.7872178179765382,0.08557266325263149,0.7872178179765382,0.0645574978333902,0.8034835070625183,-0.017063973541574066,0.000798284455593484,0.0,0.0,0.0,0.0,1.942890293094024e-15,-0.7016451547239068
eegconformer,44,5,transformer.0,0.9132673454508486,0.36634495390593325,0.9132673454508486,0.36205007057402666,1.058382547178066,-0.1463779191651086,0.0012627174378902735,0.0,0.0,0.0,0.0,1.915134717478395e-15,-0.5469223915449154
eegconformer,44,5,transformer.2,0.9090539207922972,0.39955888422573704,0.9090539207922972,0.3664175572191711,1.0344302167761963,-0.12750299315876404,0.002126697174864435,0.0,0.0,0.0,0.0,3.1502578323738817e-15,-0.5094950365665601
eegconformer,44,5,transformer.5,0.9112603653203848,0.41971964354122715,0.9112603653203848,0.24597082796780667,1.0375203396782258,-0.12808169238790865,0.0018217180300673474,0.0,0.0,0.0,0.0,2.095545958979983e-15,-0.49154072177915764
eegconformer,44,10,fc,0.9376600977695453,0.7751679326329486,0.9376600977695453,0.36130883230539595,0.9770836473061417,-0.043496032915930405,0.004072483379333984,0.0,0.0,0.0,0.0,2.1337098754514727e-16,-0.1624921651365967
eegconformer,44,10,logits,0.9473455520833356,0.7998052418992769,0.9382904737558166,0.3372660069717051,0.9009397336406005,0.0329484941025458,0.004402246012670213,0.0,0.0,0.0,0.0,1.5612511283791264e-16,-0.14754031018405867
eegconformer,44,10,patch_embedding,0.7496992914084479,0.10204645433512073,0.7496992914084479,0.09204208411470269,0.7761624163648849,-0.027976043405003342,0.0015129184485659826,0.0,0.0,0.0,0.0,2.275957200481571e-15,-0.6476528370733272
eegconformer,44,10,transformer.0,0.843158883340827,0.38023088577208963,0.843158883340827,0.3207452622401438,1.0121492029493535,-0.1722173609588491,0.003227041350322168,0.0,0.0,0.0,0.0,2.5049406993105094e-15,-0.46292799756873737
eegconformer,44,10,transformer.2,0.9164623786186512,0.4811327320259215,0.9164623786186512,0.362626596516362,1.0683679834643716,-0.15498624348786352,0.0030806386421430134,0.0,0.0,0.0,0.0,1.5907414274707321e-15,-0.4353296465927297
eegconformer,44,10,transformer.5,0.9358422854482729,0.47691034296884977,0.9358422854482729,0.3110495283963363,1.066019033175994,-0.1331744103433161,0.0029976626155939325,0.0,0.0,0.0,0.0,1.9984014443252818e-15,-0.4589319424794231
eegconformer,44,20,fc,0.8280191746386855,0.7066123683896006,0.8084785758123119,0.3930364010699282,1.0560721922146488,-0.25341152907585257,0.005817912673515552,0.0,0.0,0.0,0.0,4.701100619897147e-16,-0.12140680624908484
eegconformer,44,20,logits,0.822222572441759,0.7534657047678653,0.7502837622667311,0.3628071249633372,0.9119862505058021,-0.16799940503737854,0.006296916798307635,0.0,0.0,0.0,0.0,1.6393136847980825e-16,-0.06875686767389366
eegconformer,44,20,patch_embedding,0.728825281495718,0.16687075965135176,0.728825281495718,0.1606350350392084,0.7849945365391656,-0.05885613631926322,0.0026868812758150933,0.0,0.0,0.0,0.0,2.2620794126737565e-15,-0.5619545218443662
eegconformer,44,20,transformer.0,0.7890383210174258,0.5587332082437362,0.7890383210174258,0.41546258139929076,1.008562555319483,-0.22532836150278895,0.005804127200731059,0.0,0.0,0.0,0.0,1.805847138491856e-15,-0.2303051127736896
eegconformer,44,20,transformer.2,0.8315045523668197,0.6031253446598266,0.8315045523668197,0.4450563011226547,1.0488694052241434,-0.22262885728880166,0.005264004431477662,0.0,0.0,0.0,0.0,1.4823212102221817e-15,-0.22837920770699316
eegconformer,44,20,transformer.5,0.8300678708413871,0.565849797340976,0.8300678708413871,0.40530624684918126,1.0280940755430947,-0.201210463313464,0.003184258611756376,0.0,0.0,0.0,0.0,1.6705387073656652e-15,-0.26421807350041115
eegconformer,45,0,fc,0.9969166786737998,0.46956147592981884,0.9969166786737998,0.40677051644449846,1.002729792088186,-0.005896330060264955,8.321664587866764e-05,0.0,0.0,0.0,0.0,2.636779683484747e-16,-0.527355202743981
eegconformer,45,0,logits,0.9924785315284459,0.6619953611151339,0.9924785315284459,0.47801358209816036,1.027987154545265,-0.03606036952098434,0.000551746504165085,0.0,0.0,0.0,0.0,1.734723475976807e-16,-0.330483170413312
eegconformer,45,0,patch_embedding,0.9582424762957781,0.11668295497899206,0.9582424762957781,0.10817585639035494,0.9638835193813543,-0.005806331561766822,0.00016528847619005902,0.0,0.0,0.0,0.0,1.5525775109992423e-15,-0.841559521316786
eegconformer,45,0,transformer.0,0.993835843504199,0.449260594824782,0.993835843504199,0.4466121956680373,1.0267295491581203,-0.03320693196098626,0.00031322630706442803,0.0,0.0,0.0,0.0,1.6705387073656652e-15,-0.544575248679417
eegconformer,45,0,transformer.2,0.9966178368188968,0.39817212075312625,0.9966178368188968,0.36020061844745216,1.019780480630744,-0.02322923430032776,6.659048847971207e-05,0.0,0.0,0.0,0.0,1.7867651802561113e-15,-0.5984457160657706
eegconformer,45,0,transformer.5,0.9972514862687868,0.4275773757916604,0.9972514862687868,0.3938405201513698,1.0074663109828979,-0.01029088202031896,7.60573062076546e-05,0.0,0.0,0.0,0.0,3.0531133177191805e-15,-0.5696741104771263
eegconformer,45,1,fc,0.9732625578861197,0.7436354298576688,0.9732625578861197,0.7418137541423672,1.043753049006865,-0.07168426039051932,0.0011937692697741292,0.0,0.0,0.0,0.0,2.3765711620882257e-16,-0.22962712802845087
eegconformer,45,1,logits,0.985055442029533,0.628563628788632,0.985055442029533,0.5751348236045466,0.985432598431687,-0.0009286761160416066,0.0005515197138876443,0.0,0.0,0.0,0.0,1.7694179454963432e-16,-0.35649181324090096
eegconformer,45,1,patch_embedding,0.8098955985328136,0.09564859911709388,0.8098955985328136,0.06733138718799836,0.8138082406782176,-0.004603947585042603,0.0006913054396383023,0.0,0.0,0.0,0.0,1.420738526825005e-15,-0.7142469994157197
eegconformer,45,1,transformer.0,0.91453169035209,0.40952638464307506,0.91453169035209,0.40187036682487715,1.0433054282047003,-0.1300877923240082,0.0013140544713975786,0.0,0.0,0.0,0.0,1.2802259252708836e-15,-0.5050053057090149
eegconformer,45,1,transformer.2,0.9154729805961176,0.5053479089227396,0.9154729805961176,0.4998096248287746,1.0673529147856582,-0.154076508403126,0.002196574213584491,0.0,0.0,0.0,0.0,1.6844164951734797e-15,-0.41012507167337797
eegconformer,45,1,transformer.5,0.9440571235017315,0.5428065999477742,0.9440571235017315,0.5370795341472284,1.0128043502163107,-0.07042098153183877,0.001673754817258943,0.0,0.0,0.0,0.0,2.1458529397833104e-15,-0.4012505235539573
eegconformer,45,2,fc,0.9514485583621435,0.8009307434745464,0.9514485583621435,0.69631951465755,0.9918144937943107,-0.04241137839795645,0.0020454429657892023,0.0,0.0,0.0,0.0,2.1163626406917047e-16,-0.15051781488759708
eegconformer,45,2,logits,0.9356404373407954,0.9163909747754926,0.9344792624726024,0.7987179227306078,0.9791322961770575,-0.048225865520974937,0.003572831816519689,0.0,0.0,0.0,0.0,1.6935237934223577e-16,-0.0192494625653028
eegconformer,45,2,patch_embedding,0.7964887853462277,0.09842333805317784,0.7964887853462277,0.07186022938192557,0.8060026204835405,-0.01032304945583365,0.0008092143185202197,0.0,0.0,0.0,0.0,1.925543058334256e-15,-0.6980654472930499
eegconformer,45,2,transformer.0,0.9087274704523088,0.4001296257843437,0.9087274704523088,0.3861126967117083,1.0753986243165992,-0.16809369937363566,0.0014225455093445135,0.0,0.0,0.0,0.0,1.8214596497756474e-15,-0.5085978446679651
eegconformer,45,2,transformer.2,0.9246717471407029,0.5212346708701192,0.9246717471407029,0.49561692199577645,1.0393339931940495,-0.1165435744204656,0.0018813283671182508,0.0,0.0,0.0,0.0,2.0573820425084932e-15,-0.40343707627058367
eegconformer,45,2,transformer.5,0.9223168949602861,0.586761483165585,0.9223168949602861,0.5239636595140781,0.9991410780364878,-0.07873818742548475,0.0019140043492828574,0.0,0.0,0.0,0.0,1.7139067942650854e-15,-0.33555541179470116
eegconformer,45,5,fc,0.883840470672188,0.5866182261537506,0.8683929986755137,0.3280321686132615,1.046236790803376,-0.18231595737874887,0.004472165250886494,0.0,0.0,0.0,0.0,2.3765711620882257e-16,-0.2972222445184374
eegconformer,45,5,logits,0.948113598939366,0.7722835752131678,0.7584058145579603,0.3606278702849876,1.1384174863587193,-0.3888586157716686,0.00884694397090948,0.0,0.0,0.0,0.0,2.574980159653073e-16,-0.17583002372619816
eegconformer,45,5,patch_embedding,0.7819911292035042,0.0935420717493124,0.7819911292035042,0.06886861430197362,0.8000953841894727,-0.01899368529270101,0.0008894303067320988,0.0,0.0,0.0,0.0,1.807581861967833e-15,-0.6884490574541918
eegconformer,45,5,transformer.0,0.8858836597485384,0.3355803025054762,0.8858836597485384,0.3177121802224442,1.0836688915050052,-0.20018040354184458,0.0023951717853771975,0.0,0.0,0.0,0.0,2.5604518505417673e-15,-0.5503033572430622
eegconformer,45,5,transformer.2,0.8956169604835492,0.33471129423362134,0.8956169604835492,0.2875226514989285,1.0427320741449693,-0.15001399750156863,0.0028988838401480055,0.0,0.0,0.0,0.0,1.9654416982817224e-15,-0.5609056662499279
eegconformer,45,5,transformer.5,0.8892382350691606,0.363543429436576,0.8892382350691606,0.31225274042624973,1.0195966906697767,-0.13356995430782745,0.0032114987072109275,0.0,0.0,0.0,0.0,1.7225804116449694e-15,-0.5256948056325845
eegconformer,45,10,fc,0.8742366243338683,0.6813722041820066,0.8479480300568786,0.49464436340828377,1.0160515142607658,-0.17103840907111262,0.002934924867225522,0.0,0.0,0.0,0.0,2.40692882291782e-16,-0.19286442015186167
eegconformer,45,10,logits,0.9029219465840623,0.7490932110197426,0.8073657600317291,0.5068971032811527,1.0115498493541506,-0.2090665329117304,0.004882443589308896,0.0,0.0,0.0,0.0,2.0339632755828063e-16,-0.15382873556431975
eegconformer,45,10,patch_embedding,0.7528721195039776,0.08159162258427331,0.7528721195039776,0.053203300601120176,0.7722291554558307,-0.019771864713120806,0.000414828761267422,0.0,0.0,0.0,0.0,1.9029916531465574e-15,-0.6712804969197043
eegconformer,45,10,transformer.0,0.8658224793050835,0.4415803585561601,0.8658224793050835,0.4338338211711008,1.115636469680018,-0.2520843620197186,0.002270371644783132,0.0,0.0,0.0,0.0,1.9055937383605226e-15,-0.42424212074892337
eegconformer,45,10,transformer.2,0.8851658579363948,0.4598215111380516,0.8823250326063333,0.39107085579075496,1.0324255286743529,-0.15185116860880069,0.0017506725407807257,0.0,0.0,0.0,0.0,1.8596235662471372e-15,-0.4253443467983432
eegconformer,45,10,transformer.5,0.8762160968860946,0.44612522093026014,0.8762160968860946,0.3240241295867763,1.0023015008709744,-0.1267682487185297,0.0006828447336489777,0.0,0.0,0.0,0.0,2.2950391587173158e-15,-0.43009087595583445
eegconformer,45,20,fc,0.8037922560030998,0.7187673976692387,0.7599788554767352,0.20555918624008102,0.9283657640042896,-0.17940685037848814,0.01101994185093369,0.0,0.0,0.0,0.0,2.3353714795337766e-16,-0.08502485833386109
eegconformer,45,20,logits,0.8470052630585354,0.7732612891595775,0.637621788668997,0.17902376175199405,0.9867313157738563,-0.38435106247742606,0.035241535372566725,0.0,0.0,0.0,0.0,2.45029690981724e-16,-0.07374397389895793
eegconformer,45,20,patch_embedding,0.7120954692502587,0.11067484687419685,0.7120954692502587,0.09775444473182894,0.7525172746855592,-0.04212351507552966,0.0017017096402287227,0.0,0.0,0.0,0.0,2.203098814490545e-15,-0.6014206223760619
eegconformer,45,20,transformer.0,0.8226725484644093,0.4492592747689621,0.8226725484644093,0.4030564198334755,1.1545403318337544,-0.3374883579329228,0.005620574563577318,0.0,0.0,0.0,0.0,2.4077961846558082e-15,-0.3734132736954472
eegconformer,45,20,transformer.2,0.8017669082351986,0.4291708906980037,0.7998136646488262,0.27824235545210685,1.035601942558075,-0.23981092706283527,0.004022649153585531,0.0,0.0,0.0,0.0,2.1250362580715887e-15,-0.3725960175371949
eegconformer,45,20,transformer.5,0.7969983951537292,0.37355604838908324,0.7969983951537292,0.23416521598279016,0.9807563979344032,-0.18551337448342298,0.0017553717027486454,0.0,0.0,0.0,0.0,1.9532986339498848e-15,-0.4234423467646459
eegconformer,46,0,fc,0.9990833276600127,0.42390932514654145,0.9990833276600127,0.4049461570527638,1.0052361918207962,-0.006229574253394895,7.671009261134366e-05,0.0,0.0,0.0,0.0,2.393918396847994e-16,-0.5751740025134713
eegconformer,46,0,logits,0.9997710037863432,0.5206655662674086,0.9997710037863432,0.3094436768812808,1.0081713219327861,-0.00841905361387134,1.8735467428424355e-05,0.0,0.0,0.0,0.0,1.5785983631388945e-16,-0.47910543751893464
eegconformer,46,0,patch_embedding,0.9807359018306887,0.1119282202620407,0.9807359018306887,0.105174692982621,0.985659288699837,-0.0050367830539238,0.00011339618477502507,0.0,0.0,0.0,0.0,2.465042059363043e-15,-0.868807681568648
eegconformer,46,0,transformer.0,0.9980553575604354,0.30478507869535465,0.9980553575604354,0.301770308341024,1.0105889974147662,-0.012610266874926793,7.662702059616352e-05,0.0,0.0,0.0,0.0,2.987193825632062e-15,-0.6932702788650807
eegconformer,46,0,transformer.2,0.9990042993136361,0.4324208764651116,0.9990042993136361,0.4269357388149319,1.0099261536484339,-0.011003602868854098,8.174853405671414e-05,0.0,0.0,0.0,0.0,2.3783058855642025e-15,-0.5665834228485245
eegconformer,46,0,transformer.5,0.9991685921085951,0.4755195759672592,0.9991685921085951,0.4681658219354485,1.006254982036687,-0.007164635534731355,7.824560663898825e-05,0.0,0.0,0.0,0.0,1.6289053439422219e-15,-0.5236490161413359
eegconformer,46,1,fc,0.99879710187293,0.43448199702207413,0.99879710187293,0.3811445501401379,0.9886264078986695,0.01014841905352225,2.2274920738196234e-05,0.0,0.0,0.0,0.0,2.0122792321330962e-16,-0.5643151048508559
eegconformer,46,1,logits,0.9952679653635895,0.5304971665704975,0.9952679653635895,0.10732585912696249,1.0194520095603496,-0.02406340315987927,-0.00012064103688084537,0.0,0.0,0.0,0.0,1.717376241217039e-16,-0.464770798793092
eegconformer,46,1,patch_embedding,0.8266431429365896,0.11212810737429782,0.8266431429365896,0.10205759050836985,0.8395342894460617,-0.014268979884590735,0.0013778333751182676,0.0,0.0,0.0,0.0,2.0105445086571194e-15,-0.7145150355622918
eegconformer,46,1,transformer.0,0.9428010046381535,0.304996318258618,0.9428010046381535,0.2980336337155913,1.0512610542798129,-0.10932229894518483,0.0008622493035253737,0.0,0.0,0.0,0.0,2.3349377986647823e-15,-0.6378046863795355
eegconformer,46,1,transformer.2,0.9755210376499102,0.2728741468251112,0.9755210376499102,0.2564593927415819,1.0279583702671695,-0.052611083775651074,0.00017375115839153617,0.0,0.0,0.0,0.0,1.330532906074211e-15,-0.7026468908247989
eegconformer,46,1,transformer.5,0.9853080984662953,0.30836101272222566,0.9853080984662953,0.2744718043893306,0.9998443484878463,-0.014638100571391194,0.00010185054983940787,0.0,0.0,0.0,0.0,1.8943180357666733e-15,-0.6769470857440696
eegconformer,46,2,fc,0.9927294184541136,0.4143042306513327,0.9927294184541136,0.1681484547623866,0.9951216696359413,-0.0024926330580765724,0.00010038187624870765,0.0,0.0,0.0,0.0,2.3592239273284576e-16,-0.5784251878027808
eegconformer,46,2,logits,0.9945907940578357,0.5493309292987614,0.9945907940578357,0.09901257804068225,0.9916216383041278,0.0029134222108162483,5.573354289159247e-05,0.0,0.0,0.0,0.0,1.8214596497756474e-16,-0.4452598647590743
eegconformer,46,2,patch_embedding,0.802276850055664,0.11136591624511545,0.802276850055664,0.10035376580172019,0.81909820643721,-0.018325084657833134,0.0015037282762864691,0.0,0.0,0.0,0.0,2.2343238370581275e-15,-0.6909109338105485
eegconformer,46,2,transformer.0,0.9293467031165493,0.2519687206638745,0.9293467031165493,0.2447634625702851,1.0713443761268064,-0.1428602006326716,0.0008625276224138783,0.0,0.0,0.0,0.0,2.338407245616736e-15,-0.6773779824526749
eegconformer,46,2,transformer.2,0.9676073908406951,0.22842324581769577,0.9676073908406951,0.2103354079918091,1.0274132350656884,-0.06031436112750216,0.0005085169025081679,0.0,0.0,0.0,0.0,1.85268467234323e-15,-0.7391841450229993
eegconformer,46,2,transformer.5,0.9750258116529293,0.25494035154310585,0.9750258116529293,0.20073390622184908,1.0198283680635603,-0.04512219292785957,0.00031963651722810793,0.0,0.0,0.0,0.0,1.8544193958192068e-15,-0.7200854601098234
eegconformer,46,5,fc,0.9810262276113126,0.6102779179983068,0.9810262276113126,-0.05091847930884014,1.0945402193880078,-0.11397575552859202,0.0004617637518969906,0.0,0.0,0.0,0.0,3.2612801348363973e-16,-0.37074830961300587
eegconformer,46,5,logits,0.9609537542132239,0.7391825546033642,0.9603463282645076,-0.0767796892364682,1.1334607358621696,-0.173667282179053,0.0005528745813910361,0.0,0.0,0.0,0.0,2.001437210408241e-16,-0.2217711996098597
eegconformer,46,5,patch_embedding,0.7908820822707567,0.10072511042805606,0.7908820822707567,0.08762093170162075,0.8149293133622731,-0.02539915033429271,0.0013519192427758728,0.0,0.0,0.0,0.0,2.007075061705166e-15,-0.6901569718427006
eegconformer,46,5,transformer.0,0.8920207611086063,0.22630904270139643,0.8920207611086063,0.17006911961932433,1.1052788786402536,-0.2157788278409745,0.002520710309326612,0.0,0.0,0.0,0.0,1.798908244587949e-15,-0.6657117184072099
eegconformer,46,5,transformer.2,0.9300080067059058,0.2786510737827277,0.9300080067059058,0.10475241869953406,1.063107862753783,-0.13483972429926605,0.0017398682513879375,0.0,0.0,0.0,0.0,1.842276331487369e-15,-0.6513569329231781
eegconformer,46,5,transformer.5,0.9582228857457407,0.275015064240665,0.9582228857457407,0.07894562372335068,1.047513791343563,-0.09015180526474556,0.0008608996669222742,0.0,0.0,0.0,0.0,1.820592288037659e-15,-0.6832078215050756
eegconformer,46,10,fc,0.7399001772252372,0.557362885582981,0.6769123861988265,0.3129671475439745,1.2425390406683472,-0.5900791391416241,0.024452484672103505,0.0,0.0,0.0,0.0,4.395355607256235e-16,-0.18253729164225618
eegconformer,46,10,logits,0.7515677111733029,0.723551582797091,0.5819862818484784,0.46001405647422794,1.2419614349435497,-0.7122113008908874,0.052236147795816014,0.0,0.0,0.0,0.0,4.1401615209074594e-16,-0.028016128376211924
eegconformer,46,10,patch_embedding,0.7585319902750425,0.1223962904137432,0.7585319902750425,0.11416326372209745,0.8030912123112826,-0.04655029460089357,0.0019910725646533844,0.0,0.0,0.0,0.0,2.1267709815475655e-15,-0.6361356998612993
eegconformer,46,10,transformer.0,0.7995488741671465,0.3325981419987571,0.7981277662661188,0.12052795616649237,1.0716760614692922,-0.2795380089204656,0.0059897137172919045,0.0,0.0,0.0,0.0,2.6298407895808396e-15,-0.4669507321683894
eegconformer,46,10,transformer.2,0.7760539287576655,0.4514852052916071,0.7731128772369755,0.1165025295880158,1.0445170531026833,-0.27815664228826864,0.006752466422560473,0.0,0.0,0.0,0.0,2.5934115965853266e-15,-0.3245687234660585
eegconformer,46,10,transformer.5,0.7544022578443028,0.43188092421199953,0.7459794412278257,0.16329351383817778,1.0548329612699492,-0.3166125129285632,0.007758992886439044,0.0,0.0,0.0,0.0,2.6406828113056946e-15,-0.3225213336323033
eegconformer,46,20,fc,0.7285700708174947,0.6476380733027944,0.6430425885281525,0.4117578981683268,1.223071899579275,-0.5865704932186041,0.0065411821674812905,0.0,0.0,0.0,0.0,7.80002147940384e-16,-0.08093199751470026
eegconformer,46,20,logits,0.8304912492699896,0.7891615670944995,0.6304638959713615,0.5877198020025486,1.5464680554713648,-0.9818534874454681,0.06584932794546476,0.0,0.0,0.0,0.0,6.68519059554562e-16,-0.04132968217549016
eegconformer,46,20,patch_embedding,0.7143204909513837,0.1899695456980021,0.7143204909513837,0.1868556277231663,0.8029846270271036,-0.09426066353849483,0.005596527462774753,0.0,0.0,0.0,0.0,2.0920765120280294e-15,-0.5243509452533817
eegconformer,46,20,transformer.0,0.710728767435049,0.41335457448161594,0.7084452350739008,0.3244628667101084,0.9559597997717048,-0.2511647682869471,0.0036502035891428047,0.0,0.0,0.0,0.0,2.229119666630197e-15,-0.29737419295343304
eegconformer,46,20,transformer.2,0.7068694213947124,0.49392606218080753,0.6769033136157391,0.37727612828785845,1.0148709148391442,-0.34349040431240657,0.005522803089001301,0.0,0.0,0.0,0.0,3.106567872954505e-15,-0.2129433592139049
eegconformer,46,20,transformer.5,0.6914568887201439,0.4693015700014741,0.6587810809210882,0.37112607550094934,0.9733734940960388,-0.3194023055177282,0.004809892342777374,0.0,0.0,0.0,0.0,2.4980018054066022e-15,-0.22215531871866978
eegnet,41,0,bnorm_1,0.006374844871097589,0.006374844871097589,-0.0025858731608705164,-0.0025858731608705146,0.0,0.0,-0.0025858731608705164,0.0,0.0,0.0,0.0,0.0,0.0
eegnet,41,0,bnorm_2,0.01662563705589324,0.01662563705589324,-0.004748928877905286,-0.004748928877905286,0.0,0.0,-0.004748928877905286,0.0,0.0,0.0,0.0,0.0,0.0
eegnet,41,0,conv_separable_depth,0.014747267996453381,0.014747267996453386,-0.004410278583056727,-0.004410278583056731,0.0,0.0,-0.004410278583056727,0.0,0.0,0.0,0.0,0.0,5.204170427930421e-18
eegnet,41,0,conv_spatial,0.006374844860772113,0.006374844860772117,-0.0025858731658808557,-0.0025858731658808544,0.0,0.0,-0.0025858731658808557,0.0,0.0,0.0,0.0,0.0,4.336808689942018e-18
eegnet,41,0,conv_temporal,0.00449957139709153,0.004499571397091528,-0.003045222965737247,-0.003045222965737244,0.0,0.0,-0.003045222965737247,0.0,0.0,0.0,0.0,0.0,-1.734723475976807e-18
eegnet,41,0,logits,0.4381673113211206,0.4381673113211206,-0.0214530428827254,-0.021453042882725384,0.0,0.0,-0.0214530428827254,0.0,0.0,0.0,0.0,0.0,0.0
eegnet,41,0,pool_2,0.10157806215173038,0.10157806215173038,0.030461847920434257,0.03046184792043426,0.0,0.0,0.030461847920434257,0.0,0.0,0.0,0.0,0.0,0.0
eegnet,41,1,bnorm_1,0.03004856302582597,0.007600863894932876,0.025138488387648966,-0.005962712001341561,0.030981116704386042,-0.0001620546501647456,-0.005680573666572266,0.0,0.0,0.0,0.0,2.563921297493721e-15,-0.022447699130893093
eegnet,41,1,bnorm_2,0.49222281454177086,0.01656120627634245,0.49222281454177086,-0.00811327443129852,0.5062681707866198,-0.010444778640330806,-0.0036005776045179355,0.0,0.0,0.0,0.0,2.4303475898435067e-15,-0.4756616082654284
eegnet,41,1,conv_separable_depth,0.024483336075217466,0.015131789752985814,0.01241174208831232,-0.007725295816506693,0.020505233992652735,-0.0007742045935673132,-0.0073192873107730426,0.0,0.0,0.0,0.0,1.842276331487369e-15,-0.009351546322231652
eegnet,41,1,conv_spatial,0.007460911326646729,0.007692956275594672,-0.00447559643503838,-0.005981525187108967,0.0015250001615249266,-3.46566461325305e-05,-0.0059659399504308095,0.0,0.0,0.0,0.0,2.770353391134961e-15,0.00023204494894794262
eegnet,41,1,conv_temporal,0.006544891866914331,0.006544891866914331,-0.00590144782469512,-0.00590144782469512,0.0,0.0,-0.00590144782469512,0.0,0.0,0.0,0.0,0.0,0.0
eegnet,41,1,logits,0.8631295050807662,0.4248216571273016,0.8573488156327004,-0.004852401155756329,0.923085458440933,-0.06301367168708163,-0.0027229711211508557,0.0,0.0,0.0,0.0,1.8388068845354155e-16,-0.43830784795346467
eegnet,41,1,pool_2,0.8132374114381492,0.09354477606919064,0.8132374114381492,0.017753314507945168,0.850413193895425,-0.035290635985188515,-0.001885146472087426,0.0,0.0,0.0,0.0,7.7021722333370235e-16,-0.7196926353689586
eegnet,41,2,bnorm_1,0.02783355220467989,0.007646982891205927,0.022926148006048593,-0.006142126772752397,0.028898225745782796,-0.00010345463742237213,-0.005868623102311786,0.0,0.0,0.0,0.0,1.9723805921856297e-15,-0.020186569313473963
eegnet,41,2,bnorm_2,0.44253690102721793,0.01663287141378836,0.44253690102721793,-0.008782038203304228,0.4607213162607697,-0.014050440700842833,-0.004133974532709304,0.0,0.0,0.0,0.0,2.624636619152909e-15,-0.42590402961342955
eegnet,41,2,conv_separable_depth,0.021469948935331513,0.015000195806451972,0.007986070602190124,-0.008170046370553177,0.018870180868312696,-0.003088905801447441,-0.007795204464675082,0.0,0.0,0.0,0.0,2.2360585605341043e-15,-0.006469753128879541
eegnet,41,2,conv_spatial,0.007408427071172359,0.007747571037043037,-0.004955925253926265,-0.006098573311438353,0.0011418292889943656,-1.1345209472056661e-05,-0.006086409333448619,0.0,0.0,0.0,0.0,3.684552662974738e-15,0.0003391439658706778
eegnet,41,2,conv_temporal,0.006616264452301565,0.006616264452301565,-0.006064133384002781,-0.006064133384002783,0.0,0.0,-0.006064133384002781,0.0,0.0,0.0,0.0,0.0,0.0
eegnet,41,2,logits,0.8628767172693534,0.4247645581286171,0.8548446131584864,0.030792096766634115,0.9880606455524916,-0.13749769466147152,0.004281662267466335,0.0,0.0,0.0,0.0,1.960237527853792e-16,-0.43811215914073637
eegnet,41,2,pool_2,0.8081881290262699,0.09077359339497741,0.8081881290262699,0.027750693684375837,0.8732261532165158,-0.0639185143077139,-0.0011195098825319736,0.0,0.0,0.0,0.0,8.552186736565659e-16,-0.7174145356312925
eegnet,41,5,bnorm_1,0.030983226265592075,0.006014992717157089,0.027885759235282238,-0.0041082588204939575,0.0315340265411741,0.00024347340979266447,-0.0038917407156845063,0.0,0.0,0.0,0.0,3.0270924655795284e-15,-0.024968233548434984
eegnet,41,5,bnorm_2,0.41618375512597194,0.015970993688277417,0.41618375512597194,-0.001025998843858591,0.47891023079902195,-0.06226456101444073,-0.00046191465861089847,0.0,0.0,0.0,0.0,4.872838244018851e-15,-0.4002127614376945
eegnet,41,5,conv_separable_depth,0.07600429810809535,0.013488606280576987,0.07192479652992965,-0.002512150028650134,0.10208459240595182,-0.028456658157360374,-0.0017031377186619337,0.0,0.0,0.0,0.0,2.463307335887066e-15,-0.06251569182751836
eegnet,41,5,conv_spatial,0.006422649598040659,0.006190173281718986,-0.0015866788327005216,-0.003909985357143683,0.002313815911298086,-8.419588422122154e-06,-0.0038920751555765218,0.0,0.0,0.0,0.0,3.594347042223944e-15,-0.0002324763163216734
eegnet,41,5,conv_temporal,0.004836024031446666,0.004836024031446664,-0.00338640540265971,-0.003386405402659709,0.0,0.0,-0.00338640540265971,0.0,0.0,0.0,0.0,0.0,-1.734723475976807e-18
eegnet,41,5,logits,0.9380429900452171,0.6009334023568482,0.9380429900452171,0.41102906307913617,1.2718795011295425,-0.3646402012911896,0.030803690206864166,0.0,0.0,0.0,0.0,3.434752482434078e-16,-0.33710958768836885
eegnet,41,5,pool_2,0.7435723586391386,0.19193248956514003,0.7435723586391386,0.17941505482053044,0.9593694038181474,-0.2318094711860746,0.01601242600706568,0.0,0.0,0.0,0.0,8.569533971325427e-16,-0.5516398690739985
eegnet,41,10,bnorm_1,0.14619171998139724,0.006294818479474703,0.145986848164789,-0.003879857453808032,0.14903476425819454,0.00013365062601224556,-0.0031815667194177006,0.0,0.0,0.0,0.0,3.226585665316861e-15,-0.13989690150192255
eegnet,41,10,bnorm_2,0.5240831945065637,0.027160681624472837,0.5240831945065637,0.013552300747832719,0.6522503792324276,-0.13355053140457143,0.005383346678707567,0.0,0.0,0.0,0.0,2.001003529539247e-15,-0.4969225128820909
eegnet,41,10,conv_separable_depth,0.2691587950891438,0.021521218579381364,0.2687195397571867,0.008820735008273205,0.37092489551403107,-0.10871581863599174,0.006510462879146994,0.0,0.0,0.0,0.0,3.611694276983712e-15,-0.24763757650976245
eegnet,41,10,conv_spatial,0.007637721456409162,0.006319861375464109,0.0006423793316559741,-0.003005934008313161,0.0035845330842441186,3.8748962363565413e-05,-0.0029809027149517216,0.0,0.0,0.0,0.0,3.858025010572419e-15,-0.0013178600809450533
eegnet,41,10,conv_temporal,0.004920410760288829,0.004920410760288829,-0.00019470701223414042,-0.00019470701223414048,0.0,0.0,-0.00019470701223414042,0.0,0.0,0.0,0.0,0.0,0.0
eegnet,41,10,logits,0.9588161063645176,0.6687013878448167,0.9588161063645176,0.6144285743206657,1.3833620952982542,-0.4631723523247022,0.03862636339096561,0.0,0.0,0.0,0.0,2.3418766925686896e-16,-0.29011471851970094
eegnet,41,10,pool_2,0.7430847617215198,0.2482404345739683,0.7430847617215198,0.24318010291287004,1.0198390538265025,-0.30457333744927323,0.02781904534429064,0.0,0.0,0.0,0.0,9.853229343548264e-16,-0.49484432714755155
eegnet,41,20,bnorm_1,0.3734086763631836,0.00953430281896779,0.3734086763631836,-0.005063634865627576,0.3768675307419542,-0.00012379337790904311,-0.0033350610008614843,0.0,0.0,0.0,0.0,3.58567342484406e-15,-0.3638743735442158
eegnet,41,20,bnorm_2,0.5699524815043676,0.034309512621950415,0.5699524815043676,0.017540722300153622,0.7081018280888943,-0.14381158486870263,0.005662238284174555,0.0,0.0,0.0,0.0,3.202299536653186e-15,-0.5356429688824172
eegnet,41,20,conv_separable_depth,0.4860867442037041,0.03603217916232825,0.4860867442037041,0.02215664789254795,0.625595706651808,-0.14831881757670176,0.008809855128597577,0.0,0.0,0.0,0.0,3.256075964408467e-15,-0.45005456504137586
eegnet,41,20,conv_spatial,0.012876419769442612,0.009263491303496851,0.0027130398005355935,-0.004443193219483324,0.007135551861903861,-2.1286267758969327e-05,-0.004401225793609297,0.0,0.0,0.0,0.0,4.217112770099618e-15,-0.0036129284659457608
eegnet,41,20,conv_temporal,0.0065149591018350515,0.00651495910183505,0.0001663683081533583,0.00016636830815335834,0.0,0.0,0.0001663683081533583,0.0,0.0,0.0,0.0,0.0,-1.734723475976807e-18
eegnet,41,20,logits,0.90576155594801,0.521068984568507,0.9038425877308383,0.1178284316952043,1.218832480995652,-0.33089490476194067,0.01590501149712704,0.0,0.0,0.0,0.0,3.5805776746333784e-16,-0.38469257137950297
eegnet,41,20,pool_2,0.7367438480458637,0.2270180933027632,0.7367438480458637,0.2233826797884188,0.9945518824021042,-0.2847462761843965,0.0269382418281558,0.0,0.0,0.0,0.0,1.1293049828609014e-15,-0.5097257547431004
eegnet,42,0,bnorm_1,0.00408075603605333,0.004080756036053327,-0.0020514648377208487,-0.0020514648377208474,0.0,0.0,-0.0020514648377208487,0.0,0.0,0.0,0.0,0.0,-3.469446951953614e-18
eegnet,42,0,bnorm_2,0.011655846376622307,0.011655846376622307,-0.0004939353338094395,-0.0004939353338094413,0.0,0.0,-0.0004939353338094395,0.0,0.0,0.0,0.0,0.0,0.0
eegnet,42,0,conv_separable_depth,0.01008432456955907,0.010084324569559065,-0.0007442695987014956,-0.0007442695987014987,0.0,0.0,-0.0007442695987014956,0.0,0.0,0.0,0.0,0.0,-5.204170427930421e-18
eegnet,42,0,conv_spatial,0.004080756033137709,0.004080756033137709,-0.002051464841518891,-0.002051464841518891,0.0,0.0,-0.002051464841518891,0.0,0.0,0.0,0.0,0.0,0.0
eegnet,42,0,conv_temporal,0.0032802536074815767,0.0032802536074815767,-0.001676694268313548,-0.001676694268313548,0.0,0.0,-0.001676694268313548,0.0,0.0,0.0,0.0,0.0,0.0
eegnet,42,0,logits,0.45312684473574644,0.45312684473574644,0.07861470366976267,0.07861470366976268,0.0,0.0,0.07861470366976267,0.0,0.0,0.0,0.0,0.0,0.0
eegnet,42,0,pool_2,0.09726916655135767,0.09726916655135767,0.06447198130907562,0.06447198130907561,0.0,0.0,0.06447198130907562,0.0,0.0,0.0,0.0,0.0,0.0
eegnet,42,1,bnorm_1,0.03779904843199346,0.005013768319664075,0.03575052999985989,-0.0040384139421009956,0.039558036322207585,-5.2084212340652675e-05,-0.003755422110007,0.0,0.0,0.0,0.0,2.654126918244515e-15,-0.03278528011232938
eegnet,42,1,bnorm_2,0.38433054925202537,0.012428195851490364,0.38433054925202537,-0.004129787671994439,0.39757181761533456,-0.010950439733654426,-0.0022908286296550095,0.0,0.0,0.0,0.0,3.040970253387343e-15,-0.371902353400535
eegnet,42,1,conv_separable_depth,0.04714637055127384,0.010679665676096113,0.043791316682280194,-0.0039978582746043115,0.04791053868576549,-0.0006078900297562735,-0.003511331973729016,0.0,0.0,0.0,0.0,2.6489227478165844e-15,-0.036466704875177725
eegnet,42,1,conv_spatial,0.005707855524356583,0.005079908095362116,-0.0006321042587620561,-0.004075321028672106,0.0033698902510288517,4.2853795882655256e-05,-0.004044848305673589,0.0,0.0,0.0,0.0,3.995068165174587e-15,-0.0006279474289944669
eegnet,42,1,conv_temporal,0.003933908955171441,0.003933908955171439,-0.0035332069345361482,-0.0035332069345361482,0.0,0.0,-0.0035332069345361482,0.0,0.0,0.0,0.0,0.0,-1.734723475976807e-18
eegnet,42,1,logits,0.8069998078932531,0.42536137467785484,0.7569529399793327,0.010036805779186718,0.950832583265113,-0.19560858210517615,0.001728938819395853,0.0,0.0,0.0,0.0,2.6129272356900657e-16,-0.38163843321539825
eegnet,42,1,pool_2,0.7253848871633708,0.0794526324781531,0.7253848871633708,0.03569031235184084,0.7614077329100093,-0.03748099051895974,0.0014581447723210996,0.0,0.0,0.0,0.0,8.708311849403572e-16,-0.6459322546852178
eegnet,42,2,bnorm_1,0.03782873772368808,0.0052988909655263565,0.03570286954034022,-0.004495649898112516,0.039835888993380204,5.248312383571338e-05,-0.004185502576875639,0.0,0.0,0.0,0.0,2.312386393477084e-15,-0.03252984675816173
eegnet,42,2,bnorm_2,0.3792088111508689,0.013855378981280897,0.3791539905818494,-0.004774614601705264,0.39838911983073994,-0.01629157147198779,-0.0029435577769038263,0.0,0.0,0.0,0.0,3.759145772441741e-15,-0.365353432169588
eegnet,42,2,conv_separable_depth,0.03679629182756724,0.011646236247547072,0.03125706933701797,-0.004630402978851557,0.03768933429877198,-0.0022093329724730856,-0.004222931989280887,0.0,0.0,0.0,0.0,2.123301534595612e-15,-0.02515005558002017
eegnet,42,2,conv_spatial,0.00508313834058757,0.005389873798660501,-0.0033149301047803604,-0.004545567898058358,0.0012006194448649593,1.8091984303620585e-05,-0.004533641533948979,0.0,0.0,0.0,0.0,3.5839387013680835e-15,0.00030673545807293097
eegnet,42,2,conv_temporal,0.003758418379602075,0.003758418379602075,-0.003337623766257869,-0.003337623766257869,0.0,0.0,-0.003337623766257869,0.0,0.0,0.0,0.0,0.0,0.0
eegnet,42,2,logits,0.8309114513824277,0.42466010225635786,0.8056321930838589,0.02723364145067654,0.9581642552049886,-0.15167074768660388,-0.0008613144345258443,0.0,0.0,0.0,0.0,1.6870185803874447e-16,-0.40625134912606986
eegnet,42,2,pool_2,0.7271726089509067,0.08078917520673846,0.7271726089509067,0.04193312101502669,0.7882683032692664,-0.062291803791253625,0.0011961094728938921,0.0,0.0,0.0,0.0,1.5508427875232655e-15,-0.6463834337441683
eegnet,42,5,bnorm_1,0.04304057142104383,0.004789619715509077,0.04133092822057699,-0.0038961608537216967,0.04484282717844175,7.487438287774938e-05,-0.0035867733407424483,0.0,0.0,0.0,0.0,2.2620794126737565e-15,-0.038250951705534754
eegnet,42,5,bnorm_2,0.3718176085536033,0.015026647221924209,0.3715255290034431,-0.0019534015797675235,0.42170611596464314,-0.04832279414120309,-0.001857792819997164,0.0,0.0,0.0,0.0,3.119032809806299e-15,-0.3567909613316791
eegnet,42,5,conv_separable_depth,0.07961180891171246,0.013441076851680982,0.07440050705927788,-0.00020122217351490872,0.10807035230363833,-0.03340126715387052,-0.0002685780904898421,0.0,0.0,0.0,0.0,2.3991225672759242e-15,-0.06617073206003148
eegnet,42,5,conv_spatial,0.005143702826073158,0.005004831735540206,-0.0020077838983413978,-0.003945731441007957,0.002002634907133383,-8.235992441383887e-05,-0.003928058881060974,0.0,0.0,0.0,0.0,3.851086116668512e-15,-0.0001388710905329514
eegnet,42,5,conv_temporal,0.0035136851249332954,0.0035136851249332967,-0.0025384035896618647,-0.0025384035896618647,0.0,0.0,-0.0025384035896618647,0.0,0.0,0.0,0.0,0.0,1.3010426069826053e-18
eegnet,42,5,logits,0.8285673581582237,0.4849133647786853,0.8156637579888688,0.20767446649929458,1.0924240185360719,-0.29360034441105654,0.016840083863853557,0.0,0.0,0.0,0.0,2.931682674400804e-16,-0.3436539933795384
eegnet,42,5,pool_2,0.6943148325294833,0.1481384374956561,0.6943148325294833,0.13726568707334733,0.8525597542637628,-0.1689475163574963,0.010702594623216584,0.0,0.0,0.0,0.0,9.26342336171615e-16,-0.5461763950338272
eegnet,42,10,bnorm_1,0.11725241551514619,0.005166101063952542,0.11699065099162019,-0.003809443271488733,0.12004735098909494,9.366585569843402e-05,-0.003150365853173119,0.0,0.0,0.0,0.0,2.355754480376504e-15,-0.11208631445119364
eegnet,42,10,bnorm_2,0.41963358065871265,0.021730670410215352,0.4196116553974329,0.008600212145624838,0.5281833334673106,-0.11176037785472182,0.0031886997848447262,0.0,0.0,0.0,0.0,3.0080105073437835e-15,-0.3979029102484973
eegnet,42,10,conv_separable_depth,0.21546454940788243,0.022370552844119512,0.21333178421846472,0.013180231939028664,0.3184368780079737,-0.11313464616585892,0.00802955237634942,0.0,0.0,0.0,0.0,1.817990202823694e-15,-0.19309399656376292
eegnet,42,10,conv_spatial,0.006011836442160969,0.005500569230717889,-0.0012177680514863921,-0.003552202235835483,0.002412467354554245,-9.792186000648992e-05,-0.0035323135460341767,0.0,0.0,0.0,0.0,3.3861802251067274e-15,-0.0005112672114430802
eegnet,42,10,conv_temporal,0.0039746582648434,0.003974658264843399,-0.0016865517139457277,-0.0016865517139457262,0.0,0.0,-0.0016865517139457277,0.0,0.0,0.0,0.0,0.0,-8.673617379884035e-19
eegnet,42,10,logits,0.7238061687556816,0.47745780739439714,0.6737948593442769,0.09286419401961898,1.0067542091275679,-0.3726970801267092,0.03973773034341812,0.0,0.0,0.0,0.0,1.9092800257469733e-16,-0.24634836136128446
eegnet,42,10,pool_2,0.7034729909367522,0.21756346400102586,0.7034729909367522,0.21458545543733745,0.958988475007088,-0.2794504449512099,0.02393496088087413,0.0,0.0,0.0,0.0,6.505213034913027e-16,-0.4859095269357263
eegnet,42,20,bnorm_1,0.30569526809033754,0.005905257201913263,0.30569526809033754,-0.004470980218649519,0.30862407035339906,-0.00015538108903008084,-0.002773421174031489,0.0,0.0,0.0,0.0,3.2855662635000726e-15,-0.2997900108884243
eegnet,42,20,bnorm_2,0.47552780710489956,0.027819736819369435,0.47552780710489956,0.016128073372737358,0.6133515661681007,-0.14500214847477977,0.007178389411578956,0.0,0.0,0.0,0.0,1.925543058334256e-15,-0.4477080702855301
eegnet,42,20,conv_separable_depth,0.5031936082438869,0.04200381601558806,0.5031936082438869,0.034656881957178004,0.678517240539905,-0.1886136542026657,0.013290021906646625,0.0,0.0,0.0,0.0,3.131175874138137e-15,-0.46118979222829887
eegnet,42,20,conv_spatial,0.00896172098764684,0.006317268562948156,0.0022908705716413466,-0.004465050926139052,0.0066218567042737875,7.201990579153277e-05,-0.00440300603842397,0.0,0.0,0.0,0.0,3.4590386110977533e-15,-0.0026444524246986845
eegnet,42,20,conv_temporal,0.0067485226331937785,0.006748522633193777,0.00023777812110716942,0.00023777812110716622,0.0,0.0,0.00023777812110716942,0.0,0.0,0.0,0.0,0.0,-1.734723475976807e-18
eegnet,42,20,logits,0.8169800366584955,0.4813479419465315,0.7987896030556944,0.03938312303479917,1.134736663686755,-0.36131664629973376,0.025369585668673082,0.0,0.0,0.0,0.0,2.5196858488563123e-16,-0.335632094711964
eegnet,42,20,pool_2,0.7225913416559221,0.20415929797056834,0.7225913416559221,0.2005871245991598,1.0150255183453483,-0.3236671647603983,0.031232988070972117,0.0,0.0,0.0,0.0,9.003214840319629e-16,-0.5184320436853538
eegnet,43,0,bnorm_1,0.004312051768278533,0.004312051768278533,-0.0024873278536792893,-0.0024873278536792958,0.0,0.0,-0.0024873278536792893,0.0,0.0,0.0,0.0,0.0,0.0
eegnet,43,0,bnorm_2,0.01222972933557906,0.012229729335579063,7.790162381969997e-05,7.79016238197016e-05,0.0,0.0,7.790162381969997e-05,0.0,0.0,0.0,0.0,0.0,3.469446951953614e-18
eegnet,43,0,conv_separable_depth,0.010711897893467633,0.010711897893467635,-0.0014632064608271437,-0.0014632064608271404,0.0,0.0,-0.0014632064608271437,0.0,0.0,0.0,0.0,0.0,1.734723475976807e-18
eegnet,43,0,conv_spatial,0.004312051780549953,0.0043120517805499544,-0.0024873278444784196,-0.0024873278444784196,0.0,0.0,-0.0024873278444784196,0.0,0.0,0.0,0.0,0.0,1.734723475976807e-18
eegnet,43,0,conv_temporal,0.0031592084757965876,0.0031592084757965876,-0.0024042320553010715,-0.00240423205530107,0.0,0.0,-0.0024042320553010715,0.0,0.0,0.0,0.0,0.0,0.0
eegnet,43,0,logits,0.4142950941595184,0.4142950941595184,0.05976140198972636,0.05976140198972635,0.0,0.0,0.05976140198972636,0.0,0.0,0.0,0.0,0.0,0.0
eegnet,43,0,pool_2,0.09609863682801553,0.09609863682801552,0.06465044639781735,0.06465044639781735,0.0,0.0,0.06465044639781735,0.0,0.0,0.0,0.0,0.0,-1.3877787807814457e-17
eegnet,43,1,bnorm_1,0.054058993957689434,0.005043129273001489,0.05302858192642076,-0.0036135061396024154,0.05626934073271887,-1.4113450015208994e-06,-0.0032393474612965292,0.0,0.0,0.0,0.0,3.0548480411951573e-15,-0.049015864684687944
eegnet,43,1,bnorm_2,0.6304509850766983,0.013556210538963066,0.6304509850766983,-0.003016848967078353,0.6550925243966728,-0.023736332823500475,-0.0009052064964734608,0.0,0.0,0.0,0.0,1.855286757557195e-15,-0.6168947745377352
eegnet,43,1,conv_separable_depth,0.09229523043316873,0.012180843323420346,0.09164120297457425,-0.0034389367734598995,0.09252062767079498,0.0018314800944969417,-0.0027109047907176156,0.0,0.0,0.0,0.0,1.9290125052862095e-15,-0.08011438710974839
eegnet,43,1,conv_spatial,0.005462020737431261,0.0050286875950391954,-0.0010524832815024,-0.0035737910929387225,0.002495807753486608,1.1506860157528738e-06,-0.003549441721004796,0.0,0.0,0.0,0.0,3.896188927043909e-15,-0.0004333331423920653
eegnet,43,1,conv_temporal,0.005031256385089533,0.005031256385089531,-0.004539293232578992,-0.004539293232578992,0.0,0.0,-0.004539293232578992,0.0,0.0,0.0,0.0,0.0,-1.734723475976807e-18
eegnet,43,1,logits,0.8777057058879116,0.4140204246721773,0.8655670709027115,0.007102772721461729,0.9336541416458779,-0.06785499214012607,-0.0002320786030403867,0.0,0.0,0.0,0.0,2.1765358612646502e-16,-0.4636852812157343
eegnet,43,1,pool_2,0.8508567298244476,0.0748563350258965,0.8508567298244476,0.04084615050055594,0.8924606235636033,-0.042323019448252515,0.0007191257090967638,0.0,0.0,0.0,0.0,1.1379786002407855e-15,-0.7760003947985511
eegnet,43,2,bnorm_1,0.037574730574452396,0.004976016506060659,0.03565536417935643,-0.003381081688806392,0.03872770050269357,3.0517230465932345e-05,-0.0031028535538030278,0.0,0.0,0.0,0.0,3.318526009543632e-15,-0.03259871406839174
eegnet,43,2,bnorm_2,0.5761260140577462,0.014142798591256556,0.5761260140577462,-0.0028791008634286726,0.6089176585184354,-0.031629664581864725,-0.0011619798788268319,0.0,0.0,0.0,0.0,6.196432256189155e-15,-0.5619832154664897
eegnet,43,2,conv_separable_depth,0.05103734559058617,0.01276602985125156,0.04746325586668189,-0.0033992596588961485,0.050742080445973115,-0.00031603868775638655,-0.002962785891534792,0.0,0.0,0.0,0.0,2.3037127760972e-15,-0.03827131573933461
eegnet,43,2,conv_spatial,0.006742235757860869,0.005023011717627597,0.0009083994190087788,-0.003399337021503763,0.004245375332467117,2.035983734473336e-05,-0.003357335750803083,0.0,0.0,0.0,0.0,3.892719480091955e-15,-0.0017192240402332717
eegnet,43,2,conv_temporal,0.004625295776557292,0.004625295776557294,-0.004075599553344726,-0.004075599553344728,0.0,0.0,-0.004075599553344726,0.0,0.0,0.0,0.0,0.0,1.734723475976807e-18
eegnet,43,2,logits,0.9076807497307104,0.43043183438041854,0.8920904951459838,0.0459835599929728,1.0202586459940903,-0.12976282608367373,0.0015946752355672342,0.0,0.0,0.0,0.0,2.0643209364124004e-16,-0.4772489153502919
eegnet,43,2,pool_2,0.8231115823461763,0.0804685227318239,0.8231115823461763,0.052947821062082644,0.886290177864636,-0.06446823599399151,0.001289640475531753,0.0,0.0,0.0,0.0,7.303185833862358e-16,-0.7426430596143524
eegnet,43,5,bnorm_1,0.03735166354103768,0.005241984493651864,0.03506887085394573,-0.0032340591364660052,0.03807937695604941,4.995075046415382e-06,-0.003015501177150024,0.0,0.0,0.0,0.0,3.4503649937178693e-15,-0.03210967904738582
eegnet,43,5,bnorm_2,0.392608064530324,0.015569098440456107,0.3925646702076613,0.00033854429155037496,0.4489882741001835,-0.05626151667471191,-0.00016208721781157297,0.0,0.0,0.0,0.0,4.751407600700475e-15,-0.37703896608986787
eegnet,43,5,conv_separable_depth,0.055538927325395726,0.013566518626129146,0.04728812461156244,-0.00017265548674239836,0.062452502604698874,-0.014995597678849882,-0.00016878031428649534,0.0,0.0,0.0,0.0,2.3973878437999474e-15,-0.04197240869926658
eegnet,43,5,conv_spatial,0.007938072519231818,0.005359159036759969,0.0018610415167013158,-0.002828028654005545,0.004636742717487966,2.2589314190515524e-05,-0.0027982905149771748,0.0,0.0,0.0,0.0,3.1606661732297425e-15,-0.0025789134824718493
eegnet,43,5,conv_temporal,0.004597718256419777,0.004597718256419777,-0.003310937127076641,-0.003310937127076639,0.0,0.0,-0.003310937127076641,0.0,0.0,0.0,0.0,0.0,0.0
eegnet,43,5,logits,0.8160799494152845,0.44109779559971807,0.7552098559306285,0.156515889713957,1.0887664180350252,-0.35433563661379075,0.02077907450939419,0.0,0.0,0.0,0.0,2.979387569990166e-16,-0.37498215381556643
eegnet,43,5,pool_2,0.6940887336811088,0.12104658275838272,0.6940111152718951,0.11079846098840954,0.8359846330623977,-0.1513697075358378,0.00939618974533523,0.0,0.0,0.0,0.0,1.250735626179278e-15,-0.573042150922726
eegnet,43,10,bnorm_1,0.13882329144825212,0.00601747608805165,0.13846024211016666,-0.0029578276746575157,0.14091691176626267,0.00015836112237377811,-0.0026150307784697452,0.0,0.0,0.0,0.0,2.6593310886724453e-15,-0.13280581536020047
eegnet,43,10,bnorm_2,0.34431660250880414,0.024363637554857983,0.3441686300868658,0.011697303230354384,0.4398132648844645,-0.10074023884902501,0.005095604051426618,0.0,0.0,0.0,0.0,2.725250580759564e-15,-0.31995296495394615
eegnet,43,10,conv_separable_depth,0.20444564307074878,0.023974642551161125,0.20313118731144741,0.014145224309184252,0.2747750934580108,-0.08146117606117345,0.009817269914609931,0.0,0.0,0.0,0.0,2.364428097756388e-15,-0.18047100051958764
eegnet,43,10,conv_spatial,0.00858747413324633,0.005896147382218406,0.002065515668714831,-0.0021575098716226588,0.004238740703278631,-1.7864365245572245e-05,-0.0021553606693182183,0.0,0.0,0.0,0.0,4.291705879566621e-15,-0.002691326751027924
eegnet,43,10,conv_temporal,0.004918102111002618,0.004918102111002617,-0.0019705783353264673,-0.0019705783353264673,0.0,0.0,-0.0019705783353264673,0.0,0.0,0.0,0.0,0.0,-8.673617379884035e-19
eegnet,43,10,logits,0.6830803010238354,0.4958076580669454,0.6292245126012022,0.13948038017325984,0.9737653198885025,-0.3861318620505672,0.04159105476326703,0.0,0.0,0.0,0.0,2.7582103268031233e-16,-0.18727264295689006
eegnet,43,10,pool_2,0.6493011300308273,0.1885080332407806,0.6493011300308273,0.183893215537331,0.8945316886938693,-0.2729248884070414,0.02769432974399934,0.0,0.0,0.0,0.0,8.291978215169138e-16,-0.46079309679004676
eegnet,43,20,bnorm_1,0.37812524904446887,0.006436336552847076,0.37812524904446887,-0.0023837196046285532,0.3799627560913783,-3.0198625759142418e-05,-0.001807308421150175,0.0,0.0,0.0,0.0,3.264749581788351e-15,-0.3716889124916218
eegnet,43,20,bnorm_2,0.4345628871350813,0.033228441885479576,0.4345628871350813,0.018036102376099466,0.551537146424355,-0.12344747255656431,0.006473213267289759,0.0,0.0,0.0,0.0,2.645453300864631e-15,-0.4013344452496017
eegnet,43,20,conv_separable_depth,0.5124070000749631,0.039978378076866036,0.5124070000749631,0.032162976359448134,0.6540069224450853,-0.15255652251684,0.010956600146716846,0.0,0.0,0.0,0.0,4.083539062449404e-15,-0.47242862199809704
eegnet,43,20,conv_spatial,0.025183644402756517,0.006147928340052651,0.021216464697028984,-0.0018024474830692938,0.0230388874827419,3.474242113017459e-05,-0.0018571652068430826,0.0,0.0,0.0,0.0,3.948230631323213e-15,-0.019035716062703864
eegnet,43,20,conv_temporal,0.005934104196716964,0.005934104196716962,-3.636002544885157e-05,-3.636002544885002e-05,0.0,0.0,-3.636002544885157e-05,0.0,0.0,0.0,0.0,0.0,-1.734723475976807e-18
eegnet,43,20,logits,0.75246219531407,0.534624127855072,0.7225692461868409,0.07286950924426779,1.015245057097401,-0.3064541669740919,0.013778356063531812,0.0,0.0,0.0,0.0,3.2439329000766293e-16,-0.21783806745899803
eegnet,43,20,pool_2,0.6783217060773766,0.19025879368115214,0.6783217060773766,0.18420621587564165,0.9341140463801448,-0.2806326205436771,0.024840280240908903,0.0,0.0,0.0,0.0,7.580741590018647e-16,-0.48806291239622446
eegnet,44,0,bnorm_1,0.004664416521854453,0.004664416521854455,-0.00030008758728951855,-0.00030008758728951556,0.0,0.0,-0.00030008758728951855,0.0,0.0,0.0,0.0,0.0,1.734723475976807e-18
eegnet,44,0,bnorm_2,0.012634845562954711,0.012634845562954715,0.0015274727101325482,0.0015274727101325404,0.0,0.0,0.0015274727101325482,0.0,0.0,0.0,0.0,0.0,3.469446951953614e-18
eegnet,44,0,conv_separable_depth,0.010920154539730659,0.010920154539730663,0.0009533772823953281,0.0009533772823953266,0.0,0.0,0.0009533772823953281,0.0,0.0,0.0,0.0,0.0,3.469446951953614e-18
eegnet,44,0,conv_spatial,0.004664416537943084,0.004664416537943086,-0.00030008759157753456,-0.00030008759157753304,0.0,0.0,-0.00030008759157753456,0.0,0.0,0.0,0.0,0.0,1.734723475976807e-18
eegnet,44,0,conv_temporal,0.0031756244924605595,0.0031756244924605595,0.0002653007425066147,0.0002653007425066166,0.0,0.0,0.0002653007425066147,0.0,0.0,0.0,0.0,0.0,0.0
eegnet,44,0,logits,0.44338436171750667,0.44338436171750667,0.06144316891396296,0.06144316891396296,0.0,0.0,0.06144316891396296,0.0,0.0,0.0,0.0,0.0,0.0
eegnet,44,0,pool_2,0.1085241927012833,0.1085241927012833,0.07906024538289996,0.07906024538289996,0.0,0.0,0.07906024538289996,0.0,0.0,0.0,0.0,0.0,0.0
eegnet,44,1,bnorm_1,0.02823350731869813,0.0038395007718164983,0.026970432368472522,-0.0009781433931340972,0.02792300067568369,-3.4244963544103615e-05,-0.0009183233436670258,0.0,0.0,0.0,0.0,2.607289384393141e-15,-0.02439400654688163
eegnet,44,1,bnorm_2,0.5283159746044838,0.012461421812070288,0.5283159746044838,-0.0013292182771010178,0.5519176152143388,-0.02278078522102607,-0.0008208553888307028,0.0,0.0,0.0,0.0,6.881648029199994e-15,-0.5158545527924134
eegnet,44,1,conv_separable_depth,0.026023557416573483,0.009949378130118787,0.02144319543100795,-0.0010044012101717613,0.02590533630309619,-0.00362712882177105,-0.0008350120503171916,0.0,0.0,0.0,0.0,2.2985086056692694e-15,-0.016074179286454694
eegnet,44,1,conv_spatial,0.007011495685201289,0.0038759363069119264,0.004015950520019355,-0.0009602393507585214,0.004958692643592405,4.897922997934877e-06,-0.0009476400465709556,0.0,0.0,0.0,0.0,4.137315490204685e-15,-0.003135559378289363
eegnet,44,1,conv_temporal,0.0030720399088248877,0.0030720399088248877,-0.0005855449404118014,-0.0005855449404118015,0.0,0.0,-0.0005855449404118014,0.0,0.0,0.0,0.0,0.0,0.0
eegnet,44,1,logits,0.7986990858889139,0.43944951533817045,0.763692338036262,0.07868487897385748,0.8931825288223755,-0.13207944419393525,0.0025892534078217314,0.0,0.0,0.0,0.0,2.1163626406917047e-16,-0.35924957055074347
eegnet,44,1,pool_2,0.7291598299623872,0.08932711389724933,0.7291598299623872,0.05543481149491986,0.7759915771019368,-0.04779016723307528,0.0009584200935255515,0.0,0.0,0.0,0.0,1.5577816814271728e-15,-0.6398327160651378
eegnet,44,2,bnorm_1,0.03420378207806357,0.004024675593723701,0.032637916499811855,-0.0011558857473385094,0.03371383752584026,3.193543924330179e-05,-0.001107856465271673,0.0,0.0,0.0,0.0,2.6315755130568164e-15,-0.03017910648433987
eegnet,44,2,bnorm_2,0.5354691180596948,0.012621669366000435,0.5354691180596948,-0.0017991134462689126,0.5640947537980294,-0.027354762961242167,-0.0012708727770948578,0.0,0.0,0.0,0.0,7.77503061932805e-15,-0.5228474486936944
eegnet,44,2,conv_separable_depth,0.04999200761455324,0.01031700817956999,0.04562553970097289,-0.0012663647228700302,0.05451927882247026,-0.007783871906679867,-0.0011098672148174948,0.0,0.0,0.0,0.0,2.1545265571631944e-15,-0.039674999434983246
eegnet,44,2,conv_spatial,0.00535383134943909,0.004042222378309733,0.0014063959222924223,-0.0011751381253291987,0.002560756878730873,1.6330180401761415e-05,-0.001170691136840224,0.0,0.0,0.0,0.0,4.232725281383409e-15,-0.0013116089711293572
eegnet,44,2,conv_temporal,0.003047668763641628,0.003047668763641628,-0.0008993805894355995,-0.0008993805894356011,0.0,0.0,-0.0008993805894355995,0.0,0.0,0.0,0.0,0.0,0.0
eegnet,44,2,logits,0.7990772866057458,0.43536764444448167,0.7926549606808292,0.11621899389354762,0.9191862556067197,-0.13342052901798376,0.006889234092093191,0.0,0.0,0.0,0.0,1.95590071916385e-16,-0.36370964216126417
eegnet,44,2,pool_2,0.7401868527402583,0.0947109386097145,0.7401868527402583,0.06131460184773377,0.8026598754572449,-0.06353517896859777,0.0010621562516110847,0.0,0.0,0.0,0.0,1.5334955527634977e-15,-0.6454759141305438
eegnet,44,5,bnorm_1,0.04962687725536455,0.0046353256191966966,0.04782129962153681,-0.0003720243674715683,0.04820217911194586,1.5625763558248063e-05,-0.00039650525396726715,0.0,0.0,0.0,0.0,2.437286483747414e-15,-0.04499155163616785
eegnet,44,5,bnorm_2,0.47128517054841246,0.014336986454119332,0.4710799467688975,0.0009154196695956641,0.5168698904860383,-0.045068711778930966,-0.0007212319382102155,0.0,0.0,0.0,0.0,3.94996535479919e-15,-0.4569481840942931
eegnet,44,5,conv_separable_depth,0.09364793215078486,0.012716093265299218,0.0844938730027863,0.0014589764785687346,0.10433879037484488,-0.02084208814387749,0.0009971707718188971,0.0,0.0,0.0,0.0,2.0018708912772354e-15,-0.08093183888548564
eegnet,44,5,conv_spatial,0.007394132090808822,0.004776355548609023,0.003350782788433369,-0.000506236917684391,0.003920879268808795,-6.416365036702493e-05,-0.0005059328300084146,0.0,0.0,0.0,0.0,3.3566899260151217e-15,-0.0026177765421997986
eegnet,44,5,conv_temporal,0.003330039854888567,0.0033300398548885687,0.0008613628320800737,0.0008613628320800737,0.0,0.0,0.0008613628320800737,0.0,0.0,0.0,0.0,0.0,1.734723475976807e-18
eegnet,44,5,logits,0.8393602279752899,0.47625602405511563,0.8298873373254534,0.3331497238725988,1.1070442265627713,-0.2877727828862444,0.01061589364892645,0.0,0.0,0.0,0.0,2.370336999596434e-16,-0.36310420392017423
eegnet,44,5,pool_2,0.6733097186460558,0.1343336174085125,0.67330893103729,0.11505731090813148,0.7854770422408719,-0.11675833302462545,0.0045902218210435684,0.0,0.0,0.0,0.0,1.6150275561344074e-15,-0.5389761012375434
eegnet,44,10,bnorm_1,0.1457220829990136,0.005819286599579823,0.14539712265183977,-0.0003617641783820881,0.14576356956219433,0.0001650442375720835,-0.0005314911479265978,0.0,0.0,0.0,0.0,2.3505503099485736e-15,-0.13990279639943376
eegnet,44,10,bnorm_2,0.5155329756410781,0.022725651301707093,0.5151865081396666,0.009619530088991815,0.5731754099820072,-0.059556734572934006,0.0015678327305935296,0.0,0.0,0.0,0.0,2.4251434194155763e-15,-0.492807324339371
eegnet,44,10,conv_separable_depth,0.23909616946019877,0.02437573450366235,0.23441859479625698,0.014831714102324565,0.3054583405771431,-0.08043835713207137,0.009398611351185327,0.0,0.0,0.0,0.0,1.925543058334256e-15,-0.21472043495653642
eegnet,44,10,conv_spatial,0.011999562657653765,0.00584488700821365,0.007793783564558029,-0.0005834185897306485,0.008449743734438905,-5.9932764035577435e-05,-0.0005960274058452877,0.0,0.0,0.0,0.0,2.5656560209696977e-15,-0.006154675649440115
eegnet,44,10,conv_temporal,0.005131684334683334,0.005131684334683333,0.002585391736400486,0.0025853917364004873,0.0,0.0,0.002585391736400486,0.0,0.0,0.0,0.0,0.0,-8.673617379884035e-19
eegnet,44,10,logits,0.8871573054259949,0.5087584084532719,0.8799109125027542,0.09860225174756676,1.0918160303374893,-0.2134528845259247,0.0015477666911897425,0.0,0.0,0.0,0.0,2.8102520310824275e-16,-0.378398896972723
eegnet,44,10,pool_2,0.6859834556177663,0.15400355106308986,0.6859834556177663,0.14013105863212616,0.8283564200373099,-0.15165530440145422,0.009282339981910654,0.0,0.0,0.0,0.0,1.1431827706687159e-15,-0.5319799045546765
eegnet,44,20,bnorm_1,0.4100770149219318,0.008263281947058606,0.4100770149219318,-0.000758763774316438,0.41112830364333125,-2.0183610753897028e-05,-0.0010311051106455965,0.0,0.0,0.0,0.0,4.8155923693116165e-15,-0.4018137329748732
eegnet,44,20,bnorm_2,0.5720465124878684,0.03671137046415008,0.5720344292237004,0.023104700553705712,0.6862308051581346,-0.11994880354052896,0.005752427606094181,0.0,0.0,0.0,0.0,2.9889285491080386e-15,-0.5353351420237183
eegnet,44,20,conv_separable_depth,0.571823182625087,0.04555542889910816,0.5717973350203541,0.03899649655206796,0.7338376628524748,-0.17396223179715084,0.011921903965031597,0.0,0.0,0.0,0.0,2.9438257387326416e-15,-0.5262677537259789
eegnet,44,20,conv_spatial,0.012737992852734843,0.007893625634241192,0.0065846221079955795,-0.0010107146351343165,0.007666861124142144,-2.1562092958644005e-05,-0.0010606769231879256,0.0,0.0,0.0,0.0,3.0270924655795284e-15,-0.004844367218493651
eegnet,44,20,conv_temporal,0.006744470284394161,0.006744470284394161,0.003918439429303742,0.003918439429303742,0.0,0.0,0.003918439429303742,0.0,0.0,0.0,0.0,0.0,0.0
eegnet,44,20,logits,0.8939868178949993,0.6455423189043944,0.8675516644335939,-0.00011841697248041573,1.2213013275360678,-0.35486602046628896,0.0011163573638150656,0.0,0.0,0.0,0.0,3.426078865054194e-16,-0.24844449899060495
eegnet,44,20,pool_2,0.6978311847075159,0.17105050858272486,0.6978311847075159,0.1591200609712167,0.9145553662024463,-0.23363416121316122,0.01690997971823079,0.0,0.0,0.0,0.0,1.2663481374630692e-15,-0.5267806761247911
eegnet,45,0,bnorm_1,0.0042524079598538515,0.004252407959853853,-0.00092927057933205,-0.00092927057933205,0.0,0.0,-0.00092927057933205,0.0,0.0,0.0,0.0,0.0,1.734723475976807e-18
eegnet,45,0,bnorm_2,0.014005784404630793,0.014005784404630791,-0.0017466179552794742,-0.0017466179552794682,0.0,0.0,-0.0017466179552794742,0.0,0.0,0.0,0.0,0.0,-1.734723475976807e-18
eegnet,45,0,conv_separable_depth,0.012020676572736463,0.012020676572736465,-0.0007440907104645062,-0.000744090710464511,0.0,0.0,-0.0007440907104645062,0.0,0.0,0.0,0.0,0.0,1.734723475976807e-18
eegnet,45,0,conv_spatial,0.004252407957557061,0.004252407957557061,-0.0009292705963818188,-0.0009292705963818172,0.0,0.0,-0.0009292705963818188,0.0,0.0,0.0,0.0,0.0,0.0
eegnet,45,0,conv_temporal,0.0033574219439601624,0.0033574219439601624,-0.0010004529811168184,-0.0010004529811168184,0.0,0.0,-0.0010004529811168184,0.0,0.0,0.0,0.0,0.0,0.0
eegnet,45,0,logits,0.4166275347684581,0.4166275347684581,0.08965493466999849,0.0896549346699985,0.0,0.0,0.08965493466999849,0.0,0.0,0.0,0.0,0.0,0.0
eegnet,45,0,pool_2,0.1005993921141711,0.1005993921141711,0.062125368741274244,0.062125368741274244,0.0,0.0,0.062125368741274244,0.0,0.0,0.0,0.0,0.0,0.0
eegnet,45,1,bnorm_1,0.024041311857652993,0.005716796409953794,0.02015498326485357,-0.00433227084406079,0.024452472347222053,-8.862582329822851e-05,-0.0042088632590702125,0.0,0.0,0.0,0.0,2.4043267377038546e-15,-0.0183245154476992
eegnet,45,1,bnorm_2,0.40807049481646324,0.015721477031753903,0.40807049481646324,-0.005905403894235198,0.42953306758893844,-0.017711663765007584,-0.0037509090074675953,0.0,0.0,0.0,0.0,2.175343238874916e-15,-0.3923490177847093
eegnet,45,1,conv_separable_depth,0.026558710016816138,0.013562392907277029,0.016280175062175207,-0.005055255821279591,0.025023561282207354,-0.00392411725059773,-0.0048192689694344214,0.0,0.0,0.0,0.0,2.1892210266827306e-15,-0.012996317109539109
eegnet,45,1,conv_spatial,0.006102528737569625,0.005716009673859567,-0.002669588496529961,-0.004290294027414396,0.0016345330007342452,-2.2832349122915037e-05,-0.004281289148141319,0.0,0.0,0.0,0.0,3.642919299551295e-15,-0.0003865190637100573
eegnet,45,1,conv_temporal,0.005184635066693844,0.005184635066693844,-0.004130506445084552,-0.004130506445084553,0.0,0.0,-0.004130506445084552,0.0,0.0,0.0,0.0,0.0,0.0
eegnet,45,1,logits,0.8159628312632157,0.41820032860169865,0.802194888462896,0.04214272830755641,0.9256212920460438,-0.12725789882286642,0.0038314952397185843,0.0,0.0,0.0,0.0,1.9949319973733282e-16,-0.397762502661517
eegnet,45,1,pool_2,0.7303797196729854,0.08879462623729435,0.7303797196729854,0.03971020457196426,0.7806442800846768,-0.04948886651332337,-0.000775693898368003,0.0,0.0,0.0,0.0,9.558326352632207e-16,-0.641585093435691
eegnet,45,2,bnorm_1,0.02618142945079848,0.005850118060730705,0.02231103680718402,-0.0043412024963208635,0.026541291616416506,-3.0589122158137936e-05,-0.004199665687074308,0.0,0.0,0.0,0.0,2.9802549317281546e-15,-0.020331311390067774
eegnet,45,2,bnorm_2,0.408638995420911,0.01745524401947315,0.4086317431251722,-0.006223499171335445,0.44215732368676536,-0.02917957995505821,-0.004346000606534978,0.0,0.0,0.0,0.0,2.7738228380869145e-15,-0.39118375140143785
eegnet,45,2,conv_separable_depth,0.026716857063196014,0.015341102527286671,0.012762143172245971,-0.005341189850574105,0.023637420387343396,-0.005715530942788489,-0.00515974627230892,0.0,0.0,0.0,0.0,2.069525106840331e-15,-0.011375754535909343
eegnet,45,2,conv_spatial,0.006097150034100617,0.005864680285538121,-0.003035739744552774,-0.004277500576728566,0.0012431200189362735,-8.699473728844834e-06,-0.004270160289760257,0.0,0.0,0.0,0.0,4.217112770099618e-15,-0.00023246974856249662
eegnet,45,2,conv_temporal,0.005125858159282459,0.005125858159282459,-0.003973475466601967,-0.003973475466601967,0.0,0.0,-0.003973475466601967,0.0,0.0,0.0,0.0,0.0,0.0
eegnet,45,2,logits,0.8572249954636306,0.4122792874664922,0.8515116813799117,0.10632164051143266,1.020141030893474,-0.17338537250224995,0.004756022988687727,0.0,0.0,0.0,0.0,2.0383000842727483e-16,-0.44494570799713845
eegnet,45,2,pool_2,0.730899310308501,0.10653225138102655,0.730899310308501,0.058754303336984344,0.8138368148656697,-0.0824697759998303,-0.000467728557338439,0.0,0.0,0.0,0.0,1.1518563880486e-15,-0.6243670589274745
eegnet,45,5,bnorm_1,0.029435472995423075,0.005711957256918008,0.02578316778154061,-0.0038529133106756466,0.029302717324273274,0.00019684509718470198,-0.0037163946399173236,0.0,0.0,0.0,0.0,2.2950391587173158e-15,-0.023723515738505067
eegnet,45,5,bnorm_2,0.30218797822349075,0.01889225492176153,0.3009130934452057,-0.006141453110690539,0.3445581305626398,-0.03888169432142268,-0.004763342796011156,0.0,0.0,0.0,0.0,2.3184579256430027e-15,-0.2832957233017292
eegnet,45,5,conv_separable_depth,0.03456751223744557,0.016582116254335026,0.018816281495865804,-0.004247084018107608,0.037323701515966805,-0.014491756275326782,-0.004015663744774219,0.0,0.0,0.0,0.0,2.1805474093028465e-15,-0.017985395983110546
eegnet,45,5,conv_spatial,0.006026814939729863,0.005799520638715398,-0.002688737427819805,-0.003705404177858676,0.0010124413813721702,-6.396031756777415e-07,-0.003700539206016347,0.0,0.0,0.0,0.0,4.5467102305352114e-15,-0.0002272943010144645
eegnet,45,5,conv_temporal,0.005079131983993101,0.005079131983993101,-0.003306644306752506,-0.003306644306752504,0.0,0.0,-0.003306644306752506,0.0,0.0,0.0,0.0,0.0,0.0
eegnet,45,5,logits,0.7432703570698673,0.4326332679019262,0.6526706024094311,0.10184458457515173,0.9816013724863321,-0.3529086245069614,0.023977854430060553,0.0,0.0,0.0,0.0,2.185751579730777e-16,-0.31063708916794114
eegnet,45,5,pool_2,0.6368124444983099,0.12603995493023543,0.6365289182819114,0.09511500663884948,0.7723307576732578,-0.14190170514515002,0.006099865753803614,0.0,0.0,0.0,0.0,1.042568809062061e-15,-0.5107724895680744
eegnet,45,10,bnorm_1,0.1058115439604703,0.005946296481358056,0.10484439731568364,-0.003906860122880804,0.10813344903567608,0.0001793637592316469,-0.003468415479224068,0.0,0.0,0.0,0.0,3.757411048965764e-15,-0.09986524747911224
eegnet,45,10,bnorm_2,0.3755976891560234,0.025989407771145483,0.3755815400657646,0.01174951059024728,0.4934123076530582,-0.12288849804768512,0.005057730460389636,0.0,0.0,0.0,0.0,5.847752837517817e-15,-0.3496082813848779
eegnet,45,10,conv_separable_depth,0.15541783306611956,0.02781844347153449,0.15174502203831672,0.01721713237397047,0.2617773956098958,-0.12387214079874011,0.013839767227160413,0.0,0.0,0.0,0.0,3.3924685977071434e-15,-0.12759938959458506
eegnet,45,10,conv_spatial,0.006366010719584886,0.005888457576657216,-0.0022603507933724623,-0.003993151099482719,0.0017308634482050484,-6.5121056595084436e-06,-0.003984702135918039,0.0,0.0,0.0,0.0,5.8321403262340255e-15,-0.00047755314292767005
eegnet,45,10,conv_temporal,0.004464627669218868,0.004464627669218868,-0.0016260528223601021,-0.0016260528223601039,0.0,0.0,-0.0016260528223601021,0.0,0.0,0.0,0.0,0.0,0.0
eegnet,45,10,logits,0.7976932904329248,0.47122900273168566,0.7524132135868113,0.1561667215633351,1.2036124479553663,-0.5096406086335339,0.058441374264978925,0.0,0.0,0.0,0.0,2.7354420811809277e-16,-0.32646428770123914
eegnet,45,10,pool_2,0.6847798999205792,0.21754019698716842,0.6847798999205792,0.20933896055553736,0.9583031711108235,-0.3060501610228106,0.03252688983256625,0.0,0.0,0.0,0.0,7.389922007661198e-16,-0.46723970293341077
eegnet,45,20,bnorm_1,0.3586591274433003,0.007437412011262853,0.3586591274433003,-0.0028895161452990783,0.36072298461242475,0.0002609378499070854,-0.0023247950190314485,0.0,0.0,0.0,0.0,3.788636071533347e-15,-0.35122171543203745
eegnet,45,20,bnorm_2,0.3867546066858485,0.03207676126827718,0.3867205214942045,0.014003357592207853,0.484305957061698,-0.10240336305985913,0.004817927492364088,0.0,0.0,0.0,0.0,5.381112222480056e-15,-0.3546778454175713
eegnet,45,20,conv_separable_depth,0.4804421336052925,0.048406238407582035,0.4804421336052925,0.039672111089040035,0.6556061142614997,-0.19000893827263368,0.014844957616424355,0.0,0.0,0.0,0.0,7.40553451894499e-15,-0.43203589519771046
eegnet,45,20,conv_spatial,0.006800052549950333,0.006638430327559628,-0.002314609399663652,-0.0029773895781486444,0.0006390612086270422,2.3499765662406517e-05,-0.0029771703739531283,0.0,0.0,0.0,0.0,5.710709682915649e-15,-0.00016162222239070496
eegnet,45,20,conv_temporal,0.00632485071330121,0.006324850713301208,0.0003571427038745073,0.0003571427038745073,0.0,0.0,0.0003571427038745073,0.0,0.0,0.0,0.0,0.0,-1.734723475976807e-18
eegnet,45,20,logits,0.8053968403313347,0.6010441232505558,0.7697818515567113,0.08833653813045851,0.9603211156490503,-0.21194529654833433,0.021406032455995178,0.0,0.0,0.0,0.0,2.9804717721626517e-16,-0.20435271708077896
eegnet,45,20,pool_2,0.6300329524338206,0.18849957844472906,0.6300329524338206,0.17941398421161597,0.8710650410718228,-0.2727363703080144,0.03170428167001212,0.0,0.0,0.0,0.0,8.239936510889834e-16,-0.44153337398909154
eegnet,46,0,bnorm_1,0.004816222894970261,0.004816222894970262,-0.0034885293533976295,-0.003488529353397628,0.0,0.0,-0.0034885293533976295,0.0,0.0,0.0,0.0,0.0,8.673617379884035e-19
eegnet,46,0,bnorm_2,0.014908435865892486,0.014908435865892487,-0.004097472843776714,-0.00409747284377671,0.0,0.0,-0.004097472843776714,0.0,0.0,0.0,0.0,0.0,1.734723475976807e-18
eegnet,46,0,conv_separable_depth,0.012996218477854964,0.012996218477854959,-0.0037969900099144903,-0.0037969900099144886,0.0,0.0,-0.0037969900099144903,0.0,0.0,0.0,0.0,0.0,-5.204170427930421e-18
eegnet,46,0,conv_spatial,0.004816222929953458,0.0048162229299534565,-0.0034885293541519645,-0.003488529354151963,0.0,0.0,-0.0034885293541519645,0.0,0.0,0.0,0.0,0.0,-1.734723475976807e-18
eegnet,46,0,conv_temporal,0.004273656219106303,0.0042736562191063015,-0.0039419637425732665,-0.003941963742573266,0.0,0.0,-0.0039419637425732665,0.0,0.0,0.0,0.0,0.0,-1.734723475976807e-18
eegnet,46,0,logits,0.4384991645835482,0.4384991645835482,0.067173776170532,0.067173776170532,0.0,0.0,0.067173776170532,0.0,0.0,0.0,0.0,0.0,0.0
eegnet,46,0,pool_2,0.07785537354199884,0.07785537354199884,0.03806395516871726,0.038063955168717266,0.0,0.0,0.03806395516871726,0.0,0.0,0.0,0.0,0.0,0.0
eegnet,46,1,bnorm_1,0.02422748150292354,0.005560869776998419,0.022144538377052655,-0.004930312272439054,0.026765357093355847,7.635405807347715e-05,-0.004697172774376613,0.0,0.0,0.0,0.0,4.151193278012499e-15,-0.01866661172592512
eegnet,46,1,bnorm_2,0.5611647033816024,0.0181045536308692,0.5611647033816024,-0.007212034668487567,0.5762465525418953,-0.012445422860191083,-0.0026364263001024736,0.0,0.0,0.0,0.0,2.4789198471708573e-15,-0.5430601497507332
eegnet,46,1,conv_separable_depth,0.01842710434782317,0.015991334272274012,0.005820316175634882,-0.00700949267362697,0.012110582300636814,0.00040653014506978713,-0.00669679627007176,0.0,0.0,0.0,0.0,2.374836438612249e-15,-0.0024357700755491575
eegnet,46,1,conv_spatial,0.005275901184258748,0.005528175428930019,-0.004268509166685982,-0.004894756314959253,0.0006252253733249609,-5.04599621556763e-06,-0.004888688543795427,0.0,0.0,0.0,0.0,4.355890648177763e-15,0.00025227424467127047
eegnet,46,1,conv_temporal,0.00506586900624355,0.00506586900624355,-0.004783915637701542,-0.004783915637701542,0.0,0.0,-0.004783915637701542,0.0,0.0,0.0,0.0,0.0,0.0
eegnet,46,1,logits,0.8871370527198423,0.42420921652444926,0.8862303500289501,0.0030641387914331175,0.9540003598077803,-0.0689670680959449,0.0011970583171146657,0.0,0.0,0.0,0.0,2.2724877535296173e-16,-0.46292783619539307
eegnet,46,1,pool_2,0.8726719822803026,0.07838740425215615,0.8726719822803026,0.03396340891190439,0.9037146118855978,-0.03235831773049222,0.0013156881251969491,0.0,0.0,0.0,0.0,7.858297346174936e-16,-0.7942845780281464
eegnet,46,2,bnorm_1,0.022152826260872206,0.005093536191740342,0.019931853290644452,-0.004214233946046025,0.02400932178755717,-4.806036398937427e-05,-0.0040294081329232895,0.0,0.0,0.0,0.0,3.681083216022785e-15,-0.017059290069131865
eegnet,46,2,bnorm_2,0.5767892473624806,0.017406925963144405,0.5767892473624806,-0.0048860826166225125,0.5996461683965802,-0.02098056692252228,-0.001876354111577727,0.0,0.0,0.0,0.0,2.1736085153989393e-15,-0.5593823213993362
eegnet,46,2,conv_separable_depth,0.027101604236420516,0.015514156907005196,0.019035247159409983,-0.005076915583152709,0.02909345864203103,-0.005440607333418831,-0.004617604149202185,0.0,0.0,0.0,0.0,2.1736085153989393e-15,-0.01158744732941532
eegnet,46,2,conv_spatial,0.004881916830765311,0.005072175744201536,-0.0032330690442434417,-0.004174603340757857,0.0009548124525226359,-2.1564727677627975e-05,-0.004166316769088491,0.0,0.0,0.0,0.0,4.394054564649252e-15,0.00019025891343622554
eegnet,46,2,conv_temporal,0.004474267045925024,0.004474267045925025,-0.004196709413640049,-0.004196709413640051,0.0,0.0,-0.004196709413640049,0.0,0.0,0.0,0.0,0.0,8.673617379884035e-19
eegnet,46,2,logits,0.9412711389086653,0.4181167182997817,0.9412711389086653,0.05942270669729017,1.011148999569139,-0.07188832795023926,0.002010467289765559,0.0,0.0,0.0,0.0,1.5785983631388945e-16,-0.5231544206088836
eegnet,46,2,pool_2,0.8724184052274183,0.08698964475931134,0.8724184052274183,0.05803064605651199,0.9232626247007581,-0.0526625757065834,0.0018183562332435128,0.0,0.0,0.0,0.0,8.118505867571457e-16,-0.785428760468107
eegnet,46,5,bnorm_1,0.052088380241674156,0.004313849768432439,0.051747102224421436,-0.0034549619407434205,0.055004681984230926,-0.00013741799742383344,-0.00312016176238558,0.0,0.0,0.0,0.0,3.075664722906879e-15,-0.04777453047324172
eegnet,46,5,bnorm_2,0.47514736547323344,0.017925897788086245,0.47514736547323344,0.005491966534494046,0.5560589388738078,-0.08293521947135767,0.002023646070783278,0.0,0.0,0.0,0.0,1.5664552988070568e-15,-0.4572214676851472
eegnet,46,5,conv_separable_depth,0.11150951102262575,0.0166054818575798,0.1107745490235461,0.006302830297661309,0.16971505835890088,-0.06438679396871229,0.005446284633357298,0.0,0.0,0.0,0.0,3.0687258290029718e-15,-0.09490402916504595
eegnet,46,5,conv_spatial,0.0047303368938806465,0.004236271242405108,-0.00033872293839942806,-0.003282509298774927,0.002962492974018203,-4.2039414911859165e-05,-0.003259176497505786,0.0,0.0,0.0,0.0,4.165071065820314e-15,-0.0004940656514755386
eegnet,46,5,conv_temporal,0.003063874956034122,0.00306387495603412,-0.002098047669763902,-0.002098047669763902,0.0,0.0,-0.002098047669763902,0.0,0.0,0.0,0.0,0.0,-1.734723475976807e-18
eegnet,46,5,logits,0.9361458477225619,0.46000691705812213,0.9361458477225619,0.2046669622071339,1.142002038178873,-0.22117433756277746,0.01531814710646641,0.0,0.0,0.0,0.0,1.8735013540549517e-16,-0.4761389306644398
eegnet,46,5,pool_2,0.8005756019215947,0.17692985711297216,0.8005756019215947,0.17487612814620246,0.9951434838157315,-0.21050887553172445,0.015940993637587775,0.0,0.0,0.0,0.0,8.517492267046123e-16,-0.6236457448086226
eegnet,46,10,bnorm_1,0.1512177787040704,0.005469471728542473,0.1512177787040704,-0.004393976700722638,0.15497492997718107,-0.0001946850216742602,-0.00356246625143635,0.0,0.0,0.0,0.0,2.9073965457371287e-15,-0.14574830697552793
eegnet,46,10,bnorm_2,0.4407022135054845,0.02364706561921512,0.4407022135054845,0.007313362471197008,0.540816914735017,-0.10367100508955039,0.003556303860017167,0.0,0.0,0.0,0.0,2.327998904760875e-15,-0.4170551478862694
eegnet,46,10,conv_separable_depth,0.29381822756338866,0.0303223264723775,0.29381822756338866,0.023059812407112648,0.43408443396092833,-0.15469359373510944,0.014427387337569035,0.0,0.0,0.0,0.0,2.6124935548210715e-15,-0.2634959010910112
eegnet,46,10,conv_spatial,0.006295196802510235,0.005119146836053673,-0.00030309161859315913,-0.004100786813293156,0.003825481631209275,-5.2705449671629784e-05,-0.004075867800130806,0.0,0.0,0.0,0.0,3.8181263706249524e-15,-0.0011760499664565617
eegnet,46,10,conv_temporal,0.002943315583445994,0.002943315583445992,-0.0007535892190682665,-0.000753589219068265,0.0,0.0,-0.0007535892190682665,0.0,0.0,0.0,0.0,0.0,-1.734723475976807e-18
eegnet,46,10,logits,0.8583809054866581,0.6776077794483841,0.8577024965435384,0.038623120145314896,1.10156434501208,-0.2796305107864774,0.035768662317935594,0.0,0.0,0.0,0.0,2.5587171270657905e-16,-0.180773126038274
eegnet,46,10,pool_2,0.7608737878291344,0.19347198683654826,0.7608737878291344,0.18627017784998426,1.018965005258298,-0.29091978805237323,0.032828570623209895,0.0,0.0,0.0,0.0,9.141992718397773e-16,-0.5674018009925861
eegnet,46,20,bnorm_1,0.3686582427328362,0.005869725202266905,0.3686582427328362,-0.004266601457721189,0.3710165408469248,0.00015122204799107879,-0.0025095201620797328,0.0,0.0,0.0,0.0,3.46077333457373e-15,-0.3627885175305693
eegnet,46,20,bnorm_2,0.4826724741677978,0.03263550674506137,0.4826724741677978,0.017623976768125302,0.6171504264751125,-0.14323914170876584,0.008761189401451078,0.0,0.0,0.0,0.0,2.4615726124110893e-15,-0.4500369674227364
eegnet,46,20,conv_separable_depth,0.5835653958657876,0.04525209571319403,0.5835653958657876,0.03950737117164524,0.7719504430779014,-0.20272796074242386,0.014342913530310667,0.0,0.0,0.0,0.0,2.4086635463937967e-15,-0.5383133001525936
eegnet,46,20,conv_spatial,0.008195496971849852,0.005677032852760441,0.0021385876241635416,-0.004279845359549003,0.006409049143571352,-2.492338955081785e-05,-0.004245538129856989,0.0,0.0,0.0,0.0,3.191891195797325e-15,-0.0025184641190894117
eegnet,46,20,conv_temporal,0.004988798597728495,0.004988798597728495,0.0011716429773471308,0.0011716429773471293,0.0,0.0,0.0011716429773471308,0.0,0.0,0.0,0.0,0.0,0.0
eegnet,46,20,logits,0.8888414467192134,0.5391488535920729,0.8886417924212517,-0.017584835582620466,1.1553569603866487,-0.2821409049312475,0.01542573696585064,0.0,0.0,0.0,0.0,2.255140518769849e-16,-0.3496925931271405
eegnet,46,20,pool_2,0.7497103813802264,0.17949354167498058,0.7497103813802264,0.17016392873143424,1.0414135809174068,-0.3252432139963118,0.03354001445913126,0.0,0.0,0.0,0.0,1.1657341758564144e-15,-0.5702168397052458
shallowconvnet,41,0,bnorm,0.007983938760861925,0.007983938760861925,-0.007069500350870961,-0.007069500350870961,0.0,0.0,-0.007069500350870961,0.0,0.0,0.0,0.0,0.0,0.0
shallowconvnet,41,0,conv_nonlin_exp,0.2694277671245086,0.2694277671245086,0.2694277671245086,0.2694277671245086,0.0,0.0,0.2694277671245086,0.0,0.0,0.0,0.0,0.0,0.0
shallowconvnet,41,0,conv_time_spat,0.007983938768072766,0.007983938768072766,-0.007069500341799263,-0.007069500341799261,0.0,0.0,-0.007069500341799263,0.0,0.0,0.0,0.0,0.0,0.0
shallowconvnet,41,0,logits,0.9875351306897223,0.9908183862298284,0.9875351306897223,0.9908183862298284,4.58522208078385,-4.9294293242601634,1.3317423741660357,0.0,0.0,0.0,0.0,9.835882108788496e-16,0.0032832555401061114
shallowconvnet,41,0,pool,0.575567230542422,0.575567230542422,0.575567230542422,0.575567230542422,0.0,0.0,0.575567230542422,0.0,0.0,0.0,0.0,0.0,0.0
shallowconvnet,41,0,pool_nonlin_exp,0.9819017080651503,0.9865564602195129,0.9819017080651503,0.9865564602195129,4.462451509481339,-4.753693759746892,1.2731439583306905,0.0,0.0,0.0,0.0,1.825449513770394e-14,0.004654752154362618
shallowconvnet,41,1,bnorm,0.016778647975089413,0.009538641107137216,0.003795649690685229,-0.008111491769612296,0.011840073613995207,-9.727118569951581e-05,-0.007947152737610446,0.0,0.0,0.0,0.0,4.08006961549745e-15,-0.0072400068679521964
shallowconvnet,41,1,conv_nonlin_exp,0.29005205330370337,0.2850059936835238,0.29005205330370337,0.2850059936835238,0.00048514061688787206,0.006427983259526841,0.2831389294272886,0.0,0.0,0.0,0.0,2.96637714392034e-15,-0.005046059620179566
shallowconvnet,41,1,conv_time_spat,0.07484748646204406,0.009584946376825736,0.07182884040178976,-0.008162056646473815,0.07909388821540167,-2.877291360978677e-05,-0.007236274900002051,0.0,0.0,0.0,0.0,2.2950391587173158e-15,-0.06526254008521833
shallowconvnet,41,1,logits,0.9414777289586687,0.9934370702927816,0.9414777289586687,0.9934370702927816,20.535525667377602,-32.845651420221095,13.25160348180216,0.0,0.0,0.0,0.0,9.360567876370851e-15,0.05195934133411295
shallowconvnet,41,1,pool,0.6141895248475633,0.6090851593063082,0.6141895248475633,0.6090851593063082,0.0015520798802293799,0.016432341957077337,0.5962051030102564,0.0,0.0,0.0,0.0,1.871766630578975e-15,-0.00510436554125504
shallowconvnet,41,1,pool_nonlin_exp,0.8872792012841728,0.9783656605004953,0.8872792012841728,0.9783656605004953,11.31974760907412,-16.708025063904245,6.275556656114287,0.0,0.0,0.0,0.0,2.7321894746634715e-14,0.09108645921632252
shallowconvnet,41,2,bnorm,0.013167343468392795,0.009958537522486113,-0.0020711584878804843,-0.008610230498865903,0.006506532568722037,-6.10927524402733e-05,-0.008516598304162272,0.0,0.0,0.0,0.0,4.298644773470528e-15,-0.0032088059459066814
shallowconvnet,41,2,conv_nonlin_exp,0.290581174925181,0.2876242118695891,0.290581174925181,0.2876242118695891,0.0004080063528623678,0.0036959077578521266,0.2864772608144664,0.0,0.0,0.0,0.0,2.968111867396317e-15,-0.002956963055591899
shallowconvnet,41,2,conv_time_spat,0.06590955032852051,0.010044556168954681,0.061438141591873996,-0.008679984329766195,0.06965090037715613,-0.000357400862756593,-0.007855357922525457,0.0,0.0,0.0,0.0,2.9559688030644793e-15,-0.055864994159565834
shallowconvnet,41,2,logits,0.9364910814434628,0.9873731330835982,0.9364910814434628,0.9873731330835982,16.038595636235996,-25.122457817942365,10.020353263149836,0.0,0.0,0.0,0.0,8.895661984809067e-15,0.05088205164013537
shallowconvnet,41,2,pool,0.6132047734425082,0.6104246017872539,0.6132047734425082,0.6104246017872539,0.0013261840829985523,0.009563855629630167,0.6023147337298794,0.0,0.0,0.0,0.0,1.817990202823694e-15,-0.0027801716552543487
shallowconvnet,41,2,pool_nonlin_exp,0.8767563603205663,0.9861344654157855,0.8767563603205663,0.9861344654157855,16.00873351724563,-24.983774634192795,9.851797477267725,0.0,0.0,0.0,0.0,4.318680829618061e-14,0.10937810509521928
shallowconvnet,41,5,bnorm,0.011610092351150628,0.009889592486850826,-0.003940699823774544,-0.008871139509905967,0.0048653123395896855,-1.2326988236238788e-05,-0.008793685175128026,0.0,0.0,0.0,0.0,4.36282954208167e-15,-0.0017204998642998022
shallowconvnet,41,5,conv_nonlin_exp,0.2780580593710142,0.27612931204826935,0.2780580593710142,0.27612931204826935,0.0001753213962278216,0.002422662307052861,0.27546007566773345,0.0,0.0,0.0,0.0,2.957703526540456e-15,-0.0019287473227448393
shallowconvnet,41,5,conv_time_spat,0.13461093449421138,0.009956591775898766,0.13409848986423858,-0.008942903602414589,0.1415964318546217,-0.0001897559063773227,-0.007308186084005709,0.0,0.0,0.0,0.0,2.246466901389965e-15,-0.12465434271831262
shallowconvnet,41,5,logits,0.8382733800510193,0.975781705960563,0.8355346307776627,0.975781705960563,14.621061062506756,-22.542718192870915,8.75719176114182,0.0,0.0,0.0,0.0,6.243486630475026e-15,0.13750832590954376
shallowconvnet,41,5,pool,0.586267156407872,0.5836943177200318,0.586267156407872,0.5836943177200318,0.000640693644838483,0.006458927292333744,0.5791675354706997,0.0,0.0,0.0,0.0,1.663599813461758e-15,-0.0025728386878401954
shallowconvnet,41,5,pool_nonlin_exp,0.8735096139387413,0.9867543122582314,0.8735096139387413,0.9867543122582314,16.88435064580197,-26.575523725546983,10.564682693683736,0.0,0.0,0.0,0.0,5.189858959253613e-14,0.11324469831949013
shallowconvnet,41,10,bnorm,0.01851264404493761,0.008874838068326205,0.008552214387454758,-0.008015632185194528,0.01633109879542668,-1.1428880665423798e-05,-0.007767455527306477,0.0,0.0,0.0,0.0,3.7279207498741584e-15,-0.009637805976611406
shallowconvnet,41,10,conv_nonlin_exp,0.2669986255129872,0.2604558465739664,0.2669986255129872,0.2604558465739664,0.001208008336337292,0.007343745727222556,0.25844687144942724,0.0,0.0,0.0,0.0,2.8102520310824275e-15,-0.006542778939020777
shallowconvnet,41,10,conv_time_spat,0.1067531509952026,0.008871331181956172,0.10624668624851019,-0.007981787139596899,0.11264593638150468,0.00027654140572216425,-0.00667579153871659,0.0,0.0,0.0,0.0,2.3609586508044345e-15,-0.09788181981324644
shallowconvnet,41,10,logits,0.7726859350437594,0.9172317442367479,0.7678671789032948,0.9172317442367479,8.165035288959018,-11.533485846312338,4.136317736256617,0.0,0.0,0.0,0.0,3.073496318561908e-15,0.14454580919298854
shallowconvnet,41,10,pool,0.5695620739225251,0.5609831459199754,0.5695620739225251,0.5609831459199754,0.00323130538761374,0.0181038597749669,0.5482269087599444,0.0,0.0,0.0,0.0,1.7069679003611782e-15,-0.008578928002549668
shallowconvnet,41,10,pool_nonlin_exp,0.8749972976647782,0.9779486724714928,0.8749972976647782,0.9779486724714928,11.618605978590752,-17.248873098231822,6.50526441730584,0.0,0.0,0.0,0.0,2.98207639137793e-14,0.10295137480671457
shallowconvnet,41,20,bnorm,0.039029409055675035,0.008875103440281347,0.034965506717436104,-0.00821528872282622,0.042462732880852117,7.173513786241353e-05,-0.007568961301278401,0.0,0.0,0.0,0.0,3.155462002801812e-15,-0.030154305615393687
shallowconvnet,41,20,conv_nonlin_exp,0.27104529066909716,0.2525277026687044,0.27104529066909716,0.2525277026687044,0.005102535718671591,0.01854725161070248,0.24739550333972293,0.0,0.0,0.0,0.0,2.843211777125987e-15,-0.01851758800039277
shallowconvnet,41,20,conv_time_spat,0.230386812649576,0.008811428244500943,0.230386812649576,-0.008143365903900473,0.2358058093596226,0.00017981930457737185,-0.005598816014623853,0.0,0.0,0.0,0.0,2.7651492207070305e-15,-0.22157538440507507
shallowconvnet,41,20,logits,0.6867919797447911,0.9317659292044376,0.679183765333531,0.9317659292044376,6.842441070581883,-10.859176707948473,4.695919402700122,0.0,0.0,0.0,0.0,2.32539681954691e-15,0.24497394945964646
shallowconvnet,41,20,pool,0.5822506590470734,0.5592013491025843,0.5822506590470734,0.5592013491025843,0.010897803914144176,0.044041051840070386,0.5273118032928586,0.0,0.0,0.0,0.0,1.85268467234323e-15,-0.02304930994448906
shallowconvnet,41,20,pool_nonlin_exp,0.8680457836155768,0.970386723375726,0.8680457836155768,0.970386723375726,9.666299204519365,-13.98519684777881,5.186943426875011,0.0,0.0,0.0,0.0,2.62680502349788e-14,0.10234093976014913
shallowconvnet,42,0,bnorm,0.007935251786313508,0.007935251786313508,-0.00712034256795748,-0.007120342567957481,0.0,0.0,-0.00712034256795748,0.0,0.0,0.0,0.0,0.0,0.0
shallowconvnet,42,0,conv_nonlin_exp,0.26666925138453157,0.2666692513845315,0.26666925138453157,0.2666692513845315,0.0,0.0,0.26666925138453157,0.0,0.0,0.0,0.0,0.0,-5.551115123125783e-17
shallowconvnet,42,0,conv_time_spat,0.007935251769263137,0.00793525176926314,-0.007120342567424233,-0.007120342567424234,0.0,0.0,-0.007120342567424233,0.0,0.0,0.0,0.0,0.0,3.469446951953614e-18
shallowconvnet,42,0,logits,0.974726177441365,0.9766565523916687,0.974726177441365,0.9766565523916687,4.138246485210993,-4.284293345109142,1.1207730373395142,0.0,0.0,0.0,0.0,1.1084883011491797e-15,0.0019303749503036816
shallowconvnet,42,0,pool,0.5758693003006095,0.5758693003006095,0.5758693003006095,0.5758693003006095,0.0,0.0,0.5758693003006095,0.0,0.0,0.0,0.0,0.0,0.0
shallowconvnet,42,0,pool_nonlin_exp,0.9841479686065546,0.9860730291010383,0.9841479686065546,0.9860730291010383,4.1873499365838525,-4.331698620661331,1.1284966526840206,0.0,0.0,0.0,0.0,1.65822217068623e-14,0.0019250604944837102
shallowconvnet,42,1,bnorm,0.019395060625408224,0.009276346290527579,0.007825124679854736,-0.008078867153478289,0.015891395237576277,-0.00023475417089010623,-0.007831516386831437,0.0,0.0,0.0,0.0,4.166805789296291e-15,-0.010118714334880645
shallowconvnet,42,1,conv_nonlin_exp,0.2872695580783726,0.2801507461967956,0.2872695580783726,0.2801507461967956,0.000956196326145554,0.008576479625581133,0.2777368821266459,0.0,0.0,0.0,0.0,2.895253481405291e-15,-0.007118811881577036
shallowconvnet,42,1,conv_time_spat,0.04717148618468251,0.009212112616759563,0.04062803078007025,-0.007960879598211266,0.048505203968053794,-0.0005399585780762759,-0.00733721460990723,0.0,0.0,0.0,0.0,2.661065812148422e-15,-0.03795937356792295
shallowconvnet,42,1,logits,0.7897197294848823,0.9349608392692241,0.7832085019443563,0.9349608392692241,6.833523655570261,-9.495425532095247,3.4451103784693426,0.0,0.0,0.0,0.0,2.3688733266635786e-15,0.1452411097843418
shallowconvnet,42,1,pool,0.6189163563251382,0.6115561735284022,0.6189163563251382,0.6115561735284022,0.002780931758795389,0.021151030304920496,0.5949843942614222,0.0,0.0,0.0,0.0,1.7642137750684128e-15,-0.007360182796736003
shallowconvnet,42,1,pool_nonlin_exp,0.9084042208132235,0.9749631916512861,0.9084042208132235,0.9749631916512861,8.362626716109473,-11.41239285747426,3.958170362178003,0.0,0.0,0.0,0.0,1.819551453952073e-14,0.06655897083806261
shallowconvnet,42,2,bnorm,0.014841877184686967,0.009699386376793462,0.0006434761705339407,-0.008385804796651011,0.008888404377697485,6.663531050445378e-06,-0.008251591738214008,0.0,0.0,0.0,0.0,3.913536161803677e-15,-0.005142490807893505
shallowconvnet,42,2,conv_nonlin_exp,0.2773425857431128,0.27349685994686407,0.2773425857431128,0.27349685994686407,0.0004996966766521347,0.004630496334416192,0.27221239273204445,0.0,0.0,0.0,0.0,2.896988204881268e-15,-0.0038457257962487557
shallowconvnet,42,2,conv_time_spat,0.0317357885260444,0.00988489171288357,0.022250698131019018,-0.00842053196284543,0.03045302836563194,-0.00019116705071468924,-0.00801116318389816,0.0,0.0,0.0,0.0,3.759145772441741e-15,-0.021850896813160832
shallowconvnet,42,2,logits,0.7251752512716064,0.9261285503615513,0.7121374754363338,0.9261285503615513,9.246051096488355,-13.818403981042062,5.284490359990041,0.0,0.0,0.0,0.0,4.360227456867705e-15,0.20095329908994486
shallowconvnet,42,2,pool,0.5952324574118942,0.5908835432343233,0.5952324574118942,0.5908835432343233,0.0016335565810936803,0.011784572602437099,0.5818143282283634,0.0,0.0,0.0,0.0,1.6514567491299204e-15,-0.004348914177570884
shallowconvnet,42,2,pool_nonlin_exp,0.8809053185225463,0.982178501280361,0.8809053185225463,0.982178501280361,12.72205482397303,-19.099656448674743,7.258506943224247,0.0,0.0,0.0,0.0,3.1356861551756765e-14,0.10127318275781472
shallowconvnet,42,5,bnorm,0.013357364786655175,0.009694664159912889,-0.0012365913062639476,-0.008618480612265078,0.0073044496944691985,-3.3895840705971385e-05,-0.008507145160027199,0.0,0.0,0.0,0.0,4.137315490204685e-15,-0.003662700626742286
shallowconvnet,42,5,conv_nonlin_exp,0.26726862591708056,0.26436756187801025,0.26726862591708056,0.26436756187801025,0.0003226032894291718,0.003520663734247605,0.26342535889340374,0.0,0.0,0.0,0.0,2.976785484776201e-15,-0.0029010640390703113
shallowconvnet,42,5,conv_time_spat,0.09870624501808863,0.009801298426285701,0.09655756871519909,-0.008646427760745187,0.10425280260078541,-0.0002937289770488017,-0.007401504908537548,0.0,0.0,0.0,0.0,2.177077962350893e-15,-0.08890494659180292
shallowconvnet,42,5,logits,0.7674649437039832,0.9745592383797852,0.7665732722185518,0.9745592383797852,17.477985738551062,-27.92326103090765,11.211848564575138,0.0,0.0,0.0,0.0,5.806498944854743e-15,0.20709429467580198
shallowconvnet,42,5,pool,0.5728591796907883,0.5689939783503914,0.5728591796907883,0.5689939783503914,0.0010507699394922943,0.009017033263026261,0.5627913764882696,0.0,0.0,0.0,0.0,1.740795008142726e-15,-0.0038652013403968066
shallowconvnet,42,5,pool_nonlin_exp,0.8695547235869006,0.9830276143323613,0.8695547235869006,0.9830276143323613,14.404261709705576,-22.14783255624743,8.61312557012874,0.0,0.0,0.0,0.0,3.552540206452903e-14,0.11347289074546074
shallowconvnet,42,10,bnorm,0.020246501559094982,0.008974672844319456,0.010713187750461655,-0.008253471230423963,0.018660424990420765,2.5017374103627804e-05,-0.007972254614062731,0.0,0.0,0.0,0.0,2.7113727929517495e-15,-0.011271828714775526
shallowconvnet,42,10,conv_nonlin_exp,0.2592477668196304,0.25199836205838705,0.2592477668196304,0.25199836205838705,0.0016003756663537855,0.007727633357165515,0.24991975779611103,0.0,0.0,0.0,0.0,3.049643870767227e-15,-0.007249404761243361
shallowconvnet,42,10,conv_time_spat,0.13802918064327607,0.009047755213759112,0.137795970223676,-0.008294827333838324,0.14512495176528648,-0.0006615781811480508,-0.00666740336046242,0.0,0.0,0.0,0.0,2.600350490489234e-15,-0.12898142542951696
shallowconvnet,42,10,logits,0.565780354172379,0.5892215355870054,0.43810911992318685,0.5773796708075513,2.2699027000290637,-2.721433282416998,0.889639702311121,0.0,0.0,0.0,0.0,1.3358997068280143e-15,0.023441181414626366
shallowconvnet,42,10,pool,0.5562239176411999,0.5466939065080553,0.5562239176411999,0.5466939065080553,0.004071105071856349,0.018792231994422804,0.5333605805749208,0.0,0.0,0.0,0.0,1.8318679906315083e-15,-0.009530011133144667
shallowconvnet,42,10,pool_nonlin_exp,0.8687549477911165,0.9733462426585944,0.8687549477911165,0.9733462426585944,10.538792036416181,-15.363160884588314,5.693123795963242,0.0,0.0,0.0,0.0,2.6086771631739225e-14,0.10459129486747787
shallowconvnet,42,20,bnorm,0.03569570010054326,0.009053283523255231,0.030321277935304883,-0.008436192362615925,0.0383679351589136,-0.00017898062577258433,-0.007867676597836076,0.0,0.0,0.0,0.0,3.1155633628543455e-15,-0.026642416577288025
shallowconvnet,42,20,conv_nonlin_exp,0.2596251393176748,0.24332226939685417,0.2596251393176748,0.24332226939685417,0.0051801501829694925,0.015392058843593353,0.23905293029111183,0.0,0.0,0.0,0.0,2.92300905702092e-15,-0.016302869920820612
shallowconvnet,42,20,conv_time_spat,0.27779916682792655,0.009037169154300799,0.27779916682792655,-0.008398112041269896,0.28403765401959546,-0.000799505783521397,-0.005438981408147487,0.0,0.0,0.0,0.0,2.5153490401663703e-15,-0.26876199767362574
shallowconvnet,42,20,logits,0.6092126410852228,0.6427298379431805,0.5186398532103002,0.6120220483055624,3.6598438188993287,-4.626599247139288,1.4853952814502598,0.0,0.0,0.0,0.0,1.3465790982269965e-15,0.03351719685795773
shallowconvnet,42,20,pool,0.5558800703824494,0.5354014077911692,0.5558800703824494,0.5354014077911692,0.010865195680119738,0.03605499079597397,0.5089598839063555,0.0,0.0,0.0,0.0,1.941155569618047e-15,-0.020478662591280172
shallowconvnet,42,20,pool_nonlin_exp,0.8720416935660493,0.9692288693615467,0.8720416935660493,0.9692288693615467,9.05991576860809,-12.847964547894847,4.660090472852799,0.0,0.0,0.0,0.0,2.0828824776053523e-14,0.0971871757954974
shallowconvnet,43,0,bnorm,0.008562437821603097,0.008562437821603095,-0.00763810728176783,-0.007638107281767829,0.0,0.0,-0.00763810728176783,0.0,0.0,0.0,0.0,0.0,-1.734723475976807e-18
shallowconvnet,43,0,conv_nonlin_exp,0.27663427592893614,0.27663427592893614,0.27663427592893614,0.27663427592893614,0.0,0.0,0.27663427592893614,0.0,0.0,0.0,0.0,0.0,0.0
shallowconvnet,43,0,conv_time_spat,0.00856243782036386,0.00856243782036386,-0.007638107270790512,-0.007638107270790508,0.0,0.0,-0.007638107270790512,0.0,0.0,0.0,0.0,0.0,0.0
shallowconvnet,43,0,logits,0.9722026742034349,0.9696902236812066,0.9722026742034349,0.9696902236812066,3.9324630578005793,-3.975558464018796,1.015298080421652,0.0,0.0,0.0,0.0,8.066464163292153e-16,-0.00251245052222826
shallowconvnet,43,0,pool,0.5968056677051151,0.5968056677051152,0.5968056677051151,0.5968056677051152,0.0,0.0,0.5968056677051151,0.0,0.0,0.0,0.0,0.0,1.1102230246251565e-16
shallowconvnet,43,0,pool_nonlin_exp,0.9841220004782073,0.9866650250451104,0.9841220004782073,0.9866650250451104,4.284843790736912,-4.480987824004472,1.1802660337457551,0.0,0.0,0.0,0.0,1.662038562333379e-14,0.0025430245669031404
shallowconvnet,43,1,bnorm,0.014573371789097778,0.010392295430923348,-0.000887575112205703,-0.009028990067695766,0.008021273959797922,-2.3546545555125595e-05,-0.008885302526448514,0.0,0.0,0.0,0.0,4.250072516143177e-15,-0.00418107635817443
shallowconvnet,43,1,conv_nonlin_exp,0.2839801407571382,0.2804747847961888,0.2839801407571382,0.2804747847961888,0.0004468310439201166,0.004398054229401828,0.2791352554838161,0.0,0.0,0.0,0.0,3.282096816548119e-15,-0.0035053559609493634
shallowconvnet,43,1,conv_time_spat,0.11824879764439257,0.010565606796649384,0.11603615592244187,-0.009058907011590707,0.12369628648778812,-0.00011093753768985714,-0.007549193027656312,0.0,0.0,0.0,0.0,2.8102520310824275e-15,-0.1076831908477432
shallowconvnet,43,1,logits,0.8338302422817201,0.9920242570710303,0.8285865248592449,0.9920242570710303,28.209190035987316,-47.20316109070128,19.82255757957321,0.0,0.0,0.0,0.0,1.5357994823800292e-14,0.15819401478931017
shallowconvnet,43,1,pool,0.6066921815580176,0.6032747324082386,0.6066921815580176,0.6032747324082386,0.001475417649671848,0.011362791745386661,0.5938539721629591,0.0,0.0,0.0,0.0,1.8127860323957634e-15,-0.0034174491497790394
shallowconvnet,43,1,pool_nonlin_exp,0.8866266374327325,0.9832825198097892,0.8866266374327325,0.9832825198097892,12.568753818356726,-18.823837059849563,7.141709878925548,0.0,0.0,0.0,0.0,4.633706612855448e-14,0.09665588237705669
shallowconvnet,43,2,bnorm,0.034500077977061776,0.009710279287130577,0.026571142223168608,-0.008412323132326063,0.034513200755452986,-1.6850327832085056e-05,-0.007925208204452262,0.0,0.0,0.0,0.0,2.9889285491080386e-15,-0.024789798689931197
shallowconvnet,43,2,conv_nonlin_exp,0.2819971129028371,0.26460847855310465,0.2819971129028371,0.26460847855310465,0.004461558698827397,0.01855087178104503,0.2589846824229646,0.0,0.0,0.0,0.0,2.8622937353617317e-15,-0.017388634349732424
shallowconvnet,43,2,conv_time_spat,0.24504641056615054,0.01001498021943998,0.24504641056615054,-0.008566631335280862,0.25106724903130756,-7.594056892931873e-05,-0.005944897896227657,0.0,0.0,0.0,0.0,3.8181263706249524e-15,-0.23503143034671056
shallowconvnet,43,2,logits,0.7288319585892268,0.8974729422630222,0.7052619449275082,0.8974729422630222,6.7167897756723995,-9.331303917400469,3.319776086655578,0.0,0.0,0.0,0.0,3.1480894280289107e-15,0.16864098367379543
shallowconvnet,43,2,pool,0.6032685358151414,0.5883598750906683,0.6032685358151414,0.5883598750906683,0.009278092562878983,0.04406934134769109,0.5499211019045712,0.0,0.0,0.0,0.0,1.6323747908941755e-15,-0.014908660724473055
shallowconvnet,43,2,pool_nonlin_exp,0.8825418886029819,0.9646715824726504,0.8825418886029819,0.9646715824726504,7.922885870422694,-10.815731383278953,3.7753874014592332,0.0,0.0,0.0,0.0,2.050443148604586e-14,0.08212969386966851
shallowconvnet,43,5,bnorm,0.01697961974390139,0.009554118654043044,0.004586729297369541,-0.008677839216460974,0.0131967825384561,-0.00014284576628615785,-0.008467207474800394,0.0,0.0,0.0,0.0,3.877106968808164e-15,-0.007425501089858346
shallowconvnet,43,5,conv_nonlin_exp,0.270139791713496,0.2645022820388142,0.270139791713496,0.2645022820388142,0.0009828047716119274,0.006370819232475006,0.262786167709409,0.0,0.0,0.0,0.0,3.119032809806299e-15,-0.005637509674681795
shallowconvnet,43,5,conv_time_spat,0.14588307594685657,0.009641622201395196,0.14562812587576535,-0.008726254858825586,0.1527935632393158,-0.00023420929952400012,-0.006931228064026452,0.0,0.0,0.0,0.0,3.2578106878844437e-15,-0.13624145374546137
shallowconvnet,43,5,logits,0.7268998896665744,0.9038614572970802,0.7123067343432117,0.9038614572970802,7.818007610164422,-11.007001761382165,3.9013008855609552,0.0,0.0,0.0,0.0,3.950832716537178e-15,0.17696156763050586
shallowconvnet,43,5,pool,0.5771761849700906,0.5699270137996897,0.5771761849700906,0.5699270137996897,0.0027189170593916383,0.015607873565956016,0.5588493943447429,0.0,0.0,0.0,0.0,1.8231943732516243e-15,-0.007249171170400914
shallowconvnet,43,5,pool_nonlin_exp,0.8758670055736417,0.97681009196715,0.8758670055736417,0.97681009196715,11.414344487504213,-16.825241575903025,6.2867640939724385,0.0,0.0,0.0,0.0,3.2920714765349857e-14,0.10094308639350824
shallowconvnet,43,10,bnorm,0.023811945225004016,0.008548793409381222,0.01631911465093946,-0.007729591545053249,0.023852500199825724,-0.0001591515513203667,-0.007374233997565866,0.0,0.0,0.0,0.0,3.184952301893418e-15,-0.015263151815622794
shallowconvnet,43,10,conv_nonlin_exp,0.26625861421154357,0.25594140802595305,0.26625861421154357,0.25594140802595305,0.0027448282465247125,0.0105550163587566,0.2529587696062622,0.0,0.0,0.0,0.0,3.2977093278319103e-15,-0.01031720618559051
shallowconvnet,43,10,conv_time_spat,0.26446519975316174,0.008564915905527005,0.26446519975316174,-0.007727714622112659,0.2698877140059698,-0.00033283201398540184,-0.005089682238822582,0.0,0.0,0.0,0.0,2.426878142891553e-15,-0.25590028384763475
shallowconvnet,43,10,logits,0.5934157450853004,0.9767973842420794,0.5448214632945878,0.9767973842420794,24.54570572493052,-44.970907378510624,20.970023116874692,0.0,0.0,0.0,0.0,1.0322255203365495e-14,0.38338163915677903
shallowconvnet,43,10,pool,0.569847359192816,0.5571661886543147,0.569847359192816,0.5571661886543147,0.006132693148005451,0.02494114292942941,0.5387735231153811,0.0,0.0,0.0,0.0,1.9029916531465574e-15,-0.012681170538501374
shallowconvnet,43,10,pool_nonlin_exp,0.8713011968996547,0.9824429830242712,0.8713011968996547,0.9824429830242712,13.668376554337073,-20.994155736997644,8.197080379560207,0.0,0.0,0.0,0.0,3.9550827890533213e-14,0.11114178612461656
shallowconvnet,43,20,bnorm,0.041684123438667856,0.008378829029778274,0.038214255648523446,-0.007826482730549058,0.045555509784139456,-0.0001636661672700158,-0.007177587968345931,0.0,0.0,0.0,0.0,3.408731630294426e-15,-0.03330529440888958
shallowconvnet,43,20,conv_nonlin_exp,0.2642302474641147,0.24549735720611618,0.2642302474641147,0.24549735720611618,0.004786841304994259,0.018920684963101484,0.24052272119601883,0.0,0.0,0.0,0.0,2.8553548414578245e-15,-0.01873289025799854
shallowconvnet,43,20,conv_time_spat,0.13286609736911295,0.008403164471350462,0.13276893063453252,-0.007844126661057074,0.13936770464517564,-0.00032440793323218996,-0.006274366077410915,0.0,0.0,0.0,0.0,3.1693397906096266e-15,-0.12446293289776249
shallowconvnet,43,20,logits,0.4573450170323428,0.9537041018028422,0.3248618371335658,0.9537041018028422,13.90992352810749,-26.69199285518031,13.106931164206387,0.0,0.0,0.0,0.0,7.729927808952652e-15,0.49635908477049934
shallowconvnet,43,20,pool,0.5681041458104561,0.5448635975386182,0.5681041458104561,0.5448635975386182,0.009904649488806476,0.044837918031917064,0.5133615782897324,0.0,0.0,0.0,0.0,1.904726376622534e-15,-0.023240548271837858
shallowconvnet,43,20,pool_nonlin_exp,0.8749716095551037,0.9700576209069741,0.8749716095551037,0.9700576209069741,9.142500731137657,-13.04843077647794,4.780901654895372,0.0,0.0,0.0,0.0,2.893692230276912e-14,0.09508601135187045
shallowconvnet,44,0,bnorm,0.007897117168185579,0.007897117168185577,-0.007094243045480744,-0.0070942430454807425,0.0,0.0,-0.007094243045480744,0.0,0.0,0.0,0.0,0.0,-1.734723475976807e-18
shallowconvnet,44,0,conv_nonlin_exp,0.27341447252421563,0.27341447252421563,0.27341447252421563,0.27341447252421563,0.0,0.0,0.27341447252421563,0.0,0.0,0.0,0.0,0.0,0.0
shallowconvnet,44,0,conv_time_spat,0.007897117170845347,0.007897117170845347,-0.007094243056209231,-0.007094243056209234,0.0,0.0,-0.007094243056209231,0.0,0.0,0.0,0.0,0.0,0.0
shallowconvnet,44,0,logits,0.9726752751670421,0.9775619245208139,0.9726752751670421,0.9775619245208139,4.521176251565383,-4.867736323657808,1.319235347259467,0.0,0.0,0.0,0.0,1.042568809062061e-15,0.00488664935377181
shallowconvnet,44,0,pool,0.5836294024073644,0.5836294024073644,0.5836294024073644,0.5836294024073644,0.0,0.0,0.5836294024073644,0.0,0.0,0.0,0.0,0.0,0.0
shallowconvnet,44,0,pool_nonlin_exp,0.982578243542287,0.986958746285628,0.982578243542287,0.986958746285628,4.420893485488736,-4.689783102219908,1.2514678602734464,0.0,0.0,0.0,0.0,1.8490417530436787e-14,0.004380502743341008
shallowconvnet,44,1,bnorm,0.019046965720714133,0.010315285527877367,0.004205230062273105,-0.00901004641111145,0.013111828969960212,-0.00010006835520455206,-0.008806530552482575,0.0,0.0,0.0,0.0,3.642919299551295e-15,-0.008731680192836766
shallowconvnet,44,1,conv_nonlin_exp,0.29531714610244375,0.287745118138736,0.29531714610244375,0.287745118138736,0.0007362908757388692,0.009524253018379154,0.2850566022083256,0.0,0.0,0.0,0.0,2.9629076969683865e-15,-0.007572027963707761
shallowconvnet,44,1,conv_time_spat,0.17654669048407418,0.010352573307920727,0.1741669006440027,-0.00895574316687694,0.18234217233400504,-0.001022773029467675,-0.007152498660534642,0.0,0.0,0.0,0.0,2.5673907444456745e-15,-0.16619411717615346
shallowconvnet,44,1,logits,0.902348358451173,0.9835022539162864,0.8999811638803821,0.9835022539162864,13.021922005893494,-19.558549768482614,7.4366089264695034,0.0,0.0,0.0,0.0,1.0574874309554618e-14,0.08115389546511342
shallowconvnet,44,1,pool,0.6356574258042698,0.6287710656100748,0.6356574258042698,0.6287710656100748,0.0021610173443263603,0.023694829387531022,0.6098015790724123,0.0,0.0,0.0,0.0,2.0261570199409107e-15,-0.006886360194194974
shallowconvnet,44,1,pool_nonlin_exp,0.8831761818740248,0.9771848969272195,0.8829787429538031,0.9771848969272195,11.568577978776256,-17.048943488859063,6.363344253036601,0.0,0.0,0.0,0.0,3.25208610041372e-14,0.09400871505319475
shallowconvnet,44,2,bnorm,0.02605788995073082,0.009980193482060569,0.013895106350429242,-0.008711014116568501,0.02249060478662045,-0.00019851943225303564,-0.008396979003938192,0.0,0.0,0.0,0.0,3.8614944575243726e-15,-0.01607769646867025
shallowconvnet,44,2,conv_nonlin_exp,0.2892999874392495,0.27677399101843,0.2892999874392495,0.27677399101843,0.0016889504893114837,0.01524284261602489,0.27236819433391307,0.0,0.0,0.0,0.0,2.9906632725840154e-15,-0.01252599642081953
shallowconvnet,44,2,conv_time_spat,0.327548674044392,0.009961792977713782,0.32746880042042203,-0.008631884051860808,0.3342015067150847,-0.001255813421203378,-0.005476892873459307,0.0,0.0,0.0,0.0,4.930084118726086e-15,-0.3175868810666782
shallowconvnet,44,2,logits,0.91316298154552,0.9859989750438114,0.91316298154552,0.9859989750438114,15.280954541996715,-23.591287125405934,9.223495564954737,0.0,0.0,0.0,0.0,5.8482949386040595e-15,0.0728359934982914
shallowconvnet,44,2,pool,0.6236103865332833,0.6139107971066082,0.6236103865332833,0.6139107971066082,0.004143232981193444,0.03702851180041517,0.5824386417516746,0.0,0.0,0.0,0.0,2.2360585605341043e-15,-0.009699589426675037
shallowconvnet,44,2,pool_nonlin_exp,0.8889402776957986,0.9713897062046828,0.8889402776957986,0.9713897062046828,9.686313910379557,-13.8436736325151,5.046299999831332,0.0,0.0,0.0,0.0,2.5235022405034613e-14,0.08244942850888415
shallowconvnet,44,5,bnorm,0.01694161986457949,0.009708180505669165,0.004008846865075811,-0.008833350293191652,0.012658255726395486,-1.061902162418347e-07,-0.008649302671103417,0.0,0.0,0.0,0.0,4.317726731706273e-15,-0.0072334393589103246
shallowconvnet,44,5,conv_nonlin_exp,0.2866033017531586,0.27987369737417434,0.2866033017531586,0.27987369737417434,0.0013875599817073498,0.008143735867983781,0.2770720059034674,0.0,0.0,0.0,0.0,3.020153571675621e-15,-0.0067296043789842885
shallowconvnet,44,5,conv_time_spat,0.3927011578303207,0.009602391292416315,0.3927011578303207,-0.008692450437409191,0.3984530457749357,-0.000882971119213653,-0.004868916825401245,0.0,0.0,0.0,0.0,4.6629367034256575e-15,-0.3830987665379044
shallowconvnet,44,5,logits,0.7697126487856482,0.9774317482404541,0.7434534820263411,0.9774317482404541,16.862665107490066,-27.02169279810786,10.902481172644135,0.0,0.0,0.0,0.0,9.637256270789152e-15,0.20771909945480593
shallowconvnet,44,5,pool,0.6181137716767587,0.6142176614600853,0.6181137716767587,0.6142176614600853,0.0034365340141417652,0.019708979715017106,0.5949682579475998,0.0,0.0,0.0,0.0,1.8769708010069053e-15,-0.003896110216673465
shallowconvnet,44,5,pool_nonlin_exp,0.8798540309342499,0.9847749477642701,0.8798540309342499,0.9847749477642701,15.495430781539026,-24.134881022041863,9.519304271437075,0.0,0.0,0.0,0.0,4.3477374478406716e-14,0.10492091683002025
shallowconvnet,44,10,bnorm,0.018228373159840203,0.008035193115260958,0.009823531364723354,-0.0070987769379892915,0.01676548942004927,-8.22385810224885e-05,-0.006859719474303397,0.0,0.0,0.0,0.0,4.1407849371566385e-15,-0.010193180044579244
shallowconvnet,44,10,conv_nonlin_exp,0.27481318336157007,0.26749413721578935,0.27481318336157007,0.26749413721578935,0.0011246670326007552,0.00856452016280314,0.26512399616616605,0.0,0.0,0.0,0.0,3.1363800445660672e-15,-0.0073190461457807166
shallowconvnet,44,10,conv_time_spat,0.25453046601598245,0.007924181017410922,0.25453046601598245,-0.006933395138782895,0.2595161462408341,-0.0003195438388129348,-0.004666136386038753,0.0,0.0,0.0,0.0,2.3800406090401793e-15,-0.2466062849985715
shallowconvnet,44,10,logits,0.767924131275048,0.9791007754503234,0.7641803279857461,0.9791007754503234,20.589625504889003,-33.49838848451447,13.672943307611218,0.0,0.0,0.0,0.0,8.865060378490663e-15,0.21117664417527537
shallowconvnet,44,10,pool,0.5924981099777837,0.5846603001724674,0.5924981099777837,0.5846603001724674,0.00298356319595196,0.020979365673408263,0.5685351811084234,0.0,0.0,0.0,0.0,1.8648277366750676e-15,-0.007837809805316343
shallowconvnet,44,10,pool_nonlin_exp,0.8749269939350979,0.979134827372828,0.8749269939350979,0.979134827372828,13.092571107809851,-19.89109289467312,7.673448780798352,0.0,0.0,0.0,0.0,3.9098932425041255e-14,0.1042078334377301
shallowconvnet,44,20,bnorm,0.03391229405796092,0.008354114854322617,0.02958507638711199,-0.007662990019566009,0.03688928911291266,-0.0001871961643602606,-0.007117016561440358,0.0,0.0,0.0,0.0,3.3029134982598407e-15,-0.025558179203638308
shallowconvnet,44,20,conv_nonlin_exp,0.27214126624206686,0.2557201992447519,0.27214126624206686,0.2557201992447519,0.00418333844462944,0.017343063525563893,0.2506148642718734,0.0,0.0,0.0,0.0,2.7478019859472624e-15,-0.016421066997314937
shallowconvnet,44,20,conv_time_spat,0.1266156953724703,0.008331896679529851,0.12650736583778102,-0.007616452790925783,0.1327462267583833,-0.0001392145691394955,-0.006099646351462709,0.0,0.0,0.0,0.0,3.094746681142624e-15,-0.11828379869294045
shallowconvnet,44,20,logits,0.4553111991597444,0.9396834191639934,0.332131051412963,0.9396834191639934,11.594236104613788,-22.18961668144243,10.927511628241604,0.0,0.0,0.0,0.0,8.010302490757404e-15,0.48437222000424907
shallowconvnet,44,20,pool,0.5845674129150742,0.5680794233346536,0.5845674129150742,0.5680794233346536,0.009148764223007809,0.04098514331920255,0.5344335053728637,0.0,0.0,0.0,0.0,1.7659484985443896e-15,-0.016487989580420637
shallowconvnet,44,20,pool_nonlin_exp,0.8786878699175351,0.9767202901854973,0.8786878699175351,0.9767202901854973,11.237012307780082,-16.629881025449937,6.271556587587383,0.0,0.0,0.0,0.0,2.983724378680108e-14,0.09803242026796222
shallowconvnet,45,0,bnorm,0.007407221494686491,0.007407221494686491,-0.006308313719121722,-0.006308313719121723,0.0,0.0,-0.006308313719121722,0.0,0.0,0.0,0.0,0.0,0.0
shallowconvnet,45,0,conv_nonlin_exp,0.2667650481348812,0.2667650481348812,0.2667650481348812,0.2667650481348812,0.0,0.0,0.2667650481348812,0.0,0.0,0.0,0.0,0.0,0.0
shallowconvnet,45,0,conv_time_spat,0.007407221503786683,0.0074072215037866785,-0.006308313732013722,-0.00630831373201372,0.0,0.0,-0.006308313732013722,0.0,0.0,0.0,0.0,0.0,-4.336808689942018e-18
shallowconvnet,45,0,logits,0.9774334147825182,0.9788990587380302,0.9774334147825182,0.9788990587380302,4.081381928125903,-4.18654609634432,1.082597583000935,0.0,0.0,0.0,0.0,7.73686670285656e-16,0.0014656439555119638
shallowconvnet,45,0,pool,0.5745163964200884,0.5745163964200883,0.5745163964200884,0.5745163964200883,0.0,0.0,0.5745163964200884,0.0,0.0,0.0,0.0,0.0,-1.1102230246251565e-16
shallowconvnet,45,0,pool_nonlin_exp,0.9837694445293139,0.985318419117549,0.9837694445293139,0.985318419117549,4.181373355177781,-4.322792542266173,1.1251886316176933,0.0,0.0,0.0,0.0,1.721192632864188e-14,0.001548974588235108
shallowconvnet,45,1,bnorm,0.024520368283637704,0.009041930626647432,0.015022743090146177,-0.0080932906180397,0.022452607495298038,0.0003156225411878645,-0.0077454869463397,0.0,0.0,0.0,0.0,3.344546861683284e-15,-0.015478437656990272
shallowconvnet,45,1,conv_nonlin_exp,0.2740701206080595,0.26440399903406,0.2740701206080595,0.26440399903406,0.002081904864684298,0.010720724654430682,0.2612674910889444,0.0,0.0,0.0,0.0,2.7582103268031233e-15,-0.009666121573999542
shallowconvnet,45,1,conv_time_spat,0.1596184033546657,0.009172254027730904,0.15876248685638036,-0.00816368810682545,0.16430448568229042,0.0008594631287102642,-0.006401461954620267,0.0,0.0,0.0,0.0,2.949029909160572e-15,-0.1504461493269348
shallowconvnet,45,1,logits,0.7204434688655039,0.9469700630119344,0.7095243070479937,0.9469700630119344,8.423683594121657,-13.282843510885723,5.56868422381206,0.0,0.0,0.0,0.0,3.2018658557841917e-15,0.2265265941464305
shallowconvnet,45,1,pool,0.5919258123755312,0.5814396641434336,0.5919258123755312,0.5814396641434336,0.005169749806212019,0.025958479635950563,0.5607975829333686,0.0,0.0,0.0,0.0,2.05911676598447e-15,-0.010486148232097592
shallowconvnet,45,1,pool_nonlin_exp,0.8946714328138777,0.9733986300147124,0.8946714328138777,0.9733986300147124,8.83962578738961,-12.34759510219617,4.40264074762043,0.0,0.0,0.0,0.0,2.106908397747631e-14,0.07872719720083465
shallowconvnet,45,2,bnorm,0.015012005503324648,0.009008530145617146,0.003051731207433534,-0.008024443125490383,0.010947475539234012,-4.201023338244588e-05,-0.007853734098418049,0.0,0.0,0.0,0.0,4.354155924701786e-15,-0.006003475357707502
shallowconvnet,45,2,conv_nonlin_exp,0.2666001264872817,0.2621855299940553,0.2666001264872817,0.2621855299940553,0.0005363980941070986,0.005361183911491862,0.2607025444816827,0.0,0.0,0.0,0.0,3.0687258290029718e-15,-0.004414596493226397
shallowconvnet,45,2,conv_time_spat,0.11600667093697532,0.009013063235617593,0.1145866531890664,-0.007986800672073033,0.12085920006105641,0.0003692001438973216,-0.006641747015887301,0.0,0.0,0.0,0.0,2.888314587501384e-15,-0.10699360770135773
shallowconvnet,45,2,logits,0.7262252544842834,0.9764222262446148,0.6961419514390249,0.9764222262446148,19.31791322687891,-31.9339937770035,13.312222501563616,0.0,0.0,0.0,0.0,7.444376061774283e-15,0.2501969717603314
shallowconvnet,45,2,pool,0.5759193793593507,0.5704996268899236,0.5759193793593507,0.5704996268899236,0.0017661454746736721,0.013644914527944129,0.5605083193567328,0.0,0.0,0.0,0.0,1.9402882078800587e-15,-0.005419752469427053
shallowconvnet,45,2,pool_nonlin_exp,0.8830302212185814,0.9803030947823974,0.8830302212185814,0.9803030947823974,11.844540097321172,-17.57127148607861,6.6097616099760135,0.0,0.0,0.0,0.0,2.9330704531815854e-14,0.09727287356381598
shallowconvnet,45,5,bnorm,0.011958006103603412,0.00881234781904045,-0.0004127792267794617,-0.007899596408056962,0.007373190993039735,-3.6393123857654632e-06,-0.0077823309074334405,0.0,0.0,0.0,0.0,4.560588018343026e-15,-0.0031456582845629626
shallowconvnet,45,5,conv_nonlin_exp,0.2745942006381377,0.2719816923282531,0.2745942006381377,0.2719816923282531,0.00030343971960389646,0.003256268216787878,0.27103449270174584,0.0,0.0,0.0,0.0,3.2491370705045597e-15,-0.0026125083098846313
shallowconvnet,45,5,conv_time_spat,0.14340415481429772,0.008920677298708634,0.1431597956443539,-0.007975642604010182,0.14926645048040463,0.0002188728072480105,-0.006325527643298694,0.0,0.0,0.0,0.0,2.248201624865942e-15,-0.1344834775155891
shallowconvnet,45,5,logits,0.5333922480353909,0.6580656515983607,0.4052466992971164,0.6403332929789134,3.946132077304374,-5.430289339404276,1.8894039613970188,0.0,0.0,0.0,0.0,1.4703949863248411e-15,0.12467340356296985
shallowconvnet,45,5,pool,0.5932761128405304,0.5901339200552551,0.5932761128405304,0.5901339200552551,0.0010301045588394452,0.008387052575997691,0.5838589557056932,0.0,0.0,0.0,0.0,1.8925833122906965e-15,-0.0031421927852752773
shallowconvnet,45,5,pool_nonlin_exp,0.8813951719546634,0.9815685386278581,0.8813951719546634,0.9815685386278581,13.107754593386035,-19.744583682803363,7.518224261371973,0.0,0.0,0.0,0.0,4.08457989653499e-14,0.10017336667319465
shallowconvnet,45,10,bnorm,0.019529147164041295,0.008504085460876833,0.011307268650837343,-0.007656824234638672,0.018637225164122924,5.1102304503647015e-05,-0.007381058817789195,0.0,0.0,0.0,0.0,3.589142871796014e-15,-0.011025061703164462
shallowconvnet,45,10,conv_nonlin_exp,0.27635119116233386,0.26856285054303414,0.27635119116233386,0.26856285054303414,0.0018218978484696744,0.00853581330524888,0.2659934800086153,0.0,0.0,0.0,0.0,2.8484159475539172e-15,-0.007788340619299727
shallowconvnet,45,10,conv_time_spat,0.09345153829594396,0.00843710175973652,0.09252588222829022,-0.007568941054062073,0.09897804539547532,-8.916362949013814e-06,-0.006443246804236047,0.0,0.0,0.0,0.0,2.1545265571631944e-15,-0.08501443653620744
shallowconvnet,45,10,logits,0.7250539734418556,0.9633790380667528,0.7146776398737452,0.9633790380667528,13.141304854090167,-20.417964988113567,7.991337773897144,0.0,0.0,0.0,0.0,5.56325818745762e-15,0.23832506462489722
shallowconvnet,45,10,pool,0.5985956225640365,0.5897164924651213,0.5985956225640365,0.5897164924651213,0.004606359861413067,0.020793098921044535,0.5731961637815789,0.0,0.0,0.0,0.0,1.9029916531465574e-15,-0.008879130098915278
shallowconvnet,45,10,pool_nonlin_exp,0.8767651186343131,0.978018266171349,0.8767651186343131,0.978018266171349,11.895778040262782,-17.72075892678763,6.701746005159145,0.0,0.0,0.0,0.0,4.002007059078494e-14,0.10125314753703596
shallowconvnet,45,20,bnorm,0.03275821580077054,0.008086469461425407,0.028390200883932053,-0.007373011111249784,0.035231220975201115,3.933564148220058e-05,-0.006880355732751211,0.0,0.0,0.0,0.0,2.5240226575462543e-15,-0.024671746339345133
shallowconvnet,45,20,conv_nonlin_exp,0.2665479898075914,0.2518596113052384,0.2665479898075914,0.2518596113052384,0.003630733878825484,0.015451239649623433,0.24746601627914241,0.0,0.0,0.0,0.0,2.725250580759564e-15,-0.01468837850235305
shallowconvnet,45,20,conv_time_spat,0.18323005414058824,0.007998243867414162,0.18323005414058824,-0.007277345084861108,0.1882953907930281,0.00029017180412328433,-0.0053555084565631746,0.0,0.0,0.0,0.0,2.1527918336872176e-15,-0.17523181027317408
shallowconvnet,45,20,logits,0.6757116758588355,0.9046369245709907,0.6532022532297999,0.9046369245709907,7.439141196054838,-10.805775141015031,4.019836198189993,0.0,0.0,0.0,0.0,2.799884347808035e-15,0.22892524871215514
shallowconvnet,45,20,pool,0.5756584121807585,0.5588624540338059,0.5756584121807585,0.5588624540338059,0.007883221850639936,0.0368322664226622,0.5309429239074562,0.0,0.0,0.0,0.0,1.8023776915399026e-15,-0.016795958146952672
shallowconvnet,45,20,pool_nonlin_exp,0.8772478911139651,0.9643596348474348,0.8772478911139651,0.9643596348474348,8.403876734938729,-11.611134627975387,4.084505784150612,0.0,0.0,0.0,0.0,2.36876490644633e-14,0.08711174373346975
shallowconvnet,46,0,bnorm,0.007603832610379779,0.007603832610379775,-0.006674871813582341,-0.006674871813582339,0.0,0.0,-0.006674871813582341,0.0,0.0,0.0,0.0,0.0,-4.336808689942018e-18
shallowconvnet,46,0,conv_nonlin_exp,0.269099774361441,0.269099774361441,0.269099774361441,0.269099774361441,0.0,0.0,0.269099774361441,0.0,0.0,0.0,0.0,0.0,0.0
shallowconvnet,46,0,conv_time_spat,0.007603832592798666,0.007603832592798664,-0.006674871796599333,-0.006674871796599331,0.0,0.0,-0.006674871796599333,0.0,0.0,0.0,0.0,0.0,-1.734723475976807e-18
shallowconvnet,46,0,logits,0.9971279020839587,0.9973802370860347,0.9971279020839587,0.9973802370860347,4.226909618451008,-4.360129380458147,1.1303476640910979,0.0,0.0,0.0,0.0,8.847089727481716e-16,0.00025233500207599846
shallowconvnet,46,0,pool,0.5810148010242172,0.5810148010242172,0.5810148010242172,0.5810148010242172,0.0,0.0,0.5810148010242172,0.0,0.0,0.0,0.0,0.0,0.0
shallowconvnet,46,0,pool_nonlin_exp,0.9834613489780826,0.9861110823778323,0.9834613489780826,0.9861110823778323,4.2362231663674095,-4.406575641410849,1.1538138240215103,0.0,0.0,0.0,0.0,1.611905053877649e-14,0.0026497333997497208
shallowconvnet,46,1,bnorm,0.013742106263556724,0.009375635986547533,0.001272499106325711,-0.008168642676658622,0.009355814768822987,-7.807689336043305e-05,-0.008005238769136848,0.0,0.0,0.0,0.0,3.587408148320037e-15,-0.004366470277009191
shallowconvnet,46,1,conv_nonlin_exp,0.2925672442383306,0.288798255445022,0.2925672442383306,0.288798255445022,0.0003892782092045164,0.004772704810023004,0.28740526121910304,0.0,0.0,0.0,0.0,3.013214677771714e-15,-0.0037689887933085586
shallowconvnet,46,1,conv_time_spat,0.050831282057817624,0.00939155226794835,0.045508736152426635,-0.008130811839253961,0.052880093124190806,4.915387715633527e-05,-0.007420510848920492,0.0,0.0,0.0,0.0,2.6002420702719853e-15,-0.041439729789869276
shallowconvnet,46,1,logits,0.9731752547522394,0.9963195261795076,0.9731752547522394,0.9963195261795076,14.270452765856506,-21.387294441193482,8.090016930089217,0.0,0.0,0.0,0.0,4.8242659866915005e-15,0.02314427142726816
shallowconvnet,46,1,pool,0.6288238403864581,0.6250623067916051,0.6288238403864581,0.6250623067916051,0.0014395036929243472,0.012452755182782764,0.6149315815107509,0.0,0.0,0.0,0.0,1.8925833122906965e-15,-0.0037615335948529838
shallowconvnet,46,1,pool_nonlin_exp,0.9046027350791215,0.983532034924982,0.9046027350791215,0.983532034924982,11.031731313612335,-16.05890421750703,5.931775638973808,0.0,0.0,0.0,0.0,2.5661764380124907e-14,0.0789292998458605
shallowconvnet,46,2,bnorm,0.010822773009175127,0.009449645253082447,-0.003404265519660287,-0.008174209148823249,0.004687976960851894,3.2207155558306362e-06,-0.00809546319606805,0.0,0.0,0.0,0.0,4.640385298237959e-15,-0.0013731277560926798
shallowconvnet,46,2,conv_nonlin_exp,0.28820318186526966,0.28647636649142794,0.28820318186526966,0.28647636649142794,0.00011440265647826893,0.0022957880739919003,0.28579299113479945,0.0,0.0,0.0,0.0,3.2786273695961654e-15,-0.001726815373841728
shallowconvnet,46,2,conv_time_spat,0.07838468225899209,0.00958332159832326,0.07536308294189302,-0.008206968606980879,0.08223603110222302,0.0003188269018289091,-0.00719177506215893,0.0,0.0,0.0,0.0,1.951563910473908e-15,-0.06880136066066883
shallowconvnet,46,2,logits,0.9646752850407979,0.9961656130521395,0.9646752850407979,0.9961656130521395,17.455600257500855,-27.1665524440718,10.675627471611744,0.0,0.0,0.0,0.0,5.1035564663237665e-15,0.03149032801134155
shallowconvnet,46,2,pool,0.6193050189222422,0.6175805914986366,0.6193050189222422,0.6175805914986366,0.00047518167331341417,0.006311632937327553,0.6125182043116012,0.0,0.0,0.0,0.0,1.844011054963346e-15,-0.0017244274236055679
shallowconvnet,46,2,pool_nonlin_exp,0.8888447098546023,0.9874842179245614,0.8888447098546023,0.9874842179245614,15.412438921368917,-23.84546896984454,9.321874758330198,0.0,0.0,0.0,0.0,4.8574859412564564e-14,0.09863950806995914
shallowconvnet,46,5,bnorm,0.013893030363984083,0.008804677614815983,0.002690870303905981,-0.007803542996075358,0.010419890726592454,-8.089602411559507e-05,-0.007648124398570887,0.0,0.0,0.0,0.0,3.804248582817138e-15,-0.0050883527491681
shallowconvnet,46,5,conv_nonlin_exp,0.27332510257564235,0.2689679596768682,0.27332510257564235,0.2689679596768682,0.0007129275927431557,0.005141765012319927,0.26747040997057925,0.0,0.0,0.0,0.0,3.0427049768633196e-15,-0.004357142898774147
shallowconvnet,46,5,conv_time_spat,0.10059445420777165,0.008721148276562589,0.09965082404227663,-0.007674084313650332,0.10661336694638004,-0.00046638872924897976,-0.0064961541748543555,0.0,0.0,0.0,0.0,2.3175905639050143e-15,-0.09187330593120906
shallowconvnet,46,5,logits,0.9236125449157245,0.9871877923906318,0.9236125449157245,0.9871877923906318,13.57351002377233,-20.386487338360073,7.736589859503469,0.0,0.0,0.0,0.0,4.442626821976603e-15,0.06357524747490728
shallowconvnet,46,5,pool,0.5848349364655869,0.5800029040186824,0.5848349364655869,0.5800029040186824,0.0021011041714477864,0.012749506015683752,0.5699843262784553,0.0,0.0,0.0,0.0,1.7555401576885288e-15,-0.004832032446904555
shallowconvnet,46,5,pool_nonlin_exp,0.8799154965262207,0.9807844598701934,0.8799154965262207,0.9807844598701934,11.89603994295728,-17.641996032871706,6.625871586440636,0.0,0.0,0.0,0.0,2.799843690226567e-14,0.10086896334397266
shallowconvnet,46,10,bnorm,0.017420318451241066,0.007874681231753155,0.009582028032074195,-0.007023500757264938,0.016463084809025988,-9.139041692306201e-05,-0.006789666360028701,0.0,0.0,0.0,0.0,3.616898447411643e-15,-0.009545637219487911
shallowconvnet,46,10,conv_nonlin_exp,0.2632371501982807,0.25694127448904197,0.2632371501982807,0.25694127448904197,0.0011430994809008097,0.007128291189863342,0.2549657595275165,0.0,0.0,0.0,0.0,3.1450536619459513e-15,-0.00629587570923873
shallowconvnet,46,10,conv_time_spat,0.1099357614379724,0.007868279880396031,0.10967947338117905,-0.006974421516141327,0.1159621536865333,-0.0005231489039741366,-0.00575953140138012,0.0,0.0,0.0,0.0,2.373101715136272e-15,-0.10206748155757638
shallowconvnet,46,10,logits,0.8454811687913659,0.9726530861933349,0.8447861338342553,0.9726530861933349,12.443565262386358,-18.58370490834797,6.984925779795868,0.0,0.0,0.0,0.0,3.3922517572726463e-15,0.12717191740196898
shallowconvnet,46,10,pool,0.5647469308243798,0.5569649719632256,0.5647469308243798,0.5569649719632256,0.003118604095686479,0.017475098402506797,0.5441532283261864,0.0,0.0,0.0,0.0,1.7572748811645056e-15,-0.007781958861154181
shallowconvnet,46,10,pool_nonlin_exp,0.8745415646071862,0.976900724080815,0.8745415646071862,0.976900724080815,10.934956687555719,-16.044989978115233,5.984574855166694,0.0,0.0,0.0,0.0,2.6614127568436174e-14,0.10235915947362872
shallowconvnet,46,20,bnorm,0.02822364609839817,0.00790586760654864,0.023435528614329064,-0.0072739679695804135,0.03040024091974238,-0.00012201117851374495,-0.00684270112689951,0.0,0.0,0.0,0.0,3.247402347028583e-15,-0.020317778491849528
shallowconvnet,46,20,conv_nonlin_exp,0.2527893195456506,0.24098934640329678,0.2527893195456506,0.24098934640329678,0.0028185225068959206,0.012164820151268258,0.2378059768874863,0.0,0.0,0.0,0.0,2.9819896552041314e-15,-0.011799973142353815
shallowconvnet,46,20,conv_time_spat,0.21442008118900516,0.007869260067908312,0.21442008118900516,-0.007219608208484881,0.22035511088477716,-0.0008731993224836883,-0.005061830373288254,0.0,0.0,0.0,0.0,2.9438257387326416e-15,-0.20655082112109685
shallowconvnet,46,20,logits,0.7514673971841246,0.9563359800244298,0.7461146857187811,0.9563359800244298,11.1781751271235,-16.65500690994398,6.222946468539263,0.0,0.0,0.0,0.0,3.22593514401337e-15,0.20486858284030518
shallowconvnet,46,20,pool,0.5422862305725895,0.526851907055534,0.5422862305725895,0.526851907055534,0.006478999598197465,0.028788602202845338,0.5070186287715466,0.0,0.0,0.0,0.0,1.8327353523694967e-15,-0.015434323517055537
shallowconvnet,46,20,pool_nonlin_exp,0.8710499577598034,0.973039251402681,0.8710499577598034,0.973039251402681,10.022102594235859,-14.557495574451371,5.406442937975306,0.0,0.0,0.0,0.0,2.6177844614228007e-14,0.10198929364287757
tsception,41,0,batch_spatial_lay,0.7472738048915836,0.39674019000054733,0.7472738048915836,0.39674019000054733,0.5889167171292355,0.054916982150582785,0.10344010561176394,0.0,0.0,0.0,0.0,4.24313362223927e-15,-0.35053361489103624
tsception,41,0,batch_temporal_lay,0.5349652149520291,0.17193668961166045,0.5349652149520291,0.17174003392129208,0.41432762318782,0.046808955258046445,0.07382863650616166,0.0,0.0,0.0,0.0,5.67774993687209e-15,-0.36302852534036867
tsception,41,0,dense_layer,0.8218336641327724,0.3668024517672033,0.8218336641327724,0.366045157107089,0.7458408062498769,0.010083308859839081,0.06590954902305626,0.0,0.0,0.0,0.0,3.0878077872387166e-16,-0.4550312123655691
tsception,41,0,logits,0.9752219926984628,0.4496913995701869,0.9752219926984628,0.13433246984633165,1.0652800999189826,-0.09383797090857034,0.0037798636880504812,0.0,0.0,0.0,0.0,1.7520707107365752e-16,-0.5255305931282759
tsception,41,0,spatial_block_1,0.7425690604605176,0.34019177659420613,0.7425690604605176,0.3398633530042054,0.5114481408605128,0.13827980450115587,0.09284111509884821,0.0,0.0,0.0,0.0,1.3183898417423734e-15,-0.4023772838663115
tsception,41,0,spatial_block_2,0.8767474274680179,0.42440992366601604,0.8767474274680179,0.42440992366601604,0.6372559795908916,0.18466546916427568,0.05482597871285068,0.0,0.0,0.0,0.0,1.9376861226660935e-15,-0.4523375038020019
tsception,41,0,temporal_blocks.0,0.5731246919004638,0.2144716954533316,0.5731246919004638,0.21427146005747072,0.35184459275514046,0.12861744021890914,0.0926626589264132,0.0,0.0,0.0,0.0,5.172945405362839e-15,-0.35865299644713217
tsception,41,0,temporal_blocks.2,0.6711237813856102,0.16050766396140198,0.6711237813856102,0.1603830357314722,0.564944230145123,0.06510868236700858,0.04107086887347748,0.0,0.0,0.0,0.0,6.293576770843856e-15,-0.5106161174242083
tsception,41,1,batch_spatial_lay,0.8591732570048011,0.33983938812643116,0.8591732570048011,0.3395483387237245,1.0780581293945473,-0.24572365798118884,0.02683878559144047,0.0,0.0,0.0,0.0,5.006411951669065e-15,-0.51933386887837
tsception,41,1,batch_temporal_lay,0.7428818555688327,0.2096752158727401,0.7428818555688327,0.20958578489578444,0.9992947931904699,-0.2949751459596871,0.03856220833804675,0.0,0.0,0.0,0.0,1.1411011024975437e-14,-0.5332066396960926
tsception,41,1,dense_layer,0.6924026480631633,0.6930520307583385,0.6924026480631633,0.6636834611651854,1.9752483258323283,-1.9509184346950965,0.6680727569259314,0.0,0.0,0.0,0.0,1.9480944635219544e-15,0.0006493826951752268
tsception,41,1,logits,0.8736260861555291,0.7956975232201531,0.8068436878976294,0.7664955769399068,0.891369211120196,-0.28831001797861616,0.20378449475604957,0.0,0.0,0.0,0.0,2.0643209364124004e-16,-0.07792856293537598
tsception,41,1,spatial_block_1,0.8782292869528868,0.3146884428484935,0.8782292869528868,0.31373935805277453,1.071956610832933,-0.21575601648368806,0.02202869260364256,0.0,0.0,0.0,0.0,2.546574062733953e-15,-0.5635408441043933
tsception,41,1,spatial_block_2,0.884343976550073,0.3372754082782365,0.884343976550073,0.33625837067516096,1.0845509351641747,-0.22057773063632266,0.020370772022220617,0.0,0.0,0.0,0.0,1.7416623698807143e-15,-0.5470685682718366
tsception,41,1,temporal_blocks.0,0.5578170788717949,0.23197230449945494,0.5578170788717949,0.2317684801773853,0.3130136624058766,0.1394848005125394,0.10531861595337816,0.0,0.0,0.0,0.0,4.505076867111768e-15,-0.32584477437233994
tsception,41,1,temporal_blocks.2,0.676886415813853,0.1803404178222178,0.676886415813853,0.1803404178222178,0.5829450819269486,0.0488987148305473,0.04504261905635603,0.0,0.0,0.0,0.0,6.140921104957897e-15,-0.49654599799163524
tsception,41,2,batch_spatial_lay,0.7561255032430269,0.32070619874564715,0.7561255032430269,0.32058884361680423,1.0381409605414826,-0.3364364440356994,0.0544209867372418,0.0,0.0,0.0,0.0,2.9351521213527576e-15,-0.4354193044973797
tsception,41,2,batch_temporal_lay,0.7216966119154556,0.19559506770808593,0.7216966119154556,0.19546700504826345,0.9785475365979578,-0.2972613590940802,0.040410434411574825,0.0,0.0,0.0,0.0,1.1391929066739692e-14,-0.5261015442073698
tsception,41,2,dense_layer,0.8703007027697098,0.8191518595242263,0.8703007027697098,0.8186939249833269,2.215064586429311,-1.7158684306456515,0.37110454698605033,0.0,0.0,0.0,0.0,1.5612511283791264e-15,-0.05114884324548352
tsception,41,2,logits,0.8986368794167154,0.8475908580247099,0.887575769643558,0.8466195349133033,3.043591377785917,-2.7476443324361015,0.5916287242937424,0.0,0.0,0.0,0.0,1.9266272605067414e-15,-0.051046021392005536
tsception,41,2,spatial_block_1,0.875166377801977,0.44426663134470656,0.875166377801977,0.44415442685750095,1.2051226147848444,-0.3713460809773291,0.041389843994462085,0.0,0.0,0.0,0.0,1.6393136847980827e-15,-0.43089974645727047
tsception,41,2,spatial_block_2,0.8282549277619464,0.2508522839669204,0.8282549277619464,0.25023993834354513,1.0151365294031653,-0.21287457677493085,0.02599297513371175,0.0,0.0,0.0,0.0,2.7946395197986362e-15,-0.577402643795026
tsception,41,2,temporal_blocks.0,0.5524849681939559,0.22973721024714047,0.5524849681939559,0.22951537206882983,0.29813011343803586,0.14816492269265444,0.10618993206326513,0.0,0.0,0.0,0.0,3.4243441415782172e-15,-0.32274775794681543
tsception,41,2,temporal_blocks.2,0.6636100025860937,0.18520158119735358,0.6636100025860937,0.18520158119735358,0.5546035311807849,0.05909818206448394,0.04990828934082431,0.0,0.0,0.0,0.0,4.720182578132892e-15,-0.4784084213887401
tsception,41,5,batch_spatial_lay,0.6848536532681144,0.24033883978193205,0.6848536532681144,0.2396472108558462,0.9693130071569548,-0.3401989411004903,0.05573958721164854,0.0,0.0,0.0,0.0,2.6367796834847468e-15,-0.4445148134861824
tsception,41,5,batch_temporal_lay,0.6900705900732368,0.18193710405107905,0.6900705900732368,0.1817976930205657,0.9504763131003462,-0.30032013247301065,0.039914409445898344,0.0,0.0,0.0,0.0,1.1907141939104804e-14,-0.5081334860221578
tsception,41,5,dense_layer,0.737673422800021,0.370890525832584,0.737673422800021,0.2988400592570329,1.147253112704821,-0.4949157518149289,0.08533606191012892,0.0,0.0,0.0,0.0,5.733261088103347e-16,-0.36678289696743704
tsception,41,5,logits,0.6628872162765229,0.5652256748701487,0.615580962014968,0.1173379577507213,0.6395928833171607,-0.08056688327840104,0.05655496197620838,0.0,0.0,0.0,0.0,1.8908485888147197e-16,-0.09766154140637417
tsception,41,5,spatial_block_1,0.7834593707897063,0.25126843773812546,0.7834593707897063,0.24947548483479415,1.0208479690884944,-0.2793859967508702,0.041997398452081044,0.0,0.0,0.0,0.0,1.6878859421254333e-15,-0.5321909330515808
tsception,41,5,spatial_block_2,0.805465274081825,0.21647256521494257,0.805465274081825,0.21633313010962857,0.9506935800148056,-0.1732259862435262,0.027997680310544164,0.0,0.0,0.0,0.0,2.699229728619912e-15,-0.5889927088668825
tsception,41,5,temporal_blocks.0,0.5394613233445273,0.21715610844733124,0.5394613233445273,0.21685705183865303,0.28227809018072275,0.15575658277351434,0.1014266503902897,0.0,0.0,0.0,0.0,3.5648567431323386e-15,-0.3223052148971961
tsception,41,5,temporal_blocks.2,0.6321469930922246,0.15457054494879113,0.6321469930922246,0.15448560760843366,0.5189145262407558,0.07147245537757355,0.04176001147389479,0.0,0.0,0.0,0.0,4.9057979900624105e-15,-0.4775764481434334
tsception,41,10,batch_spatial_lay,0.6544252344988596,0.23082025789356064,0.6544252344988596,0.2305172548272139,0.9715986236319031,-0.37397351678917123,0.056800127656125236,0.0,0.0,0.0,0.0,4.919675777870225e-15,-0.42360497660529894
tsception,41,10,batch_temporal_lay,0.6530933335124539,0.19143258882336817,0.6530933335124539,0.1913387087837668,0.9273176099398657,-0.31845992898771697,0.04423565256030189,0.0,0.0,0.0,0.0,1.24310284288498e-14,-0.46166074468908574
tsception,41,10,dense_layer,0.7103024295960807,0.5463858941020867,0.7102968702001372,0.5376164207418249,1.6382910748609145,-1.1703027921387006,0.24230858747792328,0.0,0.0,0.0,0.0,9.686262208985497e-16,-0.163916535493994
tsception,41,10,logits,0.666799018895068,0.5276380722897775,0.6018486250254579,0.20661744443871388,1.2522199452174079,-0.7690857082446108,0.11871438805266082,0.0,0.0,0.0,0.0,3.349100510807723e-16,-0.13916094660529044
tsception,41,10,spatial_block_1,0.8206880812836935,0.27514938127422517,0.8206880812836935,0.27508790565490865,1.1354313381199472,-0.34793689227587443,0.03319363543962155,0.0,0.0,0.0,0.0,3.838943052336674e-15,-0.5455387000094684
tsception,41,10,spatial_block_2,0.7778429981485351,0.18376681115523658,0.7778429981485351,0.18257038180027146,0.8995058299054677,-0.15042250046080552,0.028759668703873,0.0,0.0,0.0,0.0,1.2975731600306517e-15,-0.5940761869932984
tsception,41,10,temporal_blocks.0,0.5307840236616228,0.23750948846321815,0.5307840236616228,0.23750948846321815,0.3025987864815213,0.1222980718245947,0.10588716535550553,0.0,0.0,0.0,0.0,5.521624824034177e-15,-0.29327453519840463
tsception,41,10,temporal_blocks.2,0.6086754639058432,0.16406316450602304,0.6086754639058432,0.16400851322118015,0.49597338211733194,0.06615208153064243,0.046550000257868394,0.0,0.0,0.0,0.0,6.5156213757688874e-15,-0.4446122993998201
tsception,41,20,batch_spatial_lay,0.6177394792804292,0.2480001328257171,0.6177394792804292,0.2479985304933951,0.9344270978512491,-0.38674553563621283,0.07005791706539255,0.0,0.0,0.0,0.0,2.114627917215728e-15,-0.36973934645471207
tsception,41,20,batch_temporal_lay,0.6294832418433779,0.19085512069772775,0.6294832418433779,0.19075729417918585,0.9017311971618485,-0.31850510674487525,0.04625715142640283,0.0,0.0,0.0,0.0,1.0562731245222778e-14,-0.43862812114565014
tsception,41,20,dense_layer,0.5925346996921833,0.5089888931740243,0.5924366253861689,0.4972789574797751,1.8439823289003225,-1.6980327975270981,0.4464870940129444,0.0,0.0,0.0,0.0,1.317522480004385e-15,-0.08354580651815902
tsception,41,20,logits,0.6817013563575486,0.7059788321098432,0.5673936334902472,0.5602741729115285,3.4259427417200468,-4.180250637033966,1.3217015288041665,0.0,0.0,0.0,0.0,2.255682619856092e-15,0.024277475752294664
tsception,41,20,spatial_block_1,0.795640441140656,0.28308612193041693,0.795640441140656,0.2822522459055545,1.1565924903680387,-0.403270994940778,0.04231894571339552,0.0,0.0,0.0,0.0,2.192690473634684e-15,-0.5125543192102391
tsception,41,20,spatial_block_2,0.7419303019222427,0.2505047897513767,0.7419303019222427,0.2505047897513767,0.8512935160771392,-0.15608743774801567,0.04672422359311874,0.0,0.0,0.0,0.0,1.8908485888147197e-15,-0.49142551217086605
tsception,41,20,temporal_blocks.0,0.5290886832770103,0.23749294728290926,0.5290886832770103,0.23749294728290926,0.3145765742150853,0.11623427575905267,0.09827783330287176,0.0,0.0,0.0,0.0,3.094746681142624e-15,-0.29159573599410105
tsception,41,20,temporal_blocks.2,0.6139136809340049,0.1405157382288598,0.6139136809340049,0.1402818869543117,0.5202438404444205,0.05642844787750694,0.037241392612077165,0.0,0.0,0.0,0.0,6.271025365656158e-15,-0.4733979427051451
tsception,42,0,batch_spatial_lay,0.687140415242349,0.3042991990784032,0.687140415242349,0.3042991990784032,0.5753820735347527,0.02201088840551527,0.08974745330208117,0.0,0.0,0.0,0.0,2.0903417885520525e-15,-0.38284121616394584
tsception,42,0,batch_temporal_lay,0.5265169720173904,0.19748974608918982,0.5265169720173904,0.19737562128111147,0.3933935568803271,0.04125678693239468,0.0918666282046672,0.0,0.0,0.0,0.0,6.4878658001532585e-15,-0.32902722592820066
tsception,42,0,dense_layer,0.7974228217046413,0.3147833115316445,0.7974228217046413,0.31270896023129063,0.6619807625908212,0.07281066190603147,0.0626313972077885,0.0,0.0,0.0,0.0,3.5214886562329184e-16,-0.4826395101729968
tsception,42,0,logits,0.9897090687741258,0.4593900047389997,0.9897090687741258,0.13235764076609877,0.9692959170726829,0.01936393067387323,0.0010492210275696201,0.0,0.0,0.0,0.0,1.4918621893400539e-16,-0.5303190640351261
tsception,42,0,spatial_block_1,0.6670097882104222,0.22919891573593737,0.6670097882104222,0.22858719111972078,0.7588840350179246,-0.16736396367371115,0.07548971686620864,0.0,0.0,0.0,0.0,1.2993078835066285e-15,-0.43781087247448486
tsception,42,0,spatial_block_2,0.8274677662821527,0.3225955702993341,0.8274677662821527,0.3225102814149549,0.5837120663683572,0.18962348755202857,0.05413221236176702,0.0,0.0,0.0,0.0,2.473715676742927e-15,-0.5048721959828186
tsception,42,0,temporal_blocks.0,0.5975352434967355,0.26483437394866116,0.5975352434967355,0.26483437394866116,0.32929286530584223,0.15239245941875718,0.11584991877213506,0.0,0.0,0.0,0.0,7.0186911838021615e-15,-0.3327008695480743
tsception,42,0,temporal_blocks.2,0.657637230476561,0.10704593413002175,0.657637230476561,0.10586074593329613,0.5416648106083264,0.08149394452428645,0.03447847534394755,0.0,0.0,0.0,0.0,3.6186331708876196e-15,-0.5505912963465392
tsception,42,1,batch_spatial_lay,0.879171092867887,0.3807743155264166,0.879171092867887,0.3807189792091996,1.0652502686141017,-0.22016493541133567,0.034085759665120084,0.0,0.0,0.0,0.0,2.6229018956769323e-15,-0.49839677734147037
tsception,42,1,batch_temporal_lay,0.7687837189613297,0.18500294689355837,0.7687837189613297,0.18476523937346523,0.9808872485980088,-0.2439763753973056,0.03187284576062328,0.0,0.0,0.0,0.0,1.074661193367632e-14,-0.5837807720677713
tsception,42,1,dense_layer,0.9444622144416831,0.8117615776390087,0.9444622144416831,0.8003618809669549,1.3004038703700864,-0.5065949106328633,0.15065325470446017,0.0,0.0,0.0,0.0,8.101158632811689e-16,-0.1327006368026744
tsception,42,1,logits,0.9703519329664739,0.8904122039106003,0.9703519329664739,0.830442601607829,1.538435187853046,-0.6870614013119627,0.11897814642539055,0.0,0.0,0.0,0.0,2.220446049250313e-16,-0.07993972905587365
tsception,42,1,spatial_block_1,0.951055696210471,0.4640021463010616,0.951055696210471,0.45951662452706804,1.148991039459303,-0.21835953886941628,0.02042419562058314,0.0,0.0,0.0,0.0,1.8578888427711604e-15,-0.4870535499094094
tsception,42,1,spatial_block_2,0.865585736871346,0.27799518232026504,0.865585736871346,0.27790100366714815,0.9906151449215924,-0.1477645025602271,0.022735094509981117,0.0,0.0,0.0,0.0,1.8370721610594387e-15,-0.5875905545510809
tsception,42,1,temporal_blocks.0,0.5992097439715952,0.24410851585167384,0.5992097439715952,0.24407336394436896,0.32768274208034487,0.16864427860989722,0.10288272328135284,0.0,0.0,0.0,0.0,6.673481212082777e-15,-0.3551012281199214
tsception,42,1,temporal_blocks.2,0.6732049264455252,0.10586320612848998,0.6732049264455252,0.10459408497318351,0.5654899957870898,0.07743414872815144,0.030280781930282937,0.0,0.0,0.0,0.0,4.7444687067965674e-15,-0.5673417203170352
tsception,42,2,batch_spatial_lay,0.7838484153525668,0.4454937627081737,0.7838484153525668,0.4454937627081737,1.1141307658622217,-0.4082806000859969,0.0779982495763404,0.0,0.0,0.0,0.0,3.936087566991375e-15,-0.3383546526443931
tsception,42,2,batch_temporal_lay,0.754188647373471,0.21529812668875561,0.754188647373471,0.21519277204102324,0.9951634005249297,-0.27944379264080804,0.03846903948934615,0.0,0.0,0.0,0.0,1.1091821905395705e-14,-0.5388905206847154
tsception,42,2,dense_layer,0.8798525469015497,0.7411630912188744,0.8798525469015497,0.7411630912188744,1.6712500493246647,-0.9768133526790792,0.1854158502559642,0.0,0.0,0.0,0.0,1.1032841307212493e-15,-0.13868945568267532
tsception,42,2,logits,0.9338565934210703,0.8400683431778307,0.9338565934210703,0.8391962738012495,1.6813541252970077,-0.9163915162858619,0.16889398440992456,0.0,0.0,0.0,0.0,3.478120569333498e-16,-0.09378825024323956
tsception,42,2,spatial_block_1,0.8944253337966775,0.5834908978754545,0.8944253337966775,0.583335760423759,1.3317398382793455,-0.5000021222030825,0.06268761772041467,0.0,0.0,0.0,0.0,1.996666720849305e-15,-0.31093443592122305
tsception,42,2,spatial_block_2,0.7225588589837,0.2869425838780168,0.7225588589837,0.2867790672334332,0.7837143384167293,-0.12850187928864595,0.06734639985561656,0.0,0.0,0.0,0.0,1.6115581091824538e-15,-0.4356162751056832
tsception,42,2,temporal_blocks.0,0.5602478137432217,0.2691656266175459,0.5602478137432217,0.2691656266175459,0.2629489524693302,0.16682245974678123,0.13047640152710988,0.0,0.0,0.0,0.0,6.1547988927657116e-15,-0.29108218712567585
tsception,42,2,temporal_blocks.2,0.6446397510985903,0.10962087859838011,0.6446397510985903,0.10836627922872143,0.5257264439470591,0.08126590204817845,0.03764740510335205,0.0,0.0,0.0,0.0,3.101685575046531e-15,-0.5350188725002102
tsception,42,5,batch_spatial_lay,0.7293629483610452,0.43036466981477467,0.7293629483610452,0.43036466981477467,1.2163871439815626,-0.5898399632122954,0.10281576759177738,0.0,0.0,0.0,0.0,2.959438250016433e-15,-0.29899827854627054
tsception,42,5,batch_temporal_lay,0.7202592596250577,0.2342025199301077,0.7202592596250577,0.23415034216473699,1.0020287735921694,-0.326701254880965,0.04493174091385019,0.0,0.0,0.0,0.0,1.1421419365831298e-14,-0.48605673969494995
tsception,42,5,dense_layer,0.8357052871994215,0.788548791927768,0.8357052871994215,0.7884534602513318,2.1854038478693067,-1.7069005811936635,0.35720202052377825,0.0,0.0,0.0,0.0,2.3414430116996954e-15,-0.047156495271653553
tsception,42,5,logits,0.894914613124848,0.7792556722206325,0.8839239145266602,0.748862733686694,1.977203208654767,-1.3413478349678385,0.24806854083973154,0.0,0.0,0.0,0.0,7.147060721024445e-16,-0.11565894090421547
tsception,42,5,spatial_block_1,0.86108518445039,0.5517984526153943,0.86108518445039,0.5517984526153943,1.4719436702852566,-0.7001827381580763,0.08932425232321098,0.0,0.0,0.0,0.0,3.049643870767227e-15,-0.30928673183499567
tsception,42,5,spatial_block_2,0.7855826319027316,0.3080508554136906,0.7855826319027316,0.30767451059991946,1.0413588348726113,-0.303773712984545,0.047997510014665484,0.0,0.0,0.0,0.0,2.8275992658421956e-15,-0.477531776489041
tsception,42,5,temporal_blocks.0,0.5007278648000738,0.2900167657982458,0.5007278648000738,0.2900167657982458,0.160218349231173,0.166225343086749,0.17428417248215125,0.0,0.0,0.0,0.0,5.5198901005582e-15,-0.210711099001828
tsception,42,5,temporal_blocks.2,0.6053700166587095,0.12507367903304983,0.6053700166587095,0.12426743135810878,0.46071119525297793,0.09711226558855125,0.0475465558171801,0.0,0.0,0.0,0.0,2.6940255581919814e-15,-0.48029633762565965
tsception,42,10,batch_spatial_lay,0.6751215290358974,0.42566760313974905,0.6751215290358974,0.42566760313974905,1.2820479083117904,-0.7327891540076167,0.12586277473172322,0.0,0.0,0.0,0.0,3.1866870253693946e-15,-0.24945392589614834
tsception,42,10,batch_temporal_lay,0.6795007174172981,0.21525477879185365,0.6795007174172981,0.21518738775723661,0.9745504049875509,-0.34203310844775286,0.04698342087749685,0.0,0.0,0.0,0.0,1.2708584185006089e-14,-0.4642459386254445
tsception,42,10,dense_layer,0.6592582182914069,0.45528812194042045,0.6584780663054977,0.3708943579286788,1.8914590587935693,-1.587915810119669,0.3549348176315977,0.0,0.0,0.0,0.0,5.297845495633169e-15,-0.2039700963509864
tsception,42,10,logits,0.8326819305389855,0.5605388297809437,0.8102198161634069,0.33847664039580483,2.0746876233976246,-1.5771933378189629,0.3127255305847451,0.0,0.0,0.0,0.0,1.1211734665672601e-15,-0.2721431007580418
tsception,42,10,spatial_block_1,0.8177966643368882,0.550033528215889,0.8177966643368882,0.550033528215889,1.5191615593255456,-0.8164735296687169,0.11510863468005862,0.0,0.0,0.0,0.0,1.908195823574488e-15,-0.2677631361209992
tsception,42,10,spatial_block_2,0.76011550511507,0.21669781833616547,0.76011550511507,0.21506800863465056,0.9754683567409623,-0.2513901982499749,0.036037346624082846,0.0,0.0,0.0,0.0,3.1155633628543455e-15,-0.5434176867789045
tsception,42,10,temporal_blocks.0,0.4685099715638845,0.2879741320359541,0.4685099715638845,0.2879741320359541,0.1145739110435815,0.1672468235862001,0.18668923693410258,0.0,0.0,0.0,0.0,3.64031721433733e-15,-0.1805358395279304
tsception,42,10,temporal_blocks.2,0.5605674683370654,0.16020914569464423,0.5605674683370654,0.15992741495343052,0.3891473212119903,0.10336632010254296,0.06805382702253168,0.0,0.0,0.0,0.0,2.856222203195813e-15,-0.40035832264242116
tsception,42,20,batch_spatial_lay,0.6215325868603382,0.3819999169318493,0.6215325868603382,0.3819999169318493,1.2049233704952347,-0.7146597203106246,0.13126893667572737,0.0,0.0,0.0,0.0,2.6619331738864105e-15,-0.23953266992848887
tsception,42,20,batch_temporal_lay,0.648562809684767,0.21832598352062105,0.648562809684767,0.21832305005594352,0.9503429844660529,-0.35032577772164275,0.04854560294035452,0.0,0.0,0.0,0.0,1.1957448919908131e-14,-0.43023682616414594
tsception,42,20,dense_layer,0.5896042634111175,0.8229737711196135,0.5870890275932223,0.808418067508891,2.754620127502191,-2.9447932665394787,0.7772621666305095,0.0,0.0,0.0,0.0,4.149350134319274e-15,0.23336950770849596
tsception,42,20,logits,0.6862060968830351,0.7760619687680097,0.5777371765471957,0.7198423549710856,2.155619555487415,-2.15944786977839,0.5815654908381707,0.0,0.0,0.0,0.0,7.911423252626726e-16,0.08985587188497457
tsception,42,20,spatial_block_1,0.7527483787543816,0.4743824431661436,0.7527483787543816,0.4743824431661436,1.4946585988222505,-0.8717741824860649,0.1298639624181968,0.0,0.0,0.0,0.0,2.3358051604027708e-15,-0.278365935588238
tsception,42,20,spatial_block_2,0.7749728025412549,0.2626256096015188,0.7749728025412549,0.26224385402870515,1.0704450090879265,-0.33913828972989296,0.04366608318322073,0.0,0.0,0.0,0.0,1.614160194396419e-15,-0.5123471929397361
tsception,42,20,temporal_blocks.0,0.4627689490656187,0.3046956287147006,0.4627689490656187,0.3046956287147006,0.1328350274957636,0.13727859902346987,0.1926553225463848,0.0,0.0,0.0,0.0,3.586540786582049e-15,-0.15807332035091815
tsception,42,20,temporal_blocks.2,0.5484994021507871,0.1573000489014805,0.5484994021507871,0.15702420001864886,0.37967902257538766,0.1007414399479851,0.06807893962741357,0.0,0.0,0.0,0.0,4.385380947269368e-15,-0.39119935324930655
tsception,43,0,batch_spatial_lay,0.6821784906627048,0.3540374007646833,0.6821784906627048,0.3540374007646833,0.7506592806824082,-0.15761660751328632,0.08913581749358276,0.0,0.0,0.0,0.0,2.0816681711721685e-15,-0.32814108989802143
tsception,43,0,batch_temporal_lay,0.5260646982339421,0.2194388127321243,0.5260646982339421,0.21942348319160004,0.4424453713178754,-0.018219660898543478,0.10183898781460973,0.0,0.0,0.0,0.0,6.5156213757688874e-15,-0.3066258855018178
tsception,43,0,dense_layer,0.8093056109122786,0.33534420750559585,0.8093056109122786,0.33450161044940485,0.7851381889791832,-0.022763438092951078,0.04693086002604658,0.0,0.0,0.0,0.0,3.608224830031759e-16,-0.47396140340668275
tsception,43,0,logits,0.9879972663963774,0.5886075168941726,0.9879972663963774,0.48897538755030023,1.0018204243632067,-0.018424877479678223,0.0046017195128487814,0.0,0.0,0.0,0.0,1.3357370765021412e-16,-0.39938974950220485
tsception,43,0,spatial_block_1,0.4621535796006102,0.3713860705628171,0.4621535796006102,0.3713860705628171,0.7296066147055792,-0.6385450986472468,0.37109206354227836,0.0,0.0,0.0,0.0,1.6662018986757232e-15,-0.09076750903779313
tsception,43,0,spatial_block_2,0.7700779423342807,0.3465665995719736,0.7700779423342807,0.3465665995719736,0.5900085198718958,0.10650906358328192,0.0735603588791027,0.0,0.0,0.0,0.0,1.3426759704060487e-15,-0.4235113427623071
tsception,43,0,temporal_blocks.0,0.5425059280778379,0.2955275659618931,0.5425059280778379,0.2955275659618931,0.25187684159588286,0.13178765291581965,0.158841433566135,0.0,0.0,0.0,0.0,2.585605340943431e-15,-0.24697836211594482
tsception,43,0,temporal_blocks.2,0.6916552224912762,0.11141239039011748,0.6916552224912762,0.1105005063242967,0.549559628187946,0.10976462960225321,0.03233096470107613,0.0,0.0,0.0,0.0,4.144254384108592e-15,-0.5802428321011587
tsception,43,1,batch_spatial_lay,0.8423403955822958,0.27081912170236944,0.8423403955822958,0.2691106935378668,0.9761884472153021,-0.15297345356656458,0.01912540193355639,0.0,0.0,0.0,0.0,3.7279207498741584e-15,-0.5715212738799264
tsception,43,1,batch_temporal_lay,0.7712493151701063,0.22681760413389293,0.7712493151701063,0.22678630773247682,1.0181173584379923,-0.27996887965215767,0.03310083638426856,0.0,0.0,0.0,0.0,1.1376316555455901e-14,-0.5444317110362134
tsception,43,1,dense_layer,0.937730364275739,0.5672187507142704,0.937730364275739,0.5249603577792553,1.3590772300542597,-0.4565695202115795,0.03522265443305883,0.0,0.0,0.0,0.0,8.474124180146703e-16,-0.37051161356146856
tsception,43,1,logits,0.9541689417071545,0.675816545060722,0.9526707591744913,0.6011456993615792,1.6133620166588762,-0.7280327261156462,0.06734146863126114,0.0,0.0,0.0,0.0,2.749536709423239e-16,-0.2783523966464325
tsception,43,1,spatial_block_1,0.9248063300863479,0.4220156565033528,0.9248063300863479,0.4215853073030135,1.116539151141229,-0.2078432555485216,0.016110434493640812,0.0,0.0,0.0,0.0,1.3721662694976544e-15,-0.5027906735829951
tsception,43,1,spatial_block_2,0.8628302006305948,0.19748505066710148,0.8628302006305948,0.1885954225871323,0.9502491415410778,-0.09921105991366734,0.011792119003185567,0.0,0.0,0.0,0.0,4.2674197509029455e-15,-0.6653451499634933
tsception,43,1,temporal_blocks.0,0.5296384869657026,0.3154978763237372,0.5296384869657026,0.3154978763237372,0.2335892461868924,0.11803057506274948,0.17801866571606012,0.0,0.0,0.0,0.0,3.065256382051018e-15,-0.21414061064196538
tsception,43,1,temporal_blocks.2,0.6871073799698123,0.10095817144279226,0.6871073799698123,0.10002782860401611,0.5429951788347026,0.11538669368176455,0.02872550745334438,0.0,0.0,0.0,0.0,4.3298697960381105e-15,-0.58614920852702
tsception,43,2,batch_spatial_lay,0.765094129055251,0.2970909536731202,0.765094129055251,0.29684184146560527,0.9881243275732997,-0.256695652344778,0.03366545382672737,0.0,0.0,0.0,0.0,3.74873743158588e-15,-0.46800317538213076
tsception,43,2,batch_temporal_lay,0.7366399788057731,0.2242904239981837,0.7366399788057731,0.22424795568902958,0.9971129231001691,-0.29870417587254106,0.03823123157814173,0.0,0.0,0.0,0.0,1.2490009027033011e-14,-0.5123495548075895
tsception,43,2,dense_layer,0.8293464619062387,0.5012497466605512,0.8293464619062387,0.48066892756625407,1.4001285614397305,-0.6499793767351374,0.07919727720164567,0.0,0.0,0.0,0.0,1.0364972768961422e-15,-0.3280967152456875
tsception,43,2,logits,0.7690316754279436,0.616052846625283,0.7227423647341426,0.4892988797362602,1.5572683490972787,-1.0030707985562899,0.16854481419315379,0.0,0.0,0.0,0.0,5.838428698834441e-16,-0.15297882880266056
tsception,43,2,spatial_block_1,0.7606866879626599,0.244137629395401,0.7606866879626599,0.23871706491060363,0.9375688148195339,-0.2148668764160598,0.03798474955918577,0.0,0.0,0.0,0.0,1.8492152253912764e-15,-0.516549058567259
tsception,43,2,spatial_block_2,0.7851729162287115,0.3241233008378182,0.7851729162287115,0.3233961547968511,0.98007146936389,-0.23180585006742419,0.03690729693224255,0.0,0.0,0.0,0.0,4.685488108613356e-15,-0.46104961539089334
tsception,43,2,temporal_blocks.0,0.5248218620992932,0.3066158682572601,0.5248218620992932,0.3066158682572601,0.23824138099030265,0.11517238178665193,0.17140809932233797,0.0,0.0,0.0,0.0,3.084338340286763e-15,-0.21820599384203304
tsception,43,2,temporal_blocks.2,0.6819504100654887,0.09419594500846515,0.6819504100654887,0.09299921313655965,0.5337537588569249,0.12087270426628664,0.02732394694227639,0.0,0.0,0.0,0.0,4.224051664003525e-15,-0.5877544650570236
tsception,43,5,batch_spatial_lay,0.6799320405167569,0.2985956954687113,0.6799320405167569,0.2983013319851948,1.0120877485653876,-0.39301650204680694,0.06086079399817464,0.0,0.0,0.0,0.0,3.720981855970251e-15,-0.38133634504804564
tsception,43,5,batch_temporal_lay,0.7033438911720431,0.1968125290849994,0.7033438911720431,0.19673758524378446,0.9607177006738019,-0.2946199056696797,0.037246096167917166,0.0,0.0,0.0,0.0,1.3444106938820255e-14,-0.5065313620870437
tsception,43,5,dense_layer,0.6131913380059411,0.5396609546444641,0.6131913380059411,0.5363487549349076,1.8023523245934234,-1.5729727708482604,0.38381178426077744,0.0,0.0,0.0,0.0,1.5686237031520278e-15,-0.07353038336147699
tsception,43,5,logits,0.6841744238286178,0.5851713582486882,0.630558306410167,0.49548543104881454,1.943364323735118,-1.733008171835635,0.4202021545106841,0.0,0.0,0.0,0.0,5.328853677766254e-16,-0.09900306557992966
tsception,43,5,spatial_block_1,0.8370870744477966,0.36540046147446115,0.8370870744477966,0.36523492023331955,1.2124629455580034,-0.4163581311777402,0.040982260067533666,0.0,0.0,0.0,0.0,2.0383000842727483e-15,-0.4716866129733355
tsception,43,5,spatial_block_2,0.7252886496843263,0.23668325742260993,0.7252886496843263,0.23305242204219698,0.8888071400431083,-0.2041279170878695,0.04060942672908877,0.0,0.0,0.0,0.0,3.316791286067655e-15,-0.48860539226171634
tsception,43,5,temporal_blocks.0,0.4783001264103302,0.298018531574392,0.4783001264103302,0.298018531574392,0.18113716286193488,0.1129427384598471,0.18422022508854782,0.0,0.0,0.0,0.0,2.348815586472597e-15,-0.1802815948359382
tsception,43,5,temporal_blocks.2,0.6929870795985612,0.08430149131493572,0.6929870795985612,0.08295798988269136,0.5613896358681018,0.10888707438425331,0.022710369346205454,0.0,0.0,0.0,0.0,4.579669976578771e-15,-0.6086855882836255
tsception,43,10,batch_spatial_lay,0.6395957168749091,0.2833034054885384,0.6395957168749091,0.28319336627756664,0.9839927902160596,-0.41033506598421665,0.0659379926430648,0.0,0.0,0.0,0.0,3.899658373995862e-15,-0.35629231138637074
tsception,43,10,batch_temporal_lay,0.6533138462142607,0.20492207284734745,0.6533138462142607,0.20485724210457512,0.9283656651611409,-0.31937853436828395,0.044326715421399814,0.0,0.0,0.0,0.0,1.3282777655554412e-14,-0.44839177336691327
tsception,43,10,dense_layer,0.6073546279920742,0.6644061803461234,0.6073149971836124,0.6635067231691129,2.319368792902457,-2.3678462232935664,0.6557924275747222,0.0,0.0,0.0,0.0,1.8890596552301187e-15,0.05705155235404924
tsception,43,10,logits,0.7685667819998155,0.832931529648579,0.6991795695936187,0.8176660144965652,3.9708114978237807,-4.672398374915077,1.4007664466849148,0.0,0.0,0.0,0.0,1.7360245185837897e-15,0.06436474764876343
tsception,43,10,spatial_block_1,0.7491831003636941,0.2998580739821095,0.7491831003636941,0.2988282072749722,1.121422607290304,-0.427681270169702,0.05544176324309188,0.0,0.0,0.0,0.0,1.4693107841523556e-15,-0.44932502638158456
tsception,43,10,spatial_block_2,0.7886948363618194,0.26897165225242714,0.7886948363618194,0.26889968169414813,1.0282078773833283,-0.2703350187308422,0.030821977709333866,0.0,0.0,0.0,0.0,2.645453300864631e-15,-0.5197231841093922
tsception,43,10,temporal_blocks.0,0.44342091237237224,0.2935447049809864,0.44342091237237224,0.2935447049809864,0.13725072877412348,0.10752910603595202,0.19864107756229626,0.0,0.0,0.0,0.0,2.411265631607762e-15,-0.14987620739138585
tsception,43,10,temporal_blocks.2,0.6780977784054752,0.0851520945080639,0.6780977784054752,0.08406073612634647,0.544043676741446,0.10985553430711278,0.024198567356915543,0.0,0.0,0.0,0.0,4.603956105242446e-15,-0.5929456838974113
tsception,43,20,batch_spatial_lay,0.6351788957279975,0.3573768282806704,0.6351788957279975,0.3573768282806704,1.0891735725271061,-0.5398391331135113,0.08584445631440149,0.0,0.0,0.0,0.0,2.5457067009959644e-15,-0.27780206744732705
tsception,43,20,batch_temporal_lay,0.6260126497801046,0.224849069259839,0.6260126497801046,0.224849069259839,0.9118407576163186,-0.3333741363784724,0.04754602854225485,0.0,0.0,0.0,0.0,1.3109305307956731e-14,-0.40116358052026563
tsception,43,20,dense_layer,0.6624606144318306,0.7601583928952286,0.6623459840050377,0.7590353391151412,2.769812457732633,-2.884800434592893,0.7773339608652975,0.0,0.0,0.0,0.0,2.1434676950038423e-15,0.097697778463398
tsception,43,20,logits,0.6838920897546279,0.8294654620919487,0.5559068935219283,0.8117156638329338,4.995175398687885,-6.657398115922352,2.218129610756395,0.0,0.0,0.0,0.0,2.657921625848214e-15,0.14557337233732082
tsception,43,20,spatial_block_1,0.757960621046826,0.408863792176028,0.757960621046826,0.4085388892550449,1.2605766889202765,-0.5803461981992474,0.07773013032579615,0.0,0.0,0.0,0.0,1.412064909445121e-15,-0.34909682887079807
tsception,43,20,spatial_block_2,0.7687040121813737,0.32679543347586926,0.7687040121813737,0.32679543347586926,1.0628471142962124,-0.33612357354504807,0.041980471430209824,0.0,0.0,0.0,0.0,2.237793284010081e-15,-0.4419085787055045
tsception,43,20,temporal_blocks.0,0.46054999032984006,0.30335822387205297,0.46054999032984006,0.30335822387205297,0.1749203148249054,0.09534933075105972,0.1902803447538747,0.0,0.0,0.0,0.0,2.5153490401663703e-15,-0.1571917664577871
tsception,43,20,temporal_blocks.2,0.6766010419629852,0.09308841113086282,0.6766010419629852,0.0920611346709617,0.5425332111048478,0.10825226061500794,0.02581557024312886,0.0,0.0,0.0,0.0,5.582340145693365e-15,-0.5835126308321223
tsception,44,0,batch_spatial_lay,0.7830090040396869,0.3771927429111845,0.7830090040396869,0.3771927429111845,0.6422245007597264,0.07241324713816531,0.06837125614179432,0.0,0.0,0.0,0.0,2.753006156375193e-15,-0.4058162611285024
tsception,44,0,batch_temporal_lay,0.6170911555649675,0.19837334815619195,0.6170911555649675,0.19831494585944212,0.4829740160778872,0.06323524608844282,0.07088189339863668,0.0,0.0,0.0,0.0,6.283168429987995e-15,-0.41871780740877557
tsception,44,0,dense_layer,0.8326684114421176,0.39939566200506843,0.8326684114421176,0.39875504668207173,0.6416860678695689,0.12966266547019692,0.061319678102351595,0.0,0.0,0.0,0.0,3.382710778154774e-16,-0.43327274943704913
tsception,44,0,logits,0.9837145539245302,0.5149310467676146,0.9837145539245302,0.42856267213714216,0.9887336568415297,-0.008298163925381158,0.003279061008381707,0.0,0.0,0.0,0.0,1.6479873021779665e-16,-0.46878350715691564
tsception,44,0,spatial_block_1,0.829643678231623,0.40363683350852614,0.829643678231623,0.40363683350852614,0.6067784462908399,0.1545347857658149,0.06833044617496806,0.0,0.0,0.0,0.0,1.474514954580286e-15,-0.42600684472309686
tsception,44,0,spatial_block_2,0.8600885794407671,0.36010999872682176,0.8600885794407671,0.36010999872682176,0.6451606736438001,0.17493596462176972,0.03999194117519681,0.0,0.0,0.0,0.0,1.672273430841642e-15,-0.49997858071394535
tsception,44,0,temporal_blocks.0,0.6070878834055642,0.24172807781988967,0.6070878834055642,0.24169104985086143,0.37602286272084073,0.13358831953763073,0.09747670114709184,0.0,0.0,0.0,0.0,4.904063266586434e-15,-0.3653598055856745
tsception,44,0,temporal_blocks.2,0.7371851387175635,0.13301440066737846,0.7371851387175635,0.13295614215799767,0.6168010550793664,0.09310289991876168,0.027281183719435227,0.0,0.0,0.0,0.0,5.466113672802919e-15,-0.6041707380501851
tsception,44,1,batch_spatial_lay,0.8888847632765968,0.30308716686777376,0.8888847632765968,0.30239725363618575,1.0381511940748196,-0.16393076156249886,0.01466433076427305,0.0,0.0,0.0,0.0,5.195496810550537e-15,-0.5857975964088231
tsception,44,1,batch_temporal_lay,0.8065338832791349,0.1820601144269774,0.8065338832791349,0.18199963291182938,1.0237914530493866,-0.24097821354982996,0.023720643779575244,0.0,0.0,0.0,0.0,1.0897532876086302e-14,-0.6244737688521576
tsception,44,1,dense_layer,0.9548562277041455,0.6039157146766002,0.9548562277041455,0.47326618605187604,1.2264601687570664,-0.3017090701064115,0.030105129053490495,0.0,0.0,0.0,0.0,4.40619762898109e-16,-0.35094051302754525
tsception,44,1,logits,0.9685931235943278,0.6823963341884618,0.9685931235943278,0.5107806850072398,1.1941263215381055,-0.24768450365100508,0.022151305707227346,0.0,0.0,0.0,0.0,2.1510571102112408e-16,-0.286196789405866
tsception,44,1,spatial_block_1,0.9400343390353114,0.3414781602299519,0.9400343390353114,0.3389609705107189,1.0946088447004443,-0.16504185654414893,0.010467350879015971,0.0,0.0,0.0,0.0,1.6531914726058972e-15,-0.5985561788053595
tsception,44,1,spatial_block_2,0.809593570101847,0.21651529946737857,0.809593570101847,0.215623280913665,0.9450356419585528,-0.15738771989669037,0.021945648039984764,0.0,0.0,0.0,0.0,2.5049406993105094e-15,-0.5930782706344684
tsception,44,1,temporal_blocks.0,0.5932218770865754,0.24302811815620165,0.5932218770865754,0.24298523642191674,0.357029808797756,0.1360749636771938,0.1001171046116247,0.0,0.0,0.0,0.0,5.155598170603071e-15,-0.35019375893037374
tsception,44,1,temporal_blocks.2,0.7711010692716804,0.11649740046989897,0.7711010692716804,0.11629462041415331,0.6690623767918064,0.08190322513379751,0.020135467346076522,0.0,0.0,0.0,0.0,5.386316392907986e-15,-0.6546036688017814
tsception,44,2,batch_spatial_lay,0.8460934073310657,0.3301385139970001,0.8460934073310657,0.3289413194546833,1.0900447119431258,-0.27480143883338265,0.03085013422132272,0.0,0.0,0.0,0.0,1.7139067942650854e-15,-0.5159548933340656
tsception,44,2,batch_temporal_lay,0.7569571724230101,0.17091086837532063,0.7569571724230101,0.17086100173379995,0.9901977583104422,-0.2617071420375636,0.0284665561501287,0.0,0.0,0.0,0.0,1.032854357596591e-14,-0.5860463040476894
tsception,44,2,dense_layer,0.9316005341991247,0.767731049447681,0.9316005341991247,0.7619564408893168,1.597525467466345,-0.7915800960712531,0.12565516280403274,0.0,0.0,0.0,0.0,5.776629175002768e-16,-0.1638694847514437
tsception,44,2,logits,0.8299587989679249,0.7157975556157574,0.8194647082612845,0.642893213116855,1.6594906408026904,-0.987786738169029,0.14776080562762298,0.0,0.0,0.0,0.0,3.647256108241237e-16,-0.11416124335216749
tsception,44,2,spatial_block_1,0.9221637296706346,0.3778256986815154,0.9221637296706346,0.3741973880476411,1.1687084179124414,-0.2665717666317572,0.020027078389950614,0.0,0.0,0.0,0.0,1.8995222061946038e-15,-0.5443380309891193
tsception,44,2,spatial_block_2,0.879109868213117,0.2894452168482397,0.879109868213117,0.2890744320035062,1.0742099312595499,-0.21217988652049355,0.01707982347406151,0.0,0.0,0.0,0.0,3.256075964408467e-15,-0.5896646513648773
tsception,44,2,temporal_blocks.0,0.5812700430783522,0.24053136038375825,0.5812700430783522,0.24051538156781951,0.3354147107625187,0.1436345859789323,0.1022207463369008,0.0,0.0,0.0,0.0,4.461708780212348e-15,-0.34073868269459395
tsception,44,2,temporal_blocks.2,0.7394039023115342,0.12279242246582905,0.7394039023115342,0.12270352529162935,0.624806518148129,0.09072331040935856,0.02387407375404612,0.0,0.0,0.0,0.0,5.2111093218343285e-15,-0.6166114798457052
tsception,44,5,batch_spatial_lay,0.8048555211300988,0.39038265710727077,0.8048555211300988,0.3903660214135517,1.119893646899266,-0.3604959999356336,0.045457874166465,0.0,0.0,0.0,0.0,4.2934406030425976e-15,-0.41447286402282807
tsception,44,5,batch_temporal_lay,0.7180143505466322,0.1717230746048692,0.7180143505466322,0.1717120062882731,0.9592389960981962,-0.2714737672805736,0.03024912172900567,0.0,0.0,0.0,0.0,1.2255821357776142e-14,-0.546291275941763
tsception,44,5,dense_layer,0.7897302838174621,0.7613209298135528,0.7897302838174621,0.760964778570702,2.08711431020174,-1.6415978845541896,0.3442138581699114,0.0,0.0,0.0,0.0,1.7078352620991666e-15,-0.028409354003909315
tsception,44,5,logits,0.7820868346585541,0.6778034545771827,0.7574610514290342,0.6270701613885297,1.5820080195429898,-1.1042110635698377,0.2796640954558819,0.0,0.0,0.0,0.0,3.748086910282389e-16,-0.10428338008137139
tsception,44,5,spatial_block_1,0.8946447563660052,0.44252906901463546,0.8946447563660052,0.44230191518997597,1.2158774622040054,-0.35451102961852193,0.03327832378052092,0.0,0.0,0.0,0.0,1.6167622796103842e-15,-0.4521156873513697
tsception,44,5,spatial_block_2,0.8342066045861404,0.2781421400411136,0.8342066045861404,0.2780993509055462,1.0483789792616225,-0.2354681934378013,0.02129581876231718,0.0,0.0,0.0,0.0,3.174543961037557e-15,-0.5560644645450268
tsception,44,5,temporal_blocks.0,0.5426331206441846,0.28196263887487777,0.5426331206441846,0.28196263887487777,0.2900860098007202,0.1231738292575371,0.1293732815859269,0.0,0.0,0.0,0.0,3.707104068162437e-15,-0.2606704817693068
tsception,44,5,temporal_blocks.2,0.7309472537928432,0.14135455723266038,0.7309472537928432,0.14117601199938604,0.6094607809945498,0.09493261107305918,0.026553861725233625,0.0,0.0,0.0,0.0,6.323067069935462e-15,-0.5895926965601828
tsception,44,10,batch_spatial_lay,0.697536549235664,0.31235609460739827,0.697536549235664,0.31235609460739827,1.084382557111032,-0.4562185112600442,0.06937250338467307,0.0,0.0,0.0,0.0,6.926750839575391e-15,-0.3851804546282657
tsception,44,10,batch_temporal_lay,0.6636956086090431,0.15374899384643517,0.6636956086090431,0.15374899384643517,0.9098954942275759,-0.27850877673158636,0.032308891113049014,0.0,0.0,0.0,0.0,1.2927159342979166e-14,-0.5099466147626079
tsception,44,10,dense_layer,0.7202552221026702,0.665005010829183,0.7202552221026702,0.6649082962757347,2.007413600522962,-1.6711555191498655,0.3839971407295737,0.0,0.0,0.0,0.0,1.3420254491025574e-15,-0.05525021127348728
tsception,44,10,logits,0.5606237414136377,0.5032744309545304,0.4105913936745149,0.25457173672304617,0.6430283713593791,-0.37708337413894005,0.14464639645407584,0.0,0.0,0.0,0.0,2.1337098754514727e-16,-0.057349310459107294
tsception,44,10,spatial_block_1,0.8218048031780566,0.3571647913678751,0.8218048031780566,0.357072992240373,1.2513146332814584,-0.48665582783354977,0.05714599773014806,0.0,0.0,0.0,0.0,2.1094237467877974e-15,-0.4646400118101815
tsception,44,10,spatial_block_2,0.8073881784313972,0.23229689682080912,0.8073881784313972,0.23141579166181842,1.0428856438816345,-0.259343851549976,0.023846386099738458,0.0,0.0,0.0,0.0,3.4052621833424723e-15,-0.5750912816105881
tsception,44,10,temporal_blocks.0,0.4815952036336854,0.26607197957945056,0.4815952036336854,0.26607197957945056,0.19945480537438803,0.14062560296247612,0.14151479529682082,0.0,0.0,0.0,0.0,3.828534711480813e-15,-0.21552322405423485
tsception,44,10,temporal_blocks.2,0.6859750268169971,0.15847094759859767,0.6859750268169971,0.15847094759859767,0.5464583528869883,0.10305228934814945,0.03646438458185813,0.0,0.0,0.0,0.0,7.542577673547157e-15,-0.5275040792183994
tsception,44,20,batch_spatial_lay,0.6770284146489159,0.33365526795535355,0.6770284146489159,0.33365526795535355,1.1186735127789633,-0.5183251167737206,0.07668001864367174,0.0,0.0,0.0,0.0,4.690692279041286e-15,-0.3433731466935624
tsception,44,20,batch_temporal_lay,0.6309228142374262,0.14847889887163507,0.6309228142374262,0.1484258327600014,0.8757852435669718,-0.2782892443722416,0.03342681504269304,0.0,0.0,0.0,0.0,1.1338152638984411e-14,-0.4824439153657912
tsception,44,20,dense_layer,0.6424766322791126,0.3900147742197847,0.6418640835368935,0.31329553562582046,1.2296323404977683,-0.6978418242978759,0.11007356733700131,0.0,0.0,0.0,0.0,8.01659086335782e-16,-0.25246185805932786
tsception,44,20,logits,0.7729557733863759,0.5739560927144128,0.7600691745545437,0.2731465112030166,1.3448013513249286,-0.7350926125222991,0.15036043575191405,0.0,0.0,0.0,0.0,4.0505793164058446e-16,-0.19899968067196305
tsception,44,20,spatial_block_1,0.8086219945287336,0.40377052803629143,0.8086219945287336,0.40377052803629143,1.2904334494214693,-0.5462752479500033,0.06446379305726721,0.0,0.0,0.0,0.0,1.6237011735142914e-15,-0.4048514664924422
tsception,44,20,spatial_block_2,0.7592148565588476,0.20794324798258504,0.7592148565588476,0.20475542680917092,0.9788751754939897,-0.24626108849548575,0.026600769560342696,0.0,0.0,0.0,0.0,1.740795008142726e-15,-0.5512716085762626
tsception,44,20,temporal_blocks.0,0.43215801493922573,0.2968009806403572,0.43215801493922573,0.2968009806403572,0.11465387761065779,0.1249714531315755,0.192532684196992,0.0,0.0,0.0,0.0,3.7903707950093235e-15,-0.13535703429886853
tsception,44,20,temporal_blocks.2,0.6649203190916894,0.1667335050711648,0.6649203190916894,0.1667335050711648,0.5154895185834655,0.11049400369657111,0.03893679681165197,0.0,0.0,0.0,0.0,7.50267903359969e-15,-0.49818681402052456
tsception,45,0,batch_spatial_lay,0.6825626253594907,0.335592075449909,0.6825626253594907,0.335592075449909,0.664454482751159,-0.06847759674150529,0.08658573934983596,0.0,0.0,0.0,0.0,2.9611729734924097e-15,-0.34697054990958176
tsception,45,0,batch_temporal_lay,0.565389490407206,0.20134998956422928,0.565389490407206,0.20130167754170664,0.500028374297898,-0.015123294671232468,0.08048441078053868,0.0,0.0,0.0,0.0,6.350822645551091e-15,-0.3640395008429767
tsception,45,0,dense_layer,0.7568603070823445,0.30913156552762844,0.7568603070823445,0.30851924583320167,0.7147687168281114,-0.01975617766219886,0.06184776791643194,0.0,0.0,0.0,0.0,3.434752482434078e-16,-0.4477287415547161
tsception,45,0,logits,0.985767086478265,0.4999524153774219,0.985767086478265,0.3226684843962903,0.8937398359051341,0.08739578997967361,0.004631460593457262,0.0,0.0,0.0,0.0,1.4051260155412135e-16,-0.48581467110084314
tsception,45,0,spatial_block_1,0.7710347043746251,0.43166253839913643,0.7710347043746251,0.43166253839913643,0.6035464451432225,0.0783465321875405,0.08914172704386242,0.0,0.0,0.0,0.0,1.392982951209376e-15,-0.33937216597548864
tsception,45,0,spatial_block_2,0.7696348917029926,0.24548261308411987,0.7696348917029926,0.24548261308411987,0.6659278778042887,0.05474696340482898,0.048960050493875376,0.0,0.0,0.0,0.0,3.767819389821625e-15,-0.5241522786188727
tsception,45,0,temporal_blocks.0,0.5296383256493494,0.27460730840358333,0.5296383256493494,0.27460730840358333,0.24175063633463834,0.14010801843495332,0.14777967087975746,0.0,0.0,0.0,0.0,3.3254649034475392e-15,-0.2550310172457661
tsception,45,0,temporal_blocks.2,0.684061081329069,0.19360740249011252,0.684061081329069,0.1935974919543561,0.5648845318821553,0.07338020380918657,0.04579634563772585,0.0,0.0,0.0,0.0,6.2363308961366215e-15,-0.4904536788389564
tsception,45,1,batch_spatial_lay,0.8763152436669116,0.39902394531684765,0.8763152436669116,0.39902394531684765,1.0857116789490648,-0.2314138510939354,0.022017415811781477,0.0,0.0,0.0,0.0,2.579533808777512e-15,-0.47729129835006395
tsception,45,1,batch_temporal_lay,0.7710231730927474,0.19022043849955325,0.7710231730927474,0.19013955521083523,0.9912125646193947,-0.2446919311598685,0.02450253963321865,0.0,0.0,0.0,0.0,1.062691601383392e-14,-0.5808027345931941
tsception,45,1,dense_layer,0.8853648067129551,0.8664086111857519,0.8853648067129551,0.8657355555972199,1.7458498111243934,-0.9761756884492672,0.11569068403782899,0.0,0.0,0.0,0.0,1.5890067039947553e-15,-0.01895619552720329
tsception,45,1,logits,0.9168027607927206,0.90458971520472,0.8775572665774487,0.9014807292943977,1.9112004994797585,-1.136727583880971,0.10308435097866112,0.0,0.0,0.0,0.0,7.424616477180734e-16,-0.012213045588000626
tsception,45,1,spatial_block_1,0.8527800564607455,0.31647350483688796,0.8527800564607455,0.31418132938362564,1.0423566443015844,-0.20190683929193207,0.0123302514510926,0.0,0.0,0.0,0.0,1.334869714764153e-15,-0.5363065516238575
tsception,45,1,spatial_block_2,0.91298290982335,0.3717706548943865,0.91298290982335,0.3717706548943865,1.092248517034012,-0.19334127199168338,0.014075664781021296,0.0,0.0,0.0,0.0,1.8821749714348357e-15,-0.5412122549289635
tsception,45,1,temporal_blocks.0,0.5102820413654957,0.2697805281580621,0.5102820413654957,0.2697805281580621,0.19908206522923722,0.1565175985710961,0.15468237756516157,0.0,0.0,0.0,0.0,4.010680676458378e-15,-0.24050151320743363
tsception,45,1,temporal_blocks.2,0.6841466724750142,0.18966507702903915,0.6841466724750142,0.18966507702903915,0.5685347126414995,0.07316498438127407,0.04244697545223983,0.0,0.0,0.0,0.0,6.2189836613768534e-15,-0.49448159544597503
tsception,45,2,batch_spatial_lay,0.8186682729024563,0.3965733132602696,0.8186682729024563,0.3965733132602696,1.0549371799382983,-0.2664048804829568,0.030135973447113933,0.0,0.0,0.0,0.0,2.282896094385478e-15,-0.42209495964218663
tsception,45,2,batch_temporal_lay,0.7586026434569114,0.20738008385534676,0.7586026434569114,0.20729826726548797,0.9974034615321034,-0.26592362070477416,0.027122802629577964,0.0,0.0,0.0,0.0,1.2954914918594795e-14,-0.5512225596015646
tsception,45,2,dense_layer,0.9088098571161092,0.7484429177443177,0.9088098571161092,0.7476804093289378,1.2983214051101593,-0.4313937522356892,0.04188220424163919,0.0,0.0,0.0,0.0,4.969982758673552e-16,-0.16036693937179147
tsception,45,2,logits,0.9025470321871386,0.9098608980302689,0.8892672971604428,0.9020055231195179,1.8065597832952534,-1.010852743118858,0.09356025698404762,0.0,0.0,0.0,0.0,6.370771965524824e-16,0.007313865843130318
tsception,45,2,spatial_block_1,0.6835838592903883,0.4405544917202152,0.6835838592903883,0.43907144085749605,1.1572783127176247,-0.557216901595893,0.08352244816865746,0.0,0.0,0.0,0.0,2.192690473634684e-15,-0.24302936757017313
tsception,45,2,spatial_block_2,0.8861585468255256,0.3432108207676934,0.8861585468255256,0.3432108207676934,1.071627594361554,-0.2010269334036704,0.015557885867641022,0.0,0.0,0.0,0.0,2.374836438612249e-15,-0.5429477260578323
tsception,45,2,temporal_blocks.0,0.4908921858363465,0.2798888424711913,0.4908921858363465,0.2798888424711913,0.17192288626046998,0.15168023622682972,0.1672890633490462,0.0,0.0,0.0,0.0,3.5561831257524545e-15,-0.2110033433651552
tsception,45,2,temporal_blocks.2,0.6741291363070359,0.18788817347385128,0.6741291363070359,0.18787078766680457,0.5547390129136273,0.07472770369766747,0.044662419695740634,0.0,0.0,0.0,0.0,5.556319293553713e-15,-0.4862409628331846
tsception,45,5,batch_spatial_lay,0.7845542133840355,0.28702017638152355,0.7845542133840355,0.28687296474468266,1.0344520880343453,-0.27436855610916655,0.024470681458856305,0.0,0.0,0.0,0.0,3.299444051307887e-15,-0.497534037002512
tsception,45,5,batch_temporal_lay,0.7245462796011441,0.1681963287306031,0.7245462796011441,0.16782237627385282,0.9503334856920771,-0.2503134066979974,0.024526200607060355,0.0,0.0,0.0,0.0,1.3437168044916348e-14,-0.5563499508705411
tsception,45,5,dense_layer,0.8056372649634317,0.5415157260078975,0.8056372649634317,0.510257126108425,1.2636016536491264,-0.512918999811195,0.05495461112550052,0.0,0.0,0.0,0.0,8.374377580278036e-16,-0.26412153895553414
tsception,45,5,logits,0.8924159565370853,0.6643090524538486,0.849205264215551,0.47192364694357014,1.5592264169423766,-0.7707111573927177,0.06069000466589198,0.0,0.0,0.0,0.0,8.708311849403572e-16,-0.22810690408323664
tsception,45,5,spatial_block_1,0.6444697805443199,0.2017402221788802,0.6444697805443199,0.1915222903769088,0.9314268110051638,-0.3247869442283384,0.037829913767494755,0.0,0.0,0.0,0.0,1.156193196738542e-15,-0.4427295583654397
tsception,45,5,spatial_block_2,0.8691414470879488,0.31316306918784975,0.8691414470879488,0.3130016908441045,1.0807378139719106,-0.2273029493234016,0.015706582439440224,0.0,0.0,0.0,0.0,3.445160823289939e-15,-0.5559783779000991
tsception,45,5,temporal_blocks.0,0.5080480910898152,0.2404374824014184,0.5080480910898152,0.24029843243375093,0.21904495340270733,0.1619973376212419,0.12700580006586534,0.0,0.0,0.0,0.0,3.756543687227776e-15,-0.2676106086883968
tsception,45,5,temporal_blocks.2,0.655390566242555,0.14276674491240732,0.655390566242555,0.14254097218367595,0.5391166177638476,0.08192610078162334,0.034347847697083496,0.0,0.0,0.0,0.0,6.0212251851154974e-15,-0.5126238213301477
tsception,45,10,batch_spatial_lay,0.714441543399541,0.40836451231408943,0.714441543399541,0.4083422232980202,1.1647409707074325,-0.5173137769993486,0.06701434969145705,0.0,0.0,0.0,0.0,1.929879867024198e-15,-0.3060770310854516
tsception,45,10,batch_temporal_lay,0.6734712068431459,0.2012846632289336,0.6734712068431459,0.20117342062510468,0.9373477819127196,-0.29725858499376884,0.033382009924191845,0.0,0.0,0.0,0.0,1.2661746651154715e-14,-0.4721865436142123
tsception,45,10,dense_layer,0.7155440268650332,0.49778460939422,0.7155440268650332,0.48430779829751386,1.5016170334959575,-0.9341837514100102,0.14811074477908587,0.0,0.0,0.0,0.0,1.2151737949217534e-15,-0.21775941747081318
tsception,45,10,logits,0.7946638449418516,0.5267470556055567,0.7064026388780659,0.4192567513369328,2.0391822539542748,-1.7203652157863485,0.38758560071014,0.0,0.0,0.0,0.0,1.4665352265907927e-14,-0.2679167893362949
tsception,45,10,spatial_block_1,0.7725816627465018,0.49684579246107535,0.7725816627465018,0.4966237948376966,1.3459184821470769,-0.648885503718764,0.07554868431818886,0.0,0.0,0.0,0.0,1.448494102440634e-15,-0.2757358702854264
tsception,45,10,spatial_block_2,0.851927756466036,0.31234878468411603,0.851927756466036,0.31228791917522397,1.1160159006912922,-0.2859243822017836,0.021836237976526847,0.0,0.0,0.0,0.0,2.6402491304367004e-15,-0.5395789717819199
tsception,45,10,temporal_blocks.0,0.5169017484302884,0.22747298274392452,0.5169017484302884,0.227323862420794,0.27352923450090466,0.13852719321950677,0.10484532070987647,0.0,0.0,0.0,0.0,4.241398898763293e-15,-0.28942876568636383
tsception,45,10,temporal_blocks.2,0.6346691897378919,0.16289937457969553,0.6346691897378919,0.16272168150863078,0.5154322030267695,0.0815975469612206,0.03763943974990121,0.0,0.0,0.0,0.0,4.9595744178176915e-15,-0.4717698151581964
tsception,45,20,batch_spatial_lay,0.6758526687715452,0.423931908753042,0.6758526687715452,0.423931908753042,1.154618321371459,-0.5624389406533408,0.08367328805342633,0.0,0.0,0.0,0.0,2.1605980893291132e-15,-0.25192076001850316
tsception,45,20,batch_temporal_lay,0.6256085961143226,0.20094783267842833,0.6256085961143226,0.20088602336428754,0.891447098027682,-0.3038018140316578,0.03796331211829622,0.0,0.0,0.0,0.0,1.026262408387879e-14,-0.4246607634358943
tsception,45,20,dense_layer,0.6585835291113059,0.6548111429317124,0.6562348432416987,0.6520260292259115,2.104624224770963,-1.8407274185201652,0.39233803699090153,0.0,0.0,0.0,0.0,2.7763707131922555e-15,-0.003772386179593523
tsception,45,20,logits,0.7676629318943251,0.6289756035851578,0.6823276936068707,0.5064688555656356,1.873261640447495,-1.493470600238768,0.3025366533981439,0.0,0.0,0.0,0.0,8.721322275473398e-16,-0.1386873283091673
tsception,45,20,spatial_block_1,0.7390466179971145,0.4976674927848197,0.7390466179971145,0.497522359277044,1.3484464449064317,-0.6989945371652405,0.08959471025592483,0.0,0.0,0.0,0.0,2.8917840344533374e-15,-0.24137912521229477
tsception,45,20,spatial_block_2,0.8242485240446195,0.3167351451940341,0.8242485240446195,0.3167351451940341,1.09075584453593,-0.2936057137021514,0.02709839321084126,0.0,0.0,0.0,0.0,3.7921055184853e-15,-0.5075133788505853
tsception,45,20,temporal_blocks.0,0.510690535450582,0.2424727582469788,0.510690535450582,0.2424727582469788,0.2896216571388965,0.1191712827468859,0.10189759556479933,0.0,0.0,0.0,0.0,3.5284275501368256e-15,-0.2682177772036032
tsception,45,20,temporal_blocks.2,0.6369357732040417,0.14269106490087896,0.6369357732040417,0.14199796707432585,0.5211671812324394,0.08403387790367448,0.03173471406792638,0.0,0.0,0.0,0.0,7.676151381197371e-15,-0.49424470830316275
tsception,46,0,batch_spatial_lay,0.5217415281740567,0.2226477012522374,0.5193565595135713,0.22247540179345013,0.6143057119627816,-0.1725697764800374,0.0776206240308264,0.0,0.0,0.0,0.0,3.632510958695434e-15,-0.2990938269218193
tsception,46,0,batch_temporal_lay,0.5246759549111091,0.22783432393689698,0.5246759549111091,0.22782154325770088,0.4513285774071052,-0.03227200307693574,0.10561938058093827,0.0,0.0,0.0,0.0,5.464378949326942e-15,-0.2968416309742121
tsception,46,0,dense_layer,0.7076839048424334,0.24373679305047974,0.7076839048424334,0.24025413809283075,0.6636695712051144,-0.009514984714375719,0.05352931835169463,0.0,0.0,0.0,0.0,3.1051550219984847e-16,-0.46394711179195364
tsception,46,0,logits,0.9858309067604194,0.4378084892186234,0.9858309067604194,0.14797332581154327,0.9778644633146745,0.006669992651870375,0.0012964507938746166,0.0,0.0,0.0,0.0,1.7867651802561113e-16,-0.548022417541796
tsception,46,0,spatial_block_1,0.6583164378645996,0.27776734094920674,0.6583164378645996,0.2715807171176337,0.4074861861181274,0.13752393624891446,0.11330631549755772,0.0,0.0,0.0,0.0,1.4814538484841933e-15,-0.38054909691539285
tsception,46,0,spatial_block_2,0.6138928521267706,0.17653106522695589,0.6138928521267706,0.17516941375020048,0.4531199168170246,0.10211371239852891,0.05865922291121589,0.0,0.0,0.0,0.0,2.411265631607762e-15,-0.4373617868998147
tsception,46,0,temporal_blocks.0,0.5747030385075849,0.2362157656496406,0.5747030385075849,0.2362157656496406,0.2855114471307755,0.1767229940296417,0.11246859734716726,0.0,0.0,0.0,0.0,5.43315392675936e-15,-0.3384872728579442
tsception,46,0,temporal_blocks.2,0.6804814261648675,0.2272085573822916,0.6804814261648675,0.22718899097438333,0.5296142916991926,0.08743736320358007,0.06342977126209477,0.0,0.0,0.0,0.0,4.794775687599895e-15,-0.4532728687825759
tsception,46,1,batch_spatial_lay,0.768056615764702,0.3535623212967499,0.768056615764702,0.3535623212967499,0.9906659864355287,-0.2690012486502744,0.046391877979447604,0.0,0.0,0.0,0.0,2.8171909249863347e-15,-0.41449429446795205
tsception,46,1,batch_temporal_lay,0.785127999723895,0.1997013419067029,0.785127999723895,0.19959230080387952,1.0114757213522385,-0.2533917125693518,0.027043990941004552,0.0,0.0,0.0,0.0,1.2538581284360362e-14,-0.585426657817192
tsception,46,1,dense_layer,0.8104239635917517,0.6112323956543596,0.8104239635917517,0.6104417229658986,1.5726784128605629,-0.9152674938224625,0.15301304455365136,0.0,0.0,0.0,0.0,1.1388459619787739e-15,-0.19919156793739212
tsception,46,1,logits,0.8969613019856881,0.5348465108801497,0.8858266360183661,0.28094425219888736,1.4317965605737106,-0.6037117927976662,0.05774186824232144,0.0,0.0,0.0,0.0,6.245004513516506e-16,-0.36211479110553846
tsception,46,1,spatial_block_1,0.7725193943964711,0.39792107699963863,0.7725193943964711,0.39792107699963863,0.9054680899490859,-0.20462471780843125,0.07167602225581515,0.0,0.0,0.0,0.0,2.463307335887066e-15,-0.37459831739683247
tsception,46,1,spatial_block_2,0.80116148901543,0.293365190925885,0.80116148901543,0.293365190925885,1.0367013418205993,-0.26936962428092104,0.03382977147575147,0.0,0.0,0.0,0.0,2.020085487774992e-15,-0.5077962980895451
tsception,46,1,temporal_blocks.0,0.5596325229434804,0.243328108502958,0.5596325229434804,0.2432941125799036,0.25357219401020453,0.18561828839522337,0.1204420405380519,0.0,0.0,0.0,0.0,4.335073966466041e-15,-0.31630441444052243
tsception,46,1,temporal_blocks.2,0.6902305752006442,0.1885115071194694,0.6902305752006442,0.18814749113322105,0.5534543561670655,0.08768353413520931,0.04909268489836918,0.0,0.0,0.0,0.0,5.054984208996416e-15,-0.5017190680811748
tsception,46,2,batch_spatial_lay,0.8074078362003382,0.3144789093107509,0.8074078362003382,0.3144789093107509,1.0288184720145186,-0.2507243347335158,0.029313698919333425,0.0,0.0,0.0,0.0,5.996939056451822e-15,-0.4929289268895873
tsception,46,2,batch_temporal_lay,0.7646660372333876,0.19409535198980088,0.7646660372333876,0.19400008362525037,0.9931697530235646,-0.25777389760080294,0.029270181810622294,0.0,0.0,0.0,0.0,1.205632815803881e-14,-0.5705706852435867
tsception,46,2,dense_layer,0.916912520936221,0.8038230947719668,0.916912520936221,0.8038230947719668,1.451341152295641,-0.6400171454724095,0.10558851411298949,0.0,0.0,0.0,0.0,5.689893001203927e-16,-0.11308942616425421
tsception,46,2,logits,0.8834835524792449,0.9467892875444555,0.8810761786241692,0.9467892875444555,2.9468096732782194,-2.720037738552386,0.6543042438983359,0.0,0.0,0.0,0.0,1.3721662694976544e-15,0.06330573506521053
tsception,46,2,spatial_block_1,0.9112106750193477,0.45544681604795484,0.9112106750193477,0.45526169706386244,1.1519766142575822,-0.2643252159780607,0.02355927673982588,0.0,0.0,0.0,0.0,1.384309333829492e-15,-0.4557638589713929
tsception,46,2,spatial_block_2,0.8199338269387981,0.20392154281781247,0.8199338269387981,0.2031143190407682,0.9045166552675719,-0.10207479077280396,0.017491962444030586,0.0,0.0,0.0,0.0,3.110359192426415e-15,-0.6160122841209856
tsception,46,2,temporal_blocks.0,0.5640349751928083,0.22140289967873591,0.5640349751928083,0.22133016601329913,0.2642146354646891,0.19413718741399633,0.10568315231412156,0.0,0.0,0.0,0.0,4.883246584874712e-15,-0.3426320755140724
tsception,46,2,temporal_blocks.2,0.663631217414828,0.20235838746556642,0.663631217414828,0.20220239328259254,0.5139412094854648,0.09347395126581755,0.05621605666354536,0.0,0.0,0.0,0.0,5.303049666061099e-15,-0.46127282994926155
tsception,46,5,batch_spatial_lay,0.7039827344223895,0.2741789659698505,0.7039827344223895,0.2741789659698505,0.9945463114715422,-0.3337643045664727,0.04320072751731814,0.0,0.0,0.0,0.0,4.019354293838262e-15,-0.429803768452539
tsception,46,5,batch_temporal_lay,0.7128990922181994,0.21353465817597592,0.7128990922181994,0.2135210653493411,0.9718512918602847,-0.29524079934562536,0.03628859970353608,0.0,0.0,0.0,0.0,1.3372983276305206e-14,-0.4993644340422234
tsception,46,5,dense_layer,0.7695125023216101,0.38908987037239506,0.7695125023216101,0.3120168405584103,1.2386822913595268,-0.5414272004484137,0.07225741141049682,0.0,0.0,0.0,0.0,7.520026268359459e-16,-0.380422631949215
tsception,46,5,logits,0.8344795896146666,0.5572110993656717,0.8145671107191674,0.1831838256282683,1.1561250459702967,-0.3751645365696159,0.03360660131848651,0.0,0.0,0.0,0.0,4.657732532997727e-16,-0.2772684902489949
tsception,46,5,spatial_block_1,0.7782512983580675,0.2930380025208596,0.7782512983580675,0.2915648003018581,1.0629858620157784,-0.32935040986383785,0.044615846206127095,0.0,0.0,0.0,0.0,1.4398204850607499e-15,-0.4852132958372079
tsception,46,5,spatial_block_2,0.6612389936209774,0.28240082507422326,0.6612389936209774,0.2823040070026824,0.891311472996137,-0.2889346051312633,0.058862125756103424,0.0,0.0,0.0,0.0,1.5343629145014859e-15,-0.3788381685467541
tsception,46,5,temporal_blocks.0,0.5142779142061357,0.2587227332895095,0.5142779142061357,0.2587227332895095,0.185401923766829,0.18706525244003858,0.14181073799926733,0.0,0.0,0.0,0.0,4.503342143635791e-15,-0.25555518091662616
tsception,46,5,temporal_blocks.2,0.6432762757440786,0.1837718274857496,0.6432762757440786,0.1834906537565048,0.48865129086561304,0.10328476812325606,0.051340216755208515,0.0,0.0,0.0,0.0,6.196432256189155e-15,-0.45950444825832903
tsception,46,10,batch_spatial_lay,0.5513460829262418,0.2507206261763754,0.5513224249336656,0.2507206261763754,0.9380741554597208,-0.4628258230090937,0.07607409248303695,0.0,0.0,0.0,0.0,3.471181675429591e-15,-0.30062545674986635
tsception,46,10,batch_temporal_lay,0.6443073370855553,0.18714423215365203,0.6443073370855553,0.18709735846901776,0.9030807478981414,-0.2991853660560536,0.040411955243465456,0.0,0.0,0.0,0.0,1.140407213107153e-14,-0.45716310493190326
tsception,46,10,dense_layer,0.5904683730759638,0.41266999090614476,0.5896268411668157,0.28847192150653467,1.6845127876720343,-1.382138145036665,0.28725219853144657,0.0,0.0,0.0,0.0,2.4405390902648705e-15,-0.17779838216981902
tsception,46,10,logits,0.6445822754977696,0.6125579954866769,0.4932161885491763,0.27345951927149204,2.6211179593240397,-2.9907114641143973,0.8628096933395338,0.0,0.0,0.0,0.0,3.30188350619598e-15,-0.0320242800110927
tsception,46,10,spatial_block_1,0.6746665068301306,0.23952649959713437,0.6746665068301306,0.23891283416417186,1.0689328031596927,-0.46774853956753354,0.07348224323797065,0.0,0.0,0.0,0.0,1.6089560239684886e-15,-0.4351400072329963
tsception,46,10,spatial_block_2,0.7606471396565756,0.26860722975297097,0.7606471396565756,0.26855523098980977,1.0545096754589547,-0.3366845727381907,0.04282203693581142,0.0,0.0,0.0,0.0,1.5543122344752192e-15,-0.49203990990360463
tsception,46,10,temporal_blocks.0,0.5053126316522153,0.24009744406268968,0.5053126316522153,0.24009744406268968,0.19658275504403466,0.1852371117194641,0.12349276488871602,0.0,0.0,0.0,0.0,4.215378046623641e-15,-0.2652151875895256
tsception,46,10,temporal_blocks.2,0.6521751339011166,0.1300088480762715,0.6521751339011166,0.1291978943061127,0.5087871009679831,0.10895916363041909,0.034428869302713154,0.0,0.0,0.0,0.0,6.723788192886104e-15,-0.522166285824845
tsception,46,20,batch_spatial_lay,0.4735931115554477,0.31242610409560817,0.47333238013500645,0.31242610409560817,0.9180426634654004,-0.5673000230858465,0.1225897397554506,0.0,0.0,0.0,0.0,4.4578056523914e-15,-0.16116700745983953
tsception,46,20,batch_temporal_lay,0.6060968926914325,0.20840713841669442,0.6060968926914325,0.20840713841669442,0.8848229215877653,-0.3258430793048687,0.047117050408531605,0.0,0.0,0.0,0.0,1.3303594337266134e-14,-0.39768975427473807
tsception,46,20,dense_layer,0.35406627863907536,0.32769651977015307,0.34706330463201185,0.3061173969888281,0.3922458674982633,-0.28909179921458283,0.24390923634833148,0.0,0.0,0.0,0.0,1.1301723445988898e-15,-0.02636975886892229
tsception,46,20,logits,0.4724176947556826,0.4714350689521027,0.14205299744629307,0.18694670756833956,0.09117746142777795,-0.14222635768148795,0.19310189370000302,0.0,0.0,0.0,0.0,1.9168694409543718e-16,-0.0009826258035799396
tsception,46,20,spatial_block_1,0.6658248470438128,0.3492945922794044,0.6658248470438128,0.3492945922794044,1.1746732966478666,-0.6264239348266603,0.11757548522260579,0.0,0.0,0.0,0.0,1.4996684449819497e-15,-0.31653025476440844
tsception,46,20,spatial_block_2,0.7236249299225974,0.2692880813256239,0.7236249299225974,0.26924583917455636,1.0354114765605882,-0.35794505935842996,0.046158512720439214,0.0,0.0,0.0,0.0,1.5126788710517758e-15,-0.45433684859697354
tsception,46,20,temporal_blocks.0,0.4534745856183194,0.26818303921282766,0.4534745856183194,0.26818303921282766,0.14007452618412464,0.15406603020978596,0.1593340292244085,0.0,0.0,0.0,0.0,4.180683577104105e-15,-0.18529154640549172
tsception,46,20,temporal_blocks.2,0.650867735168874,0.12177185098299116,0.650867735168874,0.12092342680337952,0.5042172381150539,0.11549822379406814,0.03115227325975066,0.0,0.0,0.0,0.0,6.558989462668308e-15,-0.5290958841858828
