dataset,label_mode,arch,layer,seed,epoch,n_windows,val_acc,raw_odi,anchored_odi,signed_baseline,signed_cross,signed_residual,raw_floor_pairs,anchor_excluded_pairs
bci2a,shuffled,eegnet,conv_temporal,42,0,64,0.2847222222222222,0.0019461940580664866,0.0019461940580664861,0.0,0.0,-0.0006348821194786477,0,0
bci2a,shuffled,eegnet,bnorm_1,42,0,64,0.2847222222222222,0.0022252454774101043,0.002225245477410104,0.0,0.0,-0.00040618303070553345,0,0
bci2a,shuffled,eegnet,conv_spatial,42,0,64,0.2847222222222222,0.0022252454519761083,0.0022252454519761087,0.0,0.0,-0.0004061830569287569,0,0
bci2a,shuffled,eegnet,conv_separable_depth,42,0,64,0.2847222222222222,0.007781087365418567,0.007781087365418568,0.0,0.0,0.0017165122527243502,0,0
bci2a,shuffled,eegnet,bnorm_2,42,0,64,0.2847222222222222,0.008361434108679868,0.008361434108679868,0.0,0.0,0.0023401384154890436,0,0
bci2a,shuffled,eegnet,pool_2,42,0,64,0.2847222222222222,0.09518343522355482,0.09518343522355482,0.0,0.0,0.04042119289805425,0,0
bci2a,shuffled,eegnet,logits,42,0,64,0.2847222222222222,0.44078840596052543,0.4407884059605255,0.0,0.0,0.14571006772185482,0,0
bci2a,shuffled,eegnet,conv_temporal,42,1,64,0.25,0.0020036069526817007,0.0020036069526817007,0.0,0.0,-0.0004771533863548133,0,0
bci2a,shuffled,eegnet,bnorm_1,42,1,64,0.25,0.010678442253682143,0.002132965343331518,0.010826104764938333,-0.00013309092256195916,-0.00042954676413582975,0,0
bci2a,shuffled,eegnet,conv_spatial,42,1,64,0.25,0.0021259292014000107,0.002134377848628379,7.516429157990466e-05,2.1325748430677672e-05,-0.0004170413808592321,0,0
bci2a,shuffled,eegnet,conv_separable_depth,42,1,64,0.25,0.015531725393369795,0.0071398268873101856,0.011779359140419688,0.0004953263555802572,0.001292416257336379,0,0
bci2a,shuffled,eegnet,bnorm_2,42,1,64,0.25,0.1983794435276648,0.00769229679416354,0.22718557290929936,-0.030540493436405528,0.0017343640547704956,0,0
bci2a,shuffled,eegnet,pool_2,42,1,64,0.25,0.563652154891823,0.08579385222934979,0.6628850018262382,-0.10510475199587167,0.005767612716799864,0,0
bci2a,shuffled,eegnet,logits,42,1,64,0.25,0.7047340987001316,0.44164443011435667,0.875002270584193,-0.2477430517752266,0.0410870092113546,0,0
bci2a,shuffled,eegnet,conv_temporal,42,2,64,0.2361111111111111,0.002033904705846368,0.002033904705846368,0.0,0.0,-0.0004528880505746489,0,0
bci2a,shuffled,eegnet,bnorm_1,42,2,64,0.2361111111111111,0.01054277653771967,0.0021145034794076397,0.010572666075279824,-8.504844585214866e-05,-0.0004790523700327059,0,0
bci2a,shuffled,eegnet,conv_spatial,42,2,64,0.2361111111111111,0.002109720294684809,0.002100161842570888,0.00016209644658864364,4.1918072485748036e-05,-0.0004761101733751368,0,0
bci2a,shuffled,eegnet,conv_separable_depth,42,2,64,0.2361111111111111,0.018016523701933546,0.006800923305096022,0.011803437079249298,0.0032632443481542565,0.0014430264132311561,0,0
bci2a,shuffled,eegnet,bnorm_2,42,2,64,0.2361111111111111,0.26621180938416567,0.007686700351137451,0.3051564400570093,-0.04075318207905319,0.0018085514062089318,0,0
bci2a,shuffled,eegnet,pool_2,42,2,64,0.2361111111111111,0.6545643471199545,0.08449135250191694,0.7758417106707136,-0.12728874802764223,0.006011384476882983,0,0
bci2a,shuffled,eegnet,logits,42,2,64,0.2361111111111111,0.6858664866198046,0.44272740186859516,1.0233517861516335,-0.4221329385440993,0.053502356641325334,0,0
bci2a,shuffled,eegnet,conv_temporal,42,5,64,0.24305555555555555,0.00219080778672679,0.0021908077867267895,0.0,0.0,-0.0004693493425380949,0,0
bci2a,shuffled,eegnet,bnorm_1,42,5,64,0.24305555555555555,0.005526399379837295,0.0021765760003583726,0.00476253583612427,-2.4063906561785266e-05,-0.00037821410103691915,0,0
bci2a,shuffled,eegnet,conv_spatial,42,5,64,0.24305555555555555,0.002230919557218069,0.0021852519820472318,0.00025626812419480725,5.6558382159246166e-05,-0.000441204483839746,0,0
bci2a,shuffled,eegnet,conv_separable_depth,42,5,64,0.24305555555555555,0.010001623321690991,0.00677623732875674,0.004127083774693759,0.0009657775239693653,0.0020395504452948784,0,0
bci2a,shuffled,eegnet,bnorm_2,42,5,64,0.24305555555555555,0.23824804381226283,0.007762933591915033,0.2856913812954142,-0.05004937508732145,0.0026060376041697544,0,0
bci2a,shuffled,eegnet,pool_2,42,5,64,0.24305555555555555,0.6254440257103877,0.09194314495703394,0.7924129540453819,-0.17791607632206402,0.01094714798706992,0,0
bci2a,shuffled,eegnet,logits,42,5,64,0.24305555555555555,0.7235249992722081,0.44797941366843086,1.1620379392964395,-0.5323350309985779,0.057370194169234404,0,0
bci2a,shuffled,eegnet,conv_temporal,42,10,64,0.2638888888888889,0.0023178386764394817,0.0023178386764394813,0.0,0.0,-0.000382553364893449,0,0
bci2a,shuffled,eegnet,bnorm_1,42,10,64,0.2638888888888889,0.012417563023419358,0.002587736821567078,0.011735718228446039,-1.8296341227356245e-06,-0.00025379077833524906,0,0
bci2a,shuffled,eegnet,conv_spatial,42,10,64,0.2638888888888889,0.0027085047974472077,0.0026364223874568776,0.00026830862391927115,5.7596150362773294e-05,-0.00045716237841102246,0,0
bci2a,shuffled,eegnet,conv_separable_depth,42,10,64,0.2638888888888889,0.009525584298341426,0.008717633578735149,0.010254674148186434,-0.011296488732773514,0.005314851031171373,0,0
bci2a,shuffled,eegnet,bnorm_2,42,10,64,0.2638888888888889,0.14966206771000912,0.01022090213101242,0.21012698077047243,-0.06636734577865595,0.005902432718192683,0,0
bci2a,shuffled,eegnet,pool_2,42,10,64,0.2638888888888889,0.4300911076649895,0.15352480302713262,0.7027631858182322,-0.3136212349787557,0.04094915682551306,0,0
bci2a,shuffled,eegnet,logits,42,10,64,0.2638888888888889,0.5954877843562044,0.4638267786824571,1.1892787586871718,-0.839984300307123,0.1357548789509804,0,0
bci2a,shuffled,eegnet,conv_temporal,42,20,64,0.2534722222222222,0.0027725391769431416,0.002772539176943142,0.0,0.0,-0.0002609870696052038,0,0
bci2a,shuffled,eegnet,bnorm_1,42,20,64,0.2534722222222222,0.03941690720657402,0.0026218626319455263,0.03971578905447214,9.354348546508733e-06,-0.00041613150349325255,0,0
bci2a,shuffled,eegnet,conv_spatial,42,20,64,0.2534722222222222,0.0037958694792065446,0.003121693407154772,0.0013859183736980505,-6.516190507044876e-05,-0.0002884219974632481,0,0
bci2a,shuffled,eegnet,conv_separable_depth,42,20,64,0.2534722222222222,0.020692401487333235,0.011379751269260996,0.04067650751352191,-0.03896211327044926,0.008428037728373406,0,0
bci2a,shuffled,eegnet,bnorm_2,42,20,64,0.2534722222222222,0.14344067259387244,0.014507214634612275,0.22527159765220303,-0.09139039558212442,0.009388659751910989,0,0
bci2a,shuffled,eegnet,pool_2,42,20,64,0.2534722222222222,0.3320763486268452,0.21752544254770334,0.715524232743082,-0.4632100892201297,0.07864554837232351,0,0
bci2a,shuffled,eegnet,logits,42,20,64,0.2534722222222222,0.5655841978293104,0.4934227712775163,1.1220770222031946,-0.970766219134331,0.19445586497569894,0,0
bci2a,shuffled,eegnet,conv_temporal,42,30,64,0.22569444444444445,0.0029262933330655785,0.002926293333065578,0.0,0.0,-0.00022785757308438662,0,0
bci2a,shuffled,eegnet,bnorm_1,42,30,64,0.22569444444444445,0.10003883193759673,0.002503124448544291,0.10024332022887425,-6.776682858082516e-05,-0.0001367214626966829,0,0
bci2a,shuffled,eegnet,conv_spatial,42,30,64,0.22569444444444445,0.0043941246841042916,0.003403629181114725,0.0017131328365272242,-5.6854653668993806e-05,-7.525743630944215e-05,0,0
bci2a,shuffled,eegnet,conv_separable_depth,42,30,64,0.22569444444444445,0.054451638809871694,0.013584344898327683,0.09824664376633627,-0.06045677577751775,0.00938929118291741,0,0
bci2a,shuffled,eegnet,bnorm_2,42,30,64,0.22569444444444445,0.1841173291370826,0.016324743339145138,0.26734210890037,-0.0932540712409501,0.009944796932729108,0,0
bci2a,shuffled,eegnet,pool_2,42,30,64,0.22569444444444445,0.34676827286782036,0.20983135840559028,0.7656303760372962,-0.499577184218424,0.07163882335391225,0,0
bci2a,shuffled,eegnet,logits,42,30,64,0.22569444444444445,0.5446039369359914,0.501650066455732,0.9410049148762365,-0.8269962562850308,0.16898203119625738,0,0
bci2a,shuffled,eegnet,conv_temporal,43,0,64,0.2777777777777778,0.0028543391045777683,0.0028543391045777688,0.0,0.0,-0.0007040343691927747,0,0
bci2a,shuffled,eegnet,bnorm_1,43,0,64,0.2777777777777778,0.0034422256985382734,0.0034422256985382734,0.0,0.0,-0.0011574570221007045,0,0
bci2a,shuffled,eegnet,conv_spatial,43,0,64,0.2777777777777778,0.003442225705344095,0.003442225705344095,0.0,0.0,-0.0011574570289641986,0,0
bci2a,shuffled,eegnet,conv_separable_depth,43,0,64,0.2777777777777778,0.007311621881688969,0.007311621881688968,0.0,0.0,-0.0005531533809652634,0,0
bci2a,shuffled,eegnet,bnorm_2,43,0,64,0.2777777777777778,0.008141769388839804,0.008141769388839804,0.0,0.0,-0.00124485549273287,0,0
bci2a,shuffled,eegnet,pool_2,43,0,64,0.2777777777777778,0.0716480279662303,0.0716480279662303,0.0,0.0,0.01413356440474876,0,0
bci2a,shuffled,eegnet,logits,43,0,64,0.2777777777777778,0.43155851585615707,0.43155851585615707,0.0,0.0,0.004841746244529529,0,0
bci2a,shuffled,eegnet,conv_temporal,43,1,64,0.2534722222222222,0.0032889730127952585,0.003288973012795259,0.0,0.0,-0.0008585317444211678,0,0
bci2a,shuffled,eegnet,bnorm_1,43,1,64,0.2534722222222222,0.013754189797381723,0.0037109332532711007,0.012827852374874276,8.420864975955132e-05,-0.0011849289288692166,0,0
bci2a,shuffled,eegnet,conv_spatial,43,1,64,0.2534722222222222,0.0037517383331536966,0.0037434077126055577,0.00018731959180190934,-1.6355879535577357e-05,-0.0012067052999413836,0,0
bci2a,shuffled,eegnet,conv_separable_depth,43,1,64,0.2534722222222222,0.016706537434111254,0.00815131107379274,0.011562144738717799,0.0007141021300743327,-0.0003581072182150714,0,0
bci2a,shuffled,eegnet,bnorm_2,43,1,64,0.2534722222222222,0.15968705296832983,0.008593918354134908,0.1710785273526405,-0.010620035235510868,-0.0007833777037603947,0,0
bci2a,shuffled,eegnet,pool_2,43,1,64,0.2534722222222222,0.5303687324101581,0.07344961443175901,0.5988280856667628,-0.07040762266090439,0.001948269404299663,0,0
bci2a,shuffled,eegnet,logits,43,1,64,0.2534722222222222,0.6704552084683906,0.4221244439787556,0.854799538975038,-0.29194202413116105,0.02236437478134777,0,0
bci2a,shuffled,eegnet,conv_temporal,43,2,64,0.2534722222222222,0.0031413257125078612,0.0031413257125078617,0.0,0.0,-0.0009050897189509255,0,0
bci2a,shuffled,eegnet,bnorm_1,43,2,64,0.2534722222222222,0.012122866032240425,0.0037587670434453928,0.011001020436807386,5.879412111692127e-05,-0.0013217739277115606,0,0
bci2a,shuffled,eegnet,conv_spatial,43,2,64,0.2534722222222222,0.0038999072699016438,0.003861846236503713,0.00043448608266178837,-2.7358437241385572e-05,-0.0013581408173646277,0,0
bci2a,shuffled,eegnet,conv_separable_depth,43,2,64,0.2534722222222222,0.014122484216676596,0.00844511132318388,0.00879855835991247,2.2226486645036982e-05,-0.00022779460721968553,0,0
bci2a,shuffled,eegnet,bnorm_2,43,2,64,0.2534722222222222,0.19887612653998482,0.008955213067855308,0.21350646225860637,-0.013873816602608773,-0.0007565191160129422,0,0
bci2a,shuffled,eegnet,pool_2,43,2,64,0.2534722222222222,0.600081543208534,0.07676708392211129,0.6807652241409403,-0.08418200601613687,0.003498325083730532,0,0
bci2a,shuffled,eegnet,logits,43,2,64,0.2534722222222222,0.6827909419200098,0.4084067103285892,0.8503568623520347,-0.22254287981346704,0.0066076337745119736,0,0
bci2a,shuffled,eegnet,conv_temporal,43,5,64,0.2152777777777778,0.003066639373092817,0.003066639373092817,0.0,0.0,-0.00086266441790627,0,0
bci2a,shuffled,eegnet,bnorm_1,43,5,64,0.2152777777777778,0.01170482041366714,0.0036497392263095214,0.010561316555986265,-4.334086784815621e-06,-0.0012340159465278758,0,0
bci2a,shuffled,eegnet,conv_spatial,43,5,64,0.2152777777777778,0.004112881095515351,0.004024054903271711,0.0005700423584564336,-2.5015208189906192e-05,-0.0013505593651087495,0,0
bci2a,shuffled,eegnet,conv_separable_depth,43,5,64,0.2152777777777778,0.017913269458782917,0.008914031349264695,0.012134184970328341,0.00014218784643175577,0.0012487656166342816,0,0
bci2a,shuffled,eegnet,bnorm_2,43,5,64,0.2152777777777778,0.1375444945170158,0.009289719259713381,0.16171689521691124,-0.02451145186425122,0.0003067513887856944,0,0
bci2a,shuffled,eegnet,pool_2,43,5,64,0.2152777777777778,0.4546527746271507,0.08205372736607451,0.596983663735043,-0.15693912662434556,0.01460823751645333,0,0
bci2a,shuffled,eegnet,logits,43,5,64,0.2152777777777778,0.5001416098680084,0.40925393263741494,0.5269097828807765,-0.25827909776238567,0.03825880463716688,0,0
bci2a,shuffled,eegnet,conv_temporal,43,10,64,0.2222222222222222,0.0030225814430896556,0.003022581443089655,0.0,0.0,-0.0007330396576109618,0,0
bci2a,shuffled,eegnet,bnorm_1,43,10,64,0.2222222222222222,0.013334865613708623,0.0030975153580739215,0.012643748714897991,0.00010795092426093634,-0.0007223977524368091,0,0
bci2a,shuffled,eegnet,conv_spatial,43,10,64,0.2222222222222222,0.004043905117531246,0.0039764441017477595,0.0004686748639645637,-1.2631863618174476e-05,-0.0012298644023569217,0,0
bci2a,shuffled,eegnet,conv_separable_depth,43,10,64,0.2222222222222222,0.010580945536791809,0.008016800185910545,0.00746665806170619,-0.003719848282733148,0.0026552440670140048,0,0
bci2a,shuffled,eegnet,bnorm_2,43,10,64,0.2222222222222222,0.08272723033184691,0.008760040605843077,0.10897203061995012,-0.02838432138447907,0.0018113725838371558,0,0
bci2a,shuffled,eegnet,pool_2,43,10,64,0.2222222222222222,0.2883900039296831,0.10728110289422113,0.45145958041485135,-0.20297768013821157,0.03843385310783547,0,0
bci2a,shuffled,eegnet,logits,43,10,64,0.2222222222222222,0.4679579955677521,0.41482784404126327,0.3025950231104485,-0.2611193259221546,0.04594682177308448,0,0
bci2a,shuffled,eegnet,conv_temporal,43,20,64,0.28125,0.003165504472694436,0.003165504472694436,0.0,0.0,-0.0005575772510949539,0,0
bci2a,shuffled,eegnet,bnorm_1,43,20,64,0.28125,0.024723430943877654,0.003125552765802357,0.02473846235365035,-4.651576842153103e-07,-0.0007707170898463051,0,0
bci2a,shuffled,eegnet,conv_spatial,43,20,64,0.28125,0.004024091313711737,0.003731178145899908,0.001020560946148223,-1.5499500890248493e-05,-0.001124525089259881,0,0
bci2a,shuffled,eegnet,conv_separable_depth,43,20,64,0.28125,0.013552804383466675,0.009811690674720538,0.02297654530799292,-0.02499766424313691,0.006063269762572685,0,0
bci2a,shuffled,eegnet,bnorm_2,43,20,64,0.28125,0.07373500845949016,0.00896294413748979,0.10199133537585012,-0.03234886828305789,0.0027940603367509163,0,0
bci2a,shuffled,eegnet,pool_2,43,20,64,0.28125,0.22599156694444122,0.1409913610585292,0.4341499844609001,-0.3309125578465666,0.06907020813880468,0,0
bci2a,shuffled,eegnet,logits,43,20,64,0.28125,0.4221095244363957,0.4341756863756827,0.21654960247823793,-0.3150110698355144,0.07295925263570792,0,0
bci2a,shuffled,eegnet,conv_temporal,43,30,64,0.2986111111111111,0.003707245686523134,0.003707245686523134,0.0,0.0,-0.0006681929956914729,0,0
bci2a,shuffled,eegnet,bnorm_1,43,30,64,0.2986111111111111,0.061030798905011514,0.0034932867972771913,0.06170662147119793,7.654900411838706e-05,-0.0010114908894729713,0,0
bci2a,shuffled,eegnet,conv_spatial,43,30,64,0.2986111111111111,0.0046799805220497145,0.0038138245137712724,0.0018488809906041788,3.7406710379000945e-05,-0.0010367532968880773,0,0
bci2a,shuffled,eegnet,conv_separable_depth,43,30,64,0.2986111111111111,0.03421271243076825,0.012477800474104114,0.06830762339902763,-0.05444041386578949,0.008253892428183775,0,0
bci2a,shuffled,eegnet,bnorm_2,43,30,64,0.2986111111111111,0.09608135799394435,0.010313563149996482,0.1268186800527395,-0.0346080224129106,0.003285135115617896,0,0
bci2a,shuffled,eegnet,pool_2,43,30,64,0.2986111111111111,0.2458828202799607,0.13638431386377503,0.49612378655558353,-0.40071679412274686,0.07149726108099316,0,0
bci2a,shuffled,eegnet,logits,43,30,64,0.2986111111111111,0.4693030340835316,0.4520348535935187,0.6300995326551233,-0.5974952105160951,0.12180252008992433,0,0
bci2a,shuffled,eegnet,conv_temporal,44,0,64,0.2951388888888889,0.002396464032223141,0.002396464032223141,0.0,0.0,-0.00037973701717697523,0,0
bci2a,shuffled,eegnet,bnorm_1,44,0,64,0.2951388888888889,0.0037290201267157854,0.003729020126715785,0.0,0.0,0.0001960670178185481,0,0
bci2a,shuffled,eegnet,conv_spatial,44,0,64,0.2951388888888889,0.0037290201302387937,0.0037290201302387933,0.0,0.0,0.00019606699265753067,0,0
bci2a,shuffled,eegnet,conv_separable_depth,44,0,64,0.2951388888888889,0.007115915537795994,0.007115915537795995,0.0,0.0,0.00038253661854039625,0,0
bci2a,shuffled,eegnet,bnorm_2,44,0,64,0.2951388888888889,0.00899776679168706,0.00899776679168706,0.0,0.0,0.0004853472949372283,0,0
bci2a,shuffled,eegnet,pool_2,44,0,64,0.2951388888888889,0.07190666959999616,0.07190666959999616,0.0,0.0,0.019679147065519646,0,0
bci2a,shuffled,eegnet,logits,44,0,64,0.2951388888888889,0.4231342682841139,0.4231342682841138,0.0,0.0,0.04097670125314595,0,0
bci2a,shuffled,eegnet,conv_temporal,44,1,64,0.2673611111111111,0.002495272722851276,0.002495272722851276,0.0,0.0,-0.0003572202143980368,0,0
bci2a,shuffled,eegnet,bnorm_1,44,1,64,0.2673611111111111,0.015194480522557554,0.003166960484253906,0.014019143985661228,3.6012910351605148e-06,-0.00011408476747273792,0,0
bci2a,shuffled,eegnet,conv_spatial,44,1,64,0.2673611111111111,0.0032791329592746932,0.0032327624728246277,0.0001802471555113839,-2.1041404289322015e-05,-5.55462610172821e-05,0,0
bci2a,shuffled,eegnet,conv_separable_depth,44,1,64,0.2673611111111111,0.01832261280109839,0.006119067589165808,0.01762131116084564,-0.002031520007759406,0.0003436715671554915,0,0
bci2a,shuffled,eegnet,bnorm_2,44,1,64,0.2673611111111111,0.19149216970311322,0.008076577670516448,0.20895846204633006,-0.01773346096714739,0.0002671686239302462,0,0
bci2a,shuffled,eegnet,pool_2,44,1,64,0.2673611111111111,0.5778118249364497,0.07277528368828895,0.6710349879274667,-0.09871700517302498,0.005493842182008054,0,0
bci2a,shuffled,eegnet,logits,44,1,64,0.2673611111111111,0.7845891124830775,0.4306702572761273,0.7783978040843835,-0.0022992985396992627,0.003103801635780861,0,0
bci2a,shuffled,eegnet,conv_temporal,44,2,64,0.2361111111111111,0.002591647258581109,0.0025916472585811087,0.0,0.0,-0.0004807824964610525,0,0
bci2a,shuffled,eegnet,bnorm_1,44,2,64,0.2361111111111111,0.01649431420634366,0.0031591047803394817,0.0154909207512579,4.647364726855783e-05,-0.00038351489741590266,0,0
bci2a,shuffled,eegnet,conv_spatial,44,2,64,0.2361111111111111,0.003335659019017654,0.003296432433025861,0.00018088304896321988,9.248537105126481e-06,-0.00027974519423442187,0,0
bci2a,shuffled,eegnet,conv_separable_depth,44,2,64,0.2361111111111111,0.01518232354498121,0.006011071055155052,0.014491506587206377,-0.002695894051663021,0.00028133222783010685,0,0
bci2a,shuffled,eegnet,bnorm_2,44,2,64,0.2361111111111111,0.25866029395158446,0.007887679408607184,0.2852940196332052,-0.026790750926550606,0.00015702524492978935,0,0
bci2a,shuffled,eegnet,pool_2,44,2,64,0.2361111111111111,0.6697987329096737,0.0767372757768795,0.7934645201632,-0.13028143850090287,0.006615651247376568,0,0
bci2a,shuffled,eegnet,logits,44,2,64,0.2361111111111111,0.6962912308274054,0.4235185530447127,0.7298406169817101,-0.06814140718776465,0.010775501372806584,0,0
bci2a,shuffled,eegnet,conv_temporal,44,5,64,0.1840277777777778,0.002838752146392603,0.0028387521463926037,0.0,0.0,-0.0005753995518672689,0,0
bci2a,shuffled,eegnet,bnorm_1,44,5,64,0.1840277777777778,0.011350578133942064,0.0034219208484600016,0.009855356169862075,5.713208781333311e-06,-0.0009323456154270294,0,0
bci2a,shuffled,eegnet,conv_spatial,44,5,64,0.1840277777777778,0.0036300294520953923,0.003474667201914581,0.0004607163580284152,9.813999101479867e-06,-0.0007756698201028264,0,0
bci2a,shuffled,eegnet,conv_separable_depth,44,5,64,0.1840277777777778,0.00971009097450242,0.006624137110415218,0.010971499364768676,-0.00786758315619748,0.0013305301274114585,0,0
bci2a,shuffled,eegnet,bnorm_2,44,5,64,0.1840277777777778,0.22516112897967547,0.008418260465633369,0.2713050453080633,-0.046946489015659953,0.0008025726872715835,0,0
bci2a,shuffled,eegnet,pool_2,44,5,64,0.1840277777777778,0.5938922707083557,0.09846913800201959,0.8178910107435708,-0.2407980004614338,0.016799260426218748,0,0
bci2a,shuffled,eegnet,logits,44,5,64,0.1840277777777778,0.5009560880355164,0.44046433195670553,0.6236116123098062,-0.3605937383698765,0.05977563308528716,0,0
bci2a,shuffled,eegnet,conv_temporal,44,10,64,0.2048611111111111,0.003300321989122893,0.003300321989122893,0.0,0.0,-0.0008468926410428283,0,0
bci2a,shuffled,eegnet,bnorm_1,44,10,64,0.2048611111111111,0.011846407192289157,0.003623712993575396,0.010490064168532917,-9.014525824463928e-05,-0.0011807207572286243,0,0
bci2a,shuffled,eegnet,conv_spatial,44,10,64,0.2048611111111111,0.004107471762658261,0.0037016947368858164,0.0009910108324353657,-1.1877715171402513e-05,-0.0010244237714719289,0,0
bci2a,shuffled,eegnet,conv_separable_depth,44,10,64,0.2048611111111111,0.011387609801978928,0.007372132475378599,0.012129925930174108,-0.00867666631382126,0.001644385390571022,0,0
bci2a,shuffled,eegnet,bnorm_2,44,10,64,0.2048611111111111,0.16025253871033537,0.008637726289098268,0.1973040420973911,-0.036988695908380845,-7.22890495192572e-05,0,0
bci2a,shuffled,eegnet,pool_2,44,10,64,0.2048611111111111,0.43925550687757664,0.12818158106649727,0.6896432863424061,-0.28627833782287315,0.035890558358043716,0,0
bci2a,shuffled,eegnet,logits,44,10,64,0.2048611111111111,0.436169338595761,0.4250982922309413,0.39119070299325887,-0.314834934332744,0.047300723233777174,0,0
bci2a,shuffled,eegnet,conv_temporal,44,20,64,0.22916666666666666,0.004066280417886732,0.004066280417886731,0.0,0.0,-0.001000561954482172,0,0
bci2a,shuffled,eegnet,bnorm_1,44,20,64,0.22916666666666666,0.027293560918461125,0.003729165539778266,0.027237048523139396,-3.302537067282865e-05,-0.0012176381198273746,0,0
bci2a,shuffled,eegnet,conv_spatial,44,20,64,0.22916666666666666,0.006497692957488314,0.004267126789683087,0.003519510116999234,-3.701643145011563e-05,-0.0011075996309623483,0,0
bci2a,shuffled,eegnet,conv_separable_depth,44,20,64,0.22916666666666666,0.01722849165787122,0.009402793338747249,0.030865993577731378,-0.027896183217999443,0.004006148044101983,0,0
bci2a,shuffled,eegnet,bnorm_2,44,20,64,0.22916666666666666,0.12989743330637,0.01011817274797578,0.17266355319306742,-0.04393575043894139,0.0008407064442984448,0,0
bci2a,shuffled,eegnet,pool_2,44,20,64,0.22916666666666666,0.28043813656943106,0.19261083352650932,0.6666792470164452,-0.4757057897246684,0.0866737722345349,0,0
bci2a,shuffled,eegnet,logits,44,20,64,0.22916666666666666,0.4945916994869973,0.456419224197426,0.5504544595764744,-0.4563246300389354,0.09170424138244608,0,0
bci2a,shuffled,eegnet,conv_temporal,44,30,64,0.20833333333333334,0.0041521628755315865,0.004152162875531587,0.0,0.0,-0.0009829523097240353,0,0
bci2a,shuffled,eegnet,bnorm_1,44,30,64,0.20833333333333334,0.08309506887209851,0.0035221919596025017,0.08422768327290792,-7.510480256207952e-05,-0.0010630914451106792,0,0
bci2a,shuffled,eegnet,conv_spatial,44,30,64,0.20833333333333334,0.007214725925136605,0.00455903674980534,0.004049518089897612,-8.374332208986242e-06,-0.0011233077774519804,0,0
bci2a,shuffled,eegnet,conv_separable_depth,44,30,64,0.20833333333333334,0.03859800505374332,0.009472231044589694,0.07828116101753116,-0.04975067291450118,0.004578031544448139,0,0
bci2a,shuffled,eegnet,bnorm_2,44,30,64,0.20833333333333334,0.16681993378695958,0.009798091119248658,0.21877181424275682,-0.05405886126615176,0.0021069808103541757,0,0
bci2a,shuffled,eegnet,pool_2,44,30,64,0.20833333333333334,0.30491898720841437,0.2049750169523062,0.7541808595763232,-0.545057997997991,0.0927893300544753,0,0
bci2a,shuffled,eegnet,logits,44,30,64,0.20833333333333334,0.49530381268268153,0.4535690571864101,0.47398764944030347,-0.29151605119766794,0.06842089988191624,0,0
bci2a,shuffled,eegnet,conv_temporal,45,0,64,0.34375,0.0021636048858395445,0.0021636048858395445,0.0,0.0,-0.0005298554265234456,0,0
bci2a,shuffled,eegnet,bnorm_1,45,0,64,0.34375,0.00244105957046242,0.00244105957046242,0.0,0.0,-0.0002562928615430192,0,0
bci2a,shuffled,eegnet,conv_spatial,45,0,64,0.34375,0.0024410595843533467,0.0024410595843533467,0.0,0.0,-0.0002562928542476547,0,0
bci2a,shuffled,eegnet,conv_separable_depth,45,0,64,0.34375,0.005638467567380334,0.005638467567380334,0.0,0.0,9.160231849198846e-05,0,0
bci2a,shuffled,eegnet,bnorm_2,45,0,64,0.34375,0.006876123216227011,0.006876123216227012,0.0,0.0,0.0004307727825280514,0,0
bci2a,shuffled,eegnet,pool_2,45,0,64,0.34375,0.07866652516742183,0.07866652516742181,0.0,0.0,0.017988968055806336,0,0
bci2a,shuffled,eegnet,logits,45,0,64,0.34375,0.4353090692221015,0.4353090692221015,0.0,0.0,0.0023684935798837523,0,0
bci2a,shuffled,eegnet,conv_temporal,45,1,64,0.3229166666666667,0.002478838382635239,0.0024788383826352396,0.0,0.0,-0.00042027851350380735,0,0
bci2a,shuffled,eegnet,bnorm_1,45,1,64,0.3229166666666667,0.025823453861674943,0.003025972019184182,0.025362530760854644,7.645866822624619e-05,-0.00023125112093221647,0,0
bci2a,shuffled,eegnet,conv_spatial,45,1,64,0.3229166666666667,0.0030582616582397314,0.0030550028533136626,0.00010906782891138235,4.511848538407024e-06,-0.00026472558298514773,0,0
bci2a,shuffled,eegnet,conv_separable_depth,45,1,64,0.3229166666666667,0.07834012871955082,0.006490687513491161,0.08208811662629026,-0.005229431830744683,0.00019934712528821768,0,0
bci2a,shuffled,eegnet,bnorm_2,45,1,64,0.3229166666666667,0.44067405747677546,0.008324625094987003,0.4583372644829728,-0.01789861315386543,0.00023540614766793389,0,0
bci2a,shuffled,eegnet,pool_2,45,1,64,0.3229166666666667,0.842813952205094,0.07525741145756207,0.8971880560441796,-0.05588426898732608,0.0015101651482406359,0,0
bci2a,shuffled,eegnet,logits,45,1,64,0.3229166666666667,0.8144830421125575,0.4355377907214808,0.9293062658625937,-0.12313927774035091,0.0030761287402487412,0,0
bci2a,shuffled,eegnet,conv_temporal,45,2,64,0.2881944444444444,0.0026501823558051606,0.0026501823558051606,0.0,0.0,-0.00041136829569281264,0,0
bci2a,shuffled,eegnet,bnorm_1,45,2,64,0.2881944444444444,0.026964409277808035,0.00322952456976832,0.026437913270908057,0.00010360685207359103,-0.00016235920438428607,0,0
bci2a,shuffled,eegnet,conv_spatial,45,2,64,0.2881944444444444,0.0033158483073869724,0.003304510097035043,0.00022347177748860295,2.0481083256004057e-06,-0.00020831803818904238,0,0
bci2a,shuffled,eegnet,conv_separable_depth,45,2,64,0.2881944444444444,0.0671711341159831,0.006998639617443923,0.07170006744327753,-0.006569419205261859,0.0005146975189619643,0,0
bci2a,shuffled,eegnet,bnorm_2,45,2,64,0.2881944444444444,0.4956426427504873,0.008983688346771353,0.5175429929206139,-0.022215630274820257,0.00031528010469335336,0,0
bci2a,shuffled,eegnet,pool_2,45,2,64,0.2881944444444444,0.8832322087831052,0.07798697796053933,0.9518855657078809,-0.07054324851470117,0.0018898915899253248,0,0
bci2a,shuffled,eegnet,logits,45,2,64,0.2881944444444444,0.8730371286068502,0.4407956214621094,0.9898788329869759,-0.1215660237083669,0.0038901041226798118,0,0
bci2a,shuffled,eegnet,conv_temporal,45,5,64,0.3125,0.002528020020781264,0.002528020020781264,0.0,0.0,-0.0004493759939067862,0,0
bci2a,shuffled,eegnet,bnorm_1,45,5,64,0.3125,0.019335442837080264,0.0029074749989042676,0.018692840160558763,6.482085856961268e-05,-0.00016086884131286773,0,0
bci2a,shuffled,eegnet,conv_spatial,45,5,64,0.3125,0.003323545302590441,0.003249632029600447,0.0004275442704659285,2.2515382679381998e-05,-0.0002200828586217603,0,0
bci2a,shuffled,eegnet,conv_separable_depth,45,5,64,0.3125,0.01885089176939354,0.008096524412075829,0.02455024469512008,-0.01106922995110908,0.002510021828940652,0,0
bci2a,shuffled,eegnet,bnorm_2,45,5,64,0.3125,0.43151657595512305,0.009941434886329936,0.47548380541363905,-0.04548603911120826,0.0015188096526924362,0,0
bci2a,shuffled,eegnet,pool_2,45,5,64,0.3125,0.8166435868812261,0.11034885952906076,0.9695275558057184,-0.1608679539521099,0.007983985027617376,0,0
bci2a,shuffled,eegnet,logits,45,5,64,0.3125,0.699848121732253,0.44928171147778767,0.9233062607942863,-0.27840953727262824,0.018325125762226526,0,0
bci2a,shuffled,eegnet,conv_temporal,45,10,64,0.2604166666666667,0.002648375699730971,0.002648375699730971,0.0,0.0,-0.0002890605890061703,0,0
bci2a,shuffled,eegnet,bnorm_1,45,10,64,0.2604166666666667,0.023483751632947057,0.0025486248373341198,0.023063717084749205,7.80759771475496e-05,-5.006540964229368e-05,0,0
bci2a,shuffled,eegnet,conv_spatial,45,10,64,0.2604166666666667,0.0033051374831871076,0.003069207281106578,0.0007027774708070437,4.1136487223047356e-05,-2.345262873771546e-05,0,0
bci2a,shuffled,eegnet,conv_separable_depth,45,10,64,0.2604166666666667,0.021961813177428,0.011194284772110902,0.04137998782310044,-0.03616534801329563,0.00797821118845252,0,0
bci2a,shuffled,eegnet,bnorm_2,45,10,64,0.2604166666666667,0.25311487649403386,0.014422932737501696,0.3428507951240752,-0.09666170160560617,0.006925782975564282,0,0
bci2a,shuffled,eegnet,pool_2,45,10,64,0.2604166666666667,0.5267029630851573,0.23177088606630408,0.9073593111247141,-0.43448644873775233,0.05383010069819545,0,0
bci2a,shuffled,eegnet,logits,45,10,64,0.2604166666666667,0.5635095349147614,0.43687105786095076,0.5677234242075437,-0.20965083292550632,0.021903577747813634,0,0
bci2a,shuffled,eegnet,conv_temporal,45,20,64,0.2604166666666667,0.0028235537924609254,0.0028235537924609254,0.0,0.0,-0.00016309436254658896,0,0
bci2a,shuffled,eegnet,bnorm_1,45,20,64,0.2604166666666667,0.04843521989424456,0.0025839963436808753,0.048680911597251686,-6.973498081714292e-05,-0.00024012099411896025,0,0
bci2a,shuffled,eegnet,conv_spatial,45,20,64,0.2604166666666667,0.0037648655545267614,0.002950277377551773,0.0014808194761610014,7.4739296226165864e-06,0.00015123279774439992,0,0
bci2a,shuffled,eegnet,conv_separable_depth,45,20,64,0.2604166666666667,0.05278419294288491,0.01468330530501491,0.09371797759075132,-0.06640506801615254,0.011048427492546992,0,0
bci2a,shuffled,eegnet,bnorm_2,45,20,64,0.2604166666666667,0.19919270814109652,0.01948897601904516,0.3053489423155303,-0.11770494435742015,0.010900680116132,0,0
bci2a,shuffled,eegnet,pool_2,45,20,64,0.2604166666666667,0.35769939936377415,0.29294665003002784,0.8455583838664319,-0.5995721324600453,0.10322392880429408,0,0
bci2a,shuffled,eegnet,logits,45,20,64,0.2604166666666667,0.5549533624989185,0.44899603275265865,0.5864614763371149,-0.32356994328089506,0.04988924418085841,0,0
bci2a,shuffled,eegnet,conv_temporal,45,30,64,0.2222222222222222,0.0031101383610418303,0.0031101383610418303,0.0,0.0,3.1934961646096856e-05,0,0
bci2a,shuffled,eegnet,bnorm_1,45,30,64,0.2222222222222222,0.11696990150076675,0.0027239457186505256,0.11746149853126128,-0.00020076888171018619,-0.00029082814878432755,0,0
bci2a,shuffled,eegnet,conv_spatial,45,30,64,0.2222222222222222,0.00573263282957932,0.0028078105696243637,0.003831708415115936,2.5382827208648688e-05,0.00022758033263404055,0,0
bci2a,shuffled,eegnet,conv_separable_depth,45,30,64,0.2222222222222222,0.10832543215573986,0.01936570886856071,0.1799843786552018,-0.10265612441854635,0.013298915187779033,0,0
bci2a,shuffled,eegnet,bnorm_2,45,30,64,0.2222222222222222,0.2381363559423924,0.02317759252076771,0.3519766541936839,-0.12638100201906785,0.012157506497195545,0,0
bci2a,shuffled,eegnet,pool_2,45,30,64,0.2222222222222222,0.37561722654288865,0.2807618652429329,0.8918938009831099,-0.6306888008408089,0.09926673327803959,0,0
bci2a,shuffled,eegnet,logits,45,30,64,0.2222222222222222,0.5208857697796665,0.44394149924387616,0.5681314790567071,-0.3206189525093622,0.042486385297053814,0,0
bci2a,shuffled,eegnet,conv_temporal,46,0,64,0.2673611111111111,0.002673500966336508,0.002673500966336508,0.0,0.0,-0.0010534967311999189,0,0
bci2a,shuffled,eegnet,bnorm_1,46,0,64,0.2673611111111111,0.003243327844430514,0.003243327844430514,0.0,0.0,-0.0009366068436914442,0,0
bci2a,shuffled,eegnet,conv_spatial,46,0,64,0.2673611111111111,0.0032433278380890078,0.0032433278380890078,0.0,0.0,-0.0009366068541014545,0,0
bci2a,shuffled,eegnet,conv_separable_depth,46,0,64,0.2673611111111111,0.006303883694903325,0.006303883694903324,0.0,0.0,0.0010738557840884325,0,0
bci2a,shuffled,eegnet,bnorm_2,46,0,64,0.2673611111111111,0.007291465968546,0.007291465968546001,0.0,0.0,0.0016971404570732197,0,0
bci2a,shuffled,eegnet,pool_2,46,0,64,0.2673611111111111,0.09312581272875792,0.09312581272875792,0.0,0.0,0.05050119967352812,0,0
bci2a,shuffled,eegnet,logits,46,0,64,0.2673611111111111,0.4308046378488667,0.43080463784886663,0.0,0.0,0.036116164331636474,0,0
bci2a,shuffled,eegnet,conv_temporal,46,1,64,0.25,0.0031334776866667425,0.0031334776866667425,0.0,0.0,-0.0009754364446185153,0,0
bci2a,shuffled,eegnet,bnorm_1,46,1,64,0.25,0.023996360964249917,0.00381044342352285,0.02364573056637883,0.00011377190142893435,-0.0008648421364016365,0,0
bci2a,shuffled,eegnet,conv_spatial,46,1,64,0.25,0.003842136427769283,0.0038552438181551946,0.0003021958431574087,6.516631617398352e-06,-0.0008850155173698443,0,0
bci2a,shuffled,eegnet,conv_separable_depth,46,1,64,0.25,0.0313594131069252,0.00767035901610095,0.037227406389721204,-0.00988797355379079,0.0012756658394157175,0,0
bci2a,shuffled,eegnet,bnorm_2,46,1,64,0.25,0.3700787228500423,0.00825618557700064,0.41722787829083474,-0.04802999539458314,0.0008808399537906843,0,0
bci2a,shuffled,eegnet,pool_2,46,1,64,0.25,0.7844867995004647,0.10645601404983465,0.9284379040665295,-0.14887045538242866,0.004919350816363774,0,0
bci2a,shuffled,eegnet,logits,46,1,64,0.25,0.7289803984411141,0.4256488837838624,0.9723877314746301,-0.27827454289808473,0.025002357309746336,0,0
bci2a,shuffled,eegnet,conv_temporal,46,2,64,0.2048611111111111,0.0031788205898289667,0.003178820589828967,0.0,0.0,-0.0009691310004284635,0,0
bci2a,shuffled,eegnet,bnorm_1,46,2,64,0.2048611111111111,0.029685579158320152,0.0035722818710434644,0.02974656256739742,2.8760824580137375e-05,-0.0009544054289832284,0,0
bci2a,shuffled,eegnet,conv_spatial,46,2,64,0.2048611111111111,0.003635140334249093,0.003645285838666532,0.0003031363376497305,-2.5759255702098587e-06,-0.000963947827787818,0,0
bci2a,shuffled,eegnet,conv_separable_depth,46,2,64,0.2048611111111111,0.033013325578025665,0.008306477720145018,0.04298365721338787,-0.014934823703288178,0.0023181257340068482,0,0
bci2a,shuffled,eegnet,bnorm_2,46,2,64,0.2048611111111111,0.46692583320693715,0.008538058348126192,0.5255501996958041,-0.05982688112064258,0.001202514631775735,0,0
bci2a,shuffled,eegnet,pool_2,46,2,64,0.2048611111111111,0.8511416991819838,0.1258559791026136,1.0038628943706676,-0.15768417722213918,0.004962982033455217,0,0
bci2a,shuffled,eegnet,logits,46,2,64,0.2048611111111111,0.8582429849176538,0.4271147165992918,1.0740190114195136,-0.22840210759616875,0.012511148257080945,0,0
bci2a,shuffled,eegnet,conv_temporal,46,5,64,0.24305555555555555,0.0027906364697358734,0.002790636469735873,0.0,0.0,-0.0007947670873597419,0,0
bci2a,shuffled,eegnet,bnorm_1,46,5,64,0.24305555555555555,0.017940957802211253,0.0029079858712800595,0.017725272282382066,0.00010169499996175795,-0.0008628415280990892,0,0
bci2a,shuffled,eegnet,conv_spatial,46,5,64,0.24305555555555555,0.0031098480790082025,0.003077973167344695,0.0004400222148833987,-1.1664182431174734e-05,-0.0008591327098265193,0,0
bci2a,shuffled,eegnet,conv_separable_depth,46,5,64,0.24305555555555555,0.02544141068468074,0.010334533569525088,0.03302079296892009,-0.015998269995506662,0.005861036741679182,0,0
bci2a,shuffled,eegnet,bnorm_2,46,5,64,0.24305555555555555,0.39657430482290634,0.011032672623912457,0.48220390356536624,-0.08935838448294789,0.003728785740487791,0,0
bci2a,shuffled,eegnet,pool_2,46,5,64,0.24305555555555555,0.7811246368177007,0.178114335526677,1.0336019044348521,-0.2688144075466139,0.01633713992946229,0,0
bci2a,shuffled,eegnet,logits,46,5,64,0.24305555555555555,0.7241482273546183,0.4169034776613519,1.1368957199295224,-0.46188954563845586,0.038873636251468974,0,0
bci2a,shuffled,eegnet,conv_temporal,46,10,64,0.2361111111111111,0.002788884581169475,0.0027888845811694747,0.0,0.0,-0.0006936288339922097,0,0
bci2a,shuffled,eegnet,bnorm_1,46,10,64,0.2361111111111111,0.013231768722229096,0.002682819678704613,0.0128953803077063,-1.4356735078140402e-05,-0.0008487213498969916,0,0
bci2a,shuffled,eegnet,conv_spatial,46,10,64,0.2361111111111111,0.002960160944243737,0.002827034324794811,0.0006527428867019861,-1.29894818955557e-05,-0.0009142328500046841,0,0
bci2a,shuffled,eegnet,conv_separable_depth,46,10,64,0.2361111111111111,0.018327352906070533,0.016341590940875082,0.04385220028063637,-0.05133156292063242,0.013105595957972074,0,0
bci2a,shuffled,eegnet,bnorm_2,46,10,64,0.2361111111111111,0.24944493766587922,0.014261254528816481,0.35234506113890485,-0.10997220949221971,0.007072086019194306,0,0
bci2a,shuffled,eegnet,pool_2,46,10,64,0.2361111111111111,0.5912754309981947,0.19170608303829662,0.9358434473953642,-0.3897842703193365,0.045216253922166806,0,0
bci2a,shuffled,eegnet,logits,46,10,64,0.2361111111111111,0.5471150693975015,0.4419742244712821,0.971205153856606,-0.7280119756990642,0.1084712702083978,0,0
bci2a,shuffled,eegnet,conv_temporal,46,20,64,0.2465277777777778,0.0031196585236980675,0.0031196585236980684,0.0,0.0,-0.0005625099441391142,0,0
bci2a,shuffled,eegnet,bnorm_1,46,20,64,0.2465277777777778,0.050083992016279964,0.0025987888876923995,0.05063574901971038,-0.000120276052092889,-0.0005444896047596056,0,0
bci2a,shuffled,eegnet,conv_spatial,46,20,64,0.2465277777777778,0.0030192130357773912,0.002823583365943381,0.0006733182071506612,-9.301077502765398e-05,-0.000752997279414585,0,0
bci2a,shuffled,eegnet,conv_separable_depth,46,20,64,0.2465277777777778,0.054663477387758896,0.024680819853143736,0.11342925393465092,-0.09240307931332538,0.016685000903051632,0,0
bci2a,shuffled,eegnet,bnorm_2,46,20,64,0.2465277777777778,0.19263413406430296,0.01924893842096,0.2965523254796376,-0.11401269823941408,0.010094506824078989,0,0
bci2a,shuffled,eegnet,pool_2,46,20,64,0.2465277777777778,0.42498476047982425,0.20615711467651354,0.8195555164489376,-0.47094430705455,0.07637355108543666,0,0
bci2a,shuffled,eegnet,logits,46,20,64,0.2465277777777778,0.5213863869679816,0.45500352982064673,0.7550618876101058,-0.5987990264674884,0.09892842949764166,0,0
bci2a,shuffled,eegnet,conv_temporal,46,30,64,0.2673611111111111,0.003438993826965854,0.0034389938269658534,0.0,0.0,-0.00047632319065021313,0,0
bci2a,shuffled,eegnet,bnorm_1,46,30,64,0.2673611111111111,0.11019457093837404,0.002821971539708764,0.11102289770093512,-0.00020033027772173645,-0.0006279964848393466,0,0
bci2a,shuffled,eegnet,conv_spatial,46,30,64,0.2673611111111111,0.0037051479549235506,0.0030061800465384777,0.0014737188413604183,-9.074037666895936e-05,-0.0006792000162881195,0,0
bci2a,shuffled,eegnet,conv_separable_depth,46,30,64,0.2673611111111111,0.08922550383203509,0.0246729047573413,0.17953516578470838,-0.11424366287923482,0.01447774456935996,0,0
bci2a,shuffled,eegnet,bnorm_2,46,30,64,0.2673611111111111,0.18362010054176825,0.018282648016025946,0.27936095219506285,-0.10534531459614765,0.009604462942852885,0,0
bci2a,shuffled,eegnet,pool_2,46,30,64,0.2673611111111111,0.36765594528969503,0.21533739146269346,0.8375749185424117,-0.5634673810503528,0.09254258227768355,0,0
bci2a,shuffled,eegnet,logits,46,30,64,0.2673611111111111,0.5141209591957339,0.45982260931965624,0.7642097702374144,-0.566886101489344,0.07761650760055397,0,0
bci2a,shuffled,shallowconvnet,conv_time_spat,42,0,64,0.25,0.0036790173698516885,0.003679017369851689,0.0,0.0,-0.0009394806937651466,0,0
bci2a,shuffled,shallowconvnet,bnorm,42,0,64,0.25,0.003679017372885229,0.0036790173728852285,0.0,0.0,-0.000939480706735254,0,0
bci2a,shuffled,shallowconvnet,conv_nonlin_exp,42,0,64,0.25,0.26309934142875024,0.26309934142875024,0.0,0.0,0.26309934142875024,0,0
bci2a,shuffled,shallowconvnet,pool,42,0,64,0.25,0.5271452118231221,0.527145211823122,0.0,0.0,0.5271452118231221,0,0
bci2a,shuffled,shallowconvnet,pool_nonlin_exp,42,0,64,0.25,0.9704412497749473,0.9875268329672038,5.9453851705852525,-7.0792203393610125,2.1042764185506906,0,0
bci2a,shuffled,shallowconvnet,logits,42,0,64,0.25,0.9729805226705921,0.9889546589076224,6.102198008905937,-7.310169187845238,2.1809517016098936,0,0
bci2a,shuffled,shallowconvnet,conv_time_spat,42,1,64,0.2534722222222222,0.007428343952635639,0.004884528247999886,0.004158473771930992,-0.00014092697665286512,-0.0011380248788436262,0,0
bci2a,shuffled,shallowconvnet,bnorm,42,1,64,0.2534722222222222,0.0051926394703705765,0.004740217031376125,0.0011674367374180782,-5.327137498505544e-05,-0.0011400357632669867,0,0
bci2a,shuffled,shallowconvnet,conv_nonlin_exp,42,1,64,0.2534722222222222,0.2678433804596194,0.2668186738568067,1.5542020014994956e-06,0.00130529638370931,0.26653652987390863,0,0
bci2a,shuffled,shallowconvnet,pool,42,1,64,0.2534722222222222,0.5351447642732932,0.5336893848631388,3.3879893220627177e-06,0.0027594006764394656,0.5323819756075316,0,0
bci2a,shuffled,shallowconvnet,pool_nonlin_exp,42,1,64,0.2534722222222222,0.8217812938279372,0.983492936278215,18.80920795565258,-29.689163405588218,11.70173674376354,0,0
bci2a,shuffled,shallowconvnet,logits,42,1,64,0.2534722222222222,0.8540011774045918,0.9795286265832841,20.829274821394783,-33.69614229276238,13.719549812736997,0,0
bci2a,shuffled,shallowconvnet,conv_time_spat,42,2,64,0.2638888888888889,0.017254043619425875,0.004546499752618524,0.01603564389910345,-0.00015887736037753514,-0.0010931140266275791,0,0
bci2a,shuffled,shallowconvnet,bnorm,42,2,64,0.2638888888888889,0.0051886157481139256,0.004398874501190182,0.0016741179518362202,-1.2645994548005166e-05,-0.00107433844007897,0,0
bci2a,shuffled,shallowconvnet,conv_nonlin_exp,42,2,64,0.2638888888888889,0.27772913598069543,0.2764180765607507,3.2650965259631687e-06,0.0017286759291407646,0.2759971949550287,0,0
bci2a,shuffled,shallowconvnet,pool,42,2,64,0.2638888888888889,0.5547841211573168,0.5530598662400211,7.064889971933641e-06,0.0036446728071205647,0.5511323834602242,0,0
bci2a,shuffled,shallowconvnet,pool_nonlin_exp,42,2,64,0.2638888888888889,0.8485000532619769,0.9808935434341096,15.982642341896252,-24.594490376665576,9.460348088031285,0,0
bci2a,shuffled,shallowconvnet,logits,42,2,64,0.2638888888888889,0.8137231779914831,0.982746804200461,18.007795213072935,-28.510261820847326,11.308170744057712,0,0
bci2a,shuffled,shallowconvnet,conv_time_spat,42,5,64,0.2222222222222222,0.01839807229559363,0.004176022878344313,0.01754526062665953,2.3930948566369173e-05,-0.0009225589419847419,0,0
bci2a,shuffled,shallowconvnet,bnorm,42,5,64,0.2222222222222222,0.005649784994728805,0.004043062588651411,0.002837604667877321,-3.9979441127988255e-05,-0.0009158005381075115,0,0
bci2a,shuffled,shallowconvnet,conv_nonlin_exp,42,5,64,0.2222222222222222,0.28533526719656116,0.28340102338274803,9.386820278241207e-06,0.002813648051868605,0.28251223232441425,0,0
bci2a,shuffled,shallowconvnet,pool,42,5,64,0.2222222222222222,0.5726486548073909,0.5708619204704709,2.0354181261047247e-05,0.005959826542205258,0.5666684740839245,0,0
bci2a,shuffled,shallowconvnet,pool_nonlin_exp,42,5,64,0.2222222222222222,0.8443823847171749,0.9802876176825441,14.759251160007183,-22.465327810816547,8.550459035526535,0,0
bci2a,shuffled,shallowconvnet,logits,42,5,64,0.2222222222222222,0.8631851013534819,0.9873730560199305,16.505311318811223,-25.453517143634194,9.810795404845639,0,0
bci2a,shuffled,shallowconvnet,conv_time_spat,42,10,64,0.2638888888888889,0.05827709516837393,0.0038715671303307204,0.05937478883910825,-0.00027273593771774213,-0.0009514690433812972,0,0
bci2a,shuffled,shallowconvnet,bnorm,42,10,64,0.2638888888888889,0.012497913785514915,0.0038087449244915304,0.011221906823698873,-0.00011500969515618889,-0.0009903080292559584,0,0
bci2a,shuffled,shallowconvnet,conv_nonlin_exp,42,10,64,0.2638888888888889,0.2893147474982961,0.27965718018904095,0.0001670899172934576,0.012504564827273738,0.2766430927537289,0,0
bci2a,shuffled,shallowconvnet,pool,42,10,64,0.2638888888888889,0.5828960276628692,0.5708080335990081,0.00036433119661499633,0.02654987229473172,0.5559818241715224,0,0
bci2a,shuffled,shallowconvnet,pool_nonlin_exp,42,10,64,0.2638888888888889,0.8336723248011889,0.9660198994400044,11.76567733607002,-17.295404607838037,6.363399596569202,0,0
bci2a,shuffled,shallowconvnet,logits,42,10,64,0.2638888888888889,0.850784891889325,0.9774193145235807,14.614087603482329,-22.327481858271657,8.562288911691043,0,0
bci2a,shuffled,shallowconvnet,conv_time_spat,42,20,64,0.24305555555555555,0.0322314662551028,0.0033419297924129196,0.032825128964632605,-0.00019386166993117258,-0.0008919113248763693,0,0
bci2a,shuffled,shallowconvnet,bnorm,42,20,64,0.24305555555555555,0.025014260366683413,0.003252202884921421,0.02523597116114521,-0.00010013045952201192,-0.0008818860621252028,0,0
bci2a,shuffled,shallowconvnet,conv_nonlin_exp,42,20,64,0.24305555555555555,0.2866855733669619,0.26794401466924644,0.0005426775379473625,0.023541841435362344,0.2626010543936522,0,0
bci2a,shuffled,shallowconvnet,pool,42,20,64,0.24305555555555555,0.5770326112967623,0.5527880714142753,0.001173975670575969,0.050055643301781125,0.5258029923244052,0,0
bci2a,shuffled,shallowconvnet,pool_nonlin_exp,42,20,64,0.24305555555555555,0.8115910649384592,0.9522002311294169,10.19120796908725,-14.72898756080697,5.349370656658164,0,0
bci2a,shuffled,shallowconvnet,logits,42,20,64,0.24305555555555555,0.6879214544271427,0.8742459520764911,5.992848500605929,-8.121927637647744,2.7896018840284826,0,0
bci2a,shuffled,shallowconvnet,conv_time_spat,42,30,64,0.2638888888888889,0.04363270194446005,0.0030889743011076184,0.04479472281825307,-0.0002829760718289395,-0.000963138267857828,0,0
bci2a,shuffled,shallowconvnet,bnorm,42,30,64,0.2638888888888889,0.041702333788918265,0.0030073631699708953,0.042595149053143155,-4.813209121600582e-05,-0.0009355256942816195,0,0
bci2a,shuffled,shallowconvnet,conv_nonlin_exp,42,30,64,0.2638888888888889,0.28717259387424654,0.2585796474260638,0.0015696829698193622,0.03520688131346168,0.2503960295909654,0,0
bci2a,shuffled,shallowconvnet,pool,42,30,64,0.2638888888888889,0.5772160053060204,0.5415015295276526,0.003353704820916518,0.07411172478400818,0.4997505757010956,0,0
bci2a,shuffled,shallowconvnet,pool_nonlin_exp,42,30,64,0.2638888888888889,0.8087912135488448,0.9457260922545991,9.06994641955552,-12.810161168785326,4.549005962778642,0,0
bci2a,shuffled,shallowconvnet,logits,42,30,64,0.2638888888888889,0.8010885594782744,0.9639327240161691,11.180151544166304,-16.520149254267622,6.136956868643196,0,0
bci2a,shuffled,shallowconvnet,conv_time_spat,43,0,64,0.25,0.003935464290570018,0.003935464290570017,0.0,0.0,-0.0011592248477362123,0,0
bci2a,shuffled,shallowconvnet,bnorm,43,0,64,0.25,0.003935464265999558,0.003935464265999557,0.0,0.0,-0.0011592248323017476,0,0
bci2a,shuffled,shallowconvnet,conv_nonlin_exp,43,0,64,0.25,0.2696312428078045,0.2696312428078045,0.0,0.0,0.2696312428078045,0,0
bci2a,shuffled,shallowconvnet,pool,43,0,64,0.25,0.5427796057109882,0.5427796057109882,0.0,0.0,0.5427796057109882,0,0
bci2a,shuffled,shallowconvnet,pool_nonlin_exp,43,0,64,0.25,0.9705580479426192,0.9871377387633644,5.8426540690760635,-6.9213432527039505,2.0492472315704884,0,0
bci2a,shuffled,shallowconvnet,logits,43,0,64,0.25,0.9738841544506881,0.9898452746093347,6.494112067846091,-7.950378802913222,2.4301508895178183,0,0
bci2a,shuffled,shallowconvnet,conv_time_spat,43,1,64,0.19791666666666666,0.010418917666663714,0.004803530976653545,0.007710230155910554,8.38446248349867e-05,-0.0010363357956124375,0,0
bci2a,shuffled,shallowconvnet,bnorm,43,1,64,0.19791666666666666,0.004994062423696988,0.0046518109155406695,0.0010643774279618773,-6.616429310285253e-06,-0.0010331551757387278,0,0
bci2a,shuffled,shallowconvnet,conv_nonlin_exp,43,1,64,0.19791666666666666,0.27774165871464973,0.27697800317225796,2.037352308596077e-06,0.001107333686247533,0.2766322876760936,0,0
bci2a,shuffled,shallowconvnet,pool,43,1,64,0.19791666666666666,0.5537665886357042,0.5530247437232828,4.442482541816454e-06,0.002366799063678822,0.5513953470894835,0,0
bci2a,shuffled,shallowconvnet,pool_nonlin_exp,43,1,64,0.19791666666666666,0.8306602964461247,0.9856156381715551,18.780554846723316,-29.629230650656336,11.67933610037912,0,0
bci2a,shuffled,shallowconvnet,logits,43,1,64,0.19791666666666666,0.8889585298835503,0.9892406556011062,22.49049838401225,-35.8290228479162,14.227482993787504,0,0
bci2a,shuffled,shallowconvnet,conv_time_spat,43,2,64,0.2048611111111111,0.01516715349468269,0.004989767424177844,0.013278419341757917,0.00021964934559345843,-0.0011247613031688186,0,0
bci2a,shuffled,shallowconvnet,bnorm,43,2,64,0.2048611111111111,0.005180206211908468,0.00482071603568444,0.0011529197206411848,2.9139468091867683e-05,-0.001137602291236684,0,0
bci2a,shuffled,shallowconvnet,conv_nonlin_exp,43,2,64,0.2048611111111111,0.2971962311640767,0.2962668733816956,2.018095127835036e-06,0.0012543907693924996,0.2959398222995564,0,0
bci2a,shuffled,shallowconvnet,pool,43,2,64,0.2048611111111111,0.5932905313690258,0.5921299664670774,4.324666936034297e-06,0.002635239965493612,0.590650966736596,0,0
bci2a,shuffled,shallowconvnet,pool_nonlin_exp,43,2,64,0.2048611111111111,0.8475046858095554,0.9856415268661602,20.704091430950385,-33.04794720155293,13.19136045641207,0,0
bci2a,shuffled,shallowconvnet,logits,43,2,64,0.2048611111111111,0.8798091231205165,0.9578856280773598,16.331414413717056,-25.191693758885716,9.73975877539618,0,0
bci2a,shuffled,shallowconvnet,conv_time_spat,43,5,64,0.2152777777777778,0.009705991994338192,0.004879700123211966,0.007334785764333265,0.00017360566697793858,-0.0012692266810199412,0,0
bci2a,shuffled,shallowconvnet,bnorm,43,5,64,0.2152777777777778,0.0057356039873484015,0.004667143770697931,0.0024496148893164912,-9.904738860953077e-06,-0.0012791428402919465,0,0
bci2a,shuffled,shallowconvnet,conv_nonlin_exp,43,5,64,0.2152777777777778,0.28737247480805206,0.28586238810126574,7.995822529673005e-06,0.0021007175661622393,0.28526376141936016,0,0
bci2a,shuffled,shallowconvnet,pool,43,5,64,0.2152777777777778,0.5736893295062357,0.5719520278971368,1.702605070785055e-05,0.004421204199079398,0.5692510992564485,0,0
bci2a,shuffled,shallowconvnet,pool_nonlin_exp,43,5,64,0.2152777777777778,0.8544687651543015,0.9834926256721298,17.114692070524598,-26.651176087093685,10.390952781723371,0,0
bci2a,shuffled,shallowconvnet,logits,43,5,64,0.2152777777777778,0.9125147415506295,0.9808900988902122,14.33622744688486,-21.367979262177382,7.944266556843152,0,0
bci2a,shuffled,shallowconvnet,conv_time_spat,43,10,64,0.23958333333333334,0.02093125213351283,0.004272212569714598,0.020220906827096825,0.000399013684256923,-0.0011923019681772259,0,0
bci2a,shuffled,shallowconvnet,bnorm,43,10,64,0.23958333333333334,0.009651185305910814,0.004116883449819954,0.007952232655223759,-6.914512595568497e-06,-0.0011889119685837921,0,0
bci2a,shuffled,shallowconvnet,conv_nonlin_exp,43,10,64,0.23958333333333334,0.2837265342137017,0.27829823454125835,0.00012348461769150606,0.0075079629970463534,0.2760950865989638,0,0
bci2a,shuffled,shallowconvnet,pool,43,10,64,0.23958333333333334,0.5674454041565404,0.561899909260982,0.0002673243585445415,0.015873111073832585,0.5513049687241633,0,0
bci2a,shuffled,shallowconvnet,pool_nonlin_exp,43,10,64,0.23958333333333334,0.8323427690842993,0.9780287343497357,15.236097999653328,-23.454500264841418,9.050745034272385,0,0
bci2a,shuffled,shallowconvnet,logits,43,10,64,0.23958333333333334,0.8046716731408187,0.9472670135064438,9.85677160759575,-14.032660146885338,4.947014355264401,0,0
bci2a,shuffled,shallowconvnet,conv_time_spat,43,20,64,0.2604166666666667,0.02399609080711441,0.0036865822904484018,0.024168447798636777,8.05402959114955e-05,-0.001150507086660975,0,0
bci2a,shuffled,shallowconvnet,bnorm,43,20,64,0.2604166666666667,0.02531297935048698,0.003609644600462812,0.02595130847563662,-0.00021692858992973876,-0.0011837595921670345,0,0
bci2a,shuffled,shallowconvnet,conv_nonlin_exp,43,20,64,0.2604166666666667,0.2861076282095696,0.2685868798521114,0.0009015960476137111,0.0230958966657408,0.2621101354962151,0,0
bci2a,shuffled,shallowconvnet,pool,43,20,64,0.2604166666666667,0.5736322914438734,0.556503860686616,0.0019480899405132422,0.048791903448274554,0.5228922980550856,0,0
bci2a,shuffled,shallowconvnet,pool_nonlin_exp,43,20,64,0.2604166666666667,0.8076803765521006,0.9618297964659035,11.15771793411971,-16.39364089159646,6.043603334028841,0,0
bci2a,shuffled,shallowconvnet,logits,43,20,64,0.2604166666666667,0.738971731285823,0.8832242558089922,7.112506699676656,-9.585406509866628,3.207389987591755,0,0
bci2a,shuffled,shallowconvnet,conv_time_spat,43,30,64,0.2916666666666667,0.021108001975428586,0.0035150187832608303,0.021419108643074447,-0.00017659716351316505,-0.00120663170556722,0,0
bci2a,shuffled,shallowconvnet,bnorm,43,30,64,0.2916666666666667,0.04995085906252952,0.0033841059158376706,0.05129482764901722,-0.0002568090204275803,-0.0011642282190747386,0,0
bci2a,shuffled,shallowconvnet,conv_nonlin_exp,43,30,64,0.2916666666666667,0.28452860107993283,0.24990492250296853,0.0032065673107142152,0.043478824137015384,0.23784320963220326,0,0
bci2a,shuffled,shallowconvnet,pool,43,30,64,0.2916666666666667,0.5688965745099568,0.5420474733821365,0.006810132695788571,0.09063821467830653,0.47144822713586165,0,0
bci2a,shuffled,shallowconvnet,pool_nonlin_exp,43,30,64,0.2916666666666667,0.7975803322338277,0.9555210167212511,10.80278903755553,-15.905829991137008,5.900621285815288,0,0
bci2a,shuffled,shallowconvnet,logits,43,30,64,0.2916666666666667,0.7092203759871527,0.89576545540929,7.5952237768180435,-10.944167230582593,4.040697494903707,0,0
bci2a,shuffled,shallowconvnet,conv_time_spat,44,0,64,0.1875,0.0034979247990099115,0.0034979247990099115,0.0,0.0,-0.0009328903010714093,0,0
bci2a,shuffled,shallowconvnet,bnorm,44,0,64,0.1875,0.003497924806834138,0.003497924806834138,0.0,0.0,-0.0009328902977242973,0,0
bci2a,shuffled,shallowconvnet,conv_nonlin_exp,44,0,64,0.1875,0.2701506523817969,0.2701506523817969,0.0,0.0,0.2701506523817969,0,0
bci2a,shuffled,shallowconvnet,pool,44,0,64,0.1875,0.5438041051417979,0.5438041051417979,0.0,0.0,0.5438041051417979,0,0
bci2a,shuffled,shallowconvnet,pool_nonlin_exp,44,0,64,0.1875,0.9732889184031894,0.9864568184784488,5.311389474817478,-6.075549550375317,1.737448993961014,0,0
bci2a,shuffled,shallowconvnet,logits,44,0,64,0.1875,0.9796883312261901,0.9889664101257952,5.507794143813653,-6.359741645100181,1.8316358325127173,0,0
bci2a,shuffled,shallowconvnet,conv_time_spat,44,1,64,0.15625,0.012288757113923948,0.004483780068942773,0.010423864716188749,-4.742600305891989e-05,-0.001197351695855744,0,0
bci2a,shuffled,shallowconvnet,bnorm,44,1,64,0.15625,0.005081051623294272,0.004416319118807409,0.001557572078513867,-4.0163894265755266e-05,-0.0011647605645292512,0,0
bci2a,shuffled,shallowconvnet,conv_nonlin_exp,44,1,64,0.15625,0.279998828668949,0.2788848955815948,2.6707467843129507e-06,0.001582647824339784,0.2784135100978249,0,0
bci2a,shuffled,shallowconvnet,pool,44,1,64,0.15625,0.5620398816773586,0.5608796669468628,5.842623930703421e-06,0.0033780438412627746,0.5586559952121651,0,0
bci2a,shuffled,shallowconvnet,pool_nonlin_exp,44,1,64,0.15625,0.8436349577420263,0.9832072229354455,16.123773102113613,-24.888202625885594,9.608064481513992,0,0
bci2a,shuffled,shallowconvnet,logits,44,1,64,0.15625,0.734419438390673,0.9831909865302584,25.698877370229134,-42.96961575001535,17.997185731198662,0,0
bci2a,shuffled,shallowconvnet,conv_time_spat,44,2,64,0.2569444444444444,0.012584692269786413,0.004226871564326911,0.010869394767635245,5.7326753634671575e-05,-0.0011672384523791748,0,0
bci2a,shuffled,shallowconvnet,bnorm,44,2,64,0.2569444444444444,0.004734730407092193,0.004079667227135274,0.0014685704110007614,1.9147785822022133e-05,-0.0011440591376932093,0,0
bci2a,shuffled,shallowconvnet,conv_nonlin_exp,44,2,64,0.2569444444444444,0.2772069514596279,0.27605114133118513,2.6993614976898917e-06,0.0015133480398570984,0.27569090405827323,0,0
bci2a,shuffled,shallowconvnet,pool,44,2,64,0.2569444444444444,0.5557752138463532,0.5542378371965715,5.916640504819581e-06,0.0032137155576609094,0.5525555816481874,0,0
bci2a,shuffled,shallowconvnet,pool_nonlin_exp,44,2,64,0.2569444444444444,0.8447549641299548,0.9836568286456753,17.83371202617858,-27.92993585661528,10.940978794566629,0,0
bci2a,shuffled,shallowconvnet,logits,44,2,64,0.2569444444444444,0.7079404029837366,0.9856978681678832,25.477899563549776,-43.09863622819945,18.291596562794126,0,0
bci2a,shuffled,shallowconvnet,conv_time_spat,44,5,64,0.19444444444444445,0.014652561057490385,0.004148560295806901,0.013305307880267837,0.00022859333329166957,-0.00111146391065939,0,0
bci2a,shuffled,shallowconvnet,bnorm,44,5,64,0.19444444444444445,0.00608867266606781,0.004025937763530522,0.003539781396714633,-1.9104457006736347e-05,-0.001076847069137027,0,0
bci2a,shuffled,shallowconvnet,conv_nonlin_exp,44,5,64,0.19444444444444445,0.2771038151405138,0.2746301480498724,1.7637889313781637e-05,0.0033355726265011697,0.27375060462469886,0,0
bci2a,shuffled,shallowconvnet,pool,44,5,64,0.19444444444444445,0.5560598521705342,0.5530583746398909,3.8211367728939534e-05,0.00705648648152607,0.5489651543212792,0,0
bci2a,shuffled,shallowconvnet,pool_nonlin_exp,44,5,64,0.19444444444444445,0.8585873482752828,0.9791313096694172,14.856672607070106,-22.644933778998315,8.646848520203473,0,0
bci2a,shuffled,shallowconvnet,logits,44,5,64,0.19444444444444445,0.7621536892330174,0.9835443590133817,26.562482430251315,-44.24298986874625,18.437580136826714,0,0
bci2a,shuffled,shallowconvnet,conv_time_spat,44,10,64,0.17708333333333334,0.013433299173252719,0.0038369126612008875,0.012465629718521606,-2.3209910805208575e-05,-0.0011235324608603735,0,0
bci2a,shuffled,shallowconvnet,bnorm,44,10,64,0.17708333333333334,0.010591420931803094,0.003746967454587441,0.009292746959546513,-5.061919800556229e-06,-0.0010797108317753014,0,0
bci2a,shuffled,shallowconvnet,conv_nonlin_exp,44,10,64,0.17708333333333334,0.276456237790074,0.2707236874652118,0.00010349580388745486,0.007974059788354177,0.26837868219783234,0,0
bci2a,shuffled,shallowconvnet,pool,44,10,64,0.17708333333333334,0.5552491069200858,0.5494936978581503,0.0002256031508583053,0.01710544287752401,0.5379180608917035,0,0
bci2a,shuffled,shallowconvnet,pool_nonlin_exp,44,10,64,0.17708333333333334,0.8290827560546423,0.9732452112112565,14.699126905455977,-22.551989158063407,8.681945008662062,0,0
bci2a,shuffled,shallowconvnet,logits,44,10,64,0.17708333333333334,0.7747386555066895,0.9907888356005174,39.159908689967295,-67.43598218213808,29.02492364722553,0,0
bci2a,shuffled,shallowconvnet,conv_time_spat,44,20,64,0.2152777777777778,0.0184000438780441,0.0030497511620700395,0.01872071520926509,-0.000190484393438595,-0.001036174987484654,0,0
bci2a,shuffled,shallowconvnet,bnorm,44,20,64,0.2152777777777778,0.03145688571696422,0.002920967475368039,0.03225437746183517,-0.0001298253467507762,-0.0009335059797227506,0,0
bci2a,shuffled,shallowconvnet,conv_nonlin_exp,44,20,64,0.2152777777777778,0.28417302799603306,0.26417733183396824,0.0011672053907681415,0.025370636496191902,0.25763518610907293,0,0
bci2a,shuffled,shallowconvnet,pool,44,20,64,0.2152777777777778,0.5691531989349814,0.546102658716079,0.0024862508016179168,0.05313720498943312,0.5135297431439303,0,0
bci2a,shuffled,shallowconvnet,pool_nonlin_exp,44,20,64,0.2152777777777778,0.8353056379010917,0.957099276436435,9.71667873496126,-13.866106847033436,4.984733749973254,0,0
bci2a,shuffled,shallowconvnet,logits,44,20,64,0.2152777777777778,0.6995498577830355,0.973642480836479,18.35526156179096,-30.106921417141017,12.434347223408201,0,0
bci2a,shuffled,shallowconvnet,conv_time_spat,44,30,64,0.1840277777777778,0.02652165690602992,0.003049889213578604,0.027153912757364902,2.118195339208394e-05,-0.0011058445692595092,0,0
bci2a,shuffled,shallowconvnet,bnorm,44,30,64,0.1840277777777778,0.05582976002812583,0.0029860531092737587,0.056870901874693715,-2.2801747966007646e-05,-0.001042128243068316,0,0
bci2a,shuffled,shallowconvnet,conv_nonlin_exp,44,30,64,0.1840277777777778,0.29511567158074536,0.26125976266207546,0.004210156848121295,0.042389752195735576,0.24851576253688845,0,0
bci2a,shuffled,shallowconvnet,pool,44,30,64,0.1840277777777778,0.590268397994806,0.5613951468783966,0.008783936209219656,0.08713301279313268,0.4943514489924537,0,0
bci2a,shuffled,shallowconvnet,pool_nonlin_exp,44,30,64,0.1840277777777778,0.8135862591241944,0.9517663379988164,9.285056479840744,-13.198350652939776,4.7268804322232185,0,0
bci2a,shuffled,shallowconvnet,logits,44,30,64,0.1840277777777778,0.5240562941454157,0.9643959945305975,21.152460283147114,-36.79945537408495,16.042699413269297,0,0
bci2a,shuffled,shallowconvnet,conv_time_spat,45,0,64,0.25,0.003453000928191028,0.0034530009281910274,0.0,0.0,-0.0009636359692442429,0,0
bci2a,shuffled,shallowconvnet,bnorm,45,0,64,0.25,0.0034530009426179823,0.0034530009426179827,0.0,0.0,-0.0009636359652655758,0,0
bci2a,shuffled,shallowconvnet,conv_nonlin_exp,45,0,64,0.25,0.24952589572138953,0.24952589572138956,0.0,0.0,0.24952589572138953,0,0
bci2a,shuffled,shallowconvnet,pool,45,0,64,0.25,0.5014780547313302,0.5014780547313302,0.0,0.0,0.5014780547313302,0,0
bci2a,shuffled,shallowconvnet,pool_nonlin_exp,45,0,64,0.25,0.9669972127686579,0.9855178688905323,5.8017120777178635,-6.865874384326396,2.031159519377174,0,0
bci2a,shuffled,shallowconvnet,logits,45,0,64,0.25,0.9949229779449857,0.998074047043267,6.746165612009568,-8.289335416490726,2.538092782426145,0,0
bci2a,shuffled,shallowconvnet,conv_time_spat,45,1,64,0.24305555555555555,0.007563144727498618,0.004201932316461921,0.005039990987059766,-2.30382256085516e-05,-0.0009459693892268589,0,0
bci2a,shuffled,shallowconvnet,bnorm,45,1,64,0.24305555555555555,0.004499240943511703,0.0041491430253590925,0.0008866767509018547,-2.3205290584587722e-05,-0.001030927841917583,0,0
bci2a,shuffled,shallowconvnet,conv_nonlin_exp,45,1,64,0.24305555555555555,0.26444779107644956,0.2637970447042793,7.346228321204912e-07,0.0008848819738582441,0.26356217447975927,0,0
bci2a,shuffled,shallowconvnet,pool,45,1,64,0.24305555555555555,0.5309605369915007,0.530185672674234,1.5849914662548987e-06,0.0018762254768100277,0.5290827265232245,0,0
bci2a,shuffled,shallowconvnet,pool_nonlin_exp,45,1,64,0.24305555555555555,0.8373595215968379,0.9825397175290458,17.330531669037484,-26.967077553014686,10.47390540557403,0,0
bci2a,shuffled,shallowconvnet,logits,45,1,64,0.24305555555555555,0.6498685176093368,0.9577067704164302,16.948962156937007,-27.593531295729175,11.248933496124124,0,0
bci2a,shuffled,shallowconvnet,conv_time_spat,45,2,64,0.17708333333333334,0.007621874592088911,0.004343717664973112,0.004989891605052721,-5.5134386070082564e-05,-0.0010935690379676867,0,0
bci2a,shuffled,shallowconvnet,bnorm,45,2,64,0.17708333333333334,0.005063633126306532,0.004282088486367765,0.0015412411801589737,9.955769625355442e-06,-0.001116644622954059,0,0
bci2a,shuffled,shallowconvnet,conv_nonlin_exp,45,2,64,0.17708333333333334,0.2812229001725555,0.2800597358859821,2.132811965107859e-06,0.0016171152343962217,0.2796036521261942,0,0
bci2a,shuffled,shallowconvnet,pool,45,2,64,0.17708333333333334,0.5657641021726447,0.5644669172461918,4.616512210781474e-06,0.003455565527942625,0.5623039201324913,0,0
bci2a,shuffled,shallowconvnet,pool_nonlin_exp,45,2,64,0.17708333333333334,0.8381431396391305,0.9804309647876556,16.518745576182273,-25.55741713757748,9.876814701034316,0,0
bci2a,shuffled,shallowconvnet,logits,45,2,64,0.17708333333333334,0.688020065007625,0.9235482506499875,11.189319412111907,-16.683310716764762,6.161532946243713,0,0
bci2a,shuffled,shallowconvnet,conv_time_spat,45,5,64,0.20833333333333334,0.01696382648095366,0.0039571256417699355,0.016467998910794594,-0.00037511130093993353,-0.0011116884819296446,0,0
bci2a,shuffled,shallowconvnet,bnorm,45,5,64,0.20833333333333334,0.005819738408638224,0.003880422009615342,0.003198351235141673,2.3579521782480425e-05,-0.001152708687684496,0,0
bci2a,shuffled,shallowconvnet,conv_nonlin_exp,45,5,64,0.20833333333333334,0.26787769363833486,0.2656922819068913,9.314670172600404e-06,0.0028902971666362777,0.26497808180152593,0,0
bci2a,shuffled,shallowconvnet,pool,45,5,64,0.20833333333333334,0.5393630574480167,0.5365807378671759,2.029189771330035e-05,0.006176450466384293,0.5331663150839191,0,0
bci2a,shuffled,shallowconvnet,pool_nonlin_exp,45,5,64,0.20833333333333334,0.8473207074673015,0.9751602142549896,13.741823929791472,-20.719713944166095,7.825210721841917,0,0
bci2a,shuffled,shallowconvnet,logits,45,5,64,0.20833333333333334,0.8915627877080405,0.9864485782978673,19.52968001879139,-30.676317847555822,12.038200616472473,0,0
bci2a,shuffled,shallowconvnet,conv_time_spat,45,10,64,0.28125,0.017480024038142486,0.0038126298261206056,0.016745166825961152,2.2961653010765882e-05,-0.0010080278936746806,0,0
bci2a,shuffled,shallowconvnet,bnorm,45,10,64,0.28125,0.009137482658028533,0.003738093442503632,0.007460337684967956,-4.923580597907059e-06,-0.001013454628782028,0,0
bci2a,shuffled,shallowconvnet,conv_nonlin_exp,45,10,64,0.28125,0.2730640722285369,0.2677253055341021,5.6846465734977274e-05,0.006954731507535143,0.2660524942552668,0,0
bci2a,shuffled,shallowconvnet,pool,45,10,64,0.28125,0.5505467710176715,0.5436842459650818,0.00012351818243828839,0.014769901535647601,0.5356533512995856,0,0
bci2a,shuffled,shallowconvnet,pool_nonlin_exp,45,10,64,0.28125,0.8362663994769766,0.9697769982700475,13.097805009286233,-19.65949897592404,7.397960366114775,0,0
bci2a,shuffled,shallowconvnet,logits,45,10,64,0.28125,0.6567114638391213,0.898133168975882,7.046758964655801,-10.205728150037457,3.7244036196315053,0,0
bci2a,shuffled,shallowconvnet,conv_time_spat,45,20,64,0.2881944444444444,0.04542835187165248,0.00334036479324652,0.046430499031411665,-0.00022748823524681926,-0.000939528154866072,0,0
bci2a,shuffled,shallowconvnet,bnorm,45,20,64,0.2881944444444444,0.023829956049993172,0.00326454318998347,0.02420791067402881,-0.00018001555530685362,-0.0009660419928998337,0,0
bci2a,shuffled,shallowconvnet,conv_nonlin_exp,45,20,64,0.2881944444444444,0.2760937079442809,0.259862115723528,0.0004598533315243815,0.02116758725505155,0.25446626735770494,0,0
bci2a,shuffled,shallowconvnet,pool,45,20,64,0.2881944444444444,0.5573290398993684,0.5393972118035011,0.0009951398155167573,0.045170748305209354,0.5111631517786421,0,0
bci2a,shuffled,shallowconvnet,pool_nonlin_exp,45,20,64,0.2881944444444444,0.82481518581232,0.955490818663131,10.355440091572769,-14.997666918724185,5.467042012963728,0,0
bci2a,shuffled,shallowconvnet,logits,45,20,64,0.2881944444444444,0.5799268820500958,0.90632505918583,9.052880734973701,-13.951956742130093,5.428934863929711,0,0
bci2a,shuffled,shallowconvnet,conv_time_spat,45,30,64,0.2951388888888889,0.08327504313256631,0.0032215382169713024,0.08456852109702193,-0.00036146601436763063,-0.0009320119500879951,0,0
bci2a,shuffled,shallowconvnet,bnorm,45,30,64,0.2951388888888889,0.04318547714176698,0.003116327163722369,0.0441565821119818,-0.000125665944143527,-0.0009498623100527635,0,0
bci2a,shuffled,shallowconvnet,conv_nonlin_exp,45,30,64,0.2951388888888889,0.28741750042293157,0.25917612480908525,0.001398358347686046,0.035634693297814574,0.2503844487774309,0,0
bci2a,shuffled,shallowconvnet,pool,45,30,64,0.2951388888888889,0.5809682535280937,0.5488537126282713,0.0030168299085020366,0.07560737354402357,0.5023440500755679,0,0
bci2a,shuffled,shallowconvnet,pool_nonlin_exp,45,30,64,0.2951388888888889,0.8148444990530492,0.9455109533988997,8.62335648455846,-12.062714226577286,4.254202241071866,0,0
bci2a,shuffled,shallowconvnet,logits,45,30,64,0.2951388888888889,0.4570773595929749,0.8934238479215006,9.435613695963868,-15.661749109891712,6.521989519316707,0,0
bci2a,shuffled,shallowconvnet,conv_time_spat,46,0,64,0.25,0.0035583681059739363,0.0035583681059739355,0.0,0.0,-0.0009597682504377823,0,0
bci2a,shuffled,shallowconvnet,bnorm,46,0,64,0.25,0.0035583681025640125,0.003558368102564012,0.0,0.0,-0.0009597682497186224,0,0
bci2a,shuffled,shallowconvnet,conv_nonlin_exp,46,0,64,0.25,0.27043049866223046,0.27043049866223046,0.0,0.0,0.27043049866223046,0,0
bci2a,shuffled,shallowconvnet,pool,46,0,64,0.25,0.5416890935460168,0.5416890935460168,0.0,0.0,0.5416890935460168,0,0
bci2a,shuffled,shallowconvnet,pool_nonlin_exp,46,0,64,0.25,0.9737254481199522,0.9865802299594157,5.600030364759361,-6.521663571788689,1.8953586551492634,0,0
bci2a,shuffled,shallowconvnet,logits,46,0,64,0.25,0.9811308331931328,0.9918628613095299,6.137720232731913,-7.381593654960615,2.225004255421836,0,0
bci2a,shuffled,shallowconvnet,conv_time_spat,46,1,64,0.2743055555555556,0.009712168783978924,0.0048831236946148115,0.0065244643692069035,0.00019067383183963782,-0.0012017123458000836,0,0
bci2a,shuffled,shallowconvnet,bnorm,46,1,64,0.2743055555555556,0.004926550310700209,0.00451889224098106,0.00101321933049005,2.1348074091461962e-05,-0.0011355243862054263,0,0
bci2a,shuffled,shallowconvnet,conv_nonlin_exp,46,1,64,0.2743055555555556,0.27028481496863876,0.2694254203034645,1.0016573147462085e-06,0.0010740571121188496,0.2692097561992052,0,0
bci2a,shuffled,shallowconvnet,pool,46,1,64,0.2743055555555556,0.5412642376372511,0.5399861990379666,2.2288329158281964e-06,0.002285406071163393,0.5389766027331717,0,0
bci2a,shuffled,shallowconvnet,pool_nonlin_exp,46,1,64,0.2743055555555556,0.8158630416588879,0.9823402850445812,19.143358254911895,-30.308677113324883,11.98118190007185,0,0
bci2a,shuffled,shallowconvnet,logits,46,1,64,0.2743055555555556,0.7010021453336068,0.9669587393460074,18.625383530878267,-30.02916623775479,12.09556955770817,0,0
bci2a,shuffled,shallowconvnet,conv_time_spat,46,2,64,0.2916666666666667,0.014964997868863844,0.004895317765723648,0.012787202302471264,0.000406355674968213,-0.00131891579720411,0,0
bci2a,shuffled,shallowconvnet,bnorm,46,2,64,0.2916666666666667,0.005418156543050095,0.004605182044261044,0.001638214936609305,5.313797667106798e-05,-0.0012738760099879785,0,0
bci2a,shuffled,shallowconvnet,conv_nonlin_exp,46,2,64,0.2916666666666667,0.2787346273601614,0.2776947328184409,2.9945230274355525e-06,0.0014789793342892838,0.27725265350284467,0,0
bci2a,shuffled,shallowconvnet,pool,46,2,64,0.2916666666666667,0.5578835784543861,0.5568205104001155,6.505665759933942e-06,0.003126133987251349,0.5547509388013748,0,0
bci2a,shuffled,shallowconvnet,pool_nonlin_exp,46,2,64,0.2916666666666667,0.8454979807505936,0.9834899019171608,17.337889530573143,-27.03554273726851,10.543151187445943,0,0
bci2a,shuffled,shallowconvnet,logits,46,2,64,0.2916666666666667,0.5604843469799723,0.9371577139714244,13.530906698645186,-21.862747079270612,8.84615230462035,0,0
bci2a,shuffled,shallowconvnet,conv_time_spat,46,5,64,0.2222222222222222,0.015990935141978635,0.004308914923237732,0.014652594170822694,0.00017908861001258064,-0.0012416904861912294,0,0
bci2a,shuffled,shallowconvnet,bnorm,46,5,64,0.2222222222222222,0.006596687614058327,0.0040367924595189585,0.004061963395428282,-5.3676309128900814e-05,-0.0011922737901015003,0,0
bci2a,shuffled,shallowconvnet,conv_nonlin_exp,46,5,64,0.2222222222222222,0.28271198669515,0.2798127086983738,1.55081202427749e-05,0.003921956654306981,0.27877452192060026,0,0
bci2a,shuffled,shallowconvnet,pool,46,5,64,0.2222222222222222,0.566483800174457,0.5630123552456634,3.350689589789855e-05,0.008303537214859389,0.5581467560636999,0,0
bci2a,shuffled,shallowconvnet,pool_nonlin_exp,46,5,64,0.2222222222222222,0.8522072333382726,0.9753144961850264,13.296236179037003,-19.89712974383798,7.453100798139239,0,0
bci2a,shuffled,shallowconvnet,logits,46,5,64,0.2222222222222222,0.46683802445238043,0.9220297556241213,15.964025449980213,-27.223306601795578,11.550030250959178,0,0
bci2a,shuffled,shallowconvnet,conv_time_spat,46,10,64,0.22916666666666666,0.02113172364883475,0.004108474196628046,0.020804233732373417,-6.71174046403265e-05,-0.0011928294568431508,0,0
bci2a,shuffled,shallowconvnet,bnorm,46,10,64,0.22916666666666666,0.010084065915499218,0.0037906807788194593,0.008553646279770047,5.457032575572783e-05,-0.0011827513978060413,0,0
bci2a,shuffled,shallowconvnet,conv_nonlin_exp,46,10,64,0.22916666666666666,0.27724458013162523,0.2718545241718923,6.868939683068307e-05,0.0077597468776239836,0.2694161438571705,0,0
bci2a,shuffled,shallowconvnet,pool,46,10,64,0.22916666666666666,0.555354380461047,0.5507611521919014,0.00014903185178186682,0.016541263599703305,0.5386640850095618,0,0
bci2a,shuffled,shallowconvnet,pool_nonlin_exp,46,10,64,0.22916666666666666,0.8341260820217591,0.9736748597169972,12.929106537133464,-19.43104006461389,7.336059609502176,0,0
bci2a,shuffled,shallowconvnet,logits,46,10,64,0.22916666666666666,0.5090133855786072,0.9025490962033014,15.413672485751182,-25.6642062815892,10.668780229575288,0,0
bci2a,shuffled,shallowconvnet,conv_time_spat,46,20,64,0.2708333333333333,0.03380355001398312,0.003420174713131389,0.03417460496354735,0.0004293800814484831,-0.0012581843280172486,0,0
bci2a,shuffled,shallowconvnet,bnorm,46,20,64,0.2708333333333333,0.02092154883921706,0.003260888677504788,0.021088717740679254,0.0001933985818930085,-0.001257575005687527,0,0
bci2a,shuffled,shallowconvnet,conv_nonlin_exp,46,20,64,0.2708333333333333,0.2831439611122977,0.2690624046516712,0.0004981542751372987,0.019313078443700643,0.2633327283934598,0,0
bci2a,shuffled,shallowconvnet,pool,46,20,64,0.2708333333333333,0.5688184677940398,0.5564540671305269,0.0010750304883267794,0.041110506372766004,0.5266329309329469,0,0
bci2a,shuffled,shallowconvnet,pool_nonlin_exp,46,20,64,0.2708333333333333,0.8235536181719493,0.9635720105616428,10.895872355509754,-15.82707380656153,5.754755069223713,0,0
bci2a,shuffled,shallowconvnet,logits,46,20,64,0.2708333333333333,0.7149266126479592,0.9252086549188824,9.38204946476275,-13.858836781777109,5.111082473849076,0,0
bci2a,shuffled,shallowconvnet,conv_time_spat,46,30,64,0.22916666666666666,0.04101587652044101,0.0032793149801682324,0.042049539389151284,0.00013767029355190452,-0.001408377227173841,0,0
bci2a,shuffled,shallowconvnet,bnorm,46,30,64,0.22916666666666666,0.03372435563837395,0.0032168418108970984,0.034599978262018126,0.00018534038109269018,-0.0014086815620728429,0,0
bci2a,shuffled,shallowconvnet,conv_nonlin_exp,46,30,64,0.22916666666666666,0.29104090849602954,0.26883659062301024,0.0012176984877645364,0.02871008047320649,0.26111312953505844,0,0
bci2a,shuffled,shallowconvnet,pool,46,30,64,0.22916666666666666,0.5847254311908112,0.5608771078258481,0.0025892153324185833,0.060437514678584776,0.5216987011798079,0,0
bci2a,shuffled,shallowconvnet,pool_nonlin_exp,46,30,64,0.22916666666666666,0.8251749390184488,0.9575241130359107,10.768571522656035,-15.677733865970922,5.734337282333324,0,0
bci2a,shuffled,shallowconvnet,logits,46,30,64,0.22916666666666666,0.4830413334150764,0.9332702000978785,15.627882683260488,-28.824436083665063,13.452527364744224,0,0
bci2a,shuffled,eegconformer,patch_embedding,41,0,64,0.2777777777777778,0.9542572202342632,0.13119171947585562,0.9511893554364335,0.002053993420725952,0.0010138713771031382,0,0
bci2a,shuffled,eegconformer,transformer.0,41,0,64,0.2777777777777778,0.9927554401252927,0.5009025487441969,1.0538913022686502,-0.06258036248825025,0.0014445003448920898,0,0
bci2a,shuffled,eegconformer,transformer.2,41,0,64,0.2777777777777778,0.9928475639133931,0.5291068675924173,1.0281247029458191,-0.036674184352834,0.001397045320407624,0,0
bci2a,shuffled,eegconformer,transformer.5,41,0,64,0.2777777777777778,0.994258862890956,0.49386000561704424,1.0019249493021256,-0.008294454014937173,0.0006283676037666854,0,0
bci2a,shuffled,eegconformer,fc,41,0,64,0.2777777777777778,0.9952107023420816,0.5543548738659041,0.9889763291164859,0.005333919651944124,0.0009004535736516293,0,0
bci2a,shuffled,eegconformer,logits,41,0,64,0.2777777777777778,0.997247441648194,0.675743320265718,0.9415690823913971,0.05484115021363474,0.0008372090431621982,0,0
bci2a,shuffled,eegconformer,patch_embedding,41,1,64,0.2465277777777778,0.7343660186574898,0.15820552766666068,0.7011389784718791,0.019764285189764905,0.013462754995846135,0,0
bci2a,shuffled,eegconformer,transformer.0,41,1,64,0.2465277777777778,0.9051923491788996,0.4905840979180926,1.1389304799789701,-0.2652412979216287,0.03150316712155701,0,0
bci2a,shuffled,eegconformer,transformer.2,41,1,64,0.2465277777777778,0.9469553011194489,0.3860289833315448,1.102174322490657,-0.17346197986526873,0.018242958494060463,0,0
bci2a,shuffled,eegconformer,transformer.5,41,1,64,0.2465277777777778,0.9673417449994098,0.41454102712550533,0.9704530612913409,-0.013670250291358696,0.010558933999427152,0,0
bci2a,shuffled,eegconformer,fc,41,1,64,0.2465277777777778,0.9941301272687093,0.470265928769274,0.952291029296714,0.03967745986056729,0.0021616381114280625,0,0
bci2a,shuffled,eegconformer,logits,41,1,64,0.2465277777777778,0.9972530650917049,0.5979819034778218,0.9035251821432899,0.09123467011579972,0.002493212832615132,0,0
bci2a,shuffled,eegconformer,patch_embedding,41,2,64,0.25,0.7423257960182006,0.17549615846232633,0.7016580119273963,0.025690555265395532,0.014977228825408584,0,0
bci2a,shuffled,eegconformer,transformer.0,41,2,64,0.25,0.9131802691619777,0.4746402952315796,1.0424676349153925,-0.15648905258081575,0.02720168682740034,0,0
bci2a,shuffled,eegconformer,transformer.2,41,2,64,0.25,0.9454666845970705,0.4759803309396563,0.9792589711423012,-0.05318652260740285,0.019394236062171628,0,0
bci2a,shuffled,eegconformer,transformer.5,41,2,64,0.25,0.9374693822060078,0.49052489307190705,0.9665814466132274,-0.054213167464030335,0.025101103056810594,0,0
bci2a,shuffled,eegconformer,fc,41,2,64,0.25,0.9943236962497646,0.580362610573718,0.9908911722926173,0.0011722671862571964,0.0022602567708902067,0,0
bci2a,shuffled,eegconformer,logits,41,2,64,0.25,0.9858119515691435,0.6677596326748371,0.9320741292138848,0.043324891770532406,0.010412930584726428,0,0
bci2a,shuffled,eegconformer,patch_embedding,41,5,64,0.2604166666666667,0.7148588853547788,0.1810237622574713,0.6808555174923516,0.0173899963659818,0.01661337149644522,0,0
bci2a,shuffled,eegconformer,transformer.0,41,5,64,0.2604166666666667,0.9072503760798896,0.5416362175649487,0.8728059356985213,0.005695394392825296,0.028749045988542637,0,0
bci2a,shuffled,eegconformer,transformer.2,41,5,64,0.2604166666666667,0.9020165718722832,0.611082095392828,0.9664518099430468,-0.1087546654981094,0.044319427427345376,0,0
bci2a,shuffled,eegconformer,transformer.5,41,5,64,0.2604166666666667,0.9097108994373309,0.62017093093405,0.9410751944782221,-0.06943453626326015,0.038070241222368635,0,0
bci2a,shuffled,eegconformer,fc,41,5,64,0.2604166666666667,0.9348172192388138,0.5391581756587003,0.9694846161182167,-0.06063522148180825,0.025967824602405223,0,0
bci2a,shuffled,eegconformer,logits,41,5,64,0.2604166666666667,0.9557298311213831,0.8513408844964571,0.8057949793117534,0.14882213289229929,-0.0006834423237435134,0,0
bci2a,shuffled,eegconformer,patch_embedding,41,10,64,0.3090277777777778,0.6571413259293093,0.14328249480955865,0.6485576640049187,-0.00242961925493389,0.011013281179324427,0,0
bci2a,shuffled,eegconformer,transformer.0,41,10,64,0.3090277777777778,0.6849459836625573,0.5302473436879623,0.8321134643852901,-0.2172467980526251,0.07007931732989184,0,0
bci2a,shuffled,eegconformer,transformer.2,41,10,64,0.3090277777777778,0.6974563678127788,0.5392770414499276,0.9251705646743915,-0.29927922929968603,0.071565032438073,0,0
bci2a,shuffled,eegconformer,transformer.5,41,10,64,0.3090277777777778,0.7242080813857993,0.5165195832685634,0.9182252363211907,-0.257113870643784,0.06309671570839218,0,0
bci2a,shuffled,eegconformer,fc,41,10,64,0.3090277777777778,0.7812662926367893,0.83313545079146,0.9374183737428523,-0.2968445436898076,0.14069246258374477,0,0
bci2a,shuffled,eegconformer,logits,41,10,64,0.3090277777777778,0.7091176621259644,0.9339682396374951,3.486422635655784,-4.433639687093928,1.4119880698391796,0,0
bci2a,shuffled,eegconformer,patch_embedding,41,20,64,0.2847222222222222,0.5634969821384825,0.09079223465012579,0.6172752070553418,-0.06205856111311433,0.008280336196254734,0,0
bci2a,shuffled,eegconformer,transformer.0,41,20,64,0.2847222222222222,0.5347262707251508,0.15674081001760748,0.7669592015490303,-0.2542514093442131,0.021799782283926268,0,0
bci2a,shuffled,eegconformer,transformer.2,41,20,64,0.2847222222222222,0.49114263560632676,0.1268596232792088,0.7640191625929404,-0.2968272081585668,0.023901573191533847,0,0
bci2a,shuffled,eegconformer,transformer.5,41,20,64,0.2847222222222222,0.5198982676871459,0.09728777756918512,0.7537447411296512,-0.24949181887490476,0.01564534543239878,0,0
bci2a,shuffled,eegconformer,fc,41,20,64,0.2847222222222222,0.6140975354516899,0.3261692738227283,0.9418028720837921,-0.36057148764527647,0.01758108937744765,0,0
bci2a,shuffled,eegconformer,logits,41,20,64,0.2847222222222222,0.6865763581404973,0.5738699990285584,1.143053320242448,-0.6060551571154329,0.022934354291996896,0,0
bci2a,shuffled,eegconformer,patch_embedding,41,30,64,0.24305555555555555,0.4998479907151303,0.14805495188004864,0.662752786233255,-0.1832850516650699,0.020380256146945053,0,0
bci2a,shuffled,eegconformer,transformer.0,41,30,64,0.24305555555555555,0.38639391658730715,0.33980115566084934,0.8926872259570051,-0.5996693730946657,0.0862954103456394,0,0
bci2a,shuffled,eegconformer,transformer.2,41,30,64,0.24305555555555555,0.35353853303171573,0.2663323380485445,0.8204738208597009,-0.54305546416647,0.07466446223342998,0,0
bci2a,shuffled,eegconformer,transformer.5,41,30,64,0.24305555555555555,0.37115221885553523,0.21590313394799326,0.6272910987054783,-0.30786985123862376,0.0514516084708719,0,0
bci2a,shuffled,eegconformer,fc,41,30,64,0.24305555555555555,0.39622969753955395,0.3009385688240444,0.7350407168858513,-0.5119150343807166,0.08017490291104369,0,0
bci2a,shuffled,eegconformer,logits,41,30,64,0.24305555555555555,0.7073440623359211,0.5293001726499703,1.0181212467481424,-0.7555010431818212,0.11152100497461767,0,0
bci2a,shuffled,eegconformer,patch_embedding,42,0,64,0.25,0.9412804595331462,0.09967722985991606,0.9400024716214161,0.00048765705939956107,0.0007903308523304054,0,0
bci2a,shuffled,eegconformer,transformer.0,42,0,64,0.25,0.9924828486717461,0.3774235354782659,1.025358577111291,-0.03353485457068907,0.0006591261311433912,0,0
bci2a,shuffled,eegconformer,transformer.2,42,0,64,0.25,0.9962355947646653,0.3392217795117992,0.9994201739946428,-0.0034692779330771596,0.0002846987030993061,0,0
bci2a,shuffled,eegconformer,transformer.5,42,0,64,0.25,0.9949398589820968,0.34153338670684985,1.0079500895849582,-0.013199719760171657,0.00018948915730988828,0,0
bci2a,shuffled,eegconformer,fc,42,0,64,0.25,0.9970974017560474,0.3899018845334119,1.0022867336522856,-0.005210366038261729,2.103414202368601e-05,0,0
bci2a,shuffled,eegconformer,logits,42,0,64,0.25,0.9991760742663178,0.48469565722264274,1.0047578062557494,-0.005585047808170527,3.3158187391041473e-06,0,0
bci2a,shuffled,eegconformer,patch_embedding,42,1,64,0.25,0.765900449695941,0.17016434239906456,0.7677135171055319,-0.01250505098313644,0.010691983573544415,0,0
bci2a,shuffled,eegconformer,transformer.0,42,1,64,0.25,0.9394251874064721,0.5247839780530018,1.0216843847713653,-0.09385700769696033,0.011597810332066827,0,0
bci2a,shuffled,eegconformer,transformer.2,42,1,64,0.25,0.977140478042037,0.5781960029527127,1.0153596233739868,-0.04344533637462201,0.005226191042671228,0,0
bci2a,shuffled,eegconformer,transformer.5,42,1,64,0.25,0.9738071895277429,0.5110184965129869,1.0405099284169836,-0.07205209119803627,0.005349352308795592,0,0
bci2a,shuffled,eegconformer,fc,42,1,64,0.25,0.9985431294841707,0.4239735989092242,1.0061857457875485,-0.007734676934897909,9.206063152021433e-05,0,0
bci2a,shuffled,eegconformer,logits,42,1,64,0.25,0.9977254807484761,0.6273418082644575,0.9736203495672734,0.02373093733297958,0.0003741938482229852,0,0
bci2a,shuffled,eegconformer,patch_embedding,42,2,64,0.25,0.7449698097666352,0.1404624807406989,0.7495056417468622,-0.01201042825865696,0.007474596278429387,0,0
bci2a,shuffled,eegconformer,transformer.0,42,2,64,0.25,0.8886530598370408,0.3437293704611824,1.012065456178128,-0.13099176019771902,0.007579363856631502,0,0
bci2a,shuffled,eegconformer,transformer.2,42,2,64,0.25,0.9412466974078669,0.40331496095838565,1.0402304336643187,-0.10292768037215225,0.003943944115700362,0,0
bci2a,shuffled,eegconformer,transformer.5,42,2,64,0.25,0.9577097539485587,0.4290000975889268,1.058898985498486,-0.10510873911440557,0.003919507564477807,0,0
bci2a,shuffled,eegconformer,fc,42,2,64,0.25,0.9828216458369715,0.34339784524681627,1.0118281215454177,-0.02887459141312332,-0.0001318842953226874,0,0
bci2a,shuffled,eegconformer,logits,42,2,64,0.25,0.9891677024526733,0.4912223783238363,1.1939077191663217,-0.2011469542477307,-0.0035930624659177013,0,0
bci2a,shuffled,eegconformer,patch_embedding,42,5,64,0.25,0.7299724818854657,0.13726598032188586,0.7302742162690496,-0.008199273641161315,0.007897539257577031,0,0
bci2a,shuffled,eegconformer,transformer.0,42,5,64,0.25,0.9121435153115628,0.30439599990283517,1.0721842628535845,-0.16413835674166782,0.004097609199645989,0,0
bci2a,shuffled,eegconformer,transformer.2,42,5,64,0.25,0.9478464552412809,0.3175459966462359,1.0494348368047708,-0.10358292760466126,0.0019945460411707034,0,0
bci2a,shuffled,eegconformer,transformer.5,42,5,64,0.25,0.9574571385382533,0.3281204662982301,1.0471002941104421,-0.09122122945624357,0.001578073884053933,0,0
bci2a,shuffled,eegconformer,fc,42,5,64,0.25,0.9943845272646487,0.39744089474354716,1.0336240900647793,-0.039619343627320266,0.00037978082718950556,0,0
bci2a,shuffled,eegconformer,logits,42,5,64,0.25,0.997964238277503,0.6807702823235875,1.0598596208933098,-0.06137318294566541,-0.0005221996701413008,0,0
bci2a,shuffled,eegconformer,patch_embedding,42,10,64,0.2673611111111111,0.6667709037423628,0.11121203212810594,0.7042756794467293,-0.045171581567834955,0.007666805863468046,0,0
bci2a,shuffled,eegconformer,transformer.0,42,10,64,0.2673611111111111,0.7995095370017334,0.29393395180891047,1.0329546067786597,-0.2458662935856627,0.012421223808736217,0,0
bci2a,shuffled,eegconformer,transformer.2,42,10,64,0.2673611111111111,0.8544167771210093,0.20539354006896574,0.9915316398563896,-0.14141315087474632,0.004298288139365433,0,0
bci2a,shuffled,eegconformer,transformer.5,42,10,64,0.2673611111111111,0.8583139903466577,0.19605031454952956,0.9746955199003409,-0.12184804003049171,0.005466510476808513,0,0
bci2a,shuffled,eegconformer,fc,42,10,64,0.2673611111111111,0.9494510395421396,0.34862836323301244,0.9552521901996434,-0.008423388849590076,0.0026222381920861905,0,0
bci2a,shuffled,eegconformer,logits,42,10,64,0.2673611111111111,0.8094595710032555,0.5703392314269042,0.9468516821777251,-0.1434310399642013,0.0004248558974130014,0,0
bci2a,shuffled,eegconformer,patch_embedding,42,20,64,0.22569444444444445,0.5814418042197467,0.09297196938285116,0.6486181061081839,-0.07460575144659165,0.007429449558153911,0,0
bci2a,shuffled,eegconformer,transformer.0,42,20,64,0.22569444444444445,0.6951374600697406,0.28940551210660287,0.9981461450512221,-0.3194326216245264,0.016423936643044205,0,0
bci2a,shuffled,eegconformer,transformer.2,42,20,64,0.22569444444444445,0.7728727117996343,0.27106939197136204,1.043565874833078,-0.2784239559411387,0.0077307929076947815,0,0
bci2a,shuffled,eegconformer,transformer.5,42,20,64,0.22569444444444445,0.8149374426329496,0.2889341622448783,1.046156661764309,-0.23669737399872892,0.005478154867369347,0,0
bci2a,shuffled,eegconformer,fc,42,20,64,0.22569444444444445,0.8112821920262827,0.39300478124485394,1.0470842933923294,-0.23841988297463584,0.0026177816085892125,0,0
bci2a,shuffled,eegconformer,logits,42,20,64,0.22569444444444445,0.9414489914849491,0.7920106874616316,1.3757066783839147,-0.4400485958766048,-0.01619855440108356,0,0
bci2a,shuffled,eegconformer,patch_embedding,42,30,64,0.22569444444444445,0.5116868808838944,0.11708023880198372,0.6206033589225053,-0.12419144860126412,0.01527497056265308,0,0
bci2a,shuffled,eegconformer,transformer.0,42,30,64,0.22569444444444445,0.6281035813637027,0.35326307381048416,0.9988588393851474,-0.4062910447641404,0.03460137284317093,0,0
bci2a,shuffled,eegconformer,transformer.2,42,30,64,0.22569444444444445,0.6195737666776197,0.31693504811285755,0.9089167518748885,-0.3133235702436331,0.021215887237062088,0,0
bci2a,shuffled,eegconformer,transformer.5,42,30,64,0.22569444444444445,0.6163670107607702,0.28431581271353334,0.8418397342507566,-0.24721088432714794,0.021526090801654685,0,0
bci2a,shuffled,eegconformer,fc,42,30,64,0.22569444444444445,0.7078158800818741,0.5165050586679893,1.4741774305377797,-0.8974200677490731,0.09206177924597185,0,0
bci2a,shuffled,eegconformer,logits,42,30,64,0.22569444444444445,0.8599889730038803,0.6604773643701752,1.6020248829968935,-0.8924703893739183,0.08872099193105366,0,0
bci2a,shuffled,eegconformer,patch_embedding,43,0,64,0.25,0.944927047010958,0.09276602832278397,0.9290551339053668,0.015060949802623805,0.0008109633029669393,0,0
bci2a,shuffled,eegconformer,transformer.0,43,0,64,0.25,0.9923205018152437,0.48063669433830747,1.0421834914683976,-0.05102767692739919,0.0011646872742446985,0,0
bci2a,shuffled,eegconformer,transformer.2,43,0,64,0.25,0.9953172532722604,0.45405572662189786,1.0149124578663558,-0.020219341628179788,0.0006241370340840603,0,0
bci2a,shuffled,eegconformer,transformer.5,43,0,64,0.25,0.9978039911644525,0.4693346240756209,1.0019908675982163,-0.004502496100025056,0.0003156196662618782,0,0
bci2a,shuffled,eegconformer,fc,43,0,64,0.25,0.9983453152764172,0.4329511023885292,0.9986499875686061,-0.00044702682133856004,0.00014235452914967078,0,0
bci2a,shuffled,eegconformer,logits,43,0,64,0.25,0.999423621004322,0.6494224259814525,0.9726988182838758,0.026522055489675338,0.00020274723077084528,0,0
bci2a,shuffled,eegconformer,patch_embedding,43,1,64,0.19444444444444445,0.7501987645051529,0.18739596373060297,0.7495199151802543,-0.008940823917378285,0.009619673242276208,0,0
bci2a,shuffled,eegconformer,transformer.0,43,1,64,0.19444444444444445,0.8951865385823372,0.5279415534336946,1.097788538490157,-0.2151802339626175,0.012578234054797523,0,0
bci2a,shuffled,eegconformer,transformer.2,43,1,64,0.19444444444444445,0.9411724878739707,0.6124322456328247,1.0235947047983196,-0.0915432251688977,0.009121008244548822,0,0
bci2a,shuffled,eegconformer,transformer.5,43,1,64,0.19444444444444445,0.956204260015359,0.75036026216525,1.0052103460342545,-0.05995544314697414,0.010949357128078019,0,0
bci2a,shuffled,eegconformer,fc,43,1,64,0.19444444444444445,0.9571912912433692,0.8669897893504791,0.9120472082530207,0.023533927354925162,0.021610155635423404,0,0
bci2a,shuffled,eegconformer,logits,43,1,64,0.19444444444444445,0.8476687376555948,0.9485284239588605,1.4483592814921022,-0.751091584564898,0.1503334735369384,0,0
bci2a,shuffled,eegconformer,patch_embedding,43,2,64,0.23958333333333334,0.7352618955605636,0.17852161161544422,0.7374162738313543,-0.015571402248529676,0.013417023977738278,0,0
bci2a,shuffled,eegconformer,transformer.0,43,2,64,0.23958333333333334,0.8877366378955845,0.4243696068565431,1.1145051583278058,-0.2408932857670307,0.01412476533480954,0,0
bci2a,shuffled,eegconformer,transformer.2,43,2,64,0.23958333333333334,0.9236408629455733,0.4053594011635123,1.060429674830916,-0.14569679244227776,0.008907980556935044,0,0
bci2a,shuffled,eegconformer,transformer.5,43,2,64,0.23958333333333334,0.9394050939178102,0.36486687497287634,1.0328694307870219,-0.09961276189553786,0.006148425026326166,0,0
bci2a,shuffled,eegconformer,fc,43,2,64,0.23958333333333334,0.9931549631500712,0.4863927840372136,1.0134114717926868,-0.020608366314393108,0.00035185767177754994,0,0
bci2a,shuffled,eegconformer,logits,43,2,64,0.23958333333333334,0.9978628933992413,0.6237612071301155,1.0289889311241738,-0.03126087760389723,0.00013483987896481666,0,0
bci2a,shuffled,eegconformer,patch_embedding,43,5,64,0.2708333333333333,0.6843107588383521,0.13271980893192806,0.7176976835766791,-0.04151422205162644,0.008127297313298964,0,0
bci2a,shuffled,eegconformer,transformer.0,43,5,64,0.2708333333333333,0.7993635678362754,0.4210240020176509,1.0585822279406434,-0.2738467617552838,0.01462810165091586,0,0
bci2a,shuffled,eegconformer,transformer.2,43,5,64,0.2708333333333333,0.8885917817721194,0.49247797201969085,1.0024505199995244,-0.12143934614789521,0.007580607920489339,0,0
bci2a,shuffled,eegconformer,transformer.5,43,5,64,0.2708333333333333,0.9224690643753466,0.4804475060164005,0.9714939403980676,-0.05431124885575929,0.0052863728330373935,0,0
bci2a,shuffled,eegconformer,fc,43,5,64,0.2708333333333333,0.9772383510180078,0.6755449707823594,0.9535411677799764,0.019970311239021467,0.0037268719990098597,0,0
bci2a,shuffled,eegconformer,logits,43,5,64,0.2708333333333333,0.922152689591864,0.7016721092554266,1.2572253366090869,-0.36954106286545363,0.031966104500209355,0,0
bci2a,shuffled,eegconformer,patch_embedding,43,10,64,0.2361111111111111,0.6746283975158383,0.1415683407031033,0.7156218007871744,-0.04835741379635562,0.007364010525019237,0,0
bci2a,shuffled,eegconformer,transformer.0,43,10,64,0.2361111111111111,0.8042092612869052,0.39658681630796455,1.1021194811295763,-0.31022489794113345,0.012314678098462303,0,0
bci2a,shuffled,eegconformer,transformer.2,43,10,64,0.2361111111111111,0.8643049360931238,0.3773795315335603,1.001636640304715,-0.14383441389525187,0.006502709683660145,0,0
bci2a,shuffled,eegconformer,transformer.5,43,10,64,0.2361111111111111,0.9094539291079757,0.2708868536664017,0.9891798881343186,-0.08252444264969364,0.002798483623350513,0,0
bci2a,shuffled,eegconformer,fc,43,10,64,0.2361111111111111,0.9781730651765657,0.40726501873611287,0.9649212544717596,0.012680627068057542,0.0005711836367484936,0,0
bci2a,shuffled,eegconformer,logits,43,10,64,0.2361111111111111,0.9943514940893114,0.4583355980506841,1.0083517741660613,-0.01411166340549402,0.00011138332874429498,0,0
bci2a,shuffled,eegconformer,patch_embedding,43,20,64,0.20833333333333334,0.5637501469159116,0.1281497818687471,0.6706069728887045,-0.11846075194124514,0.011603925968452312,0,0
bci2a,shuffled,eegconformer,transformer.0,43,20,64,0.20833333333333334,0.6304655565364174,0.2792699618142745,0.9286909912413484,-0.324233711660297,0.025906977480689077,0,0
bci2a,shuffled,eegconformer,transformer.2,43,20,64,0.20833333333333334,0.6546074867445393,0.2082618249673135,0.8800614912288867,-0.24317903143585187,0.017725026951504196,0,0
bci2a,shuffled,eegconformer,transformer.5,43,20,64,0.20833333333333334,0.6746793608561682,0.14730518248029162,0.8117405437892591,-0.14586903910888033,0.00880785617578909,0,0
bci2a,shuffled,eegconformer,fc,43,20,64,0.20833333333333334,0.7743027832070632,0.3459898922351969,0.9158078529805915,-0.14561327548344327,0.0025490585658201007,0,0
bci2a,shuffled,eegconformer,logits,43,20,64,0.20833333333333334,0.9289546127926198,0.52033596709173,1.1790876901703644,-0.30673976170101286,-0.004040776702654365,0,0
bci2a,shuffled,eegconformer,patch_embedding,43,30,64,0.2534722222222222,0.5241943327298482,0.18303269973258238,0.7382461483522951,-0.23533730572356576,0.020904134198053356,0,0
bci2a,shuffled,eegconformer,transformer.0,43,30,64,0.2534722222222222,0.6742875522373912,0.2065378833566464,1.0318326683214367,-0.3784974659913181,0.020952349907271687,0,0
bci2a,shuffled,eegconformer,transformer.2,43,30,64,0.2534722222222222,0.7091442436881799,0.14633725914965795,0.976543277258612,-0.2780273729213936,0.010628339350959998,0,0
bci2a,shuffled,eegconformer,transformer.5,43,30,64,0.2534722222222222,0.7212897546406317,0.1140059333907632,0.9138616114293162,-0.19865126029970934,0.006079403511024446,0,0
bci2a,shuffled,eegconformer,fc,43,30,64,0.2534722222222222,0.6757918244778162,0.40503142693846367,1.00547799748182,-0.3730503804395131,0.027422827181129036,0,0
bci2a,shuffled,eegconformer,logits,43,30,64,0.2534722222222222,0.7163754926555628,0.7345837170891594,0.6938543010585636,-0.06226830856895016,0.03827289740423574,0,0
bci2a,shuffled,eegconformer,patch_embedding,44,0,64,0.25,0.9532831613655958,0.12685497945871121,0.9732476922940598,-0.020994766291654206,0.0010302353631898354,0,0
bci2a,shuffled,eegconformer,transformer.0,44,0,64,0.25,0.9931479256779367,0.4343813633144014,0.9955982827462395,-0.003265105103095239,0.0008147480347920355,0,0
bci2a,shuffled,eegconformer,transformer.2,44,0,64,0.25,0.995569824593143,0.39104501726762764,0.9786228194152453,0.016368218788923406,0.0005787863889739945,0,0
bci2a,shuffled,eegconformer,transformer.5,44,0,64,0.25,0.9953032103855912,0.39462080517147063,0.9898084409269421,0.0049209239704701,0.0005738454881782339,0,0
bci2a,shuffled,eegconformer,fc,44,0,64,0.25,0.9974085446670076,0.39683339962304615,0.9808763137259722,0.01617655608716555,0.0003556748538699684,0,0
bci2a,shuffled,eegconformer,logits,44,0,64,0.25,0.9991136351782284,0.4910890763459992,0.9777128984618022,0.021116318684459637,0.0002844180319664426,0,0
bci2a,shuffled,eegconformer,patch_embedding,44,1,64,0.22916666666666666,0.7147450659842427,0.18501511482408722,0.754157888994602,-0.054331055317465675,0.01491823230710598,0,0
bci2a,shuffled,eegconformer,transformer.0,44,1,64,0.22916666666666666,0.8645118108126272,0.41495381246890556,1.0154086329106833,-0.15981686256864616,0.008920040470589384,0,0
bci2a,shuffled,eegconformer,transformer.2,44,1,64,0.22916666666666666,0.8682761409445963,0.374580497615177,0.9573287316356734,-0.09132409956377682,0.002271508872699461,0,0
bci2a,shuffled,eegconformer,transformer.5,44,1,64,0.22916666666666666,0.895838446991456,0.3649873467780242,0.9570982016369263,-0.062279925120827376,0.0010201704753567723,0,0
bci2a,shuffled,eegconformer,fc,44,1,64,0.22916666666666666,0.9715983977438964,0.5681624194714465,0.9142720996136219,0.05379503703593091,0.0035312610943436106,0,0
bci2a,shuffled,eegconformer,logits,44,1,64,0.22916666666666666,0.8147710184339323,0.7781200421017729,1.0556494644963181,-0.25271046957353144,0.011832023511145385,0,0
bci2a,shuffled,eegconformer,patch_embedding,44,2,64,0.2465277777777778,0.704120485225256,0.18329460209973197,0.7513548203477943,-0.06224436501191745,0.015010029889379193,0,0
bci2a,shuffled,eegconformer,transformer.0,44,2,64,0.2465277777777778,0.8557560542948112,0.37766324651013994,0.9880089921469963,-0.1370811835266027,0.004828245674417163,0,0
bci2a,shuffled,eegconformer,transformer.2,44,2,64,0.2465277777777778,0.8797377033183722,0.3615619701235316,0.9685784006686439,-0.09542941226224486,0.006588714911972691,0,0
bci2a,shuffled,eegconformer,transformer.5,44,2,64,0.2465277777777778,0.9337374189293506,0.33589438190935456,0.9968385679701994,-0.06563386115315739,0.0025327121123084385,0,0
bci2a,shuffled,eegconformer,fc,44,2,64,0.2465277777777778,0.9889806558630361,0.3954975606739098,1.0724864249776231,-0.08484619562292775,0.0013404265083406374,0,0
bci2a,shuffled,eegconformer,logits,44,2,64,0.2465277777777778,0.9730492138558253,0.5299377085383161,0.9847139704190822,-0.011897126125487281,0.00023236956223053945,0,0
bci2a,shuffled,eegconformer,patch_embedding,44,5,64,0.23958333333333334,0.6947331559434594,0.1527371412319769,0.7456486022779429,-0.060654401973652246,0.009738955639168653,0,0
bci2a,shuffled,eegconformer,transformer.0,44,5,64,0.23958333333333334,0.8374082154686893,0.4090931716034658,1.0206923024547023,-0.1906719663474225,0.007387879361408282,0,0
bci2a,shuffled,eegconformer,transformer.2,44,5,64,0.23958333333333334,0.876144058227275,0.4603408591395841,0.9998234738511099,-0.12765682512848103,0.003977409504645825,0,0
bci2a,shuffled,eegconformer,transformer.5,44,5,64,0.23958333333333334,0.9209583429783974,0.5658066337849545,1.0577421720655644,-0.14229924183183656,0.005515412744669064,0,0
bci2a,shuffled,eegconformer,fc,44,5,64,0.23958333333333334,0.979443012679535,0.5722275337158031,1.0123082671314165,-0.03368736346431455,0.0008221090124330937,0,0
bci2a,shuffled,eegconformer,logits,44,5,64,0.23958333333333334,0.9778560137374244,0.7766598750772806,0.9166701063210475,0.06065009617698996,0.0005358112393867911,0,0
bci2a,shuffled,eegconformer,patch_embedding,44,10,64,0.24305555555555555,0.6520745888733724,0.157107572640229,0.7203852962222135,-0.07871920050301853,0.010408493154177275,0,0
bci2a,shuffled,eegconformer,transformer.0,44,10,64,0.24305555555555555,0.7583042334710195,0.36271595099224174,0.951628054825848,-0.20396239039388284,0.010638569039054063,0,0
bci2a,shuffled,eegconformer,transformer.2,44,10,64,0.24305555555555555,0.7901249984890863,0.3322944662254049,1.008226496321761,-0.2240196429699997,0.005918145137324423,0,0
bci2a,shuffled,eegconformer,transformer.5,44,10,64,0.24305555555555555,0.775231714474443,0.33008477587854795,1.0957961366131705,-0.3287663099739106,0.008201887835182244,0,0
bci2a,shuffled,eegconformer,fc,44,10,64,0.24305555555555555,0.7099975120770377,0.3737367068957661,1.0669755175009894,-0.3777760730192228,0.009973436091815321,0,0
bci2a,shuffled,eegconformer,logits,44,10,64,0.24305555555555555,0.7971661091779096,0.6755058876897182,1.5260898747234566,-0.9144505847763484,0.03366125237325453,0,0
bci2a,shuffled,eegconformer,patch_embedding,44,20,64,0.2152777777777778,0.5656722114252822,0.1104481699527225,0.6434072577295651,-0.08495074832702222,0.007215702022739114,0,0
bci2a,shuffled,eegconformer,transformer.0,44,20,64,0.2152777777777778,0.638242681048982,0.34697254210138706,0.8494340759919451,-0.22801079354108783,0.01681939859812439,0,0
bci2a,shuffled,eegconformer,transformer.2,44,20,64,0.2152777777777778,0.621084864681499,0.3076229485001471,0.846157403790567,-0.2381597985605834,0.013087259451514843,0,0
bci2a,shuffled,eegconformer,transformer.5,44,20,64,0.2152777777777778,0.6091325372807619,0.2422940060232847,0.8518634437741373,-0.2571833018253312,0.01445239533195573,0,0
bci2a,shuffled,eegconformer,fc,44,20,64,0.2152777777777778,0.672677585260003,0.34437509657664456,0.9395570904392819,-0.31535618950099314,0.0217192097885551,0,0
bci2a,shuffled,eegconformer,logits,44,20,64,0.2152777777777778,0.7098097931542193,0.5378907110469784,0.7821932386454329,-0.11061005496401431,0.008629059130726407,0,0
bci2a,shuffled,eegconformer,patch_embedding,44,30,64,0.2638888888888889,0.5085219437254573,0.10501853411420456,0.5952962282007546,-0.09687246999264101,0.010098185517343473,0,0
bci2a,shuffled,eegconformer,transformer.0,44,30,64,0.2638888888888889,0.6051942542910129,0.22816246382820354,0.9111284381085856,-0.3278074433414279,0.021625244373968296,0,0
bci2a,shuffled,eegconformer,transformer.2,44,30,64,0.2638888888888889,0.6453833823338568,0.17612760542378825,0.9990639443387044,-0.3690000446664165,0.013470953895545243,0,0
bci2a,shuffled,eegconformer,transformer.5,44,30,64,0.2638888888888889,0.6344980576410957,0.11803873585712854,0.9030978508444681,-0.277704457167652,0.008451531534992887,0,0
bci2a,shuffled,eegconformer,fc,44,30,64,0.2638888888888889,0.6416659709104675,0.2700289217571218,1.0420407120281174,-0.4353299965810588,0.0184218477668099,0,0
bci2a,shuffled,eegconformer,logits,44,30,64,0.2638888888888889,0.7340427661903903,0.599923265244535,0.8320761215282986,-0.23449048041460124,0.008617994818394118,0,0
bci2a,shuffled,eegconformer,patch_embedding,45,0,64,0.25,0.9561597532628778,0.1178859240387522,0.9655120540464478,-0.010262371303406048,0.0009100705198353549,0,0
bci2a,shuffled,eegconformer,transformer.0,45,0,64,0.25,0.994212916542468,0.289756845732775,1.0189353470819889,-0.025111029045777326,0.00038859850625593055,0,0
bci2a,shuffled,eegconformer,transformer.2,45,0,64,0.25,0.9958478940670569,0.40718726011704254,1.0043495416119441,-0.00915698699413773,0.0006553394492503052,0,0
bci2a,shuffled,eegconformer,transformer.5,45,0,64,0.25,0.9972939286959103,0.49136826458792215,1.0046273366475331,-0.007944445416380033,0.0006110374647567014,0,0
bci2a,shuffled,eegconformer,fc,45,0,64,0.25,0.9975039013070398,0.5384310110546695,1.0221349882653024,-0.025349638349634558,0.0007185513913721517,0,0
bci2a,shuffled,eegconformer,logits,45,0,64,0.25,0.9980503282880744,0.7869451483067083,1.0422221159864726,-0.045639915180754734,0.001468127482356244,0,0
bci2a,shuffled,eegconformer,patch_embedding,45,1,64,0.2569444444444444,0.7218541450586212,0.21974548685857484,0.7586657676756037,-0.04933760909067421,0.012525986473691342,0,0
bci2a,shuffled,eegconformer,transformer.0,45,1,64,0.2569444444444444,0.9033442949373307,0.4531462278320251,1.0160189051393158,-0.11829228364005752,0.0056176734380724075,0,0
bci2a,shuffled,eegconformer,transformer.2,45,1,64,0.2569444444444444,0.9315427829170226,0.49812051949166736,1.0702380301217753,-0.14381292875377089,0.005117681549017381,0,0
bci2a,shuffled,eegconformer,transformer.5,45,1,64,0.2569444444444444,0.9582822713572519,0.504194182792184,1.028549783509099,-0.07224384258911051,0.001976330437263086,0,0
bci2a,shuffled,eegconformer,fc,45,1,64,0.2569444444444444,0.9842665363502328,0.5886117983070641,0.9941407894087999,-0.011095825963775167,0.0012215729052081274,0,0
bci2a,shuffled,eegconformer,logits,45,1,64,0.2569444444444444,0.9786193783058394,0.4909120727748178,1.003357347533082,-0.02395030636640169,-0.0007876628608407631,0,0
bci2a,shuffled,eegconformer,patch_embedding,45,2,64,0.2743055555555556,0.7078566663448856,0.16767399582096104,0.7513927439742109,-0.052522784577158914,0.008986706947833285,0,0
bci2a,shuffled,eegconformer,transformer.0,45,2,64,0.2743055555555556,0.881325252580711,0.3474664265554747,1.0326459621763608,-0.1564716931782405,0.005150983582589787,0,0
bci2a,shuffled,eegconformer,transformer.2,45,2,64,0.2743055555555556,0.9519146219322222,0.3991358951856555,1.0354705510118114,-0.08944973261532857,0.005893803535738616,0,0
bci2a,shuffled,eegconformer,transformer.5,45,2,64,0.2743055555555556,0.9722768468277061,0.39674036997237183,1.0033448497355872,-0.03393800401665327,0.002870001108771474,0,0
bci2a,shuffled,eegconformer,fc,45,2,64,0.2743055555555556,0.9955411392621436,0.5729506368900326,1.0078728583324863,-0.013109508258039203,0.0007777891876965607,0,0
bci2a,shuffled,eegconformer,logits,45,2,64,0.2743055555555556,0.8361265711373224,0.6483747894237905,0.7372599194312539,0.04196885614740908,0.05689779555865941,0,0
bci2a,shuffled,eegconformer,patch_embedding,45,5,64,0.2708333333333333,0.68771243376222,0.15333566075754768,0.742367449334147,-0.06601263332937266,0.011357617757445473,0,0
bci2a,shuffled,eegconformer,transformer.0,45,5,64,0.2708333333333333,0.8198109402780562,0.4057942024835726,0.9640156554538174,-0.1572345765767554,0.013029861400993721,0,0
bci2a,shuffled,eegconformer,transformer.2,45,5,64,0.2708333333333333,0.8851259754416121,0.5470432173879283,1.0064175508314142,-0.1425639409498896,0.02127236556008741,0,0
bci2a,shuffled,eegconformer,transformer.5,45,5,64,0.2708333333333333,0.9069343542420487,0.5257885159352518,1.0108054738543306,-0.11776011477531692,0.013888995163034837,0,0
bci2a,shuffled,eegconformer,fc,45,5,64,0.2708333333333333,0.9856264203396069,0.6506354198784254,0.9963816645801391,-0.01141470086748499,0.0006594566269526095,0,0
bci2a,shuffled,eegconformer,logits,45,5,64,0.2708333333333333,0.9418042116010512,0.6562836122990354,1.016196358199325,-0.07550989131521912,0.0011177447169452744,0,0
bci2a,shuffled,eegconformer,patch_embedding,45,10,64,0.2326388888888889,0.6604713882880187,0.1249168013178868,0.7076534007202937,-0.056097793215272404,0.008915780782996943,0,0
bci2a,shuffled,eegconformer,transformer.0,45,10,64,0.2326388888888889,0.7793445248243901,0.37960118351927236,0.8912569216984934,-0.12299880479663278,0.011086407922529105,0,0
bci2a,shuffled,eegconformer,transformer.2,45,10,64,0.2326388888888889,0.7926807787876834,0.39125756254434263,0.9162352564185787,-0.1360005802271605,0.012446102596264906,0,0
bci2a,shuffled,eegconformer,transformer.5,45,10,64,0.2326388888888889,0.8084032057003042,0.39564011438420155,0.8798295366540365,-0.08291271642742007,0.011486385473687221,0,0
bci2a,shuffled,eegconformer,fc,45,10,64,0.2326388888888889,0.87834476121127,0.41588776490045143,0.9084560367599841,-0.0428126277117277,0.01270135216301373,0,0
bci2a,shuffled,eegconformer,logits,45,10,64,0.2326388888888889,0.836964226623842,0.572491132841663,0.9787957106354812,-0.15879195504695098,0.0011590920267289207,0,0
bci2a,shuffled,eegconformer,patch_embedding,45,20,64,0.2673611111111111,0.5908794472975837,0.10998953909408715,0.6860641352972283,-0.10452708675337385,0.009342398753728751,0,0
bci2a,shuffled,eegconformer,transformer.0,45,20,64,0.2673611111111111,0.6888426486996733,0.20118875292928146,0.8435815036377342,-0.16125433704125272,0.006515482103191168,0,0
bci2a,shuffled,eegconformer,transformer.2,45,20,64,0.2673611111111111,0.7226894319884604,0.17125642527357382,0.9765729786522059,-0.2610566390809309,0.007173092417185044,0,0
bci2a,shuffled,eegconformer,transformer.5,45,20,64,0.2673611111111111,0.7639122479198817,0.15112450719384724,1.0484150427024785,-0.28974110375552664,0.005238308972929307,0,0
bci2a,shuffled,eegconformer,fc,45,20,64,0.2673611111111111,0.8034615255410622,0.4725733343780105,1.3124498736131094,-0.5377760532627975,0.016946820960441297,0,0
bci2a,shuffled,eegconformer,logits,45,20,64,0.2673611111111111,0.8026020597172683,0.5249388344664851,1.1396023947841236,-0.47144760059518986,0.016719595505077033,0,0
bci2a,shuffled,eegconformer,patch_embedding,45,30,64,0.2361111111111111,0.5737342212645864,0.10991987484052626,0.6637277080737511,-0.09860982019839942,0.008616333389234263,0,0
bci2a,shuffled,eegconformer,transformer.0,45,30,64,0.2361111111111111,0.5818300424625948,0.17196346067061624,0.739344052305477,-0.17729179895614605,0.019777789113263333,0,0
bci2a,shuffled,eegconformer,transformer.2,45,30,64,0.2361111111111111,0.6074965985847021,0.13000184090218692,0.7452217610057993,-0.1471340668090707,0.009408904387973283,0,0
bci2a,shuffled,eegconformer,transformer.5,45,30,64,0.2361111111111111,0.530414070597436,0.09348947501260882,0.5297765810644428,-0.0061297280321187305,0.006767217565111648,0,0
bci2a,shuffled,eegconformer,fc,45,30,64,0.2361111111111111,0.5454051017015726,0.2863008419999277,0.6352551555983852,-0.13899411624374775,0.007691378361383282,0,0
bci2a,shuffled,eegconformer,logits,45,30,64,0.2361111111111111,0.7660235588119426,0.5602626233182744,0.5098503166555755,-0.12544060501191467,-0.004323266271259026,0,0
bci2a,shuffled,eegconformer,patch_embedding,46,0,64,0.25,0.9585453699861197,0.10062156818357522,0.9639376488440415,-0.005938683612375609,0.0005464047544533296,0,0
bci2a,shuffled,eegconformer,transformer.0,46,0,64,0.25,0.9947503468824757,0.4726052724181803,1.0375192623084963,-0.043812062099737294,0.0010431466737164366,0,0
bci2a,shuffled,eegconformer,transformer.2,46,0,64,0.25,0.9969800011461533,0.6774433604188508,1.018620810410197,-0.022998341967001897,0.001357532702957226,0,0
bci2a,shuffled,eegconformer,transformer.5,46,0,64,0.25,0.9977095832864842,0.7405186920651641,1.0050812546829206,-0.008677698671875872,0.0013060272754392664,0,0
bci2a,shuffled,eegconformer,fc,46,0,64,0.25,0.9969867414857482,0.762842636032977,0.9951577939514915,-0.000142509442483473,0.001971456976740269,0,0
bci2a,shuffled,eegconformer,logits,46,0,64,0.25,0.9973084925788982,0.8262862921973855,0.9230245761450803,0.07150627526185774,0.0027776411719601622,0,0
bci2a,shuffled,eegconformer,patch_embedding,46,1,64,0.24305555555555555,0.7262189861928698,0.16726436759055296,0.7601444515299087,-0.05035473491358916,0.016429269576550082,0,0
bci2a,shuffled,eegconformer,transformer.0,46,1,64,0.24305555555555555,0.8921527262659514,0.34809146170457883,1.0974756026180117,-0.22875137009030827,0.02342849373824784,0,0
bci2a,shuffled,eegconformer,transformer.2,46,1,64,0.24305555555555555,0.9280417658700033,0.4330390275946272,1.0253134631379646,-0.1130236675179209,0.015751970249959044,0,0
bci2a,shuffled,eegconformer,transformer.5,46,1,64,0.24305555555555555,0.954017293674094,0.47155339216265474,0.9879220185168659,-0.04438479659315657,0.01048007175038444,0,0
bci2a,shuffled,eegconformer,fc,46,1,64,0.24305555555555555,0.9750558047624792,0.4319926116691439,1.1914217926989654,-0.2347996505269284,0.0184336625904422,0,0
bci2a,shuffled,eegconformer,logits,46,1,64,0.24305555555555555,0.8256294749376933,0.5331534910304205,0.8816315194714477,-0.1346179705148588,0.07861592598110445,0,0
bci2a,shuffled,eegconformer,patch_embedding,46,2,64,0.25,0.6905075043211917,0.15701041085154022,0.7299391214479943,-0.05512771912189387,0.015696101995090486,0,0
bci2a,shuffled,eegconformer,transformer.0,46,2,64,0.25,0.8375441002994268,0.4502289485083265,0.9636031723598248,-0.1795369562820185,0.05347788422162,0,0
bci2a,shuffled,eegconformer,transformer.2,46,2,64,0.25,0.9182066585923683,0.516511331486716,0.908996136189189,-0.025207055760363056,0.03441757816354217,0,0
bci2a,shuffled,eegconformer,transformer.5,46,2,64,0.25,0.9465551844770383,0.5217155563924235,0.982677151214437,-0.06429410514214422,0.028172138404745486,0,0
bci2a,shuffled,eegconformer,fc,46,2,64,0.25,0.9824328082714378,0.7428845715518186,1.0245483371387798,-0.05468486902378868,0.012569340156446424,0,0
bci2a,shuffled,eegconformer,logits,46,2,64,0.25,0.9884211340610796,0.5259018379663737,1.0246402327434914,-0.03837490478882108,0.0021558061064093446,0,0
bci2a,shuffled,eegconformer,patch_embedding,46,5,64,0.25,0.6748282356003167,0.14877734471791623,0.7159079435777358,-0.053220425043689415,0.012140717066270125,0,0
bci2a,shuffled,eegconformer,transformer.0,46,5,64,0.25,0.8032691506956583,0.416204654680868,1.0785149535831402,-0.3116222447832292,0.03637644189574705,0,0
bci2a,shuffled,eegconformer,transformer.2,46,5,64,0.25,0.8932791605123525,0.5930634631635802,0.9068793637949921,-0.04334810140052857,0.029747898117888305,0,0
bci2a,shuffled,eegconformer,transformer.5,46,5,64,0.25,0.9417088628406177,0.5862549358687728,0.8896458057987457,0.03382767580872618,0.018235381233145238,0,0
bci2a,shuffled,eegconformer,fc,46,5,64,0.25,0.9738256652472561,0.5134195119215724,0.9625594791221084,0.003827880176850877,0.0074383059482968856,0,0
bci2a,shuffled,eegconformer,logits,46,5,64,0.25,0.986274379552325,0.7167580943782299,0.9379792423032136,0.04869865519179245,-0.00040351794268109843,0,0
bci2a,shuffled,eegconformer,patch_embedding,46,10,64,0.2465277777777778,0.6447126423592906,0.10385217212251513,0.7003594795113723,-0.061277009141813804,0.005630171989731611,0,0
bci2a,shuffled,eegconformer,transformer.0,46,10,64,0.2465277777777778,0.69676126465467,0.18012074200933764,0.9559026606160974,-0.27116258062766935,0.01202118466624134,0,0
bci2a,shuffled,eegconformer,transformer.2,46,10,64,0.2465277777777778,0.7226184529508286,0.27253513111428734,0.9937425987906355,-0.27963148911134533,0.008507343271537501,0,0
bci2a,shuffled,eegconformer,transformer.5,46,10,64,0.2465277777777778,0.7962516534631042,0.21344395457712892,0.9788185332067599,-0.18739314149191744,0.004826261748261715,0,0
bci2a,shuffled,eegconformer,fc,46,10,64,0.2465277777777778,0.9806242886203911,0.3270534088275391,0.9571437373240337,0.022995373495115906,0.00048517780124154614,0,0
bci2a,shuffled,eegconformer,logits,46,10,64,0.2465277777777778,0.9834362249843744,0.5525175132733033,1.0295572657101806,-0.04623338146508152,0.00011234073927536483,0,0
bci2a,shuffled,eegconformer,patch_embedding,46,20,64,0.2708333333333333,0.5952399035409912,0.09066857392047123,0.6393813611874868,-0.04809629851752378,0.0039548408710274275,0,0
bci2a,shuffled,eegconformer,transformer.0,46,20,64,0.2708333333333333,0.6377845217123204,0.17953866017617207,0.9582993165065408,-0.3366355543320319,0.014617678847709434,0,0
bci2a,shuffled,eegconformer,transformer.2,46,20,64,0.2708333333333333,0.6586356987657649,0.18262662257582007,1.0195593835162362,-0.3768902825567636,0.011444647991474148,0,0
bci2a,shuffled,eegconformer,transformer.5,46,20,64,0.2708333333333333,0.7094154779360954,0.14481562213513877,1.0643711242957279,-0.3633887473200607,0.007420688149622782,0,0
bci2a,shuffled,eegconformer,fc,46,20,64,0.2708333333333333,0.6977088707125436,0.3524826109843029,1.4732238317889466,-0.8290918602747817,0.02205301291799755,0,0
bci2a,shuffled,eegconformer,logits,46,20,64,0.2708333333333333,0.7589670631044585,0.4859313590856172,2.0876662553671093,-1.504698501482993,0.030298709996693114,0,0
bci2a,shuffled,eegconformer,patch_embedding,46,30,64,0.28125,0.52391178817888,0.09962665730659025,0.559327239536892,-0.043299690100397276,0.007884238742384997,0,0
bci2a,shuffled,eegconformer,transformer.0,46,30,64,0.28125,0.5156746750699113,0.21410799258388494,0.8569670887177311,-0.42636743537089705,0.04806798561481904,0,0
bci2a,shuffled,eegconformer,transformer.2,46,30,64,0.28125,0.4882598285442916,0.20479053846326814,0.854047822849572,-0.47797015023635714,0.06432994982065932,0,0
bci2a,shuffled,eegconformer,transformer.5,46,30,64,0.28125,0.4804104660616938,0.17021141980068824,0.8258757641833745,-0.40570890256830566,0.05416102455272646,0,0
bci2a,shuffled,eegconformer,fc,46,30,64,0.28125,0.5139498619681748,0.4035895884523866,1.7214678092249454,-1.5995345344072263,0.3171866137552323,0,0
bci2a,shuffled,eegconformer,logits,46,30,64,0.28125,0.6454952735685537,0.5973631083178683,2.4760316913642537,-2.6678225517584693,0.6346798036769754,0,0
bci2a,shuffled,tsception,temporal_blocks.0,41,0,64,0.2569444444444444,0.41228375951864116,0.342944144050028,0.06368968317884902,0.08692046633543671,0.2616736100043553,0,0
bci2a,shuffled,tsception,temporal_blocks.2,41,0,64,0.2569444444444444,0.5495816692043365,0.24409285812287512,0.32763023676224684,0.13322764314979685,0.0887237892922925,0,0
bci2a,shuffled,tsception,spatial_block_1,41,0,64,0.2569444444444444,0.832783474985952,0.4583604086469176,0.41174771475327554,0.3239360563526422,0.09709970388003418,0,0
bci2a,shuffled,tsception,spatial_block_2,41,0,64,0.2569444444444444,0.7770586927588715,0.4225858201046474,0.9804432602218501,-0.2927444125105881,0.0893598450476091,0,0
bci2a,shuffled,tsception,batch_temporal_lay,41,0,64,0.2569444444444444,0.38854884778482796,0.26614915740712203,0.22449496898175808,0.015271491470248129,0.14878238733282123,0,0
bci2a,shuffled,tsception,batch_spatial_lay,41,0,64,0.2569444444444444,0.725086305767469,0.4317993367832351,0.802690474423539,-0.1933141152832858,0.11570994662721484,0,0
bci2a,shuffled,tsception,dense_layer,41,0,64,0.2569444444444444,0.7791640680641253,0.43440015500269175,0.823876614988359,-0.1490977629147472,0.10438521599051365,0,0
bci2a,shuffled,tsception,logits,41,0,64,0.2569444444444444,0.9773772361325612,0.4479669141139089,1.0481522795463016,-0.07208586161882895,0.0013108182050884615,0,0
bci2a,shuffled,tsception,temporal_blocks.0,41,1,64,0.2048611111111111,0.40641878849560226,0.3476670291932894,0.053332299838724645,0.0866031533185651,0.2664833353383123,0,0
bci2a,shuffled,tsception,temporal_blocks.2,41,1,64,0.2048611111111111,0.5448499173178942,0.22668511882711434,0.3232015399020766,0.1369371190215,0.08471125839431755,0,0
bci2a,shuffled,tsception,spatial_block_1,41,1,64,0.2048611111111111,0.7806944708793677,0.3611119032251784,1.1382088215446258,-0.43047972082662556,0.07296537016136741,0,0
bci2a,shuffled,tsception,spatial_block_2,41,1,64,0.2048611111111111,0.7796575208342998,0.4309421273394798,1.368587823315524,-0.6899656719113103,0.10103536943008545,0,0
bci2a,shuffled,tsception,batch_temporal_lay,41,1,64,0.2048611111111111,0.5227105126743381,0.26901978394952863,1.044562469056277,-0.6157232684490501,0.09387131206711045,0,0
bci2a,shuffled,tsception,batch_spatial_lay,41,1,64,0.2048611111111111,0.5466366727761757,0.3933699187037498,1.196323094482489,-0.8291248142214218,0.17943839251510807,0,0
bci2a,shuffled,tsception,dense_layer,41,1,64,0.2048611111111111,0.463429989649933,0.7662700658905801,4.318394829659346,-5.9983898067302865,2.1431113985885757,0,0
bci2a,shuffled,tsception,logits,41,1,64,0.2048611111111111,0.4905551417861125,0.8511044476791846,4.367570403042353,-6.652768926743056,2.7001504205002007,0,0
bci2a,shuffled,tsception,temporal_blocks.0,41,2,64,0.2604166666666667,0.404032022924018,0.3435690467831978,0.039471302752265444,0.10114104322016566,0.26341967695158663,0,0
bci2a,shuffled,tsception,temporal_blocks.2,41,2,64,0.2604166666666667,0.5284648309701337,0.25178939528870437,0.31150437617412663,0.12156556366012564,0.09539489113588126,0,0
bci2a,shuffled,tsception,spatial_block_1,41,2,64,0.2604166666666667,0.7978377895041819,0.518750277185698,1.554711803007787,-0.8917682906054765,0.1348942771018711,0,0
bci2a,shuffled,tsception,spatial_block_2,41,2,64,0.2604166666666667,0.7752051531791622,0.5252297726069056,1.448676410792441,-0.8124279378626186,0.13895668024934055,0,0
bci2a,shuffled,tsception,batch_temporal_lay,41,2,64,0.2604166666666667,0.499950448805432,0.2787094075965735,1.0519836045271607,-0.6517455968955197,0.0997124411737895,0,0
bci2a,shuffled,tsception,batch_spatial_lay,41,2,64,0.2604166666666667,0.6163567276049569,0.5287389615789295,1.6575172106547096,-1.299505867963258,0.2583453849135048,0,0
bci2a,shuffled,tsception,dense_layer,41,2,64,0.2604166666666667,0.6075957934373682,0.7662548317035832,3.1287771908246658,-3.513438081706881,0.9922566843195829,0,0
bci2a,shuffled,tsception,logits,41,2,64,0.2604166666666667,0.5254858949025686,0.6337348432472976,2.3880654623503172,-2.8958718487477793,0.8771024262225422,0,0
bci2a,shuffled,tsception,temporal_blocks.0,41,5,64,0.2361111111111111,0.37522633948193307,0.3416447730554298,0.023401861308024192,0.06717910721036809,0.28464537096354064,0,0
bci2a,shuffled,tsception,temporal_blocks.2,41,5,64,0.2361111111111111,0.502399300397347,0.23319366057278096,0.27658418406131247,0.12896604800099415,0.09684906833504016,0,0
bci2a,shuffled,tsception,spatial_block_1,41,5,64,0.2361111111111111,0.7434418639717084,0.5840061580400283,1.721999250164036,-1.1929208319100155,0.21436344571768773,0,0
bci2a,shuffled,tsception,spatial_block_2,41,5,64,0.2361111111111111,0.8069907218949062,0.5791540149859091,1.608477057131803,-0.9528294048801625,0.15134306964326588,0,0
bci2a,shuffled,tsception,batch_temporal_lay,41,5,64,0.2361111111111111,0.4545300887026686,0.2822883736991978,1.0403454039134508,-0.6935034374477635,0.10768812223698004,0,0
bci2a,shuffled,tsception,batch_spatial_lay,41,5,64,0.2361111111111111,0.578332993141542,0.5813185314501655,1.8678593494782219,-1.6341824235604065,0.34465606722372366,0,0
bci2a,shuffled,tsception,dense_layer,41,5,64,0.2361111111111111,0.6931836820590568,0.7438429505673443,2.8605204434714615,-2.851678205125002,0.6843414437125975,0,0
bci2a,shuffled,tsception,logits,41,5,64,0.2361111111111111,0.7020477388718742,0.6923128180040397,3.4760316616456777,-3.757662764270018,0.9609588657657433,0,0
bci2a,shuffled,tsception,temporal_blocks.0,41,10,64,0.2638888888888889,0.3199635607447262,0.3270037386397998,7.879054172598143e-05,-0.009035123850982674,0.32891989405398286,0,0
bci2a,shuffled,tsception,temporal_blocks.2,41,10,64,0.2638888888888889,0.4900147106066231,0.17933182657887567,0.25901193255185606,0.14577630658724905,0.0852264714675177,0,0
bci2a,shuffled,tsception,spatial_block_1,41,10,64,0.2638888888888889,0.7433149439941945,0.6067734134907775,1.9034176579794955,-1.4241779053686758,0.2640751913833736,0,0
bci2a,shuffled,tsception,spatial_block_2,41,10,64,0.2638888888888889,0.7885068122900657,0.5918009005971994,1.6671458551554588,-1.0588454609130016,0.18020641804760737,0,0
bci2a,shuffled,tsception,batch_temporal_lay,41,10,64,0.2638888888888889,0.42937781580017564,0.2721872899456713,1.0170257170515686,-0.6995770578577286,0.1119291566063346,0,0
bci2a,shuffled,tsception,batch_spatial_lay,41,10,64,0.2638888888888889,0.5748673030034325,0.5768923833968544,1.920000329702557,-1.7143739588559082,0.3692409321567792,0,0
bci2a,shuffled,tsception,dense_layer,41,10,64,0.2638888888888889,0.6512790981552199,0.7632933446973074,3.0783667329876394,-3.274467904107177,0.8473802692747574,0,0
bci2a,shuffled,tsception,logits,41,10,64,0.2638888888888889,0.6780814839400375,0.6994342266289871,3.8245938507037573,-4.3381027219515556,1.1676001285476605,0,0
bci2a,shuffled,tsception,temporal_blocks.0,41,20,64,0.2534722222222222,0.2815193344881893,0.29581473947594694,0.00017391206491666896,-0.01749568082288453,0.298841103246157,0,0
bci2a,shuffled,tsception,temporal_blocks.2,41,20,64,0.2534722222222222,0.4608270838779138,0.19038158949344103,0.22188308090217493,0.14498533596364266,0.09395866701209607,0,0
bci2a,shuffled,tsception,spatial_block_1,41,20,64,0.2534722222222222,0.7050298746409294,0.5783358534818568,1.8742999472014383,-1.4481957859003418,0.27892571333983207,0,0
bci2a,shuffled,tsception,spatial_block_2,41,20,64,0.2534722222222222,0.7816038499366572,0.5800937209543169,1.7100518159563782,-1.1178490367476073,0.18940107072788426,0,0
bci2a,shuffled,tsception,batch_temporal_lay,41,20,64,0.2534722222222222,0.3930603830104431,0.2633887458771333,0.9742371273534005,-0.6952631942245664,0.11392090702112895,0,0
bci2a,shuffled,tsception,batch_spatial_lay,41,20,64,0.2534722222222222,0.5417015193357763,0.5674045725476276,1.926261576872024,-1.7819577965156046,0.3973977389793538,0,0
bci2a,shuffled,tsception,dense_layer,41,20,64,0.2534722222222222,0.592460341097889,0.6521251806294992,3.1720584575337147,-3.5342768805728415,0.9546787641370158,0,0
bci2a,shuffled,tsception,logits,41,20,64,0.2534722222222222,0.5632228002525463,0.5516748889275371,3.5475012325768036,-4.184224726692743,1.1673787633524704,0,0
bci2a,shuffled,tsception,temporal_blocks.0,41,30,64,0.2569444444444444,0.25649159115778686,0.27803136933800365,0.00028719981262390905,-0.025883030370130018,0.2814778123745063,0,0
bci2a,shuffled,tsception,temporal_blocks.2,41,30,64,0.2569444444444444,0.45382837987627933,0.19814763580812755,0.20620979071892415,0.14800886346459546,0.09960972569275936,0,0
bci2a,shuffled,tsception,spatial_block_1,41,30,64,0.2569444444444444,0.6668847844971809,0.5373145181650443,1.821491993625468,-1.4439783517500802,0.2893711426217923,0,0
bci2a,shuffled,tsception,spatial_block_2,41,30,64,0.2569444444444444,0.7936911301646813,0.6227893598550873,1.797292427045098,-1.21104285088573,0.20744155400530873,0,0
bci2a,shuffled,tsception,batch_temporal_lay,41,30,64,0.2569444444444444,0.387225755298222,0.25946182954558317,0.9634422568160154,-0.6916450161684207,0.11518165240982514,0,0
bci2a,shuffled,tsception,batch_spatial_lay,41,30,64,0.2569444444444444,0.5649535878825637,0.5757999406082528,1.959343906624003,-1.7870463141660484,0.39265599542460655,0,0
bci2a,shuffled,tsception,dense_layer,41,30,64,0.2569444444444444,0.6134304101452843,0.7443362773654146,3.5934786814683437,-4.151327124452328,1.1712788531292688,0,0
bci2a,shuffled,tsception,logits,41,30,64,0.2569444444444444,0.6321255744500855,0.7700914063243961,5.614318047352462,-7.395596017380713,2.3884094007953873,0,0
bci2a,shuffled,tsception,temporal_blocks.0,42,0,64,0.2534722222222222,0.46783038856305537,0.2559463706914989,0.15738189934317953,0.17990123496770005,0.13054725425217548,0,0
bci2a,shuffled,tsception,temporal_blocks.2,42,0,64,0.2534722222222222,0.4851209669731998,0.21312467882734487,0.21196670717516858,0.17099736457233156,0.1021568952256991,0,0
bci2a,shuffled,tsception,spatial_block_1,42,0,64,0.2534722222222222,0.5048666601970444,0.14193408823952108,0.33562519052285944,0.0879093044595392,0.0813321652146457,0,0
bci2a,shuffled,tsception,spatial_block_2,42,0,64,0.2534722222222222,0.7327614085882151,0.13135081453701802,0.6036589865364721,0.10079004840056056,0.028312373651182256,0,0
bci2a,shuffled,tsception,batch_temporal_lay,42,0,64,0.2534722222222222,0.352143563494564,0.23183966006879864,0.15339076005772787,0.05991626441461291,0.13883653902222295,0,0
bci2a,shuffled,tsception,batch_spatial_lay,42,0,64,0.2534722222222222,0.5390834377872273,0.13416535629227286,0.49247761649255584,-0.008831543240940305,0.05543736453561077,0,0
bci2a,shuffled,tsception,dense_layer,42,0,64,0.2534722222222222,0.6567163793631661,0.17943783652616674,0.5324719587672999,0.0619575723231974,0.062286848272668685,0,0
bci2a,shuffled,tsception,logits,42,0,64,0.2534722222222222,0.9684198866400249,0.4164488306361724,1.0161564340912186,-0.05236454041012803,0.004627992958934377,0,0
bci2a,shuffled,tsception,temporal_blocks.0,42,1,64,0.2048611111111111,0.4636672159119109,0.276072856236972,0.1425871277181095,0.17409645901461132,0.14698362917918953,0,0
bci2a,shuffled,tsception,temporal_blocks.2,42,1,64,0.2048611111111111,0.4789889966123177,0.19666338411742965,0.20761798848013716,0.17432442817420601,0.09704657995797407,0,0
bci2a,shuffled,tsception,spatial_block_1,42,1,64,0.2048611111111111,0.6922713475041795,0.34371463428370186,1.0575087253815874,-0.4475587507780021,0.08232137290059405,0,0
bci2a,shuffled,tsception,spatial_block_2,42,1,64,0.2048611111111111,0.6644920829940832,0.1955236108500537,0.759972464660813,-0.16067886651475452,0.06519848484802365,0,0
bci2a,shuffled,tsception,batch_temporal_lay,42,1,64,0.2048611111111111,0.5454803639007367,0.23852687006178663,1.0258633001629482,-0.5591875746773389,0.0788046384151263,0,0
bci2a,shuffled,tsception,batch_spatial_lay,42,1,64,0.2048611111111111,0.6031409788764768,0.25044030395547934,1.026582415924012,-0.5109439733423159,0.08750253629477947,0,0
bci2a,shuffled,tsception,dense_layer,42,1,64,0.2048611111111111,0.7853281931480082,0.508383268700132,1.208131882058526,-0.5836028688116752,0.1607991799011572,0,0
bci2a,shuffled,tsception,logits,42,1,64,0.2048611111111111,0.790065344548093,0.5949710525325759,1.3660421264500862,-0.7752390515404932,0.19889710943312344,0,0
bci2a,shuffled,tsception,temporal_blocks.0,42,2,64,0.22569444444444445,0.45123167952702103,0.27031765476887354,0.13403080817433333,0.1723618837888929,0.14483898756379476,0,0
bci2a,shuffled,tsception,temporal_blocks.2,42,2,64,0.22569444444444445,0.4669996148732059,0.22020890908020962,0.18967402109574158,0.16655974492938141,0.11076584884808241,0,0
bci2a,shuffled,tsception,spatial_block_1,42,2,64,0.22569444444444445,0.8174957757874636,0.5046072796147048,1.4767287365265096,-0.7719268425260526,0.11269388178700532,0,0
bci2a,shuffled,tsception,spatial_block_2,42,2,64,0.22569444444444445,0.7723994366537911,0.403552340695731,1.289945684125813,-0.6109090350525895,0.09336278758056807,0,0
bci2a,shuffled,tsception,batch_temporal_lay,42,2,64,0.22569444444444445,0.5342435947388973,0.24920581841178974,1.0647214846669388,-0.6164902449597301,0.08601235503168732,0,0
bci2a,shuffled,tsception,batch_spatial_lay,42,2,64,0.22569444444444445,0.6460749867237664,0.45742060501173726,1.5098544564272116,-1.0487525799727635,0.18497311026932028,0,0
bci2a,shuffled,tsception,dense_layer,42,2,64,0.22569444444444445,0.6631737825078698,0.7082470472113094,2.3517835900003132,-2.2194942519115797,0.5308844444191363,0,0
bci2a,shuffled,tsception,logits,42,2,64,0.22569444444444445,0.633362739432121,0.7530566809975499,2.877295177160084,-3.2728678770139026,0.9536062785814834,0,0
bci2a,shuffled,tsception,temporal_blocks.0,42,5,64,0.22916666666666666,0.4303826648014375,0.28750331685212727,0.062438506413957026,0.18427187710078347,0.18367228128669635,0,0
bci2a,shuffled,tsception,temporal_blocks.2,42,5,64,0.22916666666666666,0.4331467245586471,0.23799250338808675,0.1399758227698585,0.16228194835417714,0.13088895343461113,0,0
bci2a,shuffled,tsception,spatial_block_1,42,5,64,0.22916666666666666,0.7536100300036308,0.36430830183745067,1.3584432915201698,-0.7162798854111816,0.1114466238946441,0,0
bci2a,shuffled,tsception,spatial_block_2,42,5,64,0.22916666666666666,0.7466350261559482,0.41412102444038834,1.3598298682019312,-0.7291194259856946,0.11592458393971002,0,0
bci2a,shuffled,tsception,batch_temporal_lay,42,5,64,0.22916666666666666,0.4966141097734257,0.25995344709339885,1.0688369820204606,-0.6711439532215016,0.09892108097446534,0,0
bci2a,shuffled,tsception,batch_spatial_lay,42,5,64,0.22916666666666666,0.5129748906532509,0.41537500436950375,1.4926331404122652,-1.2219977009768153,0.24233945121779885,0,0
bci2a,shuffled,tsception,dense_layer,42,5,64,0.22916666666666666,0.5498829543588657,0.6144524636916588,2.3147162838536106,-2.3712982369588205,0.6064649074640756,0,0
bci2a,shuffled,tsception,logits,42,5,64,0.22916666666666666,0.5417278957818309,0.6565229787308422,2.9679827917818526,-3.888706841471395,1.2676799381498474,0,0
bci2a,shuffled,tsception,temporal_blocks.0,42,10,64,0.2048611111111111,0.3572817477598462,0.34570930354734375,0.006510823833108216,0.0477421722486262,0.3030287516781117,0,0
bci2a,shuffled,tsception,temporal_blocks.2,42,10,64,0.2048611111111111,0.4125654449189051,0.27003547546720763,0.11173609377766303,0.14579802185581175,0.1550313292854299,0,0
bci2a,shuffled,tsception,spatial_block_1,42,10,64,0.2048611111111111,0.7651293278548861,0.469431992591855,1.5584877830552788,-0.9440643860927083,0.15070593089231574,0,0
bci2a,shuffled,tsception,spatial_block_2,42,10,64,0.2048611111111111,0.7193492834941397,0.4846884581115879,1.4379400324629796,-0.8785649689226369,0.15997421995379638,0,0
bci2a,shuffled,tsception,batch_temporal_lay,42,10,64,0.2048611111111111,0.48265071459189846,0.28591352986495455,1.094021950611943,-0.723477057685987,0.11210582166594114,0,0
bci2a,shuffled,tsception,batch_spatial_lay,42,10,64,0.2048611111111111,0.5841777411950382,0.5174114565942446,1.7367886886364259,-1.4457201710721,0.29310922363071135,0,0
bci2a,shuffled,tsception,dense_layer,42,10,64,0.2048611111111111,0.6233696395760608,0.7107592783928571,2.61333746245207,-2.654971657977014,0.6650038351010054,0,0
bci2a,shuffled,tsception,logits,42,10,64,0.2048611111111111,0.7181921049116722,0.6983836776957542,3.2072133817496744,-3.45452268761885,0.913946528447064,0,0
bci2a,shuffled,tsception,temporal_blocks.0,42,20,64,0.22569444444444445,0.3124433987052355,0.32225269607932655,0.0001282474618309359,-0.011445536233191902,0.32376068747659653,0,0
bci2a,shuffled,tsception,temporal_blocks.2,42,20,64,0.22569444444444445,0.39406812385287826,0.27923694852825137,0.08717737794980285,0.134664148541275,0.17222659736179996,0,0
bci2a,shuffled,tsception,spatial_block_1,42,20,64,0.22569444444444445,0.6928129736264267,0.31073485621220553,1.4165402435199845,-0.8513673890692096,0.12764011917565282,0,0
bci2a,shuffled,tsception,spatial_block_2,42,20,64,0.22569444444444445,0.6863078822401533,0.46881900124983156,1.4409590233907563,-0.928103361528772,0.17345222037816893,0,0
bci2a,shuffled,tsception,batch_temporal_lay,42,20,64,0.22569444444444445,0.4462632668184786,0.2765960070073779,1.0637699393699744,-0.7373641989793422,0.11985752642784611,0,0
bci2a,shuffled,tsception,batch_spatial_lay,42,20,64,0.22569444444444445,0.47245477671522695,0.44909376527746103,1.5657866290439384,-1.3946714657306045,0.3013396134018918,0,0
bci2a,shuffled,tsception,dense_layer,42,20,64,0.22569444444444445,0.561877666832526,0.6921144220798003,3.049815406419393,-3.4521538412500044,0.964216101663137,0,0
bci2a,shuffled,tsception,logits,42,20,64,0.22569444444444445,0.6169342926695393,0.7354530705078007,4.266546334547859,-5.412493927422398,1.7039471830411004,0,0
bci2a,shuffled,tsception,temporal_blocks.0,42,30,64,0.1875,0.3090834452132263,0.3155027312505295,0.0007553238296385884,0.005208103330956138,0.30312001805263156,0,0
bci2a,shuffled,tsception,temporal_blocks.2,42,30,64,0.1875,0.3896648298462142,0.2749700832566718,0.08860409742304028,0.13141243956568632,0.16964829285748728,0,0
bci2a,shuffled,tsception,spatial_block_1,42,30,64,0.1875,0.7173755808542952,0.49780068981067455,1.6958035490563588,-1.1937065074252515,0.215278539223188,0,0
bci2a,shuffled,tsception,spatial_block_2,42,30,64,0.1875,0.6811877631037355,0.5218465440868674,1.5529439294805223,-1.0840767026652514,0.21232053628846437,0,0
bci2a,shuffled,tsception,batch_temporal_lay,42,30,64,0.1875,0.42958885671105496,0.27784486606366116,1.0474054407695705,-0.741204492320787,0.12330708160670717,0,0
bci2a,shuffled,tsception,batch_spatial_lay,42,30,64,0.1875,0.5330107057597672,0.5491086017556175,1.9009314273945317,-1.7580165974184738,0.3900958757837063,0,0
bci2a,shuffled,tsception,dense_layer,42,30,64,0.1875,0.5821540660522414,0.7027334320997922,3.245450645210857,-3.689380199289779,1.026083620131163,0,0
bci2a,shuffled,tsception,logits,42,30,64,0.1875,0.6833239157001709,0.766742268022959,5.147146211147488,-6.564392933247037,2.0616900123107333,0,0
bci2a,shuffled,tsception,temporal_blocks.0,43,0,64,0.25,0.5073780038207549,0.2300506813089989,0.18502790510711134,0.21283500871971855,0.10951508999392476,0,0
bci2a,shuffled,tsception,temporal_blocks.2,43,0,64,0.25,0.5607598518326442,0.17735327164039094,0.33431564928608326,0.16359376666502165,0.06285043588153907,0,0
bci2a,shuffled,tsception,spatial_block_1,43,0,64,0.25,0.5783666689802535,0.3644707646143801,0.2617928035265714,0.1425036453920045,0.1740702200616777,0,0
bci2a,shuffled,tsception,spatial_block_2,43,0,64,0.25,0.838060399573106,0.3695467113608657,0.5176198125616547,0.2483701351374397,0.07207045187401104,0,0
bci2a,shuffled,tsception,batch_temporal_lay,43,0,64,0.25,0.4133850327953118,0.23039782963770306,0.21399471248236293,0.07839542519069732,0.12099489512225119,0,0
bci2a,shuffled,tsception,batch_spatial_lay,43,0,64,0.25,0.7664932640580706,0.3675896001338926,0.4711228854322592,0.19833744715766544,0.09703293146814543,0,0
bci2a,shuffled,tsception,dense_layer,43,0,64,0.25,0.8288967967751562,0.4205327550749185,0.4824873852101731,0.2498943237907374,0.09651508777424561,0,0
bci2a,shuffled,tsception,logits,43,0,64,0.25,0.9775645982124604,0.453658477696659,0.9768960990457112,-0.007272994007740458,0.007941493174489521,0,0
bci2a,shuffled,tsception,temporal_blocks.0,43,1,64,0.2743055555555556,0.4951168473154424,0.2685738804772464,0.16445324936210648,0.19520455996889524,0.13545903798444026,0,0
bci2a,shuffled,tsception,temporal_blocks.2,43,1,64,0.2743055555555556,0.5634432305922165,0.17188333694709104,0.3363513930214027,0.1654302281785648,0.061661609392248684,0,0
bci2a,shuffled,tsception,spatial_block_1,43,1,64,0.2743055555555556,0.4579242504280603,0.17469672226798144,0.5096838025754321,-0.1253907971610534,0.07363124501368201,0,0
bci2a,shuffled,tsception,spatial_block_2,43,1,64,0.2743055555555556,0.7840327592529375,0.3862676859259007,1.2964277514509568,-0.5908390947887359,0.07844410259071628,0,0
bci2a,shuffled,tsception,batch_temporal_lay,43,1,64,0.2743055555555556,0.526923778887195,0.2281657516731291,0.9853646904295299,-0.5341765248772432,0.07573561333490773,0,0
bci2a,shuffled,tsception,batch_spatial_lay,43,1,64,0.2743055555555556,0.6593513819055439,0.4072101977087371,1.349545111217313,-0.8262992794036115,0.13610555009183978,0,0
bci2a,shuffled,tsception,dense_layer,43,1,64,0.2743055555555556,0.8595023073919985,0.3010707585487266,1.1048195150598352,-0.26691586097749853,0.02159865330966182,0,0
bci2a,shuffled,tsception,logits,43,1,64,0.2743055555555556,0.8136579644325326,0.4683400963583091,1.0074090982298156,-0.2097973460295805,0.015797565557498176,0,0
bci2a,shuffled,tsception,temporal_blocks.0,43,2,64,0.2708333333333333,0.49772731507897683,0.23280198611964567,0.16315814149087637,0.21945216871422388,0.1151170048738762,0,0
bci2a,shuffled,tsception,temporal_blocks.2,43,2,64,0.2708333333333333,0.5504795856735794,0.192182886845852,0.3097036170517259,0.17111366948130288,0.06966229914055001,0,0
bci2a,shuffled,tsception,spatial_block_1,43,2,64,0.2708333333333333,0.48005385599028344,0.1235078964071419,0.5792646696386184,-0.14930982970511303,0.05009901605677777,0,0
bci2a,shuffled,tsception,spatial_block_2,43,2,64,0.2708333333333333,0.7906577999150148,0.4860930510790792,1.4619551459631233,-0.783339027737324,0.11204168168921486,0,0
bci2a,shuffled,tsception,batch_temporal_lay,43,2,64,0.2708333333333333,0.5087811251046142,0.22997844376278467,0.997443063114166,-0.5681897387186878,0.07952780070913501,0,0
bci2a,shuffled,tsception,batch_spatial_lay,43,2,64,0.2708333333333333,0.6554391245051813,0.4682895050482216,1.514221411962442,-1.037118922644927,0.17833663518766557,0,0
bci2a,shuffled,tsception,dense_layer,43,2,64,0.2708333333333333,0.6464783724910637,0.3997544987388341,1.4102402672182786,-0.9339290176691902,0.17016712294197556,0,0
bci2a,shuffled,tsception,logits,43,2,64,0.2708333333333333,0.5610799350206448,0.5851399133821489,1.778855455075532,-1.8871688912433622,0.520306721836487,0,0
bci2a,shuffled,tsception,temporal_blocks.0,43,5,64,0.23958333333333334,0.4220993832168066,0.286504647887014,0.05665952901623335,0.17779710235174406,0.18764275184882878,0,0
bci2a,shuffled,tsception,temporal_blocks.2,43,5,64,0.23958333333333334,0.5199494990723813,0.19576127005342125,0.2672505981641509,0.17371883233705626,0.0789800685711736,0,0
bci2a,shuffled,tsception,spatial_block_1,43,5,64,0.23958333333333334,0.30638588929508337,0.1715808361688646,0.1239496037120519,0.071052512568783,0.11138377301424843,0,0
bci2a,shuffled,tsception,spatial_block_2,43,5,64,0.23958333333333334,0.7989244713747177,0.5600853555204313,1.6376859284080674,-0.989285603444024,0.15052414641067535,0,0
bci2a,shuffled,tsception,batch_temporal_lay,43,5,64,0.23958333333333334,0.4712014871232057,0.24942832270116144,1.010739604497793,-0.6318359563607351,0.09229783898614652,0,0
bci2a,shuffled,tsception,batch_spatial_lay,43,5,64,0.23958333333333334,0.6144366106748869,0.504337017509299,1.6459669854649626,-1.2599529980835866,0.2284226232935114,0,0
bci2a,shuffled,tsception,dense_layer,43,5,64,0.23958333333333334,0.6022092248542177,0.5820180623429393,2.145517363205943,-2.008469360366116,0.4651612220143906,0,0
bci2a,shuffled,tsception,logits,43,5,64,0.23958333333333334,0.5743386708467281,0.6311642294648834,2.2110409141820675,-2.376313815197989,0.6124175501385517,0,0
bci2a,shuffled,tsception,temporal_blocks.0,43,10,64,0.25,0.3735132539161339,0.33358881889584013,0.014595079166486027,0.08737083050365793,0.2715473442459897,0,0
bci2a,shuffled,tsception,temporal_blocks.2,43,10,64,0.25,0.49373910734954385,0.22268247370144156,0.22001856990652474,0.17669521358683532,0.0970253238561833,0,0
bci2a,shuffled,tsception,spatial_block_1,43,10,64,0.25,0.4559695327519966,0.1291034913918011,0.5185272371679104,-0.12370300041631985,0.0611452960004058,0,0
bci2a,shuffled,tsception,spatial_block_2,43,10,64,0.25,0.7553014032043974,0.5702925062838711,1.737946616964908,-1.1899802933096402,0.20733507954912897,0,0
bci2a,shuffled,tsception,batch_temporal_lay,43,10,64,0.25,0.4473120968183759,0.2664398839427822,1.0010322845188104,-0.6576207354983754,0.1039005477979398,0,0
bci2a,shuffled,tsception,batch_spatial_lay,43,10,64,0.25,0.520467397690406,0.4767103449621295,1.5963250993132991,-1.3555018522804372,0.27964415065754145,0,0
bci2a,shuffled,tsception,dense_layer,43,10,64,0.25,0.4757289115784661,0.5952704468700223,2.214891245030053,-2.350970595522676,0.6116935332666792,0,0
bci2a,shuffled,tsception,logits,43,10,64,0.25,0.51668592767601,0.5263150993685235,1.395673824072306,-1.5717042312918363,0.47112544957958014,0,0
bci2a,shuffled,tsception,temporal_blocks.0,43,20,64,0.23958333333333334,0.3253030937482369,0.3153661571757086,0.0023668595105950717,0.03482404594893407,0.2881121882887076,0,0
bci2a,shuffled,tsception,temporal_blocks.2,43,20,64,0.23958333333333334,0.4646865675806142,0.21537213527725013,0.17398069149883671,0.1867661559584805,0.10393972012329683,0,0
bci2a,shuffled,tsception,spatial_block_1,43,20,64,0.23958333333333334,0.3646007762462036,0.2075211619784454,0.5422051344992984,-0.3089566841925714,0.13135232593947638,0,0
bci2a,shuffled,tsception,spatial_block_2,43,20,64,0.23958333333333334,0.7471605882109489,0.5257618520964077,1.736923067612367,-1.196356316252212,0.20659383685079513,0,0
bci2a,shuffled,tsception,batch_temporal_lay,43,20,64,0.23958333333333334,0.4331183389251322,0.25727924042925754,0.9787886591556705,-0.6510104965434734,0.10534017631293366,0,0
bci2a,shuffled,tsception,batch_spatial_lay,43,20,64,0.23958333333333334,0.504256431375085,0.44585889443254145,1.581590488536985,-1.357515466075184,0.28018140891328663,0,0
bci2a,shuffled,tsception,dense_layer,43,20,64,0.23958333333333334,0.4915914579988297,0.5528428006836018,2.612514884870054,-2.911913515700388,0.7909831102838245,0,0
bci2a,shuffled,tsception,logits,43,20,64,0.23958333333333334,0.46443580335489176,0.5047563356075553,1.4344732438491352,-1.7958452948973735,0.5631800770870532,0,0
bci2a,shuffled,tsception,temporal_blocks.0,43,30,64,0.2847222222222222,0.30326149147461645,0.315349870184207,0.00012095439908211792,-0.014188945280459074,0.31732948235599334,0,0
bci2a,shuffled,tsception,temporal_blocks.2,43,30,64,0.2847222222222222,0.45390264931695057,0.22135655543653393,0.16129580921612352,0.18128935952132325,0.11131748057950344,0,0
bci2a,shuffled,tsception,spatial_block_1,43,30,64,0.2847222222222222,0.42384583153172917,0.2211264685030504,0.6855883550503162,-0.3917921115999754,0.13004958808138803,0,0
bci2a,shuffled,tsception,spatial_block_2,43,30,64,0.2847222222222222,0.7433043324719902,0.6069588319363525,1.8998826555517658,-1.4269656960952166,0.27038737301544186,0,0
bci2a,shuffled,tsception,batch_temporal_lay,43,30,64,0.2847222222222222,0.424734759430213,0.255619549873555,0.9616270561818988,-0.6458834030757123,0.10899110632402559,0,0
bci2a,shuffled,tsception,batch_spatial_lay,43,30,64,0.2847222222222222,0.5359385307375152,0.5238610834877409,1.7952559421946117,-1.6121556165223667,0.35283820506526914,0,0
bci2a,shuffled,tsception,dense_layer,43,30,64,0.2847222222222222,0.45914713892693426,0.588188772998297,3.5225588521115014,-4.394254632681224,1.330714532328579,0,0
bci2a,shuffled,tsception,logits,43,30,64,0.2847222222222222,0.49149152202534735,0.5100769708964088,2.160086421488071,-3.056998249643681,1.0068369816497165,0,0
bci2a,shuffled,tsception,temporal_blocks.0,44,0,64,0.25,0.447147769596851,0.3125289341849139,0.11370004932081595,0.15118086740237305,0.1822668528736619,0,0
bci2a,shuffled,tsception,temporal_blocks.2,44,0,64,0.25,0.5162861862992307,0.1743343973673949,0.2562177563543057,0.18008275700300874,0.07998567294191605,0,0
bci2a,shuffled,tsception,spatial_block_1,44,0,64,0.25,0.5327990730933423,0.2515331130647377,0.2776314306018751,0.1163301953621777,0.13883744712928922,0,0
bci2a,shuffled,tsception,spatial_block_2,44,0,64,0.25,0.6818453348569686,0.33729798627687113,0.3416725676416055,0.2378880384303737,0.10228472878498934,0,0
bci2a,shuffled,tsception,batch_temporal_lay,44,0,64,0.25,0.3857441821697811,0.2168091244636229,0.23117071233132253,0.04032277663824381,0.11425069320021422,0,0
bci2a,shuffled,tsception,batch_spatial_lay,44,0,64,0.25,0.44952183064505,0.31395076450409154,0.40861096129818597,-0.10921534946521817,0.15012621881208227,0,0
bci2a,shuffled,tsception,dense_layer,44,0,64,0.25,0.6406010325133425,0.3037682849712269,0.5117551221624448,0.022535505646901995,0.1063104047039958,0,0
bci2a,shuffled,tsception,logits,44,0,64,0.25,0.9754722812696952,0.44726698196572917,1.0425941250125437,-0.07209607316200192,0.004974229419153623,0,0
bci2a,shuffled,tsception,temporal_blocks.0,44,1,64,0.2048611111111111,0.4341302942487788,0.3053811536808049,0.10547521366016915,0.1453454245546662,0.18330965603394325,0,0
bci2a,shuffled,tsception,temporal_blocks.2,44,1,64,0.2048611111111111,0.48702422401661183,0.1748513580981893,0.23001808367995744,0.17223404046367075,0.08477209987298337,0,0
bci2a,shuffled,tsception,spatial_block_1,44,1,64,0.2048611111111111,0.7963967949096482,0.506639670024752,1.3936148465206575,-0.7048313383679893,0.10761328675697986,0,0
bci2a,shuffled,tsception,spatial_block_2,44,1,64,0.2048611111111111,0.6167270945176523,0.17489636807597775,0.8254067487584108,-0.26124575899872765,0.052566104757968704,0,0
bci2a,shuffled,tsception,batch_temporal_lay,44,1,64,0.2048611111111111,0.5455048181781802,0.21792755027845742,1.0104451106642558,-0.5355715201841913,0.07063122769811515,0,0
bci2a,shuffled,tsception,batch_spatial_lay,44,1,64,0.2048611111111111,0.6856799604810567,0.43987013985885537,1.3787805105490376,-0.8271875758410772,0.13408702577309622,0,0
bci2a,shuffled,tsception,dense_layer,44,1,64,0.2048611111111111,0.5408582598548418,0.5397510574867717,1.924173107521963,-1.9065967399103843,0.5228367307949896,0,0
bci2a,shuffled,tsception,logits,44,1,64,0.2048611111111111,0.4965381408568579,0.7186246835373584,2.516865959753966,-3.443288184780388,1.2324426519760854,0,0
bci2a,shuffled,tsception,temporal_blocks.0,44,2,64,0.1840277777777778,0.4302108049033953,0.31233147455088095,0.08334666465658042,0.1542840189364328,0.19258012131038205,0,0
bci2a,shuffled,tsception,temporal_blocks.2,44,2,64,0.1840277777777778,0.4837983847665854,0.19295272394101773,0.222942012205883,0.16729167465103262,0.09356469790966943,0,0
bci2a,shuffled,tsception,spatial_block_1,44,2,64,0.1840277777777778,0.6736627335030487,0.29537338155537674,1.0095131881834178,-0.41257538281696604,0.07672492813659648,0,0
bci2a,shuffled,tsception,spatial_block_2,44,2,64,0.1840277777777778,0.7106359660519959,0.3263355267808667,1.1774560035561552,-0.547213323856981,0.08039328635281995,0,0
bci2a,shuffled,tsception,batch_temporal_lay,44,2,64,0.1840277777777778,0.5143232873452528,0.23353823376443839,1.0159749143021601,-0.5808182021994897,0.07916657524258096,0,0
bci2a,shuffled,tsception,batch_spatial_lay,44,2,64,0.1840277777777778,0.5434056573564627,0.37506960110256227,1.2743909070624702,-0.8891115733493353,0.15812632364332685,0,0
bci2a,shuffled,tsception,dense_layer,44,2,64,0.1840277777777778,0.532123923255818,0.5119145957470326,1.6356200402385257,-1.4703352941994285,0.3668391772167206,0,0
bci2a,shuffled,tsception,logits,44,2,64,0.1840277777777778,0.6595420979670621,0.7094234006539938,2.9999035645262584,-3.3272384168304665,0.9276776224884389,0,0
bci2a,shuffled,tsception,temporal_blocks.0,44,5,64,0.1597222222222222,0.3901959626210084,0.32667830613073784,0.034973499652944114,0.11419143421773892,0.24103102875032525,0,0
bci2a,shuffled,tsception,temporal_blocks.2,44,5,64,0.1597222222222222,0.44541388187453695,0.23092816384352596,0.1704220550853789,0.1530063980453703,0.12198542874378751,0,0
bci2a,shuffled,tsception,spatial_block_1,44,5,64,0.1597222222222222,0.6919163400677774,0.302229668272134,1.145834311107905,-0.5411029170553958,0.08718494601526817,0,0
bci2a,shuffled,tsception,spatial_block_2,44,5,64,0.1597222222222222,0.7046036052984814,0.36925907824261095,1.2660130674517176,-0.6657174599331684,0.10430799777993136,0,0
bci2a,shuffled,tsception,batch_temporal_lay,44,5,64,0.1597222222222222,0.47404040499493505,0.2538211087160862,1.0178467741563493,-0.6354503803186475,0.09164401115723196,0,0
bci2a,shuffled,tsception,batch_spatial_lay,44,5,64,0.1597222222222222,0.5147789929932232,0.42792980493105826,1.4531165608921353,-1.1643124752965615,0.22597490739764703,0,0
bci2a,shuffled,tsception,dense_layer,44,5,64,0.1597222222222222,0.5443484977107222,0.587615076319261,1.96800928878488,-1.8663033314720447,0.44264254039788725,0,0
bci2a,shuffled,tsception,logits,44,5,64,0.1597222222222222,0.6308387223175795,0.7932785004538299,3.550270055179581,-4.286897537786961,1.2859603635452808,0,0
bci2a,shuffled,tsception,temporal_blocks.0,44,10,64,0.19791666666666666,0.3697852251393573,0.3178590609699599,0.020745263904393834,0.10461158457436937,0.24442837666059392,0,0
bci2a,shuffled,tsception,temporal_blocks.2,44,10,64,0.19791666666666666,0.40356087306165567,0.2553280105340964,0.12346677158670968,0.1336451504778878,0.14644895099705796,0,0
bci2a,shuffled,tsception,spatial_block_1,44,10,64,0.19791666666666666,0.6278081671890975,0.3180860380037277,1.140269495992643,-0.6307870823444768,0.11832575354093111,0,0
bci2a,shuffled,tsception,spatial_block_2,44,10,64,0.19791666666666666,0.700462487398507,0.37721466193967557,1.3308619470879293,-0.7519892622148349,0.12158980252541249,0,0
bci2a,shuffled,tsception,batch_temporal_lay,44,10,64,0.19791666666666666,0.4579167016517862,0.2601450310088871,1.0240273872189576,-0.6640627958336986,0.09795211026652628,0,0
bci2a,shuffled,tsception,batch_spatial_lay,44,10,64,0.19791666666666666,0.5067376272751329,0.44752009213826976,1.5631490058322344,-1.3241458650890952,0.26773448653199267,0,0
bci2a,shuffled,tsception,dense_layer,44,10,64,0.19791666666666666,0.49448874481232186,0.4983985337547524,1.6282177583239503,-1.4834345841726184,0.34970557066098995,0,0
bci2a,shuffled,tsception,logits,44,10,64,0.19791666666666666,0.6025113662437906,0.7542234983228757,3.0548801456798436,-3.709358167405392,1.1799452310996856,0,0
bci2a,shuffled,tsception,temporal_blocks.0,44,20,64,0.1840277777777778,0.3308037359082965,0.3253185186632299,0.0031924623138114222,0.02305097340425496,0.30456030019023,0,0
bci2a,shuffled,tsception,temporal_blocks.2,44,20,64,0.1840277777777778,0.38237083760115814,0.26834788271249355,0.09030229264713384,0.12464065585517389,0.16742788909885,0,0
bci2a,shuffled,tsception,spatial_block_1,44,20,64,0.1840277777777778,0.650283592155799,0.4686701498896868,1.5193299502047186,-1.0721270439907484,0.20308068594182732,0,0
bci2a,shuffled,tsception,spatial_block_2,44,20,64,0.1840277777777778,0.6659343865405561,0.4404055627897012,1.4087471370726,-0.9087527288399784,0.16593997830793325,0,0
bci2a,shuffled,tsception,batch_temporal_lay,44,20,64,0.1840277777777778,0.4251829968967209,0.2678699577512156,1.0041681815872208,-0.6868383175328938,0.1078531328423934,0,0
bci2a,shuffled,tsception,batch_spatial_lay,44,20,64,0.1840277777777778,0.5258214551693599,0.5557411276659365,1.8782082277038228,-1.7383447594454888,0.38595798691102223,0,0
bci2a,shuffled,tsception,dense_layer,44,20,64,0.1840277777777778,0.5316729950711555,0.6766220405007444,2.5719475417218964,-2.7745813517829534,0.7343068051322126,0,0
bci2a,shuffled,tsception,logits,44,20,64,0.1840277777777778,0.6764319392358922,0.7709355909800844,3.9343356868657113,-4.646622637589758,1.3671926161846786,0,0
bci2a,shuffled,tsception,temporal_blocks.0,44,30,64,0.19444444444444445,0.31755267232992324,0.3236001344950393,0.000362427331578891,-0.0005955364657284912,0.3177857814640727,0,0
bci2a,shuffled,tsception,temporal_blocks.2,44,30,64,0.19444444444444445,0.36661023259753867,0.27625948889018437,0.07442036329863072,0.11430968560961043,0.17788018368929737,0,0
bci2a,shuffled,tsception,spatial_block_1,44,30,64,0.19444444444444445,0.6106610354044751,0.46894557895724087,1.501529350627526,-1.1133487836673353,0.22248046844428312,0,0
bci2a,shuffled,tsception,spatial_block_2,44,30,64,0.19444444444444445,0.6651027172918735,0.36271506692361466,1.3365772673275549,-0.8080561700270896,0.136581619991407,0,0
bci2a,shuffled,tsception,batch_temporal_lay,44,30,64,0.19444444444444445,0.4045001932892441,0.2718709245088363,0.9869087210644008,-0.6956892147792335,0.11328068700407556,0,0
bci2a,shuffled,tsception,batch_spatial_lay,44,30,64,0.19444444444444445,0.49191744921631764,0.5514638738492927,1.866925232504234,-1.790706852162311,0.4156990688743961,0,0
bci2a,shuffled,tsception,dense_layer,44,30,64,0.19444444444444445,0.46547354142637387,0.7902720335076024,3.804340133936188,-4.89046581322232,1.5515992207125076,0,0
bci2a,shuffled,tsception,logits,44,30,64,0.19444444444444445,0.5663373214587267,0.8088415694396427,4.373241225953844,-5.881939203353308,1.9991720589788966,0,0
bci2a,shuffled,tsception,temporal_blocks.0,45,0,64,0.2326388888888889,0.46235580152943434,0.26878659936963206,0.1322684432568948,0.17938608724790495,0.15070127102463418,0,0
bci2a,shuffled,tsception,temporal_blocks.2,45,0,64,0.2326388888888889,0.4319861805758663,0.15372568107635998,0.1987103449940256,0.154348852333315,0.07892698324852515,0,0
bci2a,shuffled,tsception,spatial_block_1,45,0,64,0.2326388888888889,0.6734967203342663,0.2805513991864226,0.28374019223219427,0.28314151290619105,0.1066150151958814,0,0
bci2a,shuffled,tsception,spatial_block_2,45,0,64,0.2326388888888889,0.6918085086588728,0.12168169822028473,0.5752045527236127,0.08221270996966162,0.03439124596559802,0,0
bci2a,shuffled,tsception,batch_temporal_lay,45,0,64,0.2326388888888889,0.3711554184483314,0.20597849754894593,0.19893428254434722,0.05609574107452586,0.11612539482945794,0,0
bci2a,shuffled,tsception,batch_spatial_lay,45,0,64,0.2326388888888889,0.5194433902069064,0.22641273768482278,0.3168037853319484,0.08884819250025093,0.1137914123747076,0,0
bci2a,shuffled,tsception,dense_layer,45,0,64,0.2326388888888889,0.6642468125055261,0.25553059231543007,0.49378402792168735,0.06648616085557942,0.1039766237282593,0,0
bci2a,shuffled,tsception,logits,45,0,64,0.2326388888888889,0.9824227513240015,0.5370487335781096,1.1032269924454,-0.1334318602173068,0.012627619095908534,0,0
bci2a,shuffled,tsception,temporal_blocks.0,45,1,64,0.25,0.4713470715360816,0.2734613348202751,0.12911314927800258,0.18925978070791552,0.15297414155016312,0,0
bci2a,shuffled,tsception,temporal_blocks.2,45,1,64,0.25,0.40505029588105723,0.15778449099208408,0.17806848027307043,0.13922549791576797,0.08775631769221875,0,0
bci2a,shuffled,tsception,spatial_block_1,45,1,64,0.25,0.5102735619737993,0.12876951345649157,0.5585261985158505,-0.11350279927026503,0.06525016272821381,0,0
bci2a,shuffled,tsception,spatial_block_2,45,1,64,0.25,0.7625974234829718,0.3807199567996262,1.3681134776259025,-0.7048101130001679,0.09929405885723694,0,0
bci2a,shuffled,tsception,batch_temporal_lay,45,1,64,0.25,0.5470117192994058,0.24138921589641457,1.06638139297489,-0.6045249320765941,0.08515525840110907,0,0
bci2a,shuffled,tsception,batch_spatial_lay,45,1,64,0.25,0.4889951086154245,0.3179331831573183,1.08030684320799,-0.7431090401107927,0.15179730551822496,0,0
bci2a,shuffled,tsception,dense_layer,45,1,64,0.25,0.48267527477882893,0.47655453965786776,1.2944508079953636,-1.1695037481276354,0.35763521879509025,0,0
bci2a,shuffled,tsception,logits,45,1,64,0.25,0.5651967659339957,0.5054906166735921,1.4064137142911495,-1.391258527129015,0.4232504066079924,0,0
bci2a,shuffled,tsception,temporal_blocks.0,45,2,64,0.22916666666666666,0.45309367520944455,0.2996792677138637,0.10788354704876828,0.1674996312340476,0.17771049692662827,0,0
bci2a,shuffled,tsception,temporal_blocks.2,45,2,64,0.22916666666666666,0.3800637768919981,0.18418380488868524,0.1481317687269595,0.1272233199889159,0.10470868817612247,0,0
bci2a,shuffled,tsception,spatial_block_1,45,2,64,0.22916666666666666,0.38798411781327763,0.09759989037661199,0.3225162545118512,0.01008105095127754,0.05538681235014877,0,0
bci2a,shuffled,tsception,spatial_block_2,45,2,64,0.22916666666666666,0.8166149050102771,0.46341210750959383,1.4839817822253405,-0.7659159957643713,0.0985491185493072,0,0
bci2a,shuffled,tsception,batch_temporal_lay,45,2,64,0.22916666666666666,0.5326555369586642,0.25421310596933155,1.0837488671860527,-0.6407857053213954,0.089692375094006,0,0
bci2a,shuffled,tsception,batch_spatial_lay,45,2,64,0.22916666666666666,0.5171945032904802,0.397603141437479,1.3219212991108604,-0.995589341605062,0.19086254578468148,0,0
bci2a,shuffled,tsception,dense_layer,45,2,64,0.22916666666666666,0.6623649041044432,0.8815105230809458,4.1422489345933595,-4.932455931123031,1.452571900634115,0,0
bci2a,shuffled,tsception,logits,45,2,64,0.22916666666666666,0.6434442358472523,0.8700735835146185,4.563350711266157,-5.7129845852784396,1.716874482201435,0,0
bci2a,shuffled,tsception,temporal_blocks.0,45,5,64,0.23958333333333334,0.41109991059673145,0.2974178323668883,0.07528232934527868,0.1423947094163664,0.19342287183508597,0,0
bci2a,shuffled,tsception,temporal_blocks.2,45,5,64,0.23958333333333334,0.3564789648423953,0.1950582301349398,0.11569581574955201,0.12615013809788672,0.11463301099495624,0,0
bci2a,shuffled,tsception,spatial_block_1,45,5,64,0.23958333333333334,0.5998756373316828,0.3035537726745233,1.0570985683708787,-0.5651857430313652,0.1079628119921693,0,0
bci2a,shuffled,tsception,spatial_block_2,45,5,64,0.23958333333333334,0.7773283198323578,0.3935227283689461,1.4442585843031819,-0.7718599621012923,0.10492969763046811,0,0
bci2a,shuffled,tsception,batch_temporal_lay,45,5,64,0.23958333333333334,0.5154799468390197,0.2573525165730846,1.085328725692846,-0.6645016496987285,0.09465287084490122,0,0
bci2a,shuffled,tsception,batch_spatial_lay,45,5,64,0.23958333333333334,0.45065337083171897,0.39855461676134296,1.424866242494541,-1.2303843309112146,0.25617145924839313,0,0
bci2a,shuffled,tsception,dense_layer,45,5,64,0.23958333333333334,0.615477747789013,0.8050419193009479,3.8999099672961375,-4.605713129189073,1.3212809096819482,0,0
bci2a,shuffled,tsception,logits,45,5,64,0.23958333333333334,0.5106896080268077,0.745829240878547,4.110161097897487,-5.544247648672798,1.8208610418401447,0,0
bci2a,shuffled,tsception,temporal_blocks.0,45,10,64,0.2534722222222222,0.3620692008200242,0.31016991171669817,0.030353162073674958,0.09809906146743726,0.23361697727891173,0,0
bci2a,shuffled,tsception,temporal_blocks.2,45,10,64,0.2534722222222222,0.3295946104813997,0.23311195612160268,0.08288034336174889,0.10514372066343833,0.14157054645621245,0,0
bci2a,shuffled,tsception,spatial_block_1,45,10,64,0.2534722222222222,0.5322477328076102,0.12322651913391507,0.8057888055882757,-0.3218120192385646,0.0482709464578997,0,0
bci2a,shuffled,tsception,spatial_block_2,45,10,64,0.2534722222222222,0.7576464236986344,0.40022803251649297,1.5295181877621784,-0.9023525042849257,0.13048074022138245,0,0
bci2a,shuffled,tsception,batch_temporal_lay,45,10,64,0.2534722222222222,0.4927303318530609,0.25633554163693,1.0755702202072643,-0.684710202880023,0.10187031452581874,0,0
bci2a,shuffled,tsception,batch_spatial_lay,45,10,64,0.2534722222222222,0.4418594020260366,0.3405028280928467,1.3573802043012293,-1.1541515712750923,0.2386307689998982,0,0
bci2a,shuffled,tsception,dense_layer,45,10,64,0.2534722222222222,0.539710067236636,0.6875585127475243,3.8316605353687128,-4.678094975542949,1.386144507410873,0,0
bci2a,shuffled,tsception,logits,45,10,64,0.2534722222222222,0.5610316854614433,0.8048931044119878,6.816139959157601,-9.914976675091793,3.5271906709252137,0,0
bci2a,shuffled,tsception,temporal_blocks.0,45,20,64,0.2465277777777778,0.323660093150838,0.2956076733180314,0.018878801430316686,0.06624030208122815,0.23854098963929293,0,0
bci2a,shuffled,tsception,temporal_blocks.2,45,20,64,0.2465277777777778,0.2787818914876925,0.21241816460691104,0.06477310110473417,0.06863497101169817,0.14537381937126,0,0
bci2a,shuffled,tsception,spatial_block_1,45,20,64,0.2465277777777778,0.49525065838381116,0.14567564585659493,0.8450547207764273,-0.4232746356345638,0.07347057324194776,0,0
bci2a,shuffled,tsception,spatial_block_2,45,20,64,0.2465277777777778,0.7128338695054125,0.2914798374924208,1.3890475164494678,-0.7791254560496578,0.1029118091056018,0,0
bci2a,shuffled,tsception,batch_temporal_lay,45,20,64,0.2465277777777778,0.48669023372476583,0.24383873256380761,1.0668802916602638,-0.6815903193779241,0.10140026144242485,0,0
bci2a,shuffled,tsception,batch_spatial_lay,45,20,64,0.2465277777777778,0.3586937754485883,0.25847170076847537,1.1200612278400217,-0.9671447637850115,0.20576611636903966,0,0
bci2a,shuffled,tsception,dense_layer,45,20,64,0.2465277777777778,0.45318575039860853,0.44655548539509904,2.9715379443086545,-3.5423502615324356,1.0239980676223892,0,0
bci2a,shuffled,tsception,logits,45,20,64,0.2465277777777778,0.44873096291989045,0.5311158550498674,2.900362696085166,-3.7521616466612686,1.192309208643608,0,0
bci2a,shuffled,tsception,temporal_blocks.0,45,30,64,0.2638888888888889,0.29654825161603005,0.27663233014276667,0.013010011096765521,0.060324933979849026,0.22321330653941543,0,0
bci2a,shuffled,tsception,temporal_blocks.2,45,30,64,0.2638888888888889,0.2897720968629376,0.1950743490795273,0.068628542778825,0.09049864451080303,0.13064490957330938,0,0
bci2a,shuffled,tsception,spatial_block_1,45,30,64,0.2638888888888889,0.5201239362610723,0.2210011848894901,0.9502998898351979,-0.5312398281193347,0.10106387454520971,0,0
bci2a,shuffled,tsception,spatial_block_2,45,30,64,0.2638888888888889,0.7423239419005696,0.39470225341923093,1.5659062893924494,-0.9688079791359101,0.14522563164402963,0,0
bci2a,shuffled,tsception,batch_temporal_lay,45,30,64,0.2638888888888889,0.4700397729666783,0.22810963945798873,1.0356911339517039,-0.6662193721538312,0.1005680111688046,0,0
bci2a,shuffled,tsception,batch_spatial_lay,45,30,64,0.2638888888888889,0.43072191749512195,0.34635298469440523,1.421982207256347,-1.2643917428188467,0.27313145305762243,0,0
bci2a,shuffled,tsception,dense_layer,45,30,64,0.2638888888888889,0.5765688898500582,0.6666600924551679,4.207120972588257,-5.181057726865609,1.5505056441274105,0,0
bci2a,shuffled,tsception,logits,45,30,64,0.2638888888888889,0.5274810560515072,0.6869015481362433,4.701439968786645,-6.316700593217436,2.069632322370583,0,0
bci2a,shuffled,tsception,temporal_blocks.0,46,0,64,0.21875,0.4573510804461854,0.2710153640915519,0.1599289931601024,0.15298532421441835,0.14443676307166436,0,0
bci2a,shuffled,tsception,temporal_blocks.2,46,0,64,0.21875,0.5255513963859955,0.19595465087830077,0.27169818758268754,0.17346644949550213,0.08038675930780556,0,0
bci2a,shuffled,tsception,spatial_block_1,46,0,64,0.21875,0.718326061544448,0.17643788223491902,0.6409057306380266,0.03204967125817929,0.045370659648242696,0,0
bci2a,shuffled,tsception,spatial_block_2,46,0,64,0.21875,0.6485358901941071,0.31965347083560064,0.6883757521581744,-0.14148562037741638,0.10164575841334902,0,0
bci2a,shuffled,tsception,batch_temporal_lay,46,0,64,0.21875,0.33210796951135435,0.24764437198635048,0.19459403948791315,-0.009882000801264324,0.1473959308247052,0,0
bci2a,shuffled,tsception,batch_spatial_lay,46,0,64,0.21875,0.5098360842336211,0.2718938011104863,0.6824195054948365,-0.2939983751614078,0.12141495390019222,0,0
bci2a,shuffled,tsception,dense_layer,46,0,64,0.21875,0.6716646714399384,0.2261910311785726,0.6537118687213844,-0.05749937329611381,0.07545217601466774,0,0
bci2a,shuffled,tsception,logits,46,0,64,0.21875,0.97271422152959,0.4327582457659316,0.9892678820260851,-0.02249367555295667,0.005940015056461559,0,0
bci2a,shuffled,tsception,temporal_blocks.0,46,1,64,0.2708333333333333,0.4592680005655441,0.25959659415867375,0.15431905777234556,0.16639242944046237,0.13855651335273592,0,0
bci2a,shuffled,tsception,temporal_blocks.2,46,1,64,0.2708333333333333,0.5366310271046844,0.21034042675553444,0.2781745238393313,0.17479235980894609,0.08366414345640658,0,0
bci2a,shuffled,tsception,spatial_block_1,46,1,64,0.2708333333333333,0.6150036591418243,0.2366772702549439,0.7668308855001018,-0.21474048352605585,0.0629132571677787,0,0
bci2a,shuffled,tsception,spatial_block_2,46,1,64,0.2708333333333333,0.6261803189254572,0.33564043907962626,0.8047168065213279,-0.2870294826366402,0.10849299504077038,0,0
bci2a,shuffled,tsception,batch_temporal_lay,46,1,64,0.2708333333333333,0.5553669234661935,0.2577895447568448,1.0672483530879069,-0.5978028920715242,0.08592146244980958,0,0
bci2a,shuffled,tsception,batch_spatial_lay,46,1,64,0.2708333333333333,0.6525320511369447,0.3068717679090428,1.0756814721822,-0.5046589463179356,0.08150952527267732,0,0
bci2a,shuffled,tsception,dense_layer,46,1,64,0.2708333333333333,0.8258252134141819,0.443634412101324,1.0192498578851863,-0.26139962696174185,0.06797498249073722,0,0
bci2a,shuffled,tsception,logits,46,1,64,0.2708333333333333,0.8190580716623008,0.5129776061728788,1.3240660469092198,-0.6189403861328597,0.10334861960037678,0,0
bci2a,shuffled,tsception,temporal_blocks.0,46,2,64,0.22916666666666666,0.42982307728797947,0.2721164784971317,0.1147061736987746,0.15980059292490753,0.1553163106642969,0,0
bci2a,shuffled,tsception,temporal_blocks.2,46,2,64,0.22916666666666666,0.5094498772126143,0.19573954039209943,0.24535093991544332,0.179768081087037,0.08433085621013356,0,0
bci2a,shuffled,tsception,spatial_block_1,46,2,64,0.22916666666666666,0.5951851896185038,0.23019954994212538,0.7584278764761554,-0.2267317604639375,0.0634890736062857,0,0
bci2a,shuffled,tsception,spatial_block_2,46,2,64,0.22916666666666666,0.7063001511184206,0.40832914450885616,1.2220259885193783,-0.628067936222475,0.11234209882151669,0,0
bci2a,shuffled,tsception,batch_temporal_lay,46,2,64,0.22916666666666666,0.5290234743669521,0.2514486818701063,1.0631192004964345,-0.621544597648811,0.08744887151932765,0,0
bci2a,shuffled,tsception,batch_spatial_lay,46,2,64,0.22916666666666666,0.6664529170324587,0.4471480308259852,1.3943147442975712,-0.8762586218108822,0.14839679454576782,0,0
bci2a,shuffled,tsception,dense_layer,46,2,64,0.22916666666666666,0.7310034800475581,0.3220708991420689,1.0216295471853318,-0.350549526923322,0.05992345978554824,0,0
bci2a,shuffled,tsception,logits,46,2,64,0.22916666666666666,0.6645426912545889,0.5030874476722333,1.7388115834362607,-1.4898659419847797,0.30215162847495575,0,0
bci2a,shuffled,tsception,temporal_blocks.0,46,5,64,0.2743055555555556,0.3789439317968287,0.29955151979285055,0.06280320073189216,0.11317016062325999,0.20297057044167632,0,0
bci2a,shuffled,tsception,temporal_blocks.2,46,5,64,0.2743055555555556,0.4713217479578839,0.2091911707147,0.18853196086338048,0.17524045347269535,0.10754933362180774,0,0
bci2a,shuffled,tsception,spatial_block_1,46,5,64,0.2743055555555556,0.6744983988206794,0.22656020225836876,0.9685500817682473,-0.3512954414479472,0.05724375850037861,0,0
bci2a,shuffled,tsception,spatial_block_2,46,5,64,0.2743055555555556,0.5984323298115943,0.331163734065253,0.9083994803553952,-0.4396767410515931,0.12970959050779196,0,0
bci2a,shuffled,tsception,batch_temporal_lay,46,5,64,0.2743055555555556,0.4974147204006427,0.2576923721553568,1.0681530909204209,-0.6686206141169883,0.09788224359720908,0,0
bci2a,shuffled,tsception,batch_spatial_lay,46,5,64,0.2743055555555556,0.47520518146798535,0.3189117901325978,1.1970773298265907,-0.8881226380941891,0.16625048973558135,0,0
bci2a,shuffled,tsception,dense_layer,46,5,64,0.2743055555555556,0.4209136007286616,0.2495317525469427,0.7874658796914618,-0.48704315914460794,0.12029855482139833,0,0
bci2a,shuffled,tsception,logits,46,5,64,0.2743055555555556,0.5277429732870286,0.46811080211486367,0.910267026127134,-0.8898002915684271,0.2013954360814778,0,0
bci2a,shuffled,tsception,temporal_blocks.0,46,10,64,0.2777777777777778,0.33136296355663536,0.29643777297834223,0.03463897161264083,0.07151565430912314,0.22520833763487125,0,0
bci2a,shuffled,tsception,temporal_blocks.2,46,10,64,0.2777777777777778,0.4558912143103181,0.20825972454846248,0.1593972200866506,0.17758313995657415,0.11891085426709286,0,0
bci2a,shuffled,tsception,spatial_block_1,46,10,64,0.2777777777777778,0.5910887947115333,0.16564900150683468,0.7811391134663717,-0.2513326304966562,0.06128231174181728,0,0
bci2a,shuffled,tsception,spatial_block_2,46,10,64,0.2777777777777778,0.627451784522264,0.2094846814943312,0.9240743357262533,-0.37299574830877724,0.07637319710478613,0,0
bci2a,shuffled,tsception,batch_temporal_lay,46,10,64,0.2777777777777778,0.48151532450545265,0.2558834876399382,1.0718019560847725,-0.6944444719945371,0.10415784041521592,0,0
bci2a,shuffled,tsception,batch_spatial_lay,46,10,64,0.2777777777777778,0.379114820042885,0.29126742481771156,1.0853312192199325,-0.8887218445970337,0.18249594867227503,0,0
bci2a,shuffled,tsception,dense_layer,46,10,64,0.2777777777777778,0.2581825701793283,0.21547732803868852,0.5243395299285175,-0.4187778800750065,0.15200165086333045,0,0
bci2a,shuffled,tsception,logits,46,10,64,0.2777777777777778,0.45711695799871616,0.476792476359987,0.16479424099779322,-0.3428332120449691,0.10087139754830143,0,0
bci2a,shuffled,tsception,temporal_blocks.0,46,20,64,0.2673611111111111,0.3186780163307289,0.28422108275819,0.027353635984817576,0.07410667036267717,0.21721770998323423,0,0
bci2a,shuffled,tsception,temporal_blocks.2,46,20,64,0.2673611111111111,0.42453151318162535,0.23633460706988568,0.13637511729685348,0.14915863126640244,0.13899776461836927,0,0
bci2a,shuffled,tsception,spatial_block_1,46,20,64,0.2673611111111111,0.49384453079638824,0.1556651128000759,0.42979695954044284,-0.01274113940740315,0.0767887106633485,0,0
bci2a,shuffled,tsception,spatial_block_2,46,20,64,0.2673611111111111,0.5763842468068214,0.3523455790856205,0.9790409760040713,-0.5497373319741365,0.14708060277688645,0,0
bci2a,shuffled,tsception,batch_temporal_lay,46,20,64,0.2673611111111111,0.4758796382707006,0.2561227963080275,1.0561453197013881,-0.6843449394800161,0.10407925804932736,0,0
bci2a,shuffled,tsception,batch_spatial_lay,46,20,64,0.2673611111111111,0.42409278989814475,0.3468211635869741,1.2048949593608527,-0.984280129972612,0.20347796050990083,0,0
bci2a,shuffled,tsception,dense_layer,46,20,64,0.2673611111111111,0.3541550945239813,0.23620817470452765,0.895403876798669,-0.7008619018906008,0.15842046551311167,0,0
bci2a,shuffled,tsception,logits,46,20,64,0.2673611111111111,0.5007041852533729,0.48473258576587197,1.0116579903946343,-1.1103982386652405,0.29627378821125183,0,0
bci2a,shuffled,tsception,temporal_blocks.0,46,30,64,0.28125,0.3010163932246286,0.26893621810771895,0.02185073376460539,0.07048346451303829,0.2086821949469847,0,0
bci2a,shuffled,tsception,temporal_blocks.2,46,30,64,0.28125,0.41496977235056937,0.2435746730028806,0.12751838403395757,0.14263003054821172,0.14482135776839974,0,0
bci2a,shuffled,tsception,spatial_block_1,46,30,64,0.28125,0.5659147988937228,0.21018205598071193,0.8362196023188574,-0.3438547037098871,0.073549900284752,0,0
bci2a,shuffled,tsception,spatial_block_2,46,30,64,0.28125,0.6618401682771577,0.37721179248110925,1.1913013695300396,-0.6637181676834898,0.13425696643060742,0,0
bci2a,shuffled,tsception,batch_temporal_lay,46,30,64,0.28125,0.46341554529143303,0.25223461931470487,1.0382066224620257,-0.6801645170817727,0.10537343991117828,0,0
bci2a,shuffled,tsception,batch_spatial_lay,46,30,64,0.28125,0.49033464253491843,0.4046482653765253,1.3977815695239544,-1.1370977263433728,0.229650799354335,0,0
bci2a,shuffled,tsception,dense_layer,46,30,64,0.28125,0.3111943006620522,0.24322326185863669,0.8201582750345762,-0.6642748297080451,0.1514813526415653,0,0
bci2a,shuffled,tsception,logits,46,30,64,0.28125,0.5249667647410201,0.4597029725826725,0.8357886808910444,-0.607107661475792,0.15442101245175233,0,0
bci2a,shuffled,atcnet,conv_block,41,0,64,0.25,0.10428690354627528,0.10428690354627528,0.0,0.0,0.091668282944696,0,0
bci2a,shuffled,atcnet,attention_blocks.0,41,0,64,0.25,0.775599061362152,0.47932899854856664,0.5045552331931988,0.07541946890500784,0.19562435926394522,0,0
bci2a,shuffled,atcnet,attention_blocks.4,41,0,64,0.25,0.7758196303486493,0.37186711915427006,0.6375485333663173,0.03159964437928389,0.10667145260304811,0,0
bci2a,shuffled,atcnet,temporal_conv_nets.0,41,0,64,0.25,0.7616424844574861,0.4929921857992199,0.6023174598033736,-0.05930845511251395,0.21863347976662634,0,0
bci2a,shuffled,atcnet,temporal_conv_nets.4,41,0,64,0.25,0.7979664342657531,0.37603928470064846,0.8407002662602989,-0.12960446280894952,0.08687063081440374,0,0
bci2a,shuffled,atcnet,final_layer.4,41,0,64,0.25,0.8938944946146193,0.4715400131206241,0.8209239090081132,0.05467738816400303,0.01829319744250307,0,0
bci2a,shuffled,atcnet,logits,41,0,64,0.25,0.8706362839000386,0.45807432700635853,0.72013280306277,0.12806250625407314,0.022440974583195376,0,0
bci2a,shuffled,atcnet,conv_block,41,1,64,0.28125,0.6162312028609815,0.32721128905321994,1.0021035342575968,-0.4467839056118192,0.060911574215204024,0,0
bci2a,shuffled,atcnet,attention_blocks.0,41,1,64,0.28125,0.6840815919771213,0.2259541719559906,0.9638937120240709,-0.3072554051949871,0.027443285148037504,0,0
bci2a,shuffled,atcnet,attention_blocks.4,41,1,64,0.28125,0.7573103775844097,0.4463153651580754,1.2211938127800948,-0.5167357847075829,0.05285234951189759,0,0
bci2a,shuffled,atcnet,temporal_conv_nets.0,41,1,64,0.28125,0.8049587036710578,0.23621785243837184,1.0237492200895963,-0.23388810905854163,0.01509759264000299,0,0
bci2a,shuffled,atcnet,temporal_conv_nets.4,41,1,64,0.28125,0.7384459004748888,0.4578208005161354,1.1129669220282443,-0.42200142117659517,0.047480399623239675,0,0
bci2a,shuffled,atcnet,final_layer.4,41,1,64,0.28125,0.7286475787537565,0.6243167583274551,1.1148170189330466,-0.48838158554658034,0.0867733137481165,0,0
bci2a,shuffled,atcnet,logits,41,1,64,0.28125,0.8612489185061697,0.4680575667098527,1.143647138401195,-0.2869719182980546,0.004040512370590605,0,0
bci2a,shuffled,atcnet,conv_block,41,2,64,0.22916666666666666,0.597222246260488,0.37414952721956196,1.0294673467786124,-0.5081876440507549,0.07594254353263075,0,0
bci2a,shuffled,atcnet,attention_blocks.0,41,2,64,0.22916666666666666,0.5918227603253908,0.30530151554077234,0.8671847661163232,-0.32301048685428974,0.04764848106335727,0,0
bci2a,shuffled,atcnet,attention_blocks.4,41,2,64,0.22916666666666666,0.6869942281015365,0.43532995468444646,1.0311587942652483,-0.391210191205663,0.0470456250419513,0,0
bci2a,shuffled,atcnet,temporal_conv_nets.0,41,2,64,0.22916666666666666,0.7226130771889243,0.30100016388048945,0.8938147808588408,-0.20298112166043691,0.031779417990520295,0,0
bci2a,shuffled,atcnet,temporal_conv_nets.4,41,2,64,0.22916666666666666,0.6883181260494011,0.37301051101013194,0.8939130907214538,-0.23938563211996564,0.033790667447913036,0,0
bci2a,shuffled,atcnet,final_layer.4,41,2,64,0.22916666666666666,0.7322629112647028,0.5728891626276591,0.7077834956964879,-0.032873218310894736,0.04416388048291496,0,0
bci2a,shuffled,atcnet,logits,41,2,64,0.22916666666666666,0.796756746310531,0.49857871185698055,0.5179945004054731,0.23472134510232853,0.022293238278286207,0,0
bci2a,shuffled,atcnet,conv_block,41,5,64,0.2222222222222222,0.5872380590132609,0.3288497878897939,0.9614766253923119,-0.41961204454102496,0.045373478161973735,0,0
bci2a,shuffled,atcnet,attention_blocks.0,41,5,64,0.2222222222222222,0.567990879865915,0.2877372520690152,0.8234944623263074,-0.28395383753211345,0.02845025507172088,0,0
bci2a,shuffled,atcnet,attention_blocks.4,41,5,64,0.2222222222222222,0.6351720954528197,0.32251305082788345,1.084069748448758,-0.4972583664184798,0.04836071342254139,0,0
bci2a,shuffled,atcnet,temporal_conv_nets.0,41,5,64,0.2222222222222222,0.717299925491407,0.2872121405743216,0.8781185254365889,-0.17660967124776722,0.015791071302585356,0,0
bci2a,shuffled,atcnet,temporal_conv_nets.4,41,5,64,0.2222222222222222,0.68664231870291,0.3121704937310255,0.9488232801756981,-0.29120773909858394,0.029026777625795978,0,0
bci2a,shuffled,atcnet,final_layer.4,41,5,64,0.2222222222222222,0.6139302950425183,0.47052078176061973,0.505583550119801,-0.14246046354226144,0.06344021658236336,0,0
bci2a,shuffled,atcnet,logits,41,5,64,0.2222222222222222,0.607565444359851,0.5513717159336318,0.8761284360479789,-0.39003870143123753,0.0713174974030984,0,0
bci2a,shuffled,atcnet,conv_block,41,10,64,0.25,0.5497587486378805,0.31785891458270316,0.9373150654089852,-0.4328270174727352,0.045270700701630605,0,0
bci2a,shuffled,atcnet,attention_blocks.0,41,10,64,0.25,0.5918278009442878,0.275773544378515,0.8781561432265181,-0.3059439710235583,0.019615628741327752,0,0
bci2a,shuffled,atcnet,attention_blocks.4,41,10,64,0.25,0.5823858133253788,0.26271649778159434,0.8815317435212053,-0.3249997400344249,0.02585380983859845,0,0
bci2a,shuffled,atcnet,temporal_conv_nets.0,41,10,64,0.25,0.7418302702820913,0.31910556229041454,1.011047195859524,-0.2885715469242541,0.019354621346821442,0,0
bci2a,shuffled,atcnet,temporal_conv_nets.4,41,10,64,0.25,0.6052110162843427,0.26159889774316747,0.8562446374913235,-0.27496711443089894,0.023933493223917995,0,0
bci2a,shuffled,atcnet,final_layer.4,41,10,64,0.25,0.5841626748216442,0.4619171856108317,0.8652254864571072,-0.5534815338124283,0.067968744653168,0,0
bci2a,shuffled,atcnet,logits,41,10,64,0.25,0.7770306763527839,0.49962504697078713,0.9329210966762366,-0.25844851066712626,0.03237464802742486,0,0
bci2a,shuffled,atcnet,conv_block,41,20,64,0.2604166666666667,0.4381578403314546,0.34406321736241663,0.9318434141793455,-0.5778781230081071,0.06518405465928509,0,0
bci2a,shuffled,atcnet,attention_blocks.0,41,20,64,0.2604166666666667,0.4927122426153538,0.2983484333177405,0.9710780033626781,-0.5973334701461269,0.05116412089544714,0,0
bci2a,shuffled,atcnet,attention_blocks.4,41,20,64,0.2604166666666667,0.456806707960978,0.28964265271968775,0.8844823509826678,-0.48927340600609964,0.04873305881747266,0,0
bci2a,shuffled,atcnet,temporal_conv_nets.0,41,20,64,0.2604166666666667,0.6091224951145202,0.32581307494748046,1.0358760103005409,-0.4736809903242817,0.04676231545438178,0,0
bci2a,shuffled,atcnet,temporal_conv_nets.4,41,20,64,0.2604166666666667,0.5774555172791518,0.2476200756618529,0.8669957583366075,-0.3083835660668021,0.018843325009346393,0,0
bci2a,shuffled,atcnet,final_layer.4,41,20,64,0.2604166666666667,0.606768766127624,0.5342171271332244,0.6140112275818793,-0.6514376819174832,0.11415659482317611,0,0
bci2a,shuffled,atcnet,logits,41,20,64,0.2604166666666667,0.5059325914463526,0.48772834895656264,0.8268602274475256,-0.5654874850594589,0.08621679683900142,0,0
bci2a,shuffled,atcnet,conv_block,41,30,64,0.22569444444444445,0.43979603863526107,0.3620173534957881,1.0548951151181973,-0.711251323396517,0.08578576307024856,0,0
bci2a,shuffled,atcnet,attention_blocks.0,41,30,64,0.22569444444444445,0.5295508353155373,0.2883034720036394,1.09089940964407,-0.6216207322928138,0.0561524243583759,0,0
bci2a,shuffled,atcnet,attention_blocks.4,41,30,64,0.22569444444444445,0.5342681296410094,0.2836695793218572,1.0829456443565613,-0.6126010029160713,0.06282198224275373,0,0
bci2a,shuffled,atcnet,temporal_conv_nets.0,41,30,64,0.22569444444444445,0.6537392725926057,0.31685035891592295,1.1015632716524106,-0.4929081697517179,0.045084170691913075,0,0
bci2a,shuffled,atcnet,temporal_conv_nets.4,41,30,64,0.22569444444444445,0.6172168473955508,0.275556504088717,0.9614206048031595,-0.3697553619433286,0.025551604535719846,0,0
bci2a,shuffled,atcnet,final_layer.4,41,30,64,0.22569444444444445,0.651860117520664,0.6363737922957988,0.7834212061340646,-0.31068488643683334,-0.04873526620027589,0,0
bci2a,shuffled,atcnet,logits,41,30,64,0.22569444444444445,0.5585165419845983,0.5748990002081379,0.7765773522856904,-0.3614766543902205,-0.011778693195288022,0,0
bci2a,shuffled,atcnet,conv_block,42,0,64,0.24305555555555555,0.13772310697119722,0.13772310697119722,0.0,0.0,0.13053770178980856,0,0
bci2a,shuffled,atcnet,attention_blocks.0,42,0,64,0.24305555555555555,0.8683842379132356,0.48994383589093404,0.6200089377407199,0.11847493508905561,0.1299003650834601,0,0
bci2a,shuffled,atcnet,attention_blocks.4,42,0,64,0.24305555555555555,0.8383509269834408,0.47295324255136917,0.5348434571462133,0.16341317558003182,0.14009429425719572,0,0
bci2a,shuffled,atcnet,temporal_conv_nets.0,42,0,64,0.24305555555555555,0.8408617593245054,0.4808526769307496,0.7178402736197071,-0.02051569179102191,0.14353717749582018,0,0
bci2a,shuffled,atcnet,temporal_conv_nets.4,42,0,64,0.24305555555555555,0.7208562680961802,0.4191448222921698,0.7261941943440524,-0.1960170121956286,0.19067908594775637,0,0
bci2a,shuffled,atcnet,final_layer.4,42,0,64,0.24305555555555555,0.673824891464607,0.5451488329823599,0.6432410196204537,-0.30061507929869047,0.32106340898033886,0,0
bci2a,shuffled,atcnet,logits,42,0,64,0.24305555555555555,0.49557295181331984,0.6363152033134001,0.805482994709765,-1.0561237000868622,0.7025595318402242,0,0
bci2a,shuffled,atcnet,conv_block,42,1,64,0.2708333333333333,0.5422013135774778,0.369500210723828,1.007392793166912,-0.5577984044598303,0.09260692487039586,0,0
bci2a,shuffled,atcnet,attention_blocks.0,42,1,64,0.2708333333333333,0.722523875221248,0.3182344975396447,1.1080493374454288,-0.4276209685807995,0.04209550635661871,0,0
bci2a,shuffled,atcnet,attention_blocks.4,42,1,64,0.2708333333333333,0.6227066242838861,0.4932319249665434,1.1148892100411363,-0.607451723002264,0.1152691372450137,0,0
bci2a,shuffled,atcnet,temporal_conv_nets.0,42,1,64,0.2708333333333333,0.8051786091616224,0.31128158900011593,1.1168298514554644,-0.33011739901203396,0.01846615671819206,0,0
bci2a,shuffled,atcnet,temporal_conv_nets.4,42,1,64,0.2708333333333333,0.7075865931379786,0.501769915924504,1.109676601182835,-0.4823618643213436,0.08027185627648731,0,0
bci2a,shuffled,atcnet,final_layer.4,42,1,64,0.2708333333333333,0.7299461561651142,0.5042279751634373,1.1341519612968627,-0.5409366942577641,0.11015954210366546,0,0
bci2a,shuffled,atcnet,logits,42,1,64,0.2708333333333333,0.479573521438323,0.5507797098940248,0.25231698194354557,-0.1634000553950567,0.1957762258149835,0,0
bci2a,shuffled,atcnet,conv_block,42,2,64,0.2777777777777778,0.5584051783784799,0.360183098040108,0.9909432129328941,-0.5088594622850582,0.07632142773064388,0,0
bci2a,shuffled,atcnet,attention_blocks.0,42,2,64,0.2777777777777778,0.694114288538777,0.3040301017110476,1.1108529189672045,-0.46269457152928495,0.04595594110085738,0,0
bci2a,shuffled,atcnet,attention_blocks.4,42,2,64,0.2777777777777778,0.6810252050355161,0.3742868206039372,1.1445193164048666,-0.5320649360574641,0.06857082468811362,0,0
bci2a,shuffled,atcnet,temporal_conv_nets.0,42,2,64,0.2777777777777778,0.8144083689226587,0.2927341964913158,1.176134520696177,-0.3891395856867738,0.027413433913255403,0,0
bci2a,shuffled,atcnet,temporal_conv_nets.4,42,2,64,0.2777777777777778,0.7626333144082074,0.26634402255399653,1.035715541625224,-0.3011078463221263,0.0280256191051096,0,0
bci2a,shuffled,atcnet,final_layer.4,42,2,64,0.2777777777777778,0.8427792609221672,0.44753243717968505,1.1803336911658582,-0.3697685901640783,0.03158976333450349,0,0
bci2a,shuffled,atcnet,logits,42,2,64,0.2777777777777778,0.5976993340477337,0.44079192378163007,1.1038090126471378,-0.7986994574779442,0.1312398004076637,0,0
bci2a,shuffled,atcnet,conv_block,42,5,64,0.2708333333333333,0.5726150856703135,0.3884826281641497,0.9894315650158567,-0.48227716102070717,0.06538177423121709,0,0
bci2a,shuffled,atcnet,attention_blocks.0,42,5,64,0.2708333333333333,0.6693648493954957,0.29346564818548704,0.9912843116767439,-0.3475784771398365,0.025659014858588236,0,0
bci2a,shuffled,atcnet,attention_blocks.4,42,5,64,0.2708333333333333,0.62262588363474,0.270562110722225,0.8480962699545059,-0.2523422669573053,0.02687188063753932,0,0
bci2a,shuffled,atcnet,temporal_conv_nets.0,42,5,64,0.2708333333333333,0.7500557570785543,0.2816601028539468,1.027056639257887,-0.29649977179250475,0.019498889613171883,0,0
bci2a,shuffled,atcnet,temporal_conv_nets.4,42,5,64,0.2708333333333333,0.7231632063215908,0.23707822621322788,0.8851277049748696,-0.17220175205266536,0.010237253399386376,0,0
bci2a,shuffled,atcnet,final_layer.4,42,5,64,0.2708333333333333,0.7018057271197718,0.4789669653702436,1.3189966763086527,-0.8612086386841986,0.10315791594201013,0,0
bci2a,shuffled,atcnet,logits,42,5,64,0.2708333333333333,0.7396896013986377,0.4619016761651318,1.1650958875055957,-0.514864103424141,0.03282061120412879,0,0
bci2a,shuffled,atcnet,conv_block,42,10,64,0.22569444444444445,0.5871086960940697,0.40934513826743735,1.0571816656640294,-0.5421991859835373,0.07151274456222681,0,0
bci2a,shuffled,atcnet,attention_blocks.0,42,10,64,0.22569444444444445,0.6701655969174953,0.30296577829305726,0.9682339193953666,-0.32096780794676644,0.02289948546889522,0,0
bci2a,shuffled,atcnet,attention_blocks.4,42,10,64,0.22569444444444445,0.5897813488915059,0.2726963592813977,0.8464208970725058,-0.29503477338234885,0.036707824698918694,0,0
bci2a,shuffled,atcnet,temporal_conv_nets.0,42,10,64,0.22569444444444445,0.7350450187862225,0.23730756999495262,0.8994796125665532,-0.17403531461543778,0.00960072083510715,0,0
bci2a,shuffled,atcnet,temporal_conv_nets.4,42,10,64,0.22569444444444445,0.68763264340216,0.22916069665087402,0.8612750138692078,-0.18690119213001175,0.013258821662963868,0,0
bci2a,shuffled,atcnet,final_layer.4,42,10,64,0.22569444444444445,0.7133096387593386,0.48439579719797937,1.0728688263743522,-0.4952257618876125,0.03323735683313575,0,0
bci2a,shuffled,atcnet,logits,42,10,64,0.22569444444444445,0.7137977247324994,0.42935047514703634,0.962346420914323,-0.3131837607659365,0.01008834154388493,0,0
bci2a,shuffled,atcnet,conv_block,42,20,64,0.2048611111111111,0.5550387995389376,0.41195009866644033,1.088058187495038,-0.6118641710018455,0.0786156464549431,0,0
bci2a,shuffled,atcnet,attention_blocks.0,42,20,64,0.2048611111111111,0.6488194860611307,0.32773992946505814,1.062417884123363,-0.44965366370229454,0.036055265640062374,0,0
bci2a,shuffled,atcnet,attention_blocks.4,42,20,64,0.2048611111111111,0.5894728489625403,0.23619140400770075,0.9774659597955551,-0.4225442072310649,0.031559295025990225,0,0
bci2a,shuffled,atcnet,temporal_conv_nets.0,42,20,64,0.2048611111111111,0.7143061300512581,0.3072520619060307,0.9878161693476089,-0.29552359785693705,0.022013558560586254,0,0
bci2a,shuffled,atcnet,temporal_conv_nets.4,42,20,64,0.2048611111111111,0.696555937755277,0.2599545913744004,1.0912031017300785,-0.42749976838424053,0.032852604409439004,0,0
bci2a,shuffled,atcnet,final_layer.4,42,20,64,0.2048611111111111,0.7623297396172292,0.5068011696397261,1.2813024687947328,-0.8951581699116544,0.06007296663102518,0,0
bci2a,shuffled,atcnet,logits,42,20,64,0.2048611111111111,0.6273589252663314,0.4474528853818237,0.9620123325953291,-0.6774704604049518,0.06717930564344912,0,0
bci2a,shuffled,atcnet,conv_block,42,30,64,0.21180555555555555,0.5635661585499158,0.4198271454941891,1.1751808106062172,-0.707019381453204,0.09478771269449268,0,0
bci2a,shuffled,atcnet,attention_blocks.0,42,30,64,0.21180555555555555,0.6276632588485243,0.3133694467734283,1.1449548846352573,-0.5814346138639492,0.0641429880772161,0,0
bci2a,shuffled,atcnet,attention_blocks.4,42,30,64,0.21180555555555555,0.5244137654146921,0.21852800481762552,1.0307636406661365,-0.5686925064362867,0.0585214965889973,0,0
bci2a,shuffled,atcnet,temporal_conv_nets.0,42,30,64,0.21180555555555555,0.7008176397956101,0.28788036959369345,1.0514925975646157,-0.3948389977482035,0.04416403997919775,0,0
bci2a,shuffled,atcnet,temporal_conv_nets.4,42,30,64,0.21180555555555555,0.6173663122904491,0.2808943374449818,1.2243241108472174,-0.6890947189101506,0.08155130371562684,0,0
bci2a,shuffled,atcnet,final_layer.4,42,30,64,0.21180555555555555,0.6871234044055188,0.5194909799347063,1.402054838592054,-1.098129087862266,0.14084492890763312,0,0
bci2a,shuffled,atcnet,logits,42,30,64,0.21180555555555555,0.7159437764683154,0.4508909358928971,1.209871657572371,-0.5816429962613645,0.045899136089154025,0,0
bci2a,shuffled,atcnet,conv_block,43,0,64,0.24305555555555555,0.11760535429890316,0.11760535429890315,0.0,0.0,0.1057918886151358,0,0
bci2a,shuffled,atcnet,attention_blocks.0,43,0,64,0.24305555555555555,0.7207493665090472,0.5809158955485061,0.42032944138163114,-0.06391613738629304,0.36433606251370915,0,0
bci2a,shuffled,atcnet,attention_blocks.4,43,0,64,0.24305555555555555,0.7227825849518883,0.43418325914767897,0.7843815050652098,-0.25918751898105064,0.19758859886772928,0,0
bci2a,shuffled,atcnet,temporal_conv_nets.0,43,0,64,0.24305555555555555,0.6829240217769637,0.5243511005895138,0.5535296767371134,-0.2195432786136911,0.34893762365354153,0,0
bci2a,shuffled,atcnet,temporal_conv_nets.4,43,0,64,0.24305555555555555,0.6163495360049241,0.483723422039526,0.6816985809790453,-0.39059540802773307,0.3252463630536119,0,0
bci2a,shuffled,atcnet,final_layer.4,43,0,64,0.24305555555555555,0.4782862076742239,0.5337119241542805,1.3244038163305492,-1.536619191425502,0.4706140695737337,0,0
bci2a,shuffled,atcnet,logits,43,0,64,0.24305555555555555,0.7998270572760642,0.5777316405051476,0.5065155013095566,0.09556562057464671,0.19774593539186086,0,0
bci2a,shuffled,atcnet,conv_block,43,1,64,0.25,0.663697503187283,0.32773948146600185,1.0284354741147501,-0.40756993363759586,0.042831962710128756,0,0
bci2a,shuffled,atcnet,attention_blocks.0,43,1,64,0.25,0.7244595352383556,0.36423166039448157,1.0789933492987243,-0.3868877939069883,0.0323539798466196,0,0
bci2a,shuffled,atcnet,attention_blocks.4,43,1,64,0.25,0.7404710302924459,0.419580240847709,1.1585479673880208,-0.46868671140158774,0.05060977430601268,0,0
bci2a,shuffled,atcnet,temporal_conv_nets.0,43,1,64,0.25,0.7462766640381491,0.32465571116310143,1.0016956502886791,-0.2844334116601686,0.029014425409638625,0,0
bci2a,shuffled,atcnet,temporal_conv_nets.4,43,1,64,0.25,0.753725152858824,0.3076784218824934,1.0069087924264473,-0.27750240365395423,0.024318764086330998,0,0
bci2a,shuffled,atcnet,final_layer.4,43,1,64,0.25,0.7503458413926123,0.5585081064876766,1.2892253786853942,-0.6885488838158573,0.08697624705875091,0,0
bci2a,shuffled,atcnet,logits,43,1,64,0.25,0.7825428609612509,0.49589062222510977,0.8965891977307805,-0.149002050393981,0.024886739129996345,0,0
bci2a,shuffled,atcnet,conv_block,43,2,64,0.22569444444444445,0.6373980768490826,0.29167399037119146,0.9609010509252085,-0.35910988669636396,0.03560691262023799,0,0
bci2a,shuffled,atcnet,attention_blocks.0,43,2,64,0.22569444444444445,0.7260215808750374,0.28461664135147285,1.0779990873236043,-0.374256895054651,0.02227938860608406,0,0
bci2a,shuffled,atcnet,attention_blocks.4,43,2,64,0.22569444444444445,0.7195995334727329,0.3200898621034812,1.0617868463203664,-0.37720706635126516,0.03501975350363158,0,0
bci2a,shuffled,atcnet,temporal_conv_nets.0,43,2,64,0.22569444444444445,0.7579329283171844,0.2745952994431233,0.9920843080999077,-0.2506768055781113,0.016525425795388134,0,0
bci2a,shuffled,atcnet,temporal_conv_nets.4,43,2,64,0.22569444444444445,0.758889084652361,0.22990262939363182,1.0361050092116528,-0.29650130451585444,0.019285379956562872,0,0
bci2a,shuffled,atcnet,final_layer.4,43,2,64,0.22569444444444445,0.8286179502706251,0.4622785259115838,1.2809237683680783,-0.49528805903445383,0.027897871579959176,0,0
bci2a,shuffled,atcnet,logits,43,2,64,0.22569444444444445,0.8498137551268506,0.44452538353895477,1.1441613185516477,-0.30709855108767686,0.005993967886115229,0,0
bci2a,shuffled,atcnet,conv_block,43,5,64,0.2604166666666667,0.6302812862491343,0.3120310668175935,0.9184438339784533,-0.3197226311913972,0.03156008346207822,0,0
bci2a,shuffled,atcnet,attention_blocks.0,43,5,64,0.2604166666666667,0.706164560522474,0.45474020548194016,1.1641061977215386,-0.4983562787965003,0.040414641597435595,0,0
bci2a,shuffled,atcnet,attention_blocks.4,43,5,64,0.2604166666666667,0.7180497773944664,0.35975046834282454,1.0516744808740925,-0.3547816025574255,0.021156899077799378,0,0
bci2a,shuffled,atcnet,temporal_conv_nets.0,43,5,64,0.2604166666666667,0.7563615491924923,0.44742168475294175,1.095381154438059,-0.36952402240787874,0.03050441716231203,0,0
bci2a,shuffled,atcnet,temporal_conv_nets.4,43,5,64,0.2604166666666667,0.7504236377692032,0.3946892633645706,1.0427411505682864,-0.31102152153297496,0.0187040087338917,0,0
bci2a,shuffled,atcnet,final_layer.4,43,5,64,0.2604166666666667,0.8260299808468301,0.5441525840683739,1.069975579565738,-0.2890021785302287,0.011400751753390375,0,0
bci2a,shuffled,atcnet,logits,43,5,64,0.2604166666666667,0.8149164671844129,0.4638798305198001,1.1191084698592637,-0.35234250416635104,-0.011735103240905674,0,0
bci2a,shuffled,atcnet,conv_block,43,10,64,0.2743055555555556,0.6382191036165765,0.3135183183956999,0.9516390985640246,-0.34298312072627113,0.02956312577882297,0,0
bci2a,shuffled,atcnet,attention_blocks.0,43,10,64,0.2743055555555556,0.7222844933569439,0.4041430230253224,1.1695691215094624,-0.4746437536446132,0.027359125492094735,0,0
bci2a,shuffled,atcnet,attention_blocks.4,43,10,64,0.2743055555555556,0.6821001998862126,0.2761368423158804,0.9759802932062077,-0.31715499220473053,0.023274898884735357,0,0
bci2a,shuffled,atcnet,temporal_conv_nets.0,43,10,64,0.2743055555555556,0.7528060364087812,0.3772209205710005,1.0408507753298237,-0.30386092887619265,0.015816189955150127,0,0
bci2a,shuffled,atcnet,temporal_conv_nets.4,43,10,64,0.2743055555555556,0.7875991934773622,0.35250575306730886,1.0402760685013304,-0.27029335643776153,0.017616481413793378,0,0
bci2a,shuffled,atcnet,final_layer.4,43,10,64,0.2743055555555556,0.9039729306593047,0.473841905808689,1.0731265714937988,-0.1801682628233468,0.010195326219367255,0,0
bci2a,shuffled,atcnet,logits,43,10,64,0.2743055555555556,0.8338952115602251,0.6560251739488296,1.3787746970333254,-0.634442539451419,0.04820945680536311,0,0
bci2a,shuffled,atcnet,conv_block,43,20,64,0.2361111111111111,0.5857513427595408,0.4045596168997879,1.0759170731734864,-0.5580886461121208,0.06792291569817516,0,0
bci2a,shuffled,atcnet,attention_blocks.0,43,20,64,0.2361111111111111,0.6701852204278476,0.4781252458965742,1.2155976564381448,-0.6159531541417276,0.07054071813143009,0,0
bci2a,shuffled,atcnet,attention_blocks.4,43,20,64,0.2361111111111111,0.6602716154755252,0.3277904649678042,1.0049716457395639,-0.3717331921911998,0.026519334636965534,0,0
bci2a,shuffled,atcnet,temporal_conv_nets.0,43,20,64,0.2361111111111111,0.7443225812347946,0.414933739935436,1.0896105704851766,-0.38054299115347756,0.03525500190309563,0,0
bci2a,shuffled,atcnet,temporal_conv_nets.4,43,20,64,0.2361111111111111,0.7084446635772639,0.3883336766331102,0.9437052217715107,-0.2618333352956087,0.026572777101361918,0,0
bci2a,shuffled,atcnet,final_layer.4,43,20,64,0.2361111111111111,0.6431165510364587,0.560752348613977,0.8802406886158416,-0.3259549136750681,0.039016356242561216,0,0
bci2a,shuffled,atcnet,logits,43,20,64,0.2361111111111111,0.7954371522558266,0.5496872949249718,1.2691469841799767,-0.5101233178508168,0.024782666709329663,0,0
bci2a,shuffled,atcnet,conv_block,43,30,64,0.24305555555555555,0.5535298292295731,0.44346689946058604,1.1843596115770112,-0.731364639689857,0.10053485734241858,0,0
bci2a,shuffled,atcnet,attention_blocks.0,43,30,64,0.24305555555555555,0.6632079290650386,0.5114825652567168,1.4658839048696959,-0.9353763944647677,0.13270041866011004,0,0
bci2a,shuffled,atcnet,attention_blocks.4,43,30,64,0.24305555555555555,0.6473178220887452,0.36979357282771597,1.082264771950563,-0.4812196696075929,0.04627271974577524,0,0
bci2a,shuffled,atcnet,temporal_conv_nets.0,43,30,64,0.24305555555555555,0.7447778819637572,0.4453512861419502,1.285539871769606,-0.6084702734209249,0.06770828361507582,0,0
bci2a,shuffled,atcnet,temporal_conv_nets.4,43,30,64,0.24305555555555555,0.6621752958128636,0.36018116843302117,1.0527591927175426,-0.43893451099215575,0.04835061408747661,0,0
bci2a,shuffled,atcnet,final_layer.4,43,30,64,0.24305555555555555,0.5910885033362114,0.4795474011163916,1.0438917976086768,-0.6533721556270946,0.07009610690661583,0,0
bci2a,shuffled,atcnet,logits,43,30,64,0.24305555555555555,0.7290065261611504,0.6285082294232285,1.4799151222806173,-0.9309338352901859,0.1329060715719576,0,0
bci2a,shuffled,atcnet,conv_block,44,0,64,0.25,0.11884601707349829,0.11884601707349829,0.0,0.0,0.10934817851725892,0,0
bci2a,shuffled,atcnet,attention_blocks.0,44,0,64,0.25,0.7371128392567152,0.3207249679338384,0.7021641986544757,-0.05791396794554712,0.09286260854778661,0,0
bci2a,shuffled,atcnet,attention_blocks.4,44,0,64,0.25,0.8085098198204698,0.4291800507715393,0.5659806227671424,0.1411825748810778,0.10134662217224949,0,0
bci2a,shuffled,atcnet,temporal_conv_nets.0,44,0,64,0.25,0.7639236058460787,0.37673782331462125,0.7992955891566426,-0.1462104981566266,0.11083851484606272,0,0
bci2a,shuffled,atcnet,temporal_conv_nets.4,44,0,64,0.25,0.8097262911527809,0.3858239478382117,0.6587286344892985,0.07625966902016644,0.07473798764331598,0,0
bci2a,shuffled,atcnet,final_layer.4,44,0,64,0.25,0.8946313770030534,0.5360813364432929,0.7807969912240966,0.06951246554161081,0.04432192023734596,0,0
bci2a,shuffled,atcnet,logits,44,0,64,0.25,0.7944464693325594,0.48387147364654537,0.6029368650873571,0.0898048616798365,0.09957366366894073,0,0
bci2a,shuffled,atcnet,conv_block,44,1,64,0.2569444444444444,0.6604749519546544,0.30982316092077666,1.0301162588300368,-0.41526025745126943,0.04561895057588669,0,0
bci2a,shuffled,atcnet,attention_blocks.0,44,1,64,0.2569444444444444,0.7942084679212938,0.35795603419137356,1.1471577656480387,-0.3767182518932267,0.02376895416648167,0,0
bci2a,shuffled,atcnet,attention_blocks.4,44,1,64,0.2569444444444444,0.8073247392863246,0.26484609936910725,1.0722608539436933,-0.2828831671424895,0.017947052485120792,0,0
bci2a,shuffled,atcnet,temporal_conv_nets.0,44,1,64,0.2569444444444444,0.8173082301449504,0.2741918630535584,1.043836397994917,-0.2368017685264367,0.010273600676469926,0,0
bci2a,shuffled,atcnet,temporal_conv_nets.4,44,1,64,0.2569444444444444,0.8176559589910124,0.22372129412045322,0.9876395022362232,-0.18036133181302946,0.010377788567818721,0,0
bci2a,shuffled,atcnet,final_layer.4,44,1,64,0.2569444444444444,0.8257690965325097,0.45059170587449693,0.9550951743989436,-0.14854700138840068,0.015514530748065287,0,0
bci2a,shuffled,atcnet,logits,44,1,64,0.2569444444444444,0.715240826361037,0.46355285218635434,1.3177303855379723,-0.8062152124199314,0.11976393613842595,0,0
bci2a,shuffled,atcnet,conv_block,44,2,64,0.2222222222222222,0.6707617811127469,0.30422103158463243,1.0286216210506542,-0.39594570389217293,0.03808586395426561,0,0
bci2a,shuffled,atcnet,attention_blocks.0,44,2,64,0.2222222222222222,0.7726942475206391,0.23839232759051365,1.069733860276013,-0.30962077688091116,0.012581164125537062,0,0
bci2a,shuffled,atcnet,attention_blocks.4,44,2,64,0.2222222222222222,0.7953164918563111,0.2794989754204592,1.070679706019336,-0.29209498472255835,0.01673177055953314,0,0
bci2a,shuffled,atcnet,temporal_conv_nets.0,44,2,64,0.2222222222222222,0.8201642742466223,0.25169745064030524,1.0200452032540541,-0.208903065329685,0.00902213632225338,0,0
bci2a,shuffled,atcnet,temporal_conv_nets.4,44,2,64,0.2222222222222222,0.8174133558298649,0.2585061605136061,1.0120115091776398,-0.20520239526450093,0.010604241916725897,0,0
bci2a,shuffled,atcnet,final_layer.4,44,2,64,0.2222222222222222,0.8051111716797507,0.443772364489239,0.9515288677332945,-0.17641579841288005,0.019723686159308605,0,0
bci2a,shuffled,atcnet,logits,44,2,64,0.2222222222222222,0.787613978607576,0.44184579835082627,0.9711104584802737,-0.21640271731057523,0.01788233649024847,0,0
bci2a,shuffled,atcnet,conv_block,44,5,64,0.22569444444444445,0.6650661509333404,0.3837655750264487,1.1269639168967822,-0.52104300023241,0.05914523426896801,0,0
bci2a,shuffled,atcnet,attention_blocks.0,44,5,64,0.22569444444444445,0.8086373397078858,0.35655696085450206,1.217364150390306,-0.4450325449036131,0.03630573422119257,0,0
bci2a,shuffled,atcnet,attention_blocks.4,44,5,64,0.22569444444444445,0.8114681883996904,0.29336984763782514,1.1506899791734777,-0.3612252475471765,0.0220034567733894,0,0
bci2a,shuffled,atcnet,temporal_conv_nets.0,44,5,64,0.22569444444444445,0.8594496567483287,0.28021041209386965,1.1148921784786525,-0.2718858321777118,0.01644331044738815,0,0
bci2a,shuffled,atcnet,temporal_conv_nets.4,44,5,64,0.22569444444444445,0.8564046033067976,0.2688400935388297,1.0438241113151039,-0.19637210532089866,0.008952597312592382,0,0
bci2a,shuffled,atcnet,final_layer.4,44,5,64,0.22569444444444445,0.8697798315541964,0.49957421171214866,0.9725780169459455,-0.12828058326784741,0.02508872765151587,0,0
bci2a,shuffled,atcnet,logits,44,5,64,0.22569444444444445,0.9339806928999529,0.4837047773445111,1.2110757954042035,-0.30143225887132846,0.01971196945507386,0,0
bci2a,shuffled,atcnet,conv_block,44,10,64,0.2361111111111111,0.6461704668340854,0.38741547331827486,1.1141217773290206,-0.5242285620399538,0.056277251545018364,0,0
bci2a,shuffled,atcnet,attention_blocks.0,44,10,64,0.2361111111111111,0.8017784728267857,0.3239371605171133,1.150271212858315,-0.37103157938972026,0.022538839358190822,0,0
bci2a,shuffled,atcnet,attention_blocks.4,44,10,64,0.2361111111111111,0.7766750570381229,0.3391744092677235,1.2037546437470186,-0.46388965400307614,0.03681006729418033,0,0
bci2a,shuffled,atcnet,temporal_conv_nets.0,44,10,64,0.2361111111111111,0.8303482024922588,0.301163963015297,1.0897838781065703,-0.2743187050598349,0.01488302944552362,0,0
bci2a,shuffled,atcnet,temporal_conv_nets.4,44,10,64,0.2361111111111111,0.8561398042362225,0.2832150412770721,1.070503500398135,-0.22987280278343508,0.01550910662152237,0,0
bci2a,shuffled,atcnet,final_layer.4,44,10,64,0.2361111111111111,0.8718141340888803,0.463447398237697,1.0699529840145132,-0.2084170686041429,0.00997582478130659,0,0
bci2a,shuffled,atcnet,logits,44,10,64,0.2361111111111111,0.8965585810077528,0.45626634011136563,1.1264081354605104,-0.24740035783073766,0.01563138747687474,0,0
bci2a,shuffled,atcnet,conv_block,44,20,64,0.2048611111111111,0.5508229878406901,0.34133994469244433,1.0157668889620788,-0.5316048018586761,0.06666090073728739,0,0
bci2a,shuffled,atcnet,attention_blocks.0,44,20,64,0.2048611111111111,0.7229319867336812,0.3108638206561503,1.1499084958137646,-0.47128881916467746,0.04431231008459381,0,0
bci2a,shuffled,atcnet,attention_blocks.4,44,20,64,0.2048611111111111,0.6286330101100395,0.31413258951056444,1.0364576269293122,-0.46139114363109224,0.053566526811819296,0,0
bci2a,shuffled,atcnet,temporal_conv_nets.0,44,20,64,0.2048611111111111,0.7713250742512354,0.31481939582148016,1.0558662992776027,-0.30976750103645967,0.025226276010092263,0,0
bci2a,shuffled,atcnet,temporal_conv_nets.4,44,20,64,0.2048611111111111,0.7859499611023049,0.3273694023032424,0.932103678071482,-0.16841527404200418,0.02226155707282707,0,0
bci2a,shuffled,atcnet,final_layer.4,44,20,64,0.2048611111111111,0.7815890723844885,0.5176202736967848,0.8511804746701088,-0.09623414304971778,0.02622169336675588,0,0
bci2a,shuffled,atcnet,logits,44,20,64,0.2048611111111111,0.8164916652119982,0.45036327580717095,1.1360185972270322,-0.3474055742908585,0.024362197651588185,0,0
bci2a,shuffled,atcnet,conv_block,44,30,64,0.22916666666666666,0.4699719939880159,0.35679844526781296,1.1093421647659012,-0.7560940132691755,0.10920836238355291,0,0
bci2a,shuffled,atcnet,attention_blocks.0,44,30,64,0.22916666666666666,0.5935979210349211,0.3233689489801767,1.216223185885808,-0.7586026399179598,0.11825275430275164,0,0
bci2a,shuffled,atcnet,attention_blocks.4,44,30,64,0.22916666666666666,0.5149481921947101,0.2820556638905506,0.9562828058071542,-0.49586939868543417,0.05284813312451185,0,0
bci2a,shuffled,atcnet,temporal_conv_nets.0,44,30,64,0.22916666666666666,0.6900604505950955,0.2465399961000322,1.095846026095486,-0.45542033071070576,0.047540387319209884,0,0
bci2a,shuffled,atcnet,temporal_conv_nets.4,44,30,64,0.22916666666666666,0.6431890310754883,0.2917717886010065,0.8542410022271453,-0.2571300701610815,0.04607809900942455,0,0
bci2a,shuffled,atcnet,final_layer.4,44,30,64,0.22916666666666666,0.5530741314825107,0.5018114212850885,0.9538418077953091,-0.5673312879849661,0.1325259008807631,0,0
bci2a,shuffled,atcnet,logits,44,30,64,0.22916666666666666,0.781157320548822,0.46147263074228706,1.6577786588177936,-1.043657857078527,0.13695344908898746,0,0
bci2a,shuffled,atcnet,conv_block,45,0,64,0.1840277777777778,0.10262403522894598,0.10262403522894598,0.0,0.0,0.0928388116871174,0,0
bci2a,shuffled,atcnet,attention_blocks.0,45,0,64,0.1840277777777778,0.8116067779103019,0.4121830236330076,0.7969028355779282,-0.08898211556187331,0.10368605789424684,0,0
bci2a,shuffled,atcnet,attention_blocks.4,45,0,64,0.1840277777777778,0.767592111470822,0.4700849372725562,0.7493941605961902,-0.1467407276566477,0.16493867853127947,0,0
bci2a,shuffled,atcnet,temporal_conv_nets.0,45,0,64,0.1840277777777778,0.816887348528516,0.4298279589159483,0.8247219246568652,-0.11368028049942251,0.10584570437107332,0,0
bci2a,shuffled,atcnet,temporal_conv_nets.4,45,0,64,0.1840277777777778,0.6342029329914394,0.5275304363676401,0.6102643592033762,-0.3134307178279916,0.3373692916160547,0,0
bci2a,shuffled,atcnet,final_layer.4,45,0,64,0.1840277777777778,0.8757635007905253,0.6867535140348802,1.2939373102623923,-0.6126298312375249,0.19445602176565777,0,0
bci2a,shuffled,atcnet,logits,45,0,64,0.1840277777777778,0.6130841931661697,0.5473650416523881,1.891380646515115,-1.7883479255829593,0.43678442072701057,0,0
bci2a,shuffled,atcnet,conv_block,45,1,64,0.2326388888888889,0.5621054366606562,0.33680495334862715,1.0347387068815341,-0.5476780703619453,0.07504480014106737,0,0
bci2a,shuffled,atcnet,attention_blocks.0,45,1,64,0.2326388888888889,0.7313574359242252,0.31953674785587444,1.0133828533495346,-0.3137606099490078,0.0317351925236985,0,0
bci2a,shuffled,atcnet,attention_blocks.4,45,1,64,0.2326388888888889,0.7726813235681114,0.33657523239030934,1.3427003941601379,-0.6229147065964364,0.05289563600441012,0,0
bci2a,shuffled,atcnet,temporal_conv_nets.0,45,1,64,0.2326388888888889,0.7846931605928403,0.24203536815955268,0.9470127914220998,-0.1773521777844282,0.015032546955168665,0,0
bci2a,shuffled,atcnet,temporal_conv_nets.4,45,1,64,0.2326388888888889,0.7699663331708548,0.32262031191044205,1.1711249901180505,-0.43333873797424005,0.032180081027044165,0,0
bci2a,shuffled,atcnet,final_layer.4,45,1,64,0.2326388888888889,0.7920391451666298,0.5824566338841517,1.7840590259078635,-1.1068794594808002,0.08239502082265099,0,0
bci2a,shuffled,atcnet,logits,45,1,64,0.2326388888888889,0.7169436037210744,0.4797314234694322,1.294469859000075,-0.6601487894945304,0.04589522567314408,0,0
bci2a,shuffled,atcnet,conv_block,45,2,64,0.21875,0.5488428316247218,0.3389659747916283,0.9990291345420574,-0.5182587558860218,0.06805709108172264,0,0
bci2a,shuffled,atcnet,attention_blocks.0,45,2,64,0.21875,0.7224033259729168,0.31749033393329806,1.0256863468955169,-0.3378760174483706,0.034592996525770275,0,0
bci2a,shuffled,atcnet,attention_blocks.4,45,2,64,0.21875,0.7619017605899623,0.3815601219033915,1.2211385819771534,-0.48833243746438354,0.02909561607719232,0,0
bci2a,shuffled,atcnet,temporal_conv_nets.0,45,2,64,0.21875,0.8115038688372809,0.3390947458803065,1.031549081328824,-0.24286451598609993,0.022819303494556697,0,0
bci2a,shuffled,atcnet,temporal_conv_nets.4,45,2,64,0.21875,0.776339745901657,0.4101015838150988,1.1900731753317229,-0.4462911491865177,0.03255771975645165,0,0
bci2a,shuffled,atcnet,final_layer.4,45,2,64,0.21875,0.8369094767574933,0.5812416506183822,1.437040956326705,-0.6345559160300862,0.011077858115667309,0,0
bci2a,shuffled,atcnet,logits,45,2,64,0.21875,0.7604262298206548,0.5255009549828589,1.2544675373890735,-0.5440353846875288,0.03741712572321458,0,0
bci2a,shuffled,atcnet,conv_block,45,5,64,0.2222222222222222,0.5472465818561195,0.36948023689957776,1.096883262845361,-0.6368725125726767,0.08723583158343513,0,0
bci2a,shuffled,atcnet,attention_blocks.0,45,5,64,0.2222222222222222,0.6862066151596209,0.33965550637469344,1.0282839047160803,-0.3845138516405717,0.04243656208411207,0,0
bci2a,shuffled,atcnet,attention_blocks.4,45,5,64,0.2222222222222222,0.700418121841501,0.3357958707344634,1.262972448655833,-0.6207424515213382,0.057998509277754004,0,0
bci2a,shuffled,atcnet,temporal_conv_nets.0,45,5,64,0.2222222222222222,0.791056135320566,0.29915437604450956,1.0283285755380889,-0.26049846913613617,0.02322602891861343,0,0
bci2a,shuffled,atcnet,temporal_conv_nets.4,45,5,64,0.2222222222222222,0.7336601171026603,0.3570065051172502,1.1195678296476221,-0.4238088052164509,0.03790109267148915,0,0
bci2a,shuffled,atcnet,final_layer.4,45,5,64,0.2222222222222222,0.7852875902198225,0.5270709104497171,0.7915977287644567,-0.049579220601914976,-0.010820180611611155,0,0
bci2a,shuffled,atcnet,logits,45,5,64,0.2222222222222222,0.7544462411294335,0.4654229943307591,1.2042156329287623,-0.5173427913088107,0.04534058081993822,0,0
bci2a,shuffled,atcnet,conv_block,45,10,64,0.19444444444444445,0.5661891605149687,0.43872344197952323,1.167480351849078,-0.6922635757926746,0.0909186991159004,0,0
bci2a,shuffled,atcnet,attention_blocks.0,45,10,64,0.19444444444444445,0.6832766825775755,0.36322320568081734,1.0886423970166097,-0.4504735675267781,0.04510785308774387,0,0
bci2a,shuffled,atcnet,attention_blocks.4,45,10,64,0.19444444444444445,0.7036947811712778,0.40398315490657144,1.2591059448161763,-0.610850521189374,0.05535178339485789,0,0
bci2a,shuffled,atcnet,temporal_conv_nets.0,45,10,64,0.19444444444444445,0.8055563349461105,0.2785460179898268,1.0252451812809351,-0.23541616949067026,0.015727323155845754,0,0
bci2a,shuffled,atcnet,temporal_conv_nets.4,45,10,64,0.19444444444444445,0.7047342553224986,0.3666211419635835,1.0434719896274411,-0.37369658624294083,0.034958851937998504,0,0
bci2a,shuffled,atcnet,final_layer.4,45,10,64,0.19444444444444445,0.7522867128216739,0.4776825975772274,0.8856423287311064,-0.24457179431482542,0.018649956208656133,0,0
bci2a,shuffled,atcnet,logits,45,10,64,0.19444444444444445,0.7816932962628584,0.4675667794429399,0.859224141986432,-0.10285799698606223,0.019823825005359633,0,0
bci2a,shuffled,atcnet,conv_block,45,20,64,0.22916666666666666,0.5500281961846427,0.4003040961711153,1.061374666713672,-0.587357857508978,0.07447506980112115,0,0
bci2a,shuffled,atcnet,attention_blocks.0,45,20,64,0.22916666666666666,0.6673771092367933,0.32212516059068896,1.1743071498809143,-0.561218667136964,0.054288626492842836,0,0
bci2a,shuffled,atcnet,attention_blocks.4,45,20,64,0.22916666666666666,0.7026008846843208,0.41916936400719806,1.2383953449908167,-0.5992428506440185,0.06206344897862634,0,0
bci2a,shuffled,atcnet,temporal_conv_nets.0,45,20,64,0.22916666666666666,0.7650881691013152,0.3295851216276325,1.0296673878258935,-0.290161853784547,0.02558263505996839,0,0
bci2a,shuffled,atcnet,temporal_conv_nets.4,45,20,64,0.22916666666666666,0.7271632278242847,0.4104951516803774,1.0356675002673055,-0.3487283917442838,0.04022411930126295,0,0
bci2a,shuffled,atcnet,final_layer.4,45,20,64,0.22916666666666666,0.6636927903806182,0.5443356210521502,0.8581707290281038,-0.3228943586548333,0.06784768195698707,0,0
bci2a,shuffled,atcnet,logits,45,20,64,0.22916666666666666,0.8271046065537419,0.5602500625863545,0.971434039059927,-0.1677805104357717,0.015224885013028072,0,0
bci2a,shuffled,atcnet,conv_block,45,30,64,0.1701388888888889,0.5405323707336266,0.43966670674285246,1.1278447086012662,-0.6749065649049433,0.08384964167235268,0,0
bci2a,shuffled,atcnet,attention_blocks.0,45,30,64,0.1701388888888889,0.6817849596612412,0.38372260954917864,1.2633225234690322,-0.6369360149791152,0.05539845117132451,0,0
bci2a,shuffled,atcnet,attention_blocks.4,45,30,64,0.1701388888888889,0.6800944571442429,0.487090850873379,1.390061322076157,-0.8055073960879787,0.09524053361838816,0,0
bci2a,shuffled,atcnet,temporal_conv_nets.0,45,30,64,0.1701388888888889,0.7371204257783097,0.33283124958313126,1.05842937940096,-0.34838288825250974,0.0270739346298595,0,0
bci2a,shuffled,atcnet,temporal_conv_nets.4,45,30,64,0.1701388888888889,0.6926903573276286,0.40262978180268594,1.203621997510807,-0.5736839870169821,0.06275234683380373,0,0
bci2a,shuffled,atcnet,final_layer.4,45,30,64,0.1701388888888889,0.7746101859198846,0.5314782804406204,1.5861796293434478,-1.0975350355724345,0.13933336696163395,0,0
bci2a,shuffled,atcnet,logits,45,30,64,0.1701388888888889,0.7662187748561802,0.5574110398671628,0.9190009545206443,-0.21045578440770252,0.0253906772684563,0,0
bci2a,shuffled,atcnet,conv_block,46,0,64,0.1909722222222222,0.10067759214526062,0.10067759214526062,0.0,0.0,0.08490945011711873,0,0
bci2a,shuffled,atcnet,attention_blocks.0,46,0,64,0.1909722222222222,0.7768227530470446,0.4829453783847447,0.8325991272304127,-0.2195806311966868,0.16380425701331863,0,0
bci2a,shuffled,atcnet,attention_blocks.4,46,0,64,0.1909722222222222,0.7473146864000013,0.4925587855603032,0.5032264900389515,0.03849010754155968,0.2055980888194901,0,0
bci2a,shuffled,atcnet,temporal_conv_nets.0,46,0,64,0.1909722222222222,0.8153927491027988,0.5627945558600729,0.734194617190911,-0.09838968204161103,0.1795878139534987,0,0
bci2a,shuffled,atcnet,temporal_conv_nets.4,46,0,64,0.1909722222222222,0.7675002947617275,0.5180003468161478,0.5115833918317877,0.05076968306741263,0.20514721986252715,0,0
bci2a,shuffled,atcnet,final_layer.4,46,0,64,0.1909722222222222,0.7471541637223879,0.49235024783609505,0.47695739322304787,0.23728255664768022,0.029585954189851188,0,0
bci2a,shuffled,atcnet,logits,46,0,64,0.1909722222222222,0.5749189292709698,0.4905131617045321,0.5626878339044838,-0.24016153171956894,0.19694575509822207,0,0
bci2a,shuffled,atcnet,conv_block,46,1,64,0.2986111111111111,0.633257816579728,0.3403970319477462,1.0578690311707353,-0.4917785617303728,0.06716734713936524,0,0
bci2a,shuffled,atcnet,attention_blocks.0,46,1,64,0.2986111111111111,0.8151639493833822,0.31129779659225154,1.1963076715538814,-0.40889639350388385,0.02775267133338468,0,0
bci2a,shuffled,atcnet,attention_blocks.4,46,1,64,0.2986111111111111,0.8053127221781925,0.302301758511875,1.2886901053570856,-0.5225343399384307,0.03915695675953715,0,0
bci2a,shuffled,atcnet,temporal_conv_nets.0,46,1,64,0.2986111111111111,0.7790568460617235,0.33784788829228474,1.0719841742466767,-0.31793091209815316,0.02500358391320002,0,0
bci2a,shuffled,atcnet,temporal_conv_nets.4,46,1,64,0.2986111111111111,0.8527536207075598,0.2667515673102528,1.2322267127367255,-0.4031924653268033,0.023719373297637295,0,0
bci2a,shuffled,atcnet,final_layer.4,46,1,64,0.2986111111111111,0.9020710927943579,0.5344631819737302,1.4103736465938759,-0.5403604064528913,0.03205785265337336,0,0
bci2a,shuffled,atcnet,logits,46,1,64,0.2986111111111111,0.8616114321126456,0.4191253432179907,1.054767491497838,-0.22254436444630768,0.004372702136371698,0,0
bci2a,shuffled,atcnet,conv_block,46,2,64,0.2673611111111111,0.635625703213966,0.33486891606899205,1.0437149971263862,-0.4672268505352921,0.05913755662287194,0,0
bci2a,shuffled,atcnet,attention_blocks.0,46,2,64,0.2673611111111111,0.7758586547247672,0.28491793625060335,1.1045174641851772,-0.3490961503035412,0.02043734084313109,0,0
bci2a,shuffled,atcnet,attention_blocks.4,46,2,64,0.2673611111111111,0.7711680280601185,0.22442756123334712,1.0999638468779627,-0.349476683864798,0.02068086504695359,0,0
bci2a,shuffled,atcnet,temporal_conv_nets.0,46,2,64,0.2673611111111111,0.7627773320731963,0.3624254866681913,1.0622457437664121,-0.32537852086234487,0.025910109169129003,0,0
bci2a,shuffled,atcnet,temporal_conv_nets.4,46,2,64,0.2673611111111111,0.8347824828204027,0.21242806614698323,1.1048075577210716,-0.28306092529454097,0.013035850393871872,0,0
bci2a,shuffled,atcnet,final_layer.4,46,2,64,0.2673611111111111,0.9051347727859926,0.46131466087065465,1.1808132188980498,-0.2814799249670693,0.0005443289164209295,0,0
bci2a,shuffled,atcnet,logits,46,2,64,0.2673611111111111,0.7426685733950941,0.4069247549199521,0.9553213823505786,-0.29001702432917487,0.019728915027735265,0,0
bci2a,shuffled,atcnet,conv_block,46,5,64,0.2534722222222222,0.6580751156503277,0.3923306644663493,1.1016267773217736,-0.5055415968403969,0.06198993516895092,0,0
bci2a,shuffled,atcnet,attention_blocks.0,46,5,64,0.2534722222222222,0.7869349318059901,0.3729777767243251,1.2002606227704562,-0.44713678725217626,0.03381109628771031,0,0
bci2a,shuffled,atcnet,attention_blocks.4,46,5,64,0.2534722222222222,0.7591042155328913,0.28384205814857044,1.0997200568793595,-0.3686828464218357,0.028067005075367725,0,0
bci2a,shuffled,atcnet,temporal_conv_nets.0,46,5,64,0.2534722222222222,0.7801647596954087,0.3478332768024358,1.054820359123243,-0.30025538143496444,0.02559978200713042,0,0
bci2a,shuffled,atcnet,temporal_conv_nets.4,46,5,64,0.2534722222222222,0.7990593036088607,0.23475926966226113,1.0170620821049599,-0.23121413557158965,0.013211357075490582,0,0
bci2a,shuffled,atcnet,final_layer.4,46,5,64,0.2534722222222222,0.8322433373717582,0.4426536276425595,0.9659028776811447,-0.14281132778922462,0.002262908537626316,0,0
bci2a,shuffled,atcnet,logits,46,5,64,0.2534722222222222,0.7423668536233605,0.42211395369902716,1.0979338810085264,-0.4290363755323039,0.0327664509588711,0,0
bci2a,shuffled,atcnet,conv_block,46,10,64,0.2465277777777778,0.6342455915694459,0.39811409207679754,1.1152570100729613,-0.5457067096728445,0.06469529116932914,0,0
bci2a,shuffled,atcnet,attention_blocks.0,46,10,64,0.2465277777777778,0.7721544740002441,0.3329773437341735,1.2158459528531513,-0.4810045133779224,0.03731303452501487,0,0
bci2a,shuffled,atcnet,attention_blocks.4,46,10,64,0.2465277777777778,0.7562770965546798,0.2765428509575364,1.0462407311004998,-0.311291545643192,0.0213279110973722,0,0
bci2a,shuffled,atcnet,temporal_conv_nets.0,46,10,64,0.2465277777777778,0.7745761881345804,0.2573044502262728,1.028545294001495,-0.274574103711787,0.020604997844872085,0,0
bci2a,shuffled,atcnet,temporal_conv_nets.4,46,10,64,0.2465277777777778,0.7717488220500158,0.33366418826249655,0.996929321618124,-0.24734970565701786,0.02216920608890951,0,0
bci2a,shuffled,atcnet,final_layer.4,46,10,64,0.2465277777777778,0.827669876659106,0.6338464215870052,1.1810816254927334,-0.4346056895667625,0.05169063895298025,0,0
bci2a,shuffled,atcnet,logits,46,10,64,0.2465277777777778,0.6969933299108814,0.4847727463964303,1.043020809755046,-0.5193203652038343,0.08595476653851478,0,0
bci2a,shuffled,atcnet,conv_block,46,20,64,0.2604166666666667,0.5348003559402517,0.35953225417384993,1.0972286440682484,-0.6453440318333711,0.08287091172367902,0,0
bci2a,shuffled,atcnet,attention_blocks.0,46,20,64,0.2604166666666667,0.6496132516362989,0.30545324456269934,1.2051151614435511,-0.6237227142317715,0.06822080442451908,0,0
bci2a,shuffled,atcnet,attention_blocks.4,46,20,64,0.2604166666666667,0.7312224031350398,0.26576858874985343,1.1051032263184972,-0.4024909375225454,0.02861011433908779,0,0
bci2a,shuffled,atcnet,temporal_conv_nets.0,46,20,64,0.2604166666666667,0.699596122966526,0.20217781898533982,0.8852189725249978,-0.20418560722077145,0.018562757662299607,0,0
bci2a,shuffled,atcnet,temporal_conv_nets.4,46,20,64,0.2604166666666667,0.6929589476890274,0.20022012354534868,0.9219911075291494,-0.2451793839083678,0.016147224068245807,0,0
bci2a,shuffled,atcnet,final_layer.4,46,20,64,0.2604166666666667,0.5897119952747504,0.4629777112451988,0.7984872948623728,-0.35167166862341964,0.034553480575534326,0,0
bci2a,shuffled,atcnet,logits,46,20,64,0.2604166666666667,0.6486221424402847,0.4070351674775472,0.8462891815729606,-0.354568102578545,0.04698994724446552,0,0
bci2a,shuffled,atcnet,conv_block,46,30,64,0.2604166666666667,0.46473842341686944,0.30857610039125083,1.0542837674186916,-0.6771608755408032,0.0874311613601225,0,0
bci2a,shuffled,atcnet,attention_blocks.0,46,30,64,0.2604166666666667,0.5652030942815351,0.3368960591059031,1.2924098915024813,-0.8428261932848279,0.11510652453693886,0,0
bci2a,shuffled,atcnet,attention_blocks.4,46,30,64,0.2604166666666667,0.6030073137188642,0.28709591635648585,1.091795523300265,-0.5324817364363077,0.043168050077089924,0,0
bci2a,shuffled,atcnet,temporal_conv_nets.0,46,30,64,0.2604166666666667,0.6591378091340934,0.19316952395166814,0.8616834420305218,-0.22752479014503424,0.02497915724860594,0,0
bci2a,shuffled,atcnet,temporal_conv_nets.4,46,30,64,0.2604166666666667,0.6290156810456426,0.19946750129901356,0.8876143255764146,-0.2777563481052047,0.01915770357443252,0,0
bci2a,shuffled,atcnet,final_layer.4,46,30,64,0.2604166666666667,0.6653012512223954,0.5274901034479001,1.1770013476570211,-0.7202841327389077,0.09355225664142064,0,0
bci2a,shuffled,atcnet,logits,46,30,64,0.2604166666666667,0.5569196869499171,0.44505032706349856,0.48436911551364614,-0.09902896411776593,0.014759804460564796,0,0
