dataset,label_mode,arch,layer,seed,epoch,n_windows,val_acc,raw_odi,anchored_odi,signed_baseline,signed_cross,signed_residual,raw_floor_pairs,anchor_excluded_pairs
sleepedf_full,true,eegnet,conv_temporal,41,0,65,0.2025,0.0004976390905650339,0.0004976390905650339,0.0,0.0,-0.00017350139968431305,0,0
sleepedf_full,true,eegnet,bnorm_1,41,0,65,0.2025,0.000553555698261581,0.0005535556982615808,0.0,0.0,-0.00018819349923972843,0,0
sleepedf_full,true,eegnet,conv_spatial,41,0,65,0.2025,0.0005535557023029754,0.0005535557023029754,0.0,0.0,-0.00018819349733055566,0,0
sleepedf_full,true,eegnet,conv_separable_depth,41,0,65,0.2025,0.008130796396221052,0.008130796396221052,0.0,0.0,0.0012315223987611824,0,0
sleepedf_full,true,eegnet,bnorm_2,41,0,65,0.2025,0.010155325808471505,0.010155325808471507,0.0,0.0,0.0016248703444272893,0,0
sleepedf_full,true,eegnet,pool_2,41,0,65,0.2025,0.05096188668955794,0.050961886689557936,0.0,0.0,0.029988645396080173,0,0
sleepedf_full,true,eegnet,logits,41,0,65,0.2025,0.3837770971383551,0.3837770971383551,0.0,0.0,0.03585832929956225,0,0
sleepedf_full,true,eegnet,conv_temporal,41,1,65,0.209,0.0006407829848673589,0.0006407829848673589,0.0,0.0,0.00019357056908123993,0,0
sleepedf_full,true,eegnet,bnorm_1,41,1,65,0.209,0.370125081867394,0.00044515510374521086,0.370316991107791,-0.00016985911923074427,-2.205012116682786e-05,0,0
sleepedf_full,true,eegnet,conv_spatial,41,1,65,0.209,0.004981514824719466,0.00046238802005979155,0.004988625481694562,-1.535424067770958e-06,-9.830926170288672e-05,0,0
sleepedf_full,true,eegnet,conv_separable_depth,41,1,65,0.209,0.6993982934051992,0.01375934598372828,0.7633506899582707,-0.06511780693207328,0.0011654103790015708,0,0
sleepedf_full,true,eegnet,bnorm_2,41,1,65,0.209,0.7868117882343368,0.016268987686473328,0.8498780183100493,-0.06295262121648157,-0.00011360885923098024,0,0
sleepedf_full,true,eegnet,pool_2,41,1,65,0.209,0.9081777285419638,0.18041076176441484,1.0008206308147876,-0.09247757854876223,-0.00016532372406264593,0,0
sleepedf_full,true,eegnet,logits,41,1,65,0.209,0.9898114621934577,0.655862425715675,1.1720958389897005,-0.18099261435248182,-0.001291762443761285,0,0
sleepedf_full,true,eegnet,conv_temporal,41,2,65,0.377,0.00068424306142698,0.0006842430614269799,0.0,0.0,0.00014059463009172293,0,0
sleepedf_full,true,eegnet,bnorm_1,41,2,65,0.377,0.3050267476752916,0.0005419476645661313,0.30531936316690206,-0.00017765855998025571,-0.00011495693163025328,0,0
sleepedf_full,true,eegnet,conv_spatial,41,2,65,0.377,0.010427174859949376,0.0005834826070229529,0.010424358161890688,4.5852650770323305e-05,-0.0002357668757778718,0,0
sleepedf_full,true,eegnet,conv_separable_depth,41,2,65,0.377,0.6286045403212709,0.04213008937949879,0.7498501410848274,-0.12843841645914023,0.0071928156955835265,0,0
sleepedf_full,true,eegnet,bnorm_2,41,2,65,0.377,0.6351769517915977,0.05607786969802827,0.7105059108711832,-0.07647074294617526,0.0011417838665893488,0,0
sleepedf_full,true,eegnet,pool_2,41,2,65,0.377,0.8180323656408143,0.325577674143857,0.9607123824414042,-0.14334407901143834,0.0006640622108478954,0,0
sleepedf_full,true,eegnet,logits,41,2,65,0.377,0.9066793612739802,0.7336751595935516,1.3635113405825323,-0.44815012042697844,-0.0281676044290742,0,0
sleepedf_full,true,eegnet,conv_temporal,41,5,65,0.6315,0.000914613506864715,0.0009146135068647153,0.0,0.0,1.8771672582963387e-05,0,0
sleepedf_full,true,eegnet,bnorm_1,41,5,65,0.6315,0.27771722696207496,0.0007535028822087662,0.27817341030866466,-0.00023008398618605959,-0.00022609936040384997,0,0
sleepedf_full,true,eegnet,conv_spatial,41,5,65,0.6315,0.01117953160104722,0.0008743168009620247,0.011430507525829348,3.715817138984387e-05,-0.0004965138283573256,0,0
sleepedf_full,true,eegnet,conv_separable_depth,41,5,65,0.6315,0.5593261854794087,0.11438823287161104,0.8079595402017673,-0.2862411747841311,0.03760782006177223,0,0
sleepedf_full,true,eegnet,bnorm_2,41,5,65,0.6315,0.4583225861866254,0.11339016935141912,0.5695608679589054,-0.13456774002615635,0.01735065952174376,0,0
sleepedf_full,true,eegnet,pool_2,41,5,65,0.6315,0.6600010120146834,0.3050120544626254,0.8755165087997407,-0.233560146154959,0.017272245174185352,0,0
sleepedf_full,true,eegnet,logits,41,5,65,0.6315,0.8037220518597898,0.7132570900057865,0.9512691382573907,-0.3066055769262864,-0.13154029340435056,0,0
sleepedf_full,true,eegnet,conv_temporal,41,10,65,0.6545,0.0010896844890828045,0.0010896844890828043,0.0,0.0,5.17122632320645e-05,0,0
sleepedf_full,true,eegnet,bnorm_1,41,10,65,0.6545,0.38804480413174974,0.0009406046824950038,0.38862763482405877,-0.0003585282005301793,-0.00022430249177900796,0,0
sleepedf_full,true,eegnet,conv_spatial,41,10,65,0.6545,0.029152278625423723,0.0012145896481989306,0.029742330467883826,3.51472870114473e-05,-0.0006700183220267814,0,0
sleepedf_full,true,eegnet,conv_separable_depth,41,10,65,0.6545,0.6393206295148508,0.11574514837461569,0.8723567317247821,-0.2606450924809939,0.027608990271062474,0,0
sleepedf_full,true,eegnet,bnorm_2,41,10,65,0.6545,0.4411849534105939,0.10751336341528606,0.5522736590197259,-0.13611535374145223,0.02050870243888666,0,0
sleepedf_full,true,eegnet,pool_2,41,10,65,0.6545,0.6650849501296556,0.29274789144323865,0.8712185814884981,-0.22436632412601507,0.01785792473636014,0,0
sleepedf_full,true,eegnet,logits,41,10,65,0.6545,0.7616563321458554,0.7085563621978419,0.838407566067193,-0.15836828358811905,-0.12164655741929102,0,0
sleepedf_full,true,eegnet,conv_temporal,41,20,65,0.6425,0.0010954055660207186,0.0010954055660207186,0.0,0.0,0.0001292391733358475,0,0
sleepedf_full,true,eegnet,bnorm_1,41,20,65,0.6425,0.4988899055858927,0.0010542697459055902,0.49946136916009004,-0.00038609023360214903,-0.0001853733405954671,0,0
sleepedf_full,true,eegnet,conv_spatial,41,20,65,0.6425,0.027801813591326646,0.0013851755993932876,0.02834869732832898,0.00010852025668451007,-0.0007574960035669304,0,0
sleepedf_full,true,eegnet,conv_separable_depth,41,20,65,0.6425,0.687949728936001,0.11725921717677239,0.9024241408378022,-0.2351798640457788,0.020705452143977492,0,0
sleepedf_full,true,eegnet,bnorm_2,41,20,65,0.6425,0.4092611927477841,0.0975312729137859,0.5262328654310773,-0.14866781773559437,0.02373932020332974,0,0
sleepedf_full,true,eegnet,pool_2,41,20,65,0.6425,0.6365365504391813,0.26145095501238286,0.8635742931819794,-0.24853742029575923,0.020251740050541416,0,0
sleepedf_full,true,eegnet,logits,41,20,65,0.6425,0.7560171978162286,0.6571045063345309,0.7933377522581991,-0.16048347743079805,-0.11525179721063773,0,0
sleepedf_full,true,eegnet,conv_temporal,42,0,65,0.205,0.00038917104231505706,0.00038917104231505685,0.0,0.0,-0.00010739431482810584,0,0
sleepedf_full,true,eegnet,bnorm_1,42,0,65,0.205,0.00041754217795454083,0.0004175421779545412,0.0,0.0,-5.136189973444862e-05,0,0
sleepedf_full,true,eegnet,conv_spatial,42,0,65,0.205,0.00041754216991565676,0.0004175421699156568,0.0,0.0,-5.136190393495538e-05,0,0
sleepedf_full,true,eegnet,conv_separable_depth,42,0,65,0.205,0.008533526653218807,0.008533526653218809,0.0,0.0,0.001611626671373597,0,0
sleepedf_full,true,eegnet,bnorm_2,42,0,65,0.205,0.00893492302474049,0.00893492302474049,0.0,0.0,0.0013602108269010354,0,0
sleepedf_full,true,eegnet,pool_2,42,0,65,0.205,0.04744109087042693,0.04744109087042693,0.0,0.0,0.01618300008283034,0,0
sleepedf_full,true,eegnet,logits,42,0,65,0.205,0.3834588611775457,0.3834588611775457,0.0,0.0,0.033166565623816056,0,0
sleepedf_full,true,eegnet,conv_temporal,42,1,65,0.2005,0.000542896020099135,0.0005428960200991347,0.0,0.0,1.840952918882348e-05,0,0
sleepedf_full,true,eegnet,bnorm_1,42,1,65,0.2005,0.3142345755388448,0.00047742776518826713,0.3139351762643494,0.00033678372187522854,-3.738444737997297e-05,0,0
sleepedf_full,true,eegnet,conv_spatial,42,1,65,0.2005,0.008248699176108284,0.00048465027856269303,0.008244029287631257,-2.813920688829339e-05,-6.15225760111096e-05,0,0
sleepedf_full,true,eegnet,conv_separable_depth,42,1,65,0.2005,0.6119425852146276,0.015666999542997908,0.6831651064636298,-0.07371714390113819,0.0024946226521358637,0,0
sleepedf_full,true,eegnet,bnorm_2,42,1,65,0.2005,0.7850872440544328,0.0156009583530953,0.8462154529760599,-0.06148203899116735,0.0003538300695401308,0,0
sleepedf_full,true,eegnet,pool_2,42,1,65,0.2005,0.8913665389633804,0.24595017025058874,0.9868787247230868,-0.0959693707239386,0.0004571849642322395,0,0
sleepedf_full,true,eegnet,logits,42,1,65,0.2005,0.9861974515759367,0.7268241120776097,1.1647285488542372,-0.17721418770101802,-0.001316909577282404,0,0
sleepedf_full,true,eegnet,conv_temporal,42,2,65,0.5155,0.0007435683762747647,0.0007435683762747647,0.0,0.0,5.078332619912197e-05,0,0
sleepedf_full,true,eegnet,bnorm_1,42,2,65,0.5155,0.3221911466434312,0.0006070842079111895,0.32195067688805995,0.00033192260047413055,-9.145284510322258e-05,0,0
sleepedf_full,true,eegnet,conv_spatial,42,2,65,0.5155,0.007637521093058941,0.00062342952806073,0.007572932135106044,-2.0595974315468845e-05,-0.000134657233788324,0,0
sleepedf_full,true,eegnet,conv_separable_depth,42,2,65,0.5155,0.5505784245743133,0.04507074203940237,0.6608346322195295,-0.12164822253671238,0.011392014891495836,0,0
sleepedf_full,true,eegnet,bnorm_2,42,2,65,0.5155,0.6469304080453351,0.052349710903603526,0.752297144636571,-0.1107473349364978,0.00538059834526183,0,0
sleepedf_full,true,eegnet,pool_2,42,2,65,0.5155,0.8009887474726657,0.32026573818876897,0.9820624560933117,-0.1869580216374993,0.0058843130168524565,0,0
sleepedf_full,true,eegnet,logits,42,2,65,0.5155,0.8571650742784447,0.6849512359261378,1.4787344472715414,-0.6524254449952783,-0.024946312346827326,0,0
sleepedf_full,true,eegnet,conv_temporal,42,5,65,0.595,0.0009063161271622437,0.0009063161271622441,0.0,0.0,1.9506268926335132e-05,0,0
sleepedf_full,true,eegnet,bnorm_1,42,5,65,0.595,0.36254462501213625,0.0007973191712918339,0.36239376729807776,0.0003058816747799197,-0.00015502396072145943,0,0
sleepedf_full,true,eegnet,conv_spatial,42,5,65,0.595,0.015013244052976741,0.000834817210109048,0.014987580036807247,-4.097600579720108e-06,-0.0002273542559224064,0,0
sleepedf_full,true,eegnet,conv_separable_depth,42,5,65,0.595,0.5460881243058792,0.09763856206758674,0.7001500216659127,-0.18044118400846462,0.02637928664843112,0,0
sleepedf_full,true,eegnet,bnorm_2,42,5,65,0.595,0.49819890109202764,0.12281132547292221,0.5863144249231345,-0.11479068723649706,0.02335238600752421,0,0
sleepedf_full,true,eegnet,pool_2,42,5,65,0.595,0.6826890810882065,0.3386442609336183,0.8909074754283235,-0.22878987061024875,0.019673848780956196,0,0
sleepedf_full,true,eegnet,logits,42,5,65,0.595,0.8049346659480373,0.6739690153778767,0.9993941809566973,-0.24042803991175654,-0.0837871702496517,0,0
sleepedf_full,true,eegnet,conv_temporal,42,10,65,0.6175,0.0009445210883435517,0.0009445210883435516,0.0,0.0,-7.828209315160413e-05,0,0
sleepedf_full,true,eegnet,bnorm_1,42,10,65,0.6175,0.47229789867268396,0.0008398951818583469,0.4722005444495921,0.00023809470482338718,-0.00014074048173157592,0,0
sleepedf_full,true,eegnet,conv_spatial,42,10,65,0.6175,0.0479824167905749,0.0009182179593554275,0.04822393693539898,5.2278285961400084e-05,-0.00031868655076494016,0,0
sleepedf_full,true,eegnet,conv_separable_depth,42,10,65,0.6175,0.599342959004551,0.09424568741231619,0.7728609461964395,-0.1959365593880872,0.02241857219619858,0,0
sleepedf_full,true,eegnet,bnorm_2,42,10,65,0.6175,0.45341013012374815,0.10016373181030605,0.5561158863806487,-0.1330495123475384,0.026824997192740608,0,0
sleepedf_full,true,eegnet,pool_2,42,10,65,0.6175,0.6800705520040026,0.27847721504875406,0.9077041893867871,-0.2551880409754353,0.02754045934507277,0,0
sleepedf_full,true,eegnet,logits,42,10,65,0.6175,0.7885256827448534,0.6663748174381557,0.8976127872517548,-0.13589331940671992,-0.07521190789718799,0,0
sleepedf_full,true,eegnet,conv_temporal,42,20,65,0.6265,0.0009642218433504601,0.0009642218433504599,0.0,0.0,2.4920025688041672e-05,0,0
sleepedf_full,true,eegnet,bnorm_1,42,20,65,0.6265,0.5638662993952739,0.0008172914358731636,0.5637912205521647,0.00018871630174016206,-0.00011363745863146622,0,0
sleepedf_full,true,eegnet,conv_spatial,42,20,65,0.6265,0.07765461401718894,0.0009368653618316905,0.07782100398273407,0.00013913519216140826,-0.0003165524399986446,0,0
sleepedf_full,true,eegnet,conv_separable_depth,42,20,65,0.6265,0.6477391462363035,0.08113141782903063,0.809073329266231,-0.1767696481885913,0.015435465158663484,0,0
sleepedf_full,true,eegnet,bnorm_2,42,20,65,0.6265,0.39942691405145714,0.08366807856781168,0.4969155875487259,-0.12940861671731438,0.025109853383606648,0,0
sleepedf_full,true,eegnet,pool_2,42,20,65,0.6265,0.651730645352476,0.25610204488048605,0.8811807402895158,-0.2564514921707087,0.02698353278749194,0,0
sleepedf_full,true,eegnet,logits,42,20,65,0.6265,0.7090683489336592,0.6531798123463539,0.6677502696698759,-0.015440983116982217,-0.07095745554274996,0,0
sleepedf_full,true,eegnet,conv_temporal,43,0,65,0.194,0.00041593123111971985,0.00041593123111971996,0.0,0.0,-0.00018483356705362454,0,0
sleepedf_full,true,eegnet,bnorm_1,43,0,65,0.194,0.00047783750165099353,0.00047783750165099364,0.0,0.0,-0.0001201381951586498,0,0
sleepedf_full,true,eegnet,conv_spatial,43,0,65,0.194,0.00047783749416046705,0.00047783749416046716,0.0,0.0,-0.00012013818404623521,0,0
sleepedf_full,true,eegnet,conv_separable_depth,43,0,65,0.194,0.0097722530643831,0.009772253064383098,0.0,0.0,0.0016902685644963808,0,0
sleepedf_full,true,eegnet,bnorm_2,43,0,65,0.194,0.010762380277160363,0.010762380277160363,0.0,0.0,0.0023621990425675065,0,0
sleepedf_full,true,eegnet,pool_2,43,0,65,0.194,0.08015034366592606,0.08015034366592606,0.0,0.0,0.06559665059133032,0,0
sleepedf_full,true,eegnet,logits,43,0,65,0.194,0.38422704938437685,0.38422704938437685,0.0,0.0,0.0033551257294911763,0,0
sleepedf_full,true,eegnet,conv_temporal,43,1,65,0.2905,0.0005116462540464017,0.0005116462540464018,0.0,0.0,-0.00016529289447047318,0,0
sleepedf_full,true,eegnet,bnorm_1,43,1,65,0.2905,0.25892719680446796,0.0004917437073096925,0.2589970301663007,2.703560078011644e-05,-9.68689626129809e-05,0,0
sleepedf_full,true,eegnet,conv_spatial,43,1,65,0.2905,0.016660339379780516,0.0005021381846132801,0.016806289461625313,4.68131338711071e-06,-0.0002010009782798184,0,0
sleepedf_full,true,eegnet,conv_separable_depth,43,1,65,0.2905,0.6185213937772336,0.020558145448542568,0.7216805177485528,-0.1070685850491281,0.003909461077808868,0,0
sleepedf_full,true,eegnet,bnorm_2,43,1,65,0.2905,0.8252827089690421,0.023606536774968226,0.9019105236257815,-0.07802525903550847,0.0013974443787690251,0,0
sleepedf_full,true,eegnet,pool_2,43,1,65,0.2905,0.9308064568165324,0.2756547402178911,1.0313836319596426,-0.10271949799667793,0.0021423228535674627,0,0
sleepedf_full,true,eegnet,logits,43,1,65,0.2905,0.913766952013063,0.590026131912495,1.1036744901822058,-0.19379913245325847,0.0038915942841159317,0,0
sleepedf_full,true,eegnet,conv_temporal,43,2,65,0.4915,0.0006070176988579077,0.0006070176988579077,0.0,0.0,-2.283359316510984e-05,0,0
sleepedf_full,true,eegnet,bnorm_1,43,2,65,0.4915,0.2352553647025244,0.0005210305594036799,0.23530527385012523,3.529735063534319e-05,-8.520649823640776e-05,0,0
sleepedf_full,true,eegnet,conv_spatial,43,2,65,0.4915,0.016147916860432286,0.0005861872520802268,0.016229733905505226,-1.5147242823566016e-05,-0.00017905432170431005,0,0
sleepedf_full,true,eegnet,conv_separable_depth,43,2,65,0.4915,0.5382777832375737,0.0613470224578986,0.7252006675613525,-0.20411855456800798,0.015916252529932784,0,0
sleepedf_full,true,eegnet,bnorm_2,43,2,65,0.4915,0.6768258349444883,0.07190369514495466,0.8279385198517304,-0.15719179587965204,0.006079110972409801,0,0
sleepedf_full,true,eegnet,pool_2,43,2,65,0.4915,0.8292998654807339,0.3679980843362411,1.0642140449667954,-0.2458586193265879,0.010944439840526165,0,0
sleepedf_full,true,eegnet,logits,43,2,65,0.4915,0.7266546152202085,0.7367925260026764,0.8933277782528242,-0.3316299591610585,-0.01406738664725141,0,0
sleepedf_full,true,eegnet,conv_temporal,43,5,65,0.5885,0.0007747881385754253,0.0007747881385754255,0.0,0.0,8.600069560016749e-05,0,0
sleepedf_full,true,eegnet,bnorm_1,43,5,65,0.5885,0.23443043597206512,0.0006324461534040151,0.2345924953677988,-1.321401971701866e-05,-0.00014884537601684146,0,0
sleepedf_full,true,eegnet,conv_spatial,43,5,65,0.5885,0.014171906698473258,0.0008057915239100699,0.014234042026101191,-3.656559685801687e-05,-0.00025113062866129784,0,0
sleepedf_full,true,eegnet,conv_separable_depth,43,5,65,0.5885,0.5068947845838353,0.10845566331415175,0.732648532093504,-0.2623678187346534,0.032578408200990686,0,0
sleepedf_full,true,eegnet,bnorm_2,43,5,65,0.5885,0.4786701229500697,0.11325108616439462,0.6394493417019599,-0.18831555792920054,0.022967774330004104,0,0
sleepedf_full,true,eegnet,pool_2,43,5,65,0.5885,0.6741698460989755,0.370220390240405,0.967385688591138,-0.33380603840612877,0.0398922382914601,0,0
sleepedf_full,true,eegnet,logits,43,5,65,0.5885,0.8451624909016566,0.7478655725420377,0.44434670654392633,-0.0656851476479871,-0.049796722327177086,0,0
sleepedf_full,true,eegnet,conv_temporal,43,10,65,0.63,0.0009204965127453258,0.0009204965127453256,0.0,0.0,5.001386688234458e-05,0,0
sleepedf_full,true,eegnet,bnorm_1,43,10,65,0.63,0.33477421180732136,0.0007195026465055515,0.33493487136813,-5.822795267158448e-06,-0.0001548367655414648,0,0
sleepedf_full,true,eegnet,conv_spatial,43,10,65,0.63,0.008883973325155647,0.000979535907561266,0.008834550861038072,-4.6064835762645103e-05,-0.0003221908373881277,0,0
sleepedf_full,true,eegnet,conv_separable_depth,43,10,65,0.63,0.5879603548037907,0.0964320948013097,0.8112135829806787,-0.24790970474248394,0.02465647656559586,0,0
sleepedf_full,true,eegnet,bnorm_2,43,10,65,0.63,0.466381465278502,0.07436474506013727,0.6269977774618399,-0.18008710841701683,0.017499211116525745,0,0
sleepedf_full,true,eegnet,pool_2,43,10,65,0.63,0.6990466299768485,0.2871748253144587,0.9975775617944609,-0.3285915676337616,0.030060635816149664,0,0
sleepedf_full,true,eegnet,logits,43,10,65,0.63,0.790588740949512,0.6862269298636914,0.806976136671472,-0.17225263266162602,-0.11786387630425126,0,0
sleepedf_full,true,eegnet,conv_temporal,43,20,65,0.634,0.0009747974216717974,0.0009747974216717976,0.0,0.0,0.00019088672057956352,0,0
sleepedf_full,true,eegnet,bnorm_1,43,20,65,0.634,0.45215013951786814,0.000866873054656402,0.45229112814650546,-1.3115807022858316e-06,-0.0001396770479353522,0,0
sleepedf_full,true,eegnet,conv_spatial,43,20,65,0.634,0.05732564697387759,0.0012529661825950787,0.057346599522409336,0.0001236777682750851,-0.0003231356464130005,0,0
sleepedf_full,true,eegnet,conv_separable_depth,43,20,65,0.634,0.6218074564760953,0.08143292812246707,0.829537034371032,-0.22629964727610036,0.018570069381163797,0,0
sleepedf_full,true,eegnet,bnorm_2,43,20,65,0.634,0.40296997714290894,0.059080214513379185,0.5468246934328427,-0.1624608154169595,0.015258255471892851,0,0
sleepedf_full,true,eegnet,pool_2,43,20,65,0.634,0.6752578052455384,0.2586493689032629,0.975385660668238,-0.329066334867044,0.028938479444343926,0,0
sleepedf_full,true,eegnet,logits,43,20,65,0.634,0.778391626332413,0.6561643937890232,0.6256465000460969,-0.07540240062079327,-0.12208346506369712,0,0
sleepedf_full,true,eegnet,conv_temporal,44,0,65,0.206,0.0005885035878190097,0.0005885035878190092,0.0,0.0,-6.581964595205412e-05,0,0
sleepedf_full,true,eegnet,bnorm_1,44,0,65,0.206,0.0007609828031410281,0.0007609828031410282,0.0,0.0,-0.0001093810629080403,0,0
sleepedf_full,true,eegnet,conv_spatial,44,0,65,0.206,0.0007609827966273938,0.0007609827966273939,0.0,0.0,-0.00010938106488112134,0,0
sleepedf_full,true,eegnet,conv_separable_depth,44,0,65,0.206,0.008281651120737357,0.008281651120737359,0.0,0.0,0.0029259731796819725,0,0
sleepedf_full,true,eegnet,bnorm_2,44,0,65,0.206,0.010209339859896133,0.010209339859896131,0.0,0.0,0.003317073396201938,0,0
sleepedf_full,true,eegnet,pool_2,44,0,65,0.206,0.06291107855387212,0.06291107855387211,0.0,0.0,0.030622530443997546,0,0
sleepedf_full,true,eegnet,logits,44,0,65,0.206,0.38620255997266645,0.38620255997266645,0.0,0.0,0.029926070901518064,0,0
sleepedf_full,true,eegnet,conv_temporal,44,1,65,0.2055,0.0007110494829835905,0.0007110494829835904,0.0,0.0,0.00015315684265449617,0,0
sleepedf_full,true,eegnet,bnorm_1,44,1,65,0.2055,0.38126652094797997,0.0007169263818356032,0.3812486113391926,-4.806809104322215e-05,6.59776998304571e-05,0,0
sleepedf_full,true,eegnet,conv_spatial,44,1,65,0.2055,0.013669581692143109,0.0007440908616392903,0.013704524882238684,-4.58229320749489e-05,-8.746292487390968e-06,0,0
sleepedf_full,true,eegnet,conv_separable_depth,44,1,65,0.2055,0.6725362704842539,0.013397462421236983,0.7347357491921322,-0.06316330318996939,0.0009638244820911876,0,0
sleepedf_full,true,eegnet,bnorm_2,44,1,65,0.2055,0.8574899508639869,0.012393298843904093,0.9188394764144058,-0.06162562129445855,0.00027609574403954,0,0
sleepedf_full,true,eegnet,pool_2,44,1,65,0.2055,0.9235628002713161,0.1332455087916919,1.0069944356947358,-0.08388622674118315,0.0004545913177633623,0,0
sleepedf_full,true,eegnet,logits,44,1,65,0.2055,0.9934077226112287,0.586146387582603,1.1257788007388727,-0.13267217399442396,0.0003010958667800121,0,0
sleepedf_full,true,eegnet,conv_temporal,44,2,65,0.441,0.0007751159545201166,0.0007751159545201164,0.0,0.0,0.00025416087750096595,0,0
sleepedf_full,true,eegnet,bnorm_1,44,2,65,0.441,0.3534991900133925,0.0006264469386182838,0.35348788615324656,-3.553439869929123e-05,4.683825884506199e-05,0,0
sleepedf_full,true,eegnet,conv_spatial,44,2,65,0.441,0.015258552301768164,0.0007387917454615386,0.015272722437585831,-3.894040145886722e-05,-8.724925330941226e-06,0,0
sleepedf_full,true,eegnet,conv_separable_depth,44,2,65,0.441,0.6256880281782905,0.031740565503595136,0.7281670743917755,-0.10601274593738047,0.0035336997238954605,0,0
sleepedf_full,true,eegnet,bnorm_2,44,2,65,0.441,0.7363047637592313,0.030043406823282687,0.8247899899893382,-0.08894262093295423,0.0004573947028472343,0,0
sleepedf_full,true,eegnet,pool_2,44,2,65,0.441,0.8260591087004794,0.23201833347918738,0.9801483925558727,-0.15510105650588768,0.0010117726504938627,0,0
sleepedf_full,true,eegnet,logits,44,2,65,0.441,0.9610835904548468,0.8729888588773583,1.3819423810920168,-0.4251141964895793,-0.00541540035104428,0,0
sleepedf_full,true,eegnet,conv_temporal,44,5,65,0.5625,0.0009162786253429882,0.0009162786253429885,0.0,0.0,-8.432378117756045e-05,0,0
sleepedf_full,true,eegnet,bnorm_1,44,5,65,0.5625,0.30638756355908975,0.00060924168163239,0.3065489111019934,-3.095041064586201e-05,-0.00013039713225830718,0,0
sleepedf_full,true,eegnet,conv_spatial,44,5,65,0.5625,0.0404227461735156,0.0007920506303065407,0.040631984381450985,-0.00014335449580007084,-0.0001594791192401866,0,0
sleepedf_full,true,eegnet,conv_separable_depth,44,5,65,0.5625,0.5586967121654991,0.12936320152098046,0.7767925081727414,-0.25346448261209903,0.03515248739714346,0,0
sleepedf_full,true,eegnet,bnorm_2,44,5,65,0.5625,0.5167393164002904,0.16163154418283296,0.5860377820779425,-0.09043474914510222,0.01921287046255087,0,0
sleepedf_full,true,eegnet,pool_2,44,5,65,0.5625,0.6598388059925627,0.36023475973398106,0.7981720106801395,-0.16062276068264694,0.020183746319803464,0,0
sleepedf_full,true,eegnet,logits,44,5,65,0.5625,0.7732269649651987,0.7313353715252898,0.8898342301532863,-0.1332174767684815,-0.08239880818469829,0,0
sleepedf_full,true,eegnet,conv_temporal,44,10,65,0.637,0.0010695804347746192,0.0010695804347746192,0.0,0.0,-3.265659873452125e-05,0,0
sleepedf_full,true,eegnet,bnorm_1,44,10,65,0.637,0.4033613109114034,0.0009642932088422974,0.40354895573514943,7.686849597490136e-06,-0.00019533167334361375,0,0
sleepedf_full,true,eegnet,conv_spatial,44,10,65,0.637,0.034422792139190285,0.0011496665707232253,0.03469046681217432,-2.2496010532955922e-05,-0.0003813782113728856,0,0
sleepedf_full,true,eegnet,conv_separable_depth,44,10,65,0.637,0.6212568957163638,0.1207308375262499,0.8487157941338629,-0.2553195643105199,0.02786066589302053,0,0
sleepedf_full,true,eegnet,bnorm_2,44,10,65,0.637,0.4684793597082145,0.13052602435688496,0.5647566509168411,-0.1205974063532612,0.02339226534845071,0,0
sleepedf_full,true,eegnet,pool_2,44,10,65,0.637,0.656314900700536,0.2976603105031196,0.8464059630678571,-0.21698365870697653,0.026805345769499216,0,0
sleepedf_full,true,eegnet,logits,44,10,65,0.637,0.745837585803561,0.6680345743447885,0.794034782334067,-0.08782599109384025,-0.11047340426094895,0,0
sleepedf_full,true,eegnet,conv_temporal,44,20,65,0.661,0.0011658307900417463,0.0011658307900417463,0.0,0.0,0.00011911196217121035,0,0
sleepedf_full,true,eegnet,bnorm_1,44,20,65,0.661,0.4994427793314629,0.0011526863441424524,0.4995913785620173,2.5440605167569787e-05,-0.0001740398357224841,0,0
sleepedf_full,true,eegnet,conv_spatial,44,20,65,0.661,0.06756822402399815,0.0012996743470853342,0.06795444502283585,2.1154547141341214e-05,-0.00042046100450125534,0,0
sleepedf_full,true,eegnet,conv_separable_depth,44,20,65,0.661,0.6739101464836095,0.11574039916896657,0.8724488938584735,-0.21684196010563883,0.01830321273077466,0,0
sleepedf_full,true,eegnet,bnorm_2,44,20,65,0.661,0.4547484036521976,0.12163443256037751,0.5551550108142754,-0.12321154033867815,0.02174939116595313,0,0
sleepedf_full,true,eegnet,pool_2,44,20,65,0.661,0.6612959781638205,0.2813382865902293,0.8787015333986641,-0.23909347242300683,0.02155850140346015,0,0
sleepedf_full,true,eegnet,logits,44,20,65,0.661,0.7472299654554131,0.6283008711349103,0.9057456957020902,-0.17426546930227088,-0.08746662046383412,0,0
sleepedf_full,true,eegnet,conv_temporal,45,0,65,0.1945,0.0005271817627119246,0.0005271817627119248,0.0,0.0,-6.375741053914187e-05,0,0
sleepedf_full,true,eegnet,bnorm_1,45,0,65,0.1945,0.0008577270012892522,0.0008577270012892525,0.0,0.0,-6.718318948164428e-05,0,0
sleepedf_full,true,eegnet,conv_spatial,45,0,65,0.1945,0.0008577269873753876,0.0008577269873753876,0.0,0.0,-6.718319663287814e-05,0,0
sleepedf_full,true,eegnet,conv_separable_depth,45,0,65,0.1945,0.009668269855091068,0.009668269855091064,0.0,0.0,0.0023137908144560022,0,0
sleepedf_full,true,eegnet,bnorm_2,45,0,65,0.1945,0.01064533513333615,0.01064533513333615,0.0,0.0,0.0026753883245181375,0,0
sleepedf_full,true,eegnet,pool_2,45,0,65,0.1945,0.09418858114349893,0.09418858114349891,0.0,0.0,0.0836861302636552,0,0
sleepedf_full,true,eegnet,logits,45,0,65,0.1945,0.39793159326525324,0.39793159326525324,0.0,0.0,0.10689922236027952,0,0
sleepedf_full,true,eegnet,conv_temporal,45,1,65,0.284,0.0004978492879370619,0.0004978492879370617,0.0,0.0,6.535543052547133e-05,0,0
sleepedf_full,true,eegnet,bnorm_1,45,1,65,0.284,0.3661669251321464,0.0007947464361374455,0.36624561058850263,-0.00015592286585604335,7.723740949941134e-05,0,0
sleepedf_full,true,eegnet,conv_spatial,45,1,65,0.284,0.0022533638887582076,0.0008239358128049593,0.0017196548691215583,1.31782768092589e-05,0.00014611096149009983,0,0
sleepedf_full,true,eegnet,conv_separable_depth,45,1,65,0.284,0.6560344545804286,0.03282490874891773,0.7776105985254327,-0.12627805387430902,0.004701909929304934,0,0
sleepedf_full,true,eegnet,bnorm_2,45,1,65,0.284,0.792890137166129,0.030829872368230246,0.9077227358642909,-0.11666065776220338,0.0018280590640414806,0,0
sleepedf_full,true,eegnet,pool_2,45,1,65,0.284,0.8733947070591344,0.33036996597095586,1.039081648122271,-0.1685829072406148,0.0028959661774776626,0,0
sleepedf_full,true,eegnet,logits,45,1,65,0.284,0.9712018440486268,0.7098562674240265,1.6146237470758122,-0.671473999353308,0.009144337163643766,0,0
sleepedf_full,true,eegnet,conv_temporal,45,2,65,0.513,0.0005596584231435133,0.0005596584231435127,0.0,0.0,0.00010390567621110792,0,0
sleepedf_full,true,eegnet,bnorm_1,45,2,65,0.513,0.3419423869483579,0.0007048979993309591,0.342154416925321,-0.00019726583257020886,-1.4764144393360344e-05,0,0
sleepedf_full,true,eegnet,conv_spatial,45,2,65,0.513,0.007239423400114144,0.0008096510293385642,0.007087672541934098,-3.108350871971878e-05,-3.6934982714601726e-05,0,0
sleepedf_full,true,eegnet,conv_separable_depth,45,2,65,0.513,0.6095773752357753,0.0583397639404318,0.7515903923946169,-0.15206988574586808,0.00988506342235342,0,0
sleepedf_full,true,eegnet,bnorm_2,45,2,65,0.513,0.6778622130668122,0.055545530749304906,0.803325993298382,-0.12679131692925705,0.0012451557700061675,0,0
sleepedf_full,true,eegnet,pool_2,45,2,65,0.513,0.7755353667790891,0.3853555888753866,0.9882251961339275,-0.21525178061660735,0.002465546342477542,0,0
sleepedf_full,true,eegnet,logits,45,2,65,0.513,0.8732125199699394,0.6600767563889297,1.9007555736185486,-1.262541010965492,-0.008544291367485468,0,0
sleepedf_full,true,eegnet,conv_temporal,45,5,65,0.6105,0.0007462527998027738,0.0007462527998027735,0.0,0.0,-3.4015843594867415e-05,0,0
sleepedf_full,true,eegnet,bnorm_1,45,5,65,0.6105,0.2872212180795349,0.0007256168326827822,0.28749450139667554,-0.00010463957481169855,-0.00016864374232940883,0,0
sleepedf_full,true,eegnet,conv_spatial,45,5,65,0.6105,0.012544992841679026,0.000939780635285096,0.012630390501735062,-1.3139410782220768e-05,-0.00030751485183201736,0,0
sleepedf_full,true,eegnet,conv_separable_depth,45,5,65,0.6105,0.5751222247998955,0.13178622898460757,0.7575102059763854,-0.2189549851420954,0.03656700396560534,0,0
sleepedf_full,true,eegnet,bnorm_2,45,5,65,0.6105,0.5652368362880353,0.13886946050576757,0.6587739357766583,-0.1110635524599065,0.01628483768410959,0,0
sleepedf_full,true,eegnet,pool_2,45,5,65,0.6105,0.7121379773157941,0.4073303784758658,0.9167194057054239,-0.21941079517349885,0.014142896918892041,0,0
sleepedf_full,true,eegnet,logits,45,5,65,0.6105,0.8114233314129916,0.8398081425956663,1.1832240943597512,-0.38071070866321133,-0.06230350687270337,0,0
sleepedf_full,true,eegnet,conv_temporal,45,10,65,0.602,0.000901547561519455,0.000901547561519455,0.0,0.0,-0.00014657376244561307,0,0
sleepedf_full,true,eegnet,bnorm_1,45,10,65,0.602,0.3415743069938513,0.0008451666453271748,0.34179268547393427,-1.8851393889428753e-05,-0.0001995270861936738,0,0
sleepedf_full,true,eegnet,conv_spatial,45,10,65,0.602,0.02617180065963075,0.0011058414402378238,0.026543811217169044,2.8007836407519516e-05,-0.0004578290303763561,0,0
sleepedf_full,true,eegnet,conv_separable_depth,45,10,65,0.602,0.6087479200776404,0.1457284364875301,0.8332548290064627,-0.2622341330255924,0.03772722409677006,0,0
sleepedf_full,true,eegnet,bnorm_2,45,10,65,0.602,0.49386535620486327,0.13768320474879994,0.5855636535574532,-0.1177868506253165,0.02345020845038336,0,0
sleepedf_full,true,eegnet,pool_2,45,10,65,0.602,0.6664618230972846,0.3403801338887497,0.8754886630378331,-0.2299807810492767,0.01986411729845518,0,0
sleepedf_full,true,eegnet,logits,45,10,65,0.602,0.7844128537173307,0.7647420674635504,0.9334030272223557,-0.25295382370856817,-0.10108369577947338,0,0
sleepedf_full,true,eegnet,conv_temporal,45,20,65,0.633,0.0010516525436847287,0.0010516525436847287,0.0,0.0,-0.0001745534377911738,0,0
sleepedf_full,true,eegnet,bnorm_1,45,20,65,0.633,0.4396384116017282,0.000941452266075137,0.4398458140059315,-2.7852256697742564e-05,-0.00017955014750597673,0,0
sleepedf_full,true,eegnet,conv_spatial,45,20,65,0.633,0.010885797815518879,0.0013698589816873118,0.010894101570942772,5.388029772250369e-05,-0.000601326296365301,0,0
sleepedf_full,true,eegnet,conv_separable_depth,45,20,65,0.633,0.6698737572583977,0.13442449728364417,0.8894986417232178,-0.2451580830142117,0.025533198549391633,0,0
sleepedf_full,true,eegnet,bnorm_2,45,20,65,0.633,0.4892110091640905,0.1280021112941387,0.627533408095562,-0.16674939907697559,0.02612929031200404,0,0
sleepedf_full,true,eegnet,pool_2,45,20,65,0.633,0.6717578836342557,0.2734880340720425,0.9509157325509412,-0.3036713105449451,0.024045453304326243,0,0
sleepedf_full,true,eegnet,logits,45,20,65,0.633,0.746763708494924,0.6672046091609566,0.8121820906524143,-0.17535982516160395,-0.09067711088145808,0,0
sleepedf_full,true,eegnet,conv_temporal,46,0,65,0.2035,0.000630440660361508,0.000630440660361508,0.0,0.0,-0.0003651965956093213,0,0
sleepedf_full,true,eegnet,bnorm_1,46,0,65,0.2035,0.0006742565520295736,0.0006742565520295736,0.0,0.0,-0.0002888539946971825,0,0
sleepedf_full,true,eegnet,conv_spatial,46,0,65,0.2035,0.0006742565595994881,0.0006742565595994881,0.0,0.0,-0.00028885399106070247,0,0
sleepedf_full,true,eegnet,conv_separable_depth,46,0,65,0.2035,0.0088170663722042,0.008817066372204202,0.0,0.0,0.0007940247512119591,0,0
sleepedf_full,true,eegnet,bnorm_2,46,0,65,0.2035,0.010344466907637897,0.010344466907637894,0.0,0.0,0.0006197007696234034,0,0
sleepedf_full,true,eegnet,pool_2,46,0,65,0.2035,0.0485823545040798,0.0485823545040798,0.0,0.0,0.01924295937574745,0,0
sleepedf_full,true,eegnet,logits,46,0,65,0.2035,0.3726007263871177,0.37260072638711766,0.0,0.0,0.03430923011097988,0,0
sleepedf_full,true,eegnet,conv_temporal,46,1,65,0.278,0.0004779664110074181,0.0004779664110074184,0.0,0.0,1.9641645175943886e-05,0,0
sleepedf_full,true,eegnet,bnorm_1,46,1,65,0.278,0.3361653626828472,0.0005910973552216715,0.3358058297470525,0.0002888560486416889,7.067688715296902e-05,0,0
sleepedf_full,true,eegnet,conv_spatial,46,1,65,0.278,0.0022672975220229983,0.0006093334980015244,0.0020444003213746145,-2.321446708313728e-05,8.379229630143377e-05,0,0
sleepedf_full,true,eegnet,conv_separable_depth,46,1,65,0.278,0.5709955431027299,0.022717260896493542,0.692453300279053,-0.12706369373069895,0.005162810603464292,0,0
sleepedf_full,true,eegnet,bnorm_2,46,1,65,0.278,0.5364294949631891,0.015674621876251748,0.60845618336798,-0.07285125619737452,5.090831953030709e-05,0,0
sleepedf_full,true,eegnet,pool_2,46,1,65,0.278,0.7044485075474897,0.14421667966954335,0.8552295574371869,-0.1532005460326643,0.0009475950852183125,0,0
sleepedf_full,true,eegnet,logits,46,1,65,0.278,0.8338567717640453,0.7162830991933896,1.2574644944384274,-0.7386314476566078,-0.005320738405422004,0,0
sleepedf_full,true,eegnet,conv_temporal,46,2,65,0.4855,0.00053829345580028,0.0005382934558002801,0.0,0.0,0.00014077718419993506,0,0
sleepedf_full,true,eegnet,bnorm_1,46,2,65,0.4855,0.2903194684375772,0.0004983356442286035,0.2902517586950485,0.00013270819948266996,-6.499845695421653e-05,0,0
sleepedf_full,true,eegnet,conv_spatial,46,2,65,0.4855,0.010382910289366557,0.0005067661251152464,0.010413977754478845,7.371118265827909e-05,-0.00011926610585860017,0,0
sleepedf_full,true,eegnet,conv_separable_depth,46,2,65,0.4855,0.531898678209088,0.05754716972145957,0.6999495613008401,-0.18541229165812162,0.016660372744542257,0,0
sleepedf_full,true,eegnet,bnorm_2,46,2,65,0.4855,0.5041842434533502,0.05541159428819535,0.5616179013396574,-0.06476988993936715,0.0007360398995033595,0,0
sleepedf_full,true,eegnet,pool_2,46,2,65,0.4855,0.6551120109210409,0.3703187861228812,0.8276233134315303,-0.18937917619398545,-0.0006716058047879809,0,0
sleepedf_full,true,eegnet,logits,46,2,65,0.4855,0.8192356585945615,0.7479665116673134,1.1342271786675997,-0.5650343985432151,-0.06663610706876015,0,0
sleepedf_full,true,eegnet,conv_temporal,46,5,65,0.624,0.000814684321297115,0.0008146843212971151,0.0,0.0,5.372709789621004e-07,0,0
sleepedf_full,true,eegnet,bnorm_1,46,5,65,0.624,0.26677412089944175,0.0007480268701979713,0.26698010039998576,6.79881056209005e-05,-0.0002739676061650873,0,0
sleepedf_full,true,eegnet,conv_spatial,46,5,65,0.624,0.01594333807404678,0.0006975329136449549,0.016292592660434202,6.208085872616886e-05,-0.00041440890458378126,0,0
sleepedf_full,true,eegnet,conv_separable_depth,46,5,65,0.624,0.5225129433114597,0.1054500104769905,0.7639142032213981,-0.2824332064783634,0.041031946568425105,0,0
sleepedf_full,true,eegnet,bnorm_2,46,5,65,0.624,0.4405895848133777,0.1000642474628329,0.4788281933339411,-0.06271320755715323,0.017394609122445927,0,0
sleepedf_full,true,eegnet,pool_2,46,5,65,0.624,0.6190082209119926,0.33979368088036965,0.7549096705263674,-0.15998853804114108,0.02049913451989469,0,0
sleepedf_full,true,eegnet,logits,46,5,65,0.624,0.7840627861643714,0.7603481706801604,0.800044835300607,-0.14688849225376688,-0.12249289264078442,0,0
sleepedf_full,true,eegnet,conv_temporal,46,10,65,0.653,0.0008770896485214207,0.0008770896485214207,0.0,0.0,1.1810596876175613e-05,0,0
sleepedf_full,true,eegnet,bnorm_1,46,10,65,0.653,0.3789431716468614,0.0008549504479285864,0.37917754269803766,1.9790958891679098e-05,-0.00025416201006786424,0,0
sleepedf_full,true,eegnet,conv_spatial,46,10,65,0.653,0.011352878673942194,0.0008314798401170665,0.011702768415752882,-4.178713133324185e-05,-0.0004921721817128309,0,0
sleepedf_full,true,eegnet,conv_separable_depth,46,10,65,0.653,0.6195944456525374,0.10812132831823486,0.8502248967690098,-0.25920869923835743,0.028578248121885204,0,0
sleepedf_full,true,eegnet,bnorm_2,46,10,65,0.653,0.4701014435510554,0.08685742637328664,0.5266359450029149,-0.07330948665855684,0.012681570375487965,0,0
sleepedf_full,true,eegnet,pool_2,46,10,65,0.653,0.6475239420696542,0.2693185018092285,0.7982290378920976,-0.16253634851076723,0.011154637455427576,0,0
sleepedf_full,true,eegnet,logits,46,10,65,0.653,0.770583553234803,0.6531414504533624,0.9474439569799785,-0.21078147242042017,-0.08873709969825809,0,0
sleepedf_full,true,eegnet,conv_temporal,46,20,65,0.6465,0.0008732171564327804,0.0008732171564327802,0.0,0.0,6.701525252319214e-05,0,0
sleepedf_full,true,eegnet,bnorm_1,46,20,65,0.6465,0.49225508270502016,0.0009338978222611009,0.4924338565044549,2.2519239156714278e-05,-0.0002012930385920614,0,0
sleepedf_full,true,eegnet,conv_spatial,46,20,65,0.6465,0.04320661207703255,0.00100510097412265,0.04381722946550661,-0.00013792428655425294,-0.0004952683078669665,0,0
sleepedf_full,true,eegnet,conv_separable_depth,46,20,65,0.6465,0.6852496255732932,0.10449818817750424,0.8903446947643111,-0.22556515455072304,0.02047008535970522,0,0
sleepedf_full,true,eegnet,bnorm_2,46,20,65,0.6465,0.47814044482538154,0.08223814340295872,0.5775404952238281,-0.11596004112612457,0.015426484229028627,0,0
sleepedf_full,true,eegnet,pool_2,46,20,65,0.6465,0.6751976988459568,0.2372827560218469,0.8967081989794929,-0.23747982259511216,0.015969322461576178,0,0
sleepedf_full,true,eegnet,logits,46,20,65,0.6465,0.7786580961759704,0.5953503372025476,0.9823032805557624,-0.22570068886853384,-0.0822338362325048,0,0
sleepedf_full,true,shallowconvnet,conv_time_spat,41,0,65,0.2,0.0006597296157728408,0.0006597296157728403,0.0,0.0,-0.0003832720667068767,0,0
sleepedf_full,true,shallowconvnet,bnorm,41,0,65,0.2,0.0006597296169993241,0.000659729616999324,0.0,0.0,-0.00038327206554043206,0,0
sleepedf_full,true,shallowconvnet,conv_nonlin_exp,41,0,65,0.2,0.22760039134302917,0.22760039134302917,0.0,0.0,0.22760039134302917,0,0
sleepedf_full,true,shallowconvnet,pool,41,0,65,0.2,0.539363476152574,0.539363476152574,0.0,0.0,0.539363476152574,0,0
sleepedf_full,true,shallowconvnet,pool_nonlin_exp,41,0,65,0.2,0.979715067816953,0.9849618875148761,4.447292204627915,-4.7344726284384855,1.266895491627554,0,0
sleepedf_full,true,shallowconvnet,logits,41,0,65,0.2,0.967330590362219,0.9763197088102535,4.619762727069503,-5.030640748127529,1.3782086114202459,0,0
sleepedf_full,true,shallowconvnet,conv_time_spat,41,1,65,0.551,0.14885743120437522,0.0007310442918725689,0.14923645982263836,-7.525498152167745e-05,-0.00030377363674173076,0,0
sleepedf_full,true,shallowconvnet,bnorm,41,1,65,0.551,0.007733183179484342,0.0007435720384895547,0.007821728469179598,7.00360540099801e-06,-0.00043368541468457466,0,0
sleepedf_full,true,shallowconvnet,conv_nonlin_exp,41,1,65,0.551,0.21565591619715038,0.2119216148253115,0.00012265151719674516,0.004584800904631176,0.21094846377532242,0,0
sleepedf_full,true,shallowconvnet,pool,41,1,65,0.551,0.5156098772697553,0.5104874942058212,0.0003199023845922178,0.011808639945997047,0.503481334939166,0,0
sleepedf_full,true,shallowconvnet,pool_nonlin_exp,41,1,65,0.551,0.8695422835433335,0.9771594159053208,12.06347597815138,-17.837628385284365,6.643694690676271,0,0
sleepedf_full,true,shallowconvnet,logits,41,1,65,0.551,0.6589360052400234,0.7687613650200742,4.22888218445573,-5.41568159617461,1.6144245449801442,0,0
sleepedf_full,true,shallowconvnet,conv_time_spat,41,2,65,0.571,0.17492160816567062,0.0007366308857504427,0.17529391577538644,-8.840053325175895e-05,-0.00028390707646458544,0,0
sleepedf_full,true,shallowconvnet,bnorm,41,2,65,0.571,0.023338692740585417,0.0007461163935793261,0.02365951963174451,-2.3371519970506648e-05,-0.00040977670397120814,0,0
sleepedf_full,true,shallowconvnet,conv_nonlin_exp,41,2,65,0.571,0.22279806145563102,0.21007320846817706,0.001904884672404466,0.013958591466188844,0.20693458531703773,0,0
sleepedf_full,true,shallowconvnet,pool,41,2,65,0.571,0.530541601333353,0.514486272855679,0.0046183457783496975,0.034479861191539826,0.49144339436346357,0,0
sleepedf_full,true,shallowconvnet,pool_nonlin_exp,41,2,65,0.571,0.8637118042660304,0.9722557660008193,11.797780214452416,-17.50858337166432,6.574514961477895,0,0
sleepedf_full,true,shallowconvnet,logits,41,2,65,0.571,0.8071403084847307,0.5419114417505846,2.750830772384367,-2.9604520047697114,0.5114767402649434,0,0
sleepedf_full,true,shallowconvnet,conv_time_spat,41,5,65,0.551,0.24841098784067248,0.0007327334972073106,0.2488009486744533,-0.00015558774218216845,-0.00023437309159875293,0,0
sleepedf_full,true,shallowconvnet,bnorm,41,5,65,0.551,0.07533516439367831,0.0007330391055030154,0.07569017427770157,-1.3459886166683561e-06,-0.00035769720732495557,0,0
sleepedf_full,true,shallowconvnet,conv_nonlin_exp,41,5,65,0.551,0.2371619366892881,0.19337949820176784,0.011515261763178429,0.04128389403878619,0.1843627808873234,0,0
sleepedf_full,true,shallowconvnet,pool,41,5,65,0.551,0.5496862473350774,0.5037635906137682,0.0237046299804108,0.09426869015900503,0.4317129271956614,0,0
sleepedf_full,true,shallowconvnet,pool_nonlin_exp,41,5,65,0.551,0.8563217682282391,0.9537466058601158,8.694512288715625,-12.248913623096513,4.410723102609098,0,0
sleepedf_full,true,shallowconvnet,logits,41,5,65,0.551,0.7311314658114969,0.7351912050555643,4.913573919682061,-6.135142504194707,1.6953073026485002,0,0
sleepedf_full,true,shallowconvnet,conv_time_spat,41,10,65,0.5855,0.3643809443139816,0.0007228920167976251,0.3648108831568149,-0.0002553068851472607,-0.00017463195768666553,0,0
sleepedf_full,true,shallowconvnet,bnorm,41,10,65,0.5855,0.1815292609284865,0.0007244400679359239,0.1817784254958444,2.922016022197723e-05,-0.000278384727580399,0,0
sleepedf_full,true,shallowconvnet,conv_nonlin_exp,41,10,65,0.5855,0.2695016471482615,0.16304475660039577,0.04171753091460073,0.08127149275261683,0.1465126234810436,0,0
sleepedf_full,true,shallowconvnet,pool,41,10,65,0.5855,0.5842489339259636,0.48333184488043857,0.07493938864149786,0.17288560593488356,0.33642393934958154,0,0
sleepedf_full,true,shallowconvnet,pool_nonlin_exp,41,10,65,0.5855,0.8503220193197824,0.934788813331826,6.17604499258423,-8.044473037339875,2.7187500640753903,0,0
sleepedf_full,true,shallowconvnet,logits,41,10,65,0.5855,0.7339361809159911,0.9040758303882501,6.23853127247786,-8.892601945995795,3.0370990542291634,0,0
sleepedf_full,true,shallowconvnet,conv_time_spat,41,20,65,0.601,0.3744004971298595,0.0007418424448331378,0.37487710956114173,-0.0002956569434677233,-0.00018095548781467267,0,0
sleepedf_full,true,shallowconvnet,bnorm,41,20,65,0.601,0.3648984509409102,0.0007463011307927666,0.3650624677706198,2.8248838919783882e-05,-0.00019226566863007007,0,0
sleepedf_full,true,shallowconvnet,conv_nonlin_exp,41,20,65,0.601,0.3495611371268131,0.12414245642719368,0.11813219006690279,0.13182560087983014,0.09960334618007961,0,0
sleepedf_full,true,shallowconvnet,pool,41,20,65,0.601,0.6731498400224328,0.46490055193510554,0.1930548277509837,0.2600562298202422,0.22003878245120648,0,0
sleepedf_full,true,shallowconvnet,pool_nonlin_exp,41,20,65,0.601,0.8430205723988592,0.8554883342126386,3.7088414719509997,-4.03390274276493,1.1680818432127815,0,0
sleepedf_full,true,shallowconvnet,logits,41,20,65,0.601,0.751941912517496,0.7522706544753225,3.860233000142976,-4.94450083330612,1.4711483769230802,0,0
sleepedf_full,true,shallowconvnet,conv_time_spat,42,0,65,0.185,0.0006833101258672295,0.0006833101258672295,0.0,0.0,-0.00038431483619009836,0,0
sleepedf_full,true,shallowconvnet,bnorm,42,0,65,0.185,0.000683310131642737,0.0006833101316427372,0.0,0.0,-0.00038431483663360844,0,0
sleepedf_full,true,shallowconvnet,conv_nonlin_exp,42,0,65,0.185,0.21635784574910505,0.21635784574910505,0.0,0.0,0.21635784574910505,0,0
sleepedf_full,true,shallowconvnet,pool,42,0,65,0.185,0.5129625780815167,0.5129625780815168,0.0,0.0,0.5129625780815167,0,0
sleepedf_full,true,shallowconvnet,pool_nonlin_exp,42,0,65,0.185,0.9778172577777985,0.9840099430016821,4.541032559630842,-4.878659411128712,1.3154441092756994,0,0
sleepedf_full,true,shallowconvnet,logits,42,0,65,0.185,0.9498867734627147,0.9719687957189561,4.908842896420397,-5.513420037607036,1.5544639146493533,0,0
sleepedf_full,true,shallowconvnet,conv_time_spat,42,1,65,0.562,0.09440179453407907,0.000817846302889032,0.09474075014009178,3.947774924872287e-05,-0.0003784333552615814,0,0
sleepedf_full,true,shallowconvnet,bnorm,42,1,65,0.562,0.008575666850218353,0.000806718426056351,0.008646955904302497,-1.2479632782243954e-05,-0.00044775966537617077,0,0
sleepedf_full,true,shallowconvnet,conv_nonlin_exp,42,1,65,0.562,0.2135646692257825,0.20981320478048804,0.00020289996808674736,0.004694749442764912,0.20866701981493085,0,0
sleepedf_full,true,shallowconvnet,pool,42,1,65,0.562,0.5147868508018166,0.5106757249390295,0.0005224314257043153,0.012135220166730947,0.5021291992093815,0,0
sleepedf_full,true,shallowconvnet,pool_nonlin_exp,42,1,65,0.562,0.878468810590071,0.9768886135185744,11.432620163073178,-16.767716178646587,6.213564826163459,0,0
sleepedf_full,true,shallowconvnet,logits,42,1,65,0.562,0.5742283334955377,0.7378435796166725,4.150182855735049,-5.446108887891474,1.7193716664445473,0,0
sleepedf_full,true,shallowconvnet,conv_time_spat,42,2,65,0.573,0.15517357731214726,0.000848434892088598,0.15555381563140158,-3.451471351071933e-05,-0.00034572360574398707,0,0
sleepedf_full,true,shallowconvnet,bnorm,42,2,65,0.573,0.014108006112522936,0.0008350782853165637,0.01428299887509791,3.1276239459155705e-06,-0.0004555967814001994,0,0
sleepedf_full,true,shallowconvnet,conv_nonlin_exp,42,2,65,0.573,0.21485892718119312,0.20818236915918711,0.0004947638240764982,0.008069110652743468,0.2062950527043731,0,0
sleepedf_full,true,shallowconvnet,pool,42,2,65,0.573,0.5144669136042935,0.5069244052214602,0.0012533718024643605,0.02065056879388954,0.49256297300793955,0,0
sleepedf_full,true,shallowconvnet,pool_nonlin_exp,42,2,65,0.573,0.8711400565369403,0.9726134436844072,11.07953425624903,-16.177885102939097,5.969490903226921,0,0
sleepedf_full,true,shallowconvnet,logits,42,2,65,0.573,0.6364594599616674,0.9461422759730375,10.532011491282852,-15.624070465174311,5.623847787542446,0,0
sleepedf_full,true,shallowconvnet,conv_time_spat,42,5,65,0.5895,0.2102692712069922,0.0008214845272220767,0.2106258074841779,-7.040453952228862e-05,-0.0002861317376636273,0,0
sleepedf_full,true,shallowconvnet,bnorm,42,5,65,0.5895,0.07238526146011759,0.0008105572154760305,0.07271226678439774,4.424239883177544e-05,-0.0003857609628004285,0,0
sleepedf_full,true,shallowconvnet,conv_nonlin_exp,42,5,65,0.5895,0.22689878125685653,0.18805545191797685,0.008815197119085324,0.03804060443157403,0.18004297970619704,0,0
sleepedf_full,true,shallowconvnet,pool,42,5,65,0.5895,0.5310327548084299,0.4923697694277307,0.018605963794285495,0.08885415582446966,0.42357263518967453,0,0
sleepedf_full,true,shallowconvnet,pool_nonlin_exp,42,5,65,0.5895,0.8602079088606346,0.9494999588512618,8.005828720184745,-11.071973434166551,3.9263526228424004,0,0
sleepedf_full,true,shallowconvnet,logits,42,5,65,0.5895,0.680053744594617,0.8336711872482775,7.316848222469647,-10.322698696507022,3.4376636642638676,0,0
sleepedf_full,true,shallowconvnet,conv_time_spat,42,10,65,0.5735,0.3702967720938705,0.0007750520980511003,0.3705685511274838,-9.094176106256927e-05,-0.00018083727255136358,0,0
sleepedf_full,true,shallowconvnet,bnorm,42,10,65,0.5735,0.18515452104627267,0.0007547522067913121,0.1852924894632042,0.00013746991641947097,-0.0002754383333514414,0,0
sleepedf_full,true,shallowconvnet,conv_nonlin_exp,42,10,65,0.5735,0.26373074363913296,0.15838008319042843,0.037632733968389356,0.0830941075875461,0.14300390208319722,0,0
sleepedf_full,true,shallowconvnet,pool,42,10,65,0.5735,0.5756815815265409,0.47313859995522484,0.06892778412308323,0.17828210440997955,0.3284716929934773,0,0
sleepedf_full,true,shallowconvnet,pool_nonlin_exp,42,10,65,0.5735,0.8575214194322164,0.8881646131673201,4.741143284982306,-5.591851617432905,1.708229751882778,0,0
sleepedf_full,true,shallowconvnet,logits,42,10,65,0.5735,0.6559911773793937,0.5056358218946039,3.415082467051069,-4.033225920079315,1.107011132339306,0,0
sleepedf_full,true,shallowconvnet,conv_time_spat,42,20,65,0.604,0.4640576000001204,0.0007213239442317651,0.4644047719112545,-0.00021316507270522763,-0.0001340068384290659,0,0
sleepedf_full,true,shallowconvnet,bnorm,42,20,65,0.604,0.38057520938924944,0.0007091215939215253,0.38055447868402315,0.00018526519854475935,-0.00016453449331930138,0,0
sleepedf_full,true,shallowconvnet,conv_nonlin_exp,42,20,65,0.604,0.34325252923557753,0.11557242073708142,0.1139105881743333,0.13598292854446684,0.0933590125167769,0,0
sleepedf_full,true,shallowconvnet,pool,42,20,65,0.604,0.6668258801780941,0.4433448088229458,0.18927049727388975,0.27050354087324024,0.2070518420309631,0,0
sleepedf_full,true,shallowconvnet,pool_nonlin_exp,42,20,65,0.604,0.8454450981081068,0.8596797157032096,3.4309380198960637,-3.6021510605517157,1.0166581387637417,0,0
sleepedf_full,true,shallowconvnet,logits,42,20,65,0.604,0.6470504690919633,0.833380720762504,5.118678346919016,-7.906663804786191,3.014557692320224,0,0
sleepedf_full,true,shallowconvnet,conv_time_spat,43,0,65,0.2,0.0006852692348088399,0.0006852692348088397,0.0,0.0,-0.00035896331068098594,0,0
sleepedf_full,true,shallowconvnet,bnorm,43,0,65,0.2,0.0006852692355773202,0.0006852692355773201,0.0,0.0,-0.000358963305400765,0,0
sleepedf_full,true,shallowconvnet,conv_nonlin_exp,43,0,65,0.2,0.2080240496164255,0.20802404961642548,0.0,0.0,0.2080240496164255,0,0
sleepedf_full,true,shallowconvnet,pool,43,0,65,0.2,0.498901335052763,0.498901335052763,0.0,0.0,0.498901335052763,0,0
sleepedf_full,true,shallowconvnet,pool_nonlin_exp,43,0,65,0.2,0.9813449382387766,0.9844795066418289,4.418486006805338,-4.692117734091672,1.2549766655251404,0,0
sleepedf_full,true,shallowconvnet,logits,43,0,65,0.2,0.9871668245668056,0.9877866815843956,4.349454175882736,-4.575553800498204,1.2132664491822747,0,0
sleepedf_full,true,shallowconvnet,conv_time_spat,43,1,65,0.5525,0.055417198040982066,0.000745309733525304,0.05581679376549544,-6.246828024580009e-05,-0.00035654433896446395,0,0
sleepedf_full,true,shallowconvnet,bnorm,43,1,65,0.5525,0.011517065474750924,0.0007466426633903803,0.011678813166181991,-1.6159960089768713e-05,-0.00039813975690099456,0,0
sleepedf_full,true,shallowconvnet,conv_nonlin_exp,43,1,65,0.5525,0.19892310215570275,0.19373349549670893,0.0003696459591561607,0.0061115550060445905,0.19244190119050197,0,0
sleepedf_full,true,shallowconvnet,pool,43,1,65,0.5525,0.4798956982018942,0.472797620823415,0.000936651160370898,0.01563001088669223,0.46332903615483106,0,0
sleepedf_full,true,shallowconvnet,pool_nonlin_exp,43,1,65,0.5525,0.8737204248723504,0.9788277148208042,12.46285197351829,-18.576273703054984,6.987142154408983,0,0
sleepedf_full,true,shallowconvnet,logits,43,1,65,0.5525,0.7001279635248503,0.9249439649656795,8.09157046547454,-11.532106229605631,3.8921340731946765,0,0
sleepedf_full,true,shallowconvnet,conv_time_spat,43,2,65,0.5745,0.14441439462902073,0.000734877649883357,0.1447635187439236,-6.1875136818432e-05,-0.00028724897808450926,0,0
sleepedf_full,true,shallowconvnet,bnorm,43,2,65,0.5745,0.016183742148741402,0.000738996251129654,0.01638482396378421,5.592057357965234e-06,-0.0003857324135733469,0,0
sleepedf_full,true,shallowconvnet,conv_nonlin_exp,43,2,65,0.5745,0.21088427633464574,0.20289466500744857,0.000490106605696632,0.00936143005779655,0.20103273967115257,0,0
sleepedf_full,true,shallowconvnet,pool,43,2,65,0.5745,0.5087033140215271,0.4973298652387478,0.0012405237105630464,0.023880471113519305,0.48358231919744465,0,0
sleepedf_full,true,shallowconvnet,pool_nonlin_exp,43,2,65,0.5745,0.8708146157919748,0.9657066913844693,9.860692295749732,-14.053023699402575,5.0631460194448055,0,0
sleepedf_full,true,shallowconvnet,logits,43,2,65,0.5745,0.729575074855153,0.885597215371729,7.4210996502345985,-10.394435294337368,3.4307789187157387,0,0
sleepedf_full,true,shallowconvnet,conv_time_spat,43,5,65,0.618,0.22521160189496217,0.0007542064506233674,0.22551904988341692,-4.392100915508479e-05,-0.00026352697929998,0,0
sleepedf_full,true,shallowconvnet,bnorm,43,5,65,0.618,0.05554154914379088,0.0007392753323247984,0.05587586458268744,1.6673497115237688e-05,-0.00037375687013224045,0,0
sleepedf_full,true,shallowconvnet,conv_nonlin_exp,43,5,65,0.618,0.21917836995469947,0.18805031790629173,0.007158027504736124,0.03107814333734818,0.18094219911261508,0,0
sleepedf_full,true,shallowconvnet,pool,43,5,65,0.618,0.5182225766035342,0.48769585796507803,0.015537889665181454,0.07414094329883911,0.42854374363951364,0,0
sleepedf_full,true,shallowconvnet,pool_nonlin_exp,43,5,65,0.618,0.8473538289879414,0.9567560228106322,8.89273098406731,-12.494696902302328,4.449319747222926,0,0
sleepedf_full,true,shallowconvnet,logits,43,5,65,0.618,0.7327708384327106,0.9392887367487055,12.345289360048378,-18.981306051752362,7.112933340718474,0,0
sleepedf_full,true,shallowconvnet,conv_time_spat,43,10,65,0.5165,0.22316499924601252,0.0007323505358507357,0.22334210830028323,8.17299901919458e-05,-0.0002588390444631078,0,0
sleepedf_full,true,shallowconvnet,bnorm,43,10,65,0.5165,0.16859992909553037,0.0007109129501807135,0.1688312889524644,5.0979602540941425e-05,-0.0002823394594753491,0,0
sleepedf_full,true,shallowconvnet,conv_nonlin_exp,43,10,65,0.5165,0.26332178036493187,0.16181369832691173,0.03897042641772418,0.07874419713524435,0.14560715681196298,0,0
sleepedf_full,true,shallowconvnet,pool,43,10,65,0.5165,0.5752964003272203,0.48536768741183156,0.07089206090679032,0.16920654648951464,0.335197792930915,0,0
sleepedf_full,true,shallowconvnet,pool_nonlin_exp,43,10,65,0.5165,0.8507993127993595,0.9321751129730482,6.075470069648617,-7.7745215550508595,2.5498507982015663,0,0
sleepedf_full,true,shallowconvnet,logits,43,10,65,0.5165,0.6618516880787888,0.9236829193083472,7.529996987731992,-10.748126026284819,3.7030568281861482,0,0
sleepedf_full,true,shallowconvnet,conv_time_spat,43,20,65,0.63,0.298513734080152,0.000720390636959545,0.298668222605364,6.976720647429128e-05,-0.00022425573168701612,0,0
sleepedf_full,true,shallowconvnet,bnorm,43,20,65,0.63,0.3324645632162928,0.000699462586125027,0.3325331257382769,0.0001337643015927171,-0.00020232682357779338,0,0
sleepedf_full,true,shallowconvnet,conv_nonlin_exp,43,20,65,0.63,0.3288422573357211,0.12529655188427588,0.10152221041988356,0.12478747956247446,0.10253256735336268,0,0
sleepedf_full,true,shallowconvnet,pool,43,20,65,0.63,0.645990679807228,0.4637030474549922,0.16841077530834314,0.24936920415757413,0.2282107003413102,0,0
sleepedf_full,true,shallowconvnet,pool_nonlin_exp,43,20,65,0.63,0.8365695084869366,0.9098163107578265,4.89708315516688,-5.978393807416449,1.9178801607365024,0,0
sleepedf_full,true,shallowconvnet,logits,43,20,65,0.63,0.7513879697886184,0.9792875920980155,12.451567192301146,-19.85299618123568,7.81557383451094,0,0
sleepedf_full,true,shallowconvnet,conv_time_spat,44,0,65,0.2005,0.0006989122614957968,0.0006989122614957967,0.0,0.0,-0.000387831905282901,0,0
sleepedf_full,true,shallowconvnet,bnorm,44,0,65,0.2005,0.0006989122603123901,0.0006989122603123902,0.0,0.0,-0.0003878319071561544,0,0
sleepedf_full,true,shallowconvnet,conv_nonlin_exp,44,0,65,0.2005,0.23362720848014953,0.23362720848014953,0.0,0.0,0.23362720848014953,0,0
sleepedf_full,true,shallowconvnet,pool,44,0,65,0.2005,0.5595430187267176,0.5595430187267176,0.0,0.0,0.5595430187267176,0,0
sleepedf_full,true,shallowconvnet,pool_nonlin_exp,44,0,65,0.2005,0.9809659833597995,0.9852058733716851,4.425412286237295,-4.6999431607157085,1.2554968578382426,0,0
sleepedf_full,true,shallowconvnet,logits,44,0,65,0.2005,0.9710079145590663,0.9750666998166441,4.259614991505575,-4.477098561706742,1.1884914847602333,0,0
sleepedf_full,true,shallowconvnet,conv_time_spat,44,1,65,0.552,0.16413270098537922,0.0007339428650782016,0.16443857888481042,-2.8003959135893607e-06,-0.00030307750351785297,0,0
sleepedf_full,true,shallowconvnet,bnorm,44,1,65,0.552,0.009684109968350178,0.0007127136521401417,0.009775870479040912,3.965167552521426e-06,-0.00042219166760617134,0,0
sleepedf_full,true,shallowconvnet,conv_nonlin_exp,44,1,65,0.552,0.22497779380774308,0.220150292719435,0.0003175697188811164,0.006021918504116334,0.21863830558474562,0,0
sleepedf_full,true,shallowconvnet,pool,44,1,65,0.552,0.5414338858402835,0.5364115449364295,0.0008259178666392114,0.015553485234867456,0.525054482738777,0,0
sleepedf_full,true,shallowconvnet,pool_nonlin_exp,44,1,65,0.552,0.8767231450807856,0.9798098670261317,12.78216177383825,-19.122507243463748,7.21706861470623,0,0
sleepedf_full,true,shallowconvnet,logits,44,1,65,0.552,0.6365998694312606,0.8626543759332652,5.995265267869132,-8.641681114672954,3.1643799727602326,0,0
sleepedf_full,true,shallowconvnet,conv_time_spat,44,2,65,0.596,0.28556592500919403,0.0007405385368071825,0.28581542390769865,-2.1657177076122082e-05,-0.00022784172142885866,0,0
sleepedf_full,true,shallowconvnet,bnorm,44,2,65,0.596,0.010296536214594752,0.0007181489029710633,0.010401446407795917,2.3597736766337214e-05,-0.00041352216379561264,0,0
sleepedf_full,true,shallowconvnet,conv_nonlin_exp,44,2,65,0.596,0.2209771525484389,0.2160620237058899,0.00045745001274517723,0.006024555073412953,0.21449514746228074,0,0
sleepedf_full,true,shallowconvnet,pool,44,2,65,0.596,0.5302644317531182,0.5252989203881424,0.0011716338120056132,0.015511045734867389,0.5135817522062452,0,0
sleepedf_full,true,shallowconvnet,pool_nonlin_exp,44,2,65,0.596,0.8715648325552939,0.9796443276161888,13.10396430082104,-19.70831837306464,7.475918904798803,0,0
sleepedf_full,true,shallowconvnet,logits,44,2,65,0.596,0.6510451301821684,0.5742443239015487,2.6561617158211264,-3.625382851868255,1.1910897572598198,0,0
sleepedf_full,true,shallowconvnet,conv_time_spat,44,5,65,0.598,0.3729859173675436,0.0007090923228869956,0.3732922338143086,-0.00012682248678617104,-0.00017949395997900568,0,0
sleepedf_full,true,shallowconvnet,bnorm,44,5,65,0.598,0.06166936938487309,0.0006978650256519656,0.06196725087846893,4.985806066300709e-05,-0.00035929273419956756,0,0
sleepedf_full,true,shallowconvnet,conv_nonlin_exp,44,5,65,0.598,0.2322976839484907,0.19751573638036327,0.007818788095010935,0.035045133828241794,0.1894337620252379,0,0
sleepedf_full,true,shallowconvnet,pool,44,5,65,0.598,0.5443229790147441,0.5151059571970613,0.0168847705863305,0.0823963566024366,0.4450418518259769,0,0
sleepedf_full,true,shallowconvnet,pool_nonlin_exp,44,5,65,0.598,0.8644687945254699,0.952936071729023,8.144945126299858,-11.215979308686903,3.935502976912506,0,0
sleepedf_full,true,shallowconvnet,logits,44,5,65,0.598,0.642432098039004,0.8978143046582236,7.10276188535704,-10.699080742076124,3.924444134011114,0,0
sleepedf_full,true,shallowconvnet,conv_time_spat,44,10,65,0.597,0.4357809864539336,0.0006855135110353228,0.43609376674746025,-0.0001609909873393148,-0.00015178930618772217,0,0
sleepedf_full,true,shallowconvnet,bnorm,44,10,65,0.597,0.18199513714250323,0.00067349845758376,0.18223975097904463,2.994354410377047e-05,-0.00027455738064559483,0,0
sleepedf_full,true,shallowconvnet,conv_nonlin_exp,44,10,65,0.597,0.26487408418475716,0.15885086159501,0.037979113581674766,0.08420347633185835,0.1426914942712239,0,0
sleepedf_full,true,shallowconvnet,pool,44,10,65,0.597,0.580838727299689,0.4911572821112221,0.07005603070069728,0.18186275847490171,0.3289199381240895,0,0
sleepedf_full,true,shallowconvnet,pool_nonlin_exp,44,10,65,0.597,0.8529135020218865,0.9201234339905413,5.7368555351680355,-7.288196585591293,2.404254552445112,0,0
sleepedf_full,true,shallowconvnet,logits,44,10,65,0.597,0.684258085347061,0.9518429349163927,11.536086868735184,-17.92175133645413,6.827293228519544,0,0
sleepedf_full,true,shallowconvnet,conv_time_spat,44,20,65,0.589,0.4968571382689734,0.0006711603975494307,0.4972334490091696,-0.00025016975046564954,-0.0001261409897311441,0,0
sleepedf_full,true,shallowconvnet,bnorm,44,20,65,0.589,0.35506933247042355,0.000667717481523078,0.3552816718541819,-3.13616853659396e-05,-0.00018097769839348258,0,0
sleepedf_full,true,shallowconvnet,conv_nonlin_exp,44,20,65,0.589,0.3329947060924667,0.11790287247320763,0.10497088363814636,0.1320905662460554,0.09593325620826432,0,0
sleepedf_full,true,shallowconvnet,pool,44,20,65,0.589,0.6529166579151899,0.4514362352370226,0.17524735051664858,0.26401180055944207,0.21365750683909868,0,0
sleepedf_full,true,shallowconvnet,pool_nonlin_exp,44,20,65,0.589,0.8377542626899421,0.8721562844654418,3.9911335801779657,-4.458926955967374,1.3055476384793325,0,0
sleepedf_full,true,shallowconvnet,logits,44,20,65,0.589,0.7381706419602896,0.9594624107566408,9.440912929787956,-13.658084513853606,4.7829890171445,0,0
sleepedf_full,true,shallowconvnet,conv_time_spat,45,0,65,0.2,0.0006335733399382317,0.0006335733399382319,0.0,0.0,-0.0003658903438152838,0,0
sleepedf_full,true,shallowconvnet,bnorm,45,0,65,0.2,0.0006335733443478013,0.0006335733443478013,0.0,0.0,-0.0003658903419195694,0,0
sleepedf_full,true,shallowconvnet,conv_nonlin_exp,45,0,65,0.2,0.2266537457343588,0.2266537457343588,0.0,0.0,0.2266537457343588,0,0
sleepedf_full,true,shallowconvnet,pool,45,0,65,0.2,0.5439469422070099,0.5439469422070099,0.0,0.0,0.5439469422070099,0,0
sleepedf_full,true,shallowconvnet,pool_nonlin_exp,45,0,65,0.2,0.9810941614486363,0.9853993378712171,4.501203065051019,-4.817884873143507,1.297775969541154,0,0
sleepedf_full,true,shallowconvnet,logits,45,0,65,0.2,0.9868024991942347,0.9893419606151532,4.29233572134711,-4.489605316101832,1.1840720939489577,0,0
sleepedf_full,true,shallowconvnet,conv_time_spat,45,1,65,0.568,0.11824333098061254,0.000729784824408913,0.11847092525775493,8.379569368416352e-05,-0.0003113899708268454,0,0
sleepedf_full,true,shallowconvnet,bnorm,45,1,65,0.568,0.011240392189561497,0.0007638923412821664,0.011408193690015273,1.305183291095063e-05,-0.00043796581272109134,0,0
sleepedf_full,true,shallowconvnet,conv_nonlin_exp,45,1,65,0.568,0.2185961222367076,0.213180472526162,0.00033011317716113796,0.0065186451883450965,0.21174736387120136,0,0
sleepedf_full,true,shallowconvnet,pool,45,1,65,0.568,0.5270951262524294,0.5201092287547893,0.0008574655826898399,0.0168727486382824,0.5093649120314572,0,0
sleepedf_full,true,shallowconvnet,pool_nonlin_exp,45,1,65,0.568,0.8746601498103305,0.9737814489792374,11.470773465747156,-16.872265223475193,6.276151907538313,0,0
sleepedf_full,true,shallowconvnet,logits,45,1,65,0.568,0.7923304661619122,0.6884366712436413,5.66097897730623,-7.559383252826815,2.257417193555851,0,0
sleepedf_full,true,shallowconvnet,conv_time_spat,45,2,65,0.5785,0.17568685234877693,0.0007347902102046734,0.1758731711758531,8.99528099323109e-05,-0.00027627163700879947,0,0
sleepedf_full,true,shallowconvnet,bnorm,45,2,65,0.5785,0.015215999398317071,0.0007623682939978934,0.01545000637853098,1.843255764539634e-05,-0.0004289602317514236,0,0
sleepedf_full,true,shallowconvnet,conv_nonlin_exp,45,2,65,0.5785,0.21976961389674943,0.21252471078357277,0.0006310049274512543,0.008255926028440158,0.21088268294085805,0,0
sleepedf_full,true,shallowconvnet,pool,45,2,65,0.5785,0.5276178282562266,0.5170664242194437,0.0016083486443735407,0.021057337935772084,0.504952141676081,0,0
sleepedf_full,true,shallowconvnet,pool_nonlin_exp,45,2,65,0.5785,0.8724276131402087,0.9690753885414237,11.138074453991512,-16.346317231533817,6.080670390682487,0,0
sleepedf_full,true,shallowconvnet,logits,45,2,65,0.5785,0.691063556761875,0.688091099374223,3.9497670932650792,-5.086109961342786,1.5816141723604535,0,0
sleepedf_full,true,shallowconvnet,conv_time_spat,45,5,65,0.58,0.30873728654342286,0.000725170702797258,0.30889859828872246,3.7678252739474905e-05,-0.00019898999803966263,0,0
sleepedf_full,true,shallowconvnet,bnorm,45,5,65,0.58,0.05679807851361574,0.0007385461563178586,0.057135497271354876,4.2929910920863725e-05,-0.0003855006989063797,0,0
sleepedf_full,true,shallowconvnet,conv_nonlin_exp,45,5,65,0.58,0.22890499702172865,0.19768450662788656,0.005527200083058082,0.03235782084651514,0.19101997609215537,0,0
sleepedf_full,true,shallowconvnet,pool,45,5,65,0.58,0.5411818850448304,0.506304179656854,0.012323614797223981,0.07722650001107703,0.4516317702365294,0,0
sleepedf_full,true,shallowconvnet,pool_nonlin_exp,45,5,65,0.58,0.8617699020188585,0.9492349088891398,7.857096769608186,-10.762054775967886,3.7667279083785297,0,0
sleepedf_full,true,shallowconvnet,logits,45,5,65,0.58,0.6873135052861122,0.6935814325024072,4.134196070636367,-5.102643401581418,1.4406871536418324,0,0
sleepedf_full,true,shallowconvnet,conv_time_spat,45,10,65,0.5845,0.383637232664518,0.000715730907108438,0.38376821421865576,3.341604456866939e-05,-0.00016439759870758366,0,0
sleepedf_full,true,shallowconvnet,bnorm,45,10,65,0.5845,0.17912226899895944,0.0007256887882882253,0.17926209157762107,0.00014878462320545743,-0.0002886072018674594,0,0
sleepedf_full,true,shallowconvnet,conv_nonlin_exp,45,10,65,0.5845,0.2661078065704818,0.1627804933034961,0.035810549282765905,0.08309921912419618,0.14719803816351953,0,0
sleepedf_full,true,shallowconvnet,pool,45,10,65,0.5845,0.5852106393427638,0.48136994098524283,0.06638551933865411,0.17921771431363304,0.3396074056904762,0,0
sleepedf_full,true,shallowconvnet,pool_nonlin_exp,45,10,65,0.5845,0.8553823605037311,0.8995159833065512,4.8584250787090815,-5.80950366258431,1.8064609443789414,0,0
sleepedf_full,true,shallowconvnet,logits,45,10,65,0.5845,0.689100150285134,0.4774501544197962,1.678738621623581,-1.5351827797837423,0.21824079643676036,0,0
sleepedf_full,true,shallowconvnet,conv_time_spat,45,20,65,0.603,0.5201834300406893,0.0007058350929916914,0.5202369999158991,6.611241459745552e-05,-0.00011968228980810857,0,0
sleepedf_full,true,shallowconvnet,bnorm,45,20,65,0.603,0.35245956939296386,0.0007082815162781905,0.3524742065753843,0.0001786647742099757,-0.00019330195663108863,0,0
sleepedf_full,true,shallowconvnet,conv_nonlin_exp,45,20,65,0.603,0.33754522400951115,0.12399117086228612,0.10696576563204237,0.12970328381542706,0.1008761745620412,0,0
sleepedf_full,true,shallowconvnet,pool,45,20,65,0.603,0.6612609471422962,0.4557181881323422,0.1780363231787729,0.25890643629539734,0.2243181876681246,0,0
sleepedf_full,true,shallowconvnet,pool_nonlin_exp,45,20,65,0.603,0.8433819803875605,0.858562930082653,3.6137520194772264,-3.8637851631410616,1.0934151240513834,0,0
sleepedf_full,true,shallowconvnet,logits,45,20,65,0.603,0.7632028321935487,0.8703887528285802,5.6100852036110265,-7.179332165900364,2.0961450642350474,0,0
sleepedf_full,true,shallowconvnet,conv_time_spat,46,0,65,0.1995,0.0006368558530177794,0.0006368558530177793,0.0,0.0,-0.0003476513165971724,0,0
sleepedf_full,true,shallowconvnet,bnorm,46,0,65,0.1995,0.0006368558470964169,0.0006368558470964167,0.0,0.0,-0.0003476513152482888,0,0
sleepedf_full,true,shallowconvnet,conv_nonlin_exp,46,0,65,0.1995,0.2172991914309743,0.2172991914309743,0.0,0.0,0.2172991914309743,0,0
sleepedf_full,true,shallowconvnet,pool,46,0,65,0.1995,0.5185125121056804,0.5185125121056804,0.0,0.0,0.5185125121056804,0,0
sleepedf_full,true,shallowconvnet,pool_nonlin_exp,46,0,65,0.1995,0.9805243113269305,0.9842499020295526,4.3588328619499475,-4.599554993054068,1.2212464424310796,0,0
sleepedf_full,true,shallowconvnet,logits,46,0,65,0.1995,0.9890668570043186,0.9925097338842015,4.396393492555659,-4.638891915058523,1.2315652795071834,0,0
sleepedf_full,true,shallowconvnet,conv_time_spat,46,1,65,0.5675,0.12252540420137871,0.0007139802482543575,0.1228809739421412,-6.870995171020403e-05,-0.00028685978905255256,0,0
sleepedf_full,true,shallowconvnet,bnorm,46,1,65,0.5675,0.006559464363053713,0.000730319233936349,0.006583628070530237,-1.751950508267034e-06,-0.0003984127464225795,0,0
sleepedf_full,true,shallowconvnet,conv_nonlin_exp,46,1,65,0.5675,0.2146387037152678,0.2116406455964895,8.998544921006972e-05,0.003832392516924071,0.21071632574913365,0,0
sleepedf_full,true,shallowconvnet,pool,46,1,65,0.5675,0.5163470070436741,0.5129218444810756,0.00023289146436166077,0.009898418148354947,0.5062156974309575,0,0
sleepedf_full,true,shallowconvnet,pool_nonlin_exp,46,1,65,0.5675,0.8713095700474156,0.9780417548854331,12.410291958565594,-18.457577055855356,6.918594667337079,0,0
sleepedf_full,true,shallowconvnet,logits,46,1,65,0.5675,0.6216758356974551,0.7442634732996999,3.7383552499262693,-4.856635563152043,1.42581946502501,0,0
sleepedf_full,true,shallowconvnet,conv_time_spat,46,2,65,0.59,0.23767887406867508,0.0007155569050193761,0.23804224662773601,-0.00014250756923270215,-0.00022086498982884582,0,0
sleepedf_full,true,shallowconvnet,bnorm,46,2,65,0.59,0.017266509100383,0.000732015146454591,0.01748591380513728,-2.5463477194028057e-06,-0.00038682632240040005,0,0
sleepedf_full,true,shallowconvnet,conv_nonlin_exp,46,2,65,0.59,0.21304911021288336,0.20518931154865502,0.0007382257723453868,0.009385021119553562,0.2029258633209844,0,0
sleepedf_full,true,shallowconvnet,pool,46,2,65,0.59,0.5127819922055384,0.5044106438529076,0.0018624630691834903,0.024025644526085483,0.48689388461026945,0,0
sleepedf_full,true,shallowconvnet,pool_nonlin_exp,46,2,65,0.59,0.8667276617968949,0.9713035793732803,10.54798642983306,-15.289331128591732,5.608072360555524,0,0
sleepedf_full,true,shallowconvnet,logits,46,2,65,0.59,0.7501619963035412,0.7951124375139003,4.08752580011928,-5.632588905480452,1.845726556052143,0,0
sleepedf_full,true,shallowconvnet,conv_time_spat,46,5,65,0.5325,0.3191292621282899,0.0007108950607691828,0.3194167437279187,-0.00010012653829748278,-0.0001873550613315099,0,0
sleepedf_full,true,shallowconvnet,bnorm,46,5,65,0.5325,0.07254668268302526,0.0007173062578942042,0.07288579471710552,-9.160874640090392e-06,-0.0003355874904864845,0,0
sleepedf_full,true,shallowconvnet,conv_nonlin_exp,46,5,65,0.5325,0.22914440765714797,0.1905843264517454,0.008847225849228306,0.03798923499122768,0.1823079468166919,0,0
sleepedf_full,true,shallowconvnet,pool,46,5,65,0.5325,0.5376896536671731,0.4991767578124165,0.018853194059488765,0.08862996565053266,0.4302064939571516,0,0
sleepedf_full,true,shallowconvnet,pool_nonlin_exp,46,5,65,0.5325,0.8555882278614636,0.9507217856789959,8.365272780453536,-11.77969915178171,4.270014599189596,0,0
sleepedf_full,true,shallowconvnet,logits,46,5,65,0.5325,0.7172791823559072,0.5982722520407516,3.6597113947937907,-4.291531291504996,1.185410399491248,0,0
sleepedf_full,true,shallowconvnet,conv_time_spat,46,10,65,0.6155,0.2699935165466364,0.0007047457201255465,0.27038893420880183,-0.00017078078810594939,-0.0002246368740597174,0,0
sleepedf_full,true,shallowconvnet,bnorm,46,10,65,0.6155,0.18739431000884957,0.0007027941065555431,0.18765288235169764,1.056039954700024e-05,-0.0002691327423952786,0,0
sleepedf_full,true,shallowconvnet,conv_nonlin_exp,46,10,65,0.6155,0.2659035326882945,0.15836657947155244,0.04096828634596977,0.08297170320819877,0.14196354313412576,0,0
sleepedf_full,true,shallowconvnet,pool,46,10,65,0.6155,0.5742556748103742,0.47293389711996303,0.07325421275099987,0.17567906615828152,0.3253223959010925,0,0
sleepedf_full,true,shallowconvnet,pool_nonlin_exp,46,10,65,0.6155,0.8489474366991338,0.9152135471680385,5.364087135144946,-6.719867899528964,2.204728201083133,0,0
sleepedf_full,true,shallowconvnet,logits,46,10,65,0.6155,0.7158353187858193,0.589193574958934,2.899377919871689,-3.5528332388360186,1.0335000000360495,0,0
sleepedf_full,true,shallowconvnet,conv_time_spat,46,20,65,0.611,0.375445718521711,0.00068762656859559,0.3759017312240651,-0.00027739198945635614,-0.00017862071289770476,0,0
sleepedf_full,true,shallowconvnet,bnorm,46,20,65,0.611,0.3591009731340567,0.000685536518843662,0.35926574035455006,1.9755214424296745e-05,-0.00018452243491851007,0,0
sleepedf_full,true,shallowconvnet,conv_nonlin_exp,46,20,65,0.611,0.32653181512055324,0.11457032279716231,0.10557963282965736,0.1277461328878517,0.09320604940304367,0,0
sleepedf_full,true,shallowconvnet,pool,46,20,65,0.611,0.636459798516119,0.42658625302713266,0.17508907980030552,0.25428207165718075,0.2070886470586316,0,0
sleepedf_full,true,shallowconvnet,pool_nonlin_exp,46,20,65,0.611,0.8401316769190107,0.829086860694092,3.3468570330813625,-3.4423069254649374,0.9355815693025687,0,0
sleepedf_full,true,shallowconvnet,logits,46,20,65,0.611,0.637270781855029,0.44460687820381617,1.5523190049862623,-1.1682711764255675,0.11657813894713145,0,0
sleepedf_full,true,eegconformer,patch_embedding,41,0,65,0.2,0.9957885480169073,0.1966180765760792,1.0052531641799214,-0.009631114703545026,0.00016649854052858037,0,0
sleepedf_full,true,eegconformer,transformer.0,41,0,65,0.2,0.9991715782987867,0.5125349979644758,1.007819412013023,-0.008824165017579513,0.00017633130334280156,0,0
sleepedf_full,true,eegconformer,transformer.2,41,0,65,0.2,0.9996491737876709,0.6144164404237509,1.003343659592502,-0.003785111499749894,9.062569491806826e-05,0,0
sleepedf_full,true,eegconformer,transformer.5,41,0,65,0.2,0.9997153593728452,0.6000641254019072,1.002263592705849,-0.002621346632120147,7.311329911341702e-05,0,0
sleepedf_full,true,eegconformer,fc,41,0,65,0.2,0.9996934274791041,0.6753291807853413,1.0047296173158322,-0.005135878041927932,9.968820519961561e-05,0,0
sleepedf_full,true,eegconformer,logits,41,0,65,0.2,0.9996264870133372,0.5600551380922622,1.0128387441238587,-0.013302973943136558,9.071683261488262e-05,0,0
sleepedf_full,true,eegconformer,patch_embedding,41,1,65,0.552,0.853033437266757,0.31582220330828326,0.9594371439855902,-0.1337448413539123,0.027341134635079402,0,0
sleepedf_full,true,eegconformer,transformer.0,41,1,65,0.552,0.6618594255392904,0.5522528676330274,1.0987025618439954,-0.7095704097881236,0.058201575360474704,0,0
sleepedf_full,true,eegconformer,transformer.2,41,1,65,0.552,0.6614766574105615,0.521470659500593,1.0435741012738287,-0.697611783217612,0.06721829195917178,0,0
sleepedf_full,true,eegconformer,transformer.5,41,1,65,0.552,0.5775857357513124,0.508741362994294,1.0243297154237252,-0.6362191256728797,0.06191991105309308,0,0
sleepedf_full,true,eegconformer,fc,41,1,65,0.552,0.5769311599767266,0.6482812847044884,1.347004597145169,-0.9982387872923605,0.13302158350887525,0,0
sleepedf_full,true,eegconformer,logits,41,1,65,0.552,0.8238875464937073,0.8003531637953321,1.4113620593065894,-1.2738146954614862,0.23199544097524535,0,0
sleepedf_full,true,eegconformer,patch_embedding,41,2,65,0.613,0.8134023130401583,0.31351628980624846,0.9787636286376868,-0.20510936919168662,0.0397480535941532,0,0
sleepedf_full,true,eegconformer,transformer.0,41,2,65,0.613,0.6656129146212315,0.5392936617250753,0.9645158716790527,-0.5493691920105862,0.033747813930554364,0,0
sleepedf_full,true,eegconformer,transformer.2,41,2,65,0.613,0.679328734609765,0.5309399519281077,0.969133831121069,-0.5866304759388526,0.037387384150951615,0,0
sleepedf_full,true,eegconformer,transformer.5,41,2,65,0.613,0.6134150781284992,0.4842111466613623,0.8955800393865238,-0.3954493887235371,0.03256030976721879,0,0
sleepedf_full,true,eegconformer,fc,41,2,65,0.613,0.5657229821362675,0.6422628303253809,0.9692224205370622,-0.5809360167379682,0.06630092066323368,0,0
sleepedf_full,true,eegconformer,logits,41,2,65,0.613,0.7956687797111733,0.8425565781753777,0.9232111131695743,-0.5858895691832028,0.04877841115146319,0,0
sleepedf_full,true,eegconformer,patch_embedding,41,5,65,0.6045,0.7590688061352042,0.2699152780128234,1.0033283949127962,-0.2897298744614793,0.04547028568388551,0,0
sleepedf_full,true,eegconformer,transformer.0,41,5,65,0.6045,0.6024317758886086,0.4175862720034962,0.688656374492389,-0.24434921959436623,-0.03241910985717173,0,0
sleepedf_full,true,eegconformer,transformer.2,41,5,65,0.6045,0.6062681234010753,0.3682872364730187,0.6939839683857382,-0.35748946330680825,0.036979227913656244,0,0
sleepedf_full,true,eegconformer,transformer.5,41,5,65,0.6045,0.5380019205472764,0.3557368544734594,0.8934597551483409,-0.5252288453592536,0.11869829684648843,0,0
sleepedf_full,true,eegconformer,fc,41,5,65,0.6045,0.49218533837238404,0.32312850327160425,0.5381564432877176,-0.3571564156461252,0.13080557809335483,0,0
sleepedf_full,true,eegconformer,logits,41,5,65,0.6045,0.5891998654329353,0.6466134030632276,0.5069555206035521,-0.14449264292775196,0.030474232771288995,0,0
sleepedf_full,true,eegconformer,patch_embedding,41,10,65,0.6145,0.695414935394476,0.2631150111685416,0.9649791580202883,-0.32764371198762565,0.05796737746365888,0,0
sleepedf_full,true,eegconformer,transformer.0,41,10,65,0.6145,0.6281508857658897,0.47278661151293616,0.9966288673649217,-0.5343885146041605,0.020990762045640515,0,0
sleepedf_full,true,eegconformer,transformer.2,41,10,65,0.6145,0.5620094512237606,0.40858280888683984,0.8796770568757494,-0.39905716108806294,0.026599966981978758,0,0
sleepedf_full,true,eegconformer,transformer.5,41,10,65,0.6145,0.5708328614698399,0.33913012453920777,0.864688779173011,-0.3398924481033823,0.03858930038070176,0,0
sleepedf_full,true,eegconformer,fc,41,10,65,0.6145,0.5018496454778368,0.49421060827240326,0.7227414500613759,-0.37825421394118663,0.05052489115473225,0,0
sleepedf_full,true,eegconformer,logits,41,10,65,0.6145,0.7005756767978097,0.6618083078844791,0.8682244179389974,-0.7066710414180482,0.12907625461745648,0,0
sleepedf_full,true,eegconformer,patch_embedding,41,20,65,0.6365,0.6440394525475464,0.2807532329629576,0.9567047231864412,-0.38082185019945675,0.06693229932978756,0,0
sleepedf_full,true,eegconformer,transformer.0,41,20,65,0.6365,0.5203290110809082,0.45559269087269544,0.8112823317115346,-0.3779731066915086,0.013176900809284407,0,0
sleepedf_full,true,eegconformer,transformer.2,41,20,65,0.6365,0.4902972798839106,0.447875243533558,0.8133174450895531,-0.461514446174872,0.06377981649034851,0,0
sleepedf_full,true,eegconformer,transformer.5,41,20,65,0.6365,0.4882062526121002,0.4496348304111174,0.7571696289433578,-0.3528851754145783,0.06790129410608835,0,0
sleepedf_full,true,eegconformer,fc,41,20,65,0.6365,0.4125859035167175,0.49044391559735157,0.6783168391503023,-0.5837941808908589,0.22282263858685578,0,0
sleepedf_full,true,eegconformer,logits,41,20,65,0.6365,0.7866446678206933,0.5204707287338894,0.786497349780859,-0.48468884061852846,0.01366604910711284,0,0
sleepedf_full,true,eegconformer,patch_embedding,42,0,65,0.198,0.9923851265182811,0.252789409108064,1.000775858014796,-0.00875416953561142,0.0003634380390947495,0,0
sleepedf_full,true,eegconformer,transformer.0,42,0,65,0.198,0.9988023675370591,0.5786240210111127,1.0007745970460014,-0.002211356140351054,0.00023912663140851246,0,0
sleepedf_full,true,eegconformer,transformer.2,42,0,65,0.198,0.9991317893517683,0.6689929215496082,0.9981680553410038,0.0007454096241519173,0.00021832438661243428,0,0
sleepedf_full,true,eegconformer,transformer.5,42,0,65,0.198,0.9994112485016832,0.714264552157658,0.9957271990079841,0.0035328976456555903,0.0001511518480379941,0,0
sleepedf_full,true,eegconformer,fc,42,0,65,0.198,0.9994407476900335,0.6996001228640878,0.9917681153240614,0.007523701770160621,0.00014893059581138135,0,0
sleepedf_full,true,eegconformer,logits,42,0,65,0.198,0.9996075791341411,0.7919552379667647,0.9830470334591505,0.016432486134001247,0.00012805954098939478,0,0
sleepedf_full,true,eegconformer,patch_embedding,42,1,65,0.5135,0.8480111127328219,0.27749781917848415,0.9690968951150747,-0.13890459180187328,0.017818809419619046,0,0
sleepedf_full,true,eegconformer,transformer.0,42,1,65,0.5135,0.7646222765210726,0.566961455437793,1.082018239993928,-0.37638974502626993,-0.026687277791735915,0,0
sleepedf_full,true,eegconformer,transformer.2,42,1,65,0.5135,0.8257088190772809,0.5092215354587672,1.133815264083706,-0.5765485768747329,0.000594122217548093,0,0
sleepedf_full,true,eegconformer,transformer.5,42,1,65,0.5135,0.8211597354374285,0.5012128436952926,1.1767184275620985,-0.6054444152538151,0.012517361522700166,0,0
sleepedf_full,true,eegconformer,fc,42,1,65,0.5135,0.7337418178304395,0.5799454324665809,1.3657564838656475,-0.7296015503180611,0.024090481274950674,0,0
sleepedf_full,true,eegconformer,logits,42,1,65,0.5135,0.9303552823326731,0.6731304999284823,1.4444516832133663,-0.9695268310806378,0.018739475305093987,0,0
sleepedf_full,true,eegconformer,patch_embedding,42,2,65,0.545,0.8162119244889033,0.2936381297176825,1.0009344254757329,-0.21363090561853787,0.028908404631706103,0,0
sleepedf_full,true,eegconformer,transformer.0,42,2,65,0.545,0.6524016786091134,0.5866897697312887,0.70197209886397,-0.1238634454611221,-0.05091280364713322,0,0
sleepedf_full,true,eegconformer,transformer.2,42,2,65,0.545,0.6905393606211351,0.5036194811416546,0.700495602020334,-0.3265205770353875,-0.002707269166842075,0,0
sleepedf_full,true,eegconformer,transformer.5,42,2,65,0.545,0.5926497716736544,0.4151815132696599,0.7081002450282968,-0.3153170102476096,0.04775700892868187,0,0
sleepedf_full,true,eegconformer,fc,42,2,65,0.545,0.5882668826926738,0.40839700111051197,0.4151445481738545,-0.04180013466910298,0.05604451436779021,0,0
sleepedf_full,true,eegconformer,logits,42,2,65,0.545,0.861979538062768,0.6344038169534076,0.4403940002305895,-0.0762449795077087,-0.05987584112486211,0,0
sleepedf_full,true,eegconformer,patch_embedding,42,5,65,0.572,0.7795493607233775,0.2425457570077158,1.0042165752164816,-0.2560741059318348,0.031406891438728615,0,0
sleepedf_full,true,eegconformer,transformer.0,42,5,65,0.572,0.6312981648472669,0.4787258459002842,0.6879696060155815,-0.0524844884285572,-0.028370103592946366,0,0
sleepedf_full,true,eegconformer,transformer.2,42,5,65,0.572,0.6229429017188098,0.4331047907006233,0.7351659821123486,-0.11525347208821625,-0.008993422263853697,0,0
sleepedf_full,true,eegconformer,transformer.5,42,5,65,0.572,0.6797974597040188,0.36276906635924827,0.8431088605418833,-0.1734309685950098,0.007403832625596142,0,0
sleepedf_full,true,eegconformer,fc,42,5,65,0.572,0.49706426156255307,0.5239070048777037,0.7914549402579413,-0.4804554153021547,0.14996710283928869,0,0
sleepedf_full,true,eegconformer,logits,42,5,65,0.572,0.6584567161755613,0.6198846068466606,0.6635476786941344,-0.2868975472367141,0.008805883509434509,0,0
sleepedf_full,true,eegconformer,patch_embedding,42,10,65,0.6455,0.7392929355293455,0.2442488452873165,0.9847850824356429,-0.2797456650760092,0.034223568167148215,0,0
sleepedf_full,true,eegconformer,transformer.0,42,10,65,0.6455,0.5837978704527254,0.39697576871293333,0.5445475442070286,-0.02280684057412166,-0.005729127995179231,0,0
sleepedf_full,true,eegconformer,transformer.2,42,10,65,0.6455,0.5069467563141328,0.34879917392463955,0.4705684742148131,-0.06517042150462064,0.04496439966494878,0,0
sleepedf_full,true,eegconformer,transformer.5,42,10,65,0.6455,0.48926848050482247,0.3448249475843009,0.6416050144956849,-0.28527987211971545,0.081467149909008,0,0
sleepedf_full,true,eegconformer,fc,42,10,65,0.6455,0.4890289910496846,0.45323822078225223,0.3973567597565503,-0.05461543992868547,0.04574568424860694,0,0
sleepedf_full,true,eegconformer,logits,42,10,65,0.6455,0.6992411284998773,0.7397856038364193,0.48321665825155513,-0.15812466348805973,-0.027819089654297056,0,0
sleepedf_full,true,eegconformer,patch_embedding,42,20,65,0.6605,0.7022041859394047,0.2399563999714329,1.0165220885554722,-0.356429955541119,0.04145998709498571,0,0
sleepedf_full,true,eegconformer,transformer.0,42,20,65,0.6605,0.5940419939007978,0.36560784522966594,0.7460250063066612,-0.3853047482218772,0.07299567364185028,0,0
sleepedf_full,true,eegconformer,transformer.2,42,20,65,0.6605,0.5701514021285252,0.3786467565197963,0.790703470071002,-0.5343110495808057,0.1283001746422152,0,0
sleepedf_full,true,eegconformer,transformer.5,42,20,65,0.6605,0.5183011414382259,0.38805226269576226,0.6444630615571475,-0.332298582975421,0.11340319782170946,0,0
sleepedf_full,true,eegconformer,fc,42,20,65,0.6605,0.43975612566534455,0.43828900047669717,0.7010926265047925,-0.43064921053785254,0.08967233847602382,0,0
sleepedf_full,true,eegconformer,logits,42,20,65,0.6605,0.7579789449166667,0.6897938101235824,1.114661810741147,-0.9613263604296453,0.1603401567632252,0,0
sleepedf_full,true,eegconformer,patch_embedding,43,0,65,0.171,0.9942148909033044,0.21481477509830157,0.9978396119548519,-0.0038373895891068836,0.0002126685375565168,0,0
sleepedf_full,true,eegconformer,transformer.0,43,0,65,0.171,0.9995144420111364,0.5676701168985528,1.0017091289601117,-0.002287137742036721,9.245079305839334e-05,0,0
sleepedf_full,true,eegconformer,transformer.2,43,0,65,0.171,0.9996676914813826,0.6784444951154769,0.9996418019995896,-6.730960817957615e-05,9.319908997188784e-05,0,0
sleepedf_full,true,eegconformer,transformer.5,43,0,65,0.171,0.9997503005224703,0.7096942979212909,0.9998639262341678,-0.000187055808058868,7.343009635990735e-05,0,0
sleepedf_full,true,eegconformer,fc,43,0,65,0.171,0.9997017918809726,0.6141191797737662,1.0012116462792258,-0.0015762831959932296,6.642879774011592e-05,0,0
sleepedf_full,true,eegconformer,logits,43,0,65,0.171,0.9996838602914826,0.862282983599541,0.9976069132858264,0.0019253806984048426,0.0001515663072515725,0,0
sleepedf_full,true,eegconformer,patch_embedding,43,1,65,0.583,0.8523538123788316,0.32750412519159144,0.90850779191255,-0.07322497585006399,0.01707099631634461,0,0
sleepedf_full,true,eegconformer,transformer.0,43,1,65,0.583,0.6929890923575098,0.6150713638528371,0.8570904423585578,-0.1504951943000466,-0.03393658921167188,0,0
sleepedf_full,true,eegconformer,transformer.2,43,1,65,0.583,0.7014454780197437,0.6227399564438255,0.8773885571323595,-0.2933390229530094,-0.03304034641801536,0,0
sleepedf_full,true,eegconformer,transformer.5,43,1,65,0.583,0.6706035714377983,0.600348283566409,0.8826305137613814,-0.26097969396521764,-0.016805030054048004,0,0
sleepedf_full,true,eegconformer,fc,43,1,65,0.583,0.6403054090703607,0.6675971830665284,0.7795092460719577,-0.20923435183286362,-0.03912611651339221,0,0
sleepedf_full,true,eegconformer,logits,43,1,65,0.583,0.7934822988236867,0.7866246506400385,0.7651470433238864,-0.25959313107895143,-0.041949730036635303,0,0
sleepedf_full,true,eegconformer,patch_embedding,43,2,65,0.5245,0.8325820231167179,0.3255709671404228,0.9237936044265694,-0.11215931536474494,0.02094773405489201,0,0
sleepedf_full,true,eegconformer,transformer.0,43,2,65,0.5245,0.6286901115548815,0.594167858433445,0.7448664971455833,-0.13314438792052952,-0.029899963265153,0,0
sleepedf_full,true,eegconformer,transformer.2,43,2,65,0.5245,0.6105940612618317,0.5490443519745571,0.7799874830071547,-0.293942155636044,-0.02079753437898711,0,0
sleepedf_full,true,eegconformer,transformer.5,43,2,65,0.5245,0.6059978867763907,0.5004894996878295,0.811547852713291,-0.2178735880711367,0.003709145464802845,0,0
sleepedf_full,true,eegconformer,fc,43,2,65,0.5245,0.44607495471035336,0.5777794211212905,0.928657237307659,-0.6821855211030031,0.0461019051080716,0,0
sleepedf_full,true,eegconformer,logits,43,2,65,0.5245,0.6448538560138802,0.7838029956845283,0.9698708152013253,-0.8711632147860259,0.09293175228519278,0,0
sleepedf_full,true,eegconformer,patch_embedding,43,5,65,0.588,0.7860207698772665,0.29000282890778406,0.9320281595324003,-0.17495545189425843,0.028948062239123263,0,0
sleepedf_full,true,eegconformer,transformer.0,43,5,65,0.588,0.636855916709098,0.5186623410532105,0.6803132281783557,-0.11711688582711391,-0.05391043065998962,0,0
sleepedf_full,true,eegconformer,transformer.2,43,5,65,0.588,0.6368419436514842,0.4863762377038181,0.6739489022714514,-0.15402275838562965,-0.037204742515631,0,0
sleepedf_full,true,eegconformer,transformer.5,43,5,65,0.588,0.6276616578512882,0.4115147378476892,0.6749015610768989,-0.05589637289204787,-0.009855653702270983,0,0
sleepedf_full,true,eegconformer,fc,43,5,65,0.588,0.47356425660671675,0.5731288099205678,0.570029853788306,-0.17108863232333996,-0.039013575190685774,0,0
sleepedf_full,true,eegconformer,logits,43,5,65,0.588,0.7642506452130955,0.7794110998221095,0.584857944220894,-0.26390280974328817,-0.045377951963395696,0,0
sleepedf_full,true,eegconformer,patch_embedding,43,10,65,0.6135,0.7417177734442635,0.2775843281311414,0.9506143748533689,-0.24134016539261086,0.0324435639835043,0,0
sleepedf_full,true,eegconformer,transformer.0,43,10,65,0.6135,0.6157034609674272,0.4106292614205397,0.634154659570055,-0.06416140684734763,-0.00609762918261047,0,0
sleepedf_full,true,eegconformer,transformer.2,43,10,65,0.6135,0.5944144090686473,0.3876588171531537,0.5755170599712841,-0.041402056750805695,0.01703087774273366,0,0
sleepedf_full,true,eegconformer,transformer.5,43,10,65,0.6135,0.5307512539352272,0.3837671761601493,0.4075960662197046,0.009490318912172691,0.09089174651306334,0,0
sleepedf_full,true,eegconformer,fc,43,10,65,0.6135,0.45690350535678714,0.4669945810822483,0.32174812065111313,0.009560653123081492,0.006871659261683604,0,0
sleepedf_full,true,eegconformer,logits,43,10,65,0.6135,0.7523039028064192,0.5423293845135211,0.3971817055849382,-0.018634801927180644,-0.06548965253275306,0,0
sleepedf_full,true,eegconformer,patch_embedding,43,20,65,0.6645,0.6895354644816303,0.24776200096775572,0.9367267684042256,-0.2820591545961442,0.03435772260865401,0,0
sleepedf_full,true,eegconformer,transformer.0,43,20,65,0.6645,0.5642425962709048,0.33265419372706917,0.7540276587853474,-0.377470812806509,0.089354085627343,0,0
sleepedf_full,true,eegconformer,transformer.2,43,20,65,0.6645,0.5277072583985616,0.47133662822504757,0.7600669402990906,-0.6280464697708663,0.26502074366487505,0,0
sleepedf_full,true,eegconformer,transformer.5,43,20,65,0.6645,0.4956331689670408,0.5089200136658582,0.7929045565739783,-0.6528456181564403,0.29987684981423063,0,0
sleepedf_full,true,eegconformer,fc,43,20,65,0.6645,0.4076409363117917,0.6545919527643456,2.2475206823262996,-3.1255127285992583,1.2156121289036985,0,0
sleepedf_full,true,eegconformer,logits,43,20,65,0.6645,0.5980835095844955,0.5997408920756007,1.563247959230457,-1.703266243252539,0.43618633364069814,0,0
sleepedf_full,true,eegconformer,patch_embedding,44,0,65,0.2,0.9931027185869029,0.17624906748647845,1.0002144773520294,-0.007256605160440546,0.00014484639531114546,0,0
sleepedf_full,true,eegconformer,transformer.0,44,0,65,0.2,0.9991886758161685,0.5030422017370594,1.006831404869989,-0.0077516670895467765,0.00010893803572398436,0,0
sleepedf_full,true,eegconformer,transformer.2,44,0,65,0.2,0.9995664104111727,0.5100666971727854,1.0017659829372105,-0.002263763397728795,6.419087169022074e-05,0,0
sleepedf_full,true,eegconformer,transformer.5,44,0,65,0.2,0.9997363416778595,0.5670252069371039,1.0001823129514673,-0.0004968739160782237,5.0902642469067084e-05,0,0
sleepedf_full,true,eegconformer,fc,44,0,65,0.2,0.9995813261343139,0.6083677239617339,1.0074506286441636,-0.007954631417214093,8.532890736451047e-05,0,0
sleepedf_full,true,eegconformer,logits,44,0,65,0.2,0.9996276243445723,0.761714117146697,0.9987733233897605,0.0007019611557013518,0.00015233979911039077,0,0
sleepedf_full,true,eegconformer,patch_embedding,44,1,65,0.515,0.8641187338166372,0.31646416546767187,0.9207614585885597,-0.06824738365535292,0.011604658883429124,0,0
sleepedf_full,true,eegconformer,transformer.0,44,1,65,0.515,0.6384578724247357,0.6070681716378122,0.7131755465874937,-0.1684034439376202,-0.04235728203853926,0,0
sleepedf_full,true,eegconformer,transformer.2,44,1,65,0.515,0.7124680520750759,0.6465389028629774,0.8380239922566315,-0.3801765559231368,-0.046369143572765385,0,0
sleepedf_full,true,eegconformer,transformer.5,44,1,65,0.515,0.6423159917417518,0.6311631551604565,0.8060290139281755,-0.3339339980008303,-0.04131573334438613,0,0
sleepedf_full,true,eegconformer,fc,44,1,65,0.515,0.5344684680565498,0.566200206636676,0.5007864296999626,-0.08921263290483328,0.026217080502300007,0,0
sleepedf_full,true,eegconformer,logits,44,1,65,0.515,0.7376950497989077,0.7284916519861062,0.5017240257143497,-0.08171183198777955,-0.057723691096892626,0,0
sleepedf_full,true,eegconformer,patch_embedding,44,2,65,0.544,0.8244970351988817,0.3107444473043666,0.9106857262126953,-0.09886350140934914,0.012674810395533543,0,0
sleepedf_full,true,eegconformer,transformer.0,44,2,65,0.544,0.685752077357467,0.5559207550218687,0.814905410919267,-0.3141711167605563,-0.02538081153201756,0,0
sleepedf_full,true,eegconformer,transformer.2,44,2,65,0.544,0.7165282278533628,0.5529235668386658,0.821387074561875,-0.39178405273081596,-0.0190255513219852,0,0
sleepedf_full,true,eegconformer,transformer.5,44,2,65,0.544,0.6344844638883559,0.45177905395629825,0.8761596431549018,-0.45772759597938145,0.019295404176317782,0,0
sleepedf_full,true,eegconformer,fc,44,2,65,0.544,0.5465564630069042,0.5385475693861553,0.5452717751472139,-0.10504359788129541,-0.004560891704055664,0,0
sleepedf_full,true,eegconformer,logits,44,2,65,0.544,0.7535838213033594,0.6788993532231432,0.5481641785298378,-0.1240494019229455,-0.026974549802664977,0,0
sleepedf_full,true,eegconformer,patch_embedding,44,5,65,0.592,0.7674922180352406,0.24189285970212504,0.9290223795587564,-0.18220476600275756,0.0206746044792393,0,0
sleepedf_full,true,eegconformer,transformer.0,44,5,65,0.592,0.6006708411495036,0.5839916856979556,0.6911108334026346,-0.2578401829473782,0.010166197881003213,0,0
sleepedf_full,true,eegconformer,transformer.2,44,5,65,0.592,0.5839456761506022,0.583378723975415,0.7790122322064146,-0.3810145521999841,0.019295654513188213,0,0
sleepedf_full,true,eegconformer,transformer.5,44,5,65,0.592,0.5839106412752056,0.46641869550045884,0.9584398569535545,-0.442287459779546,0.029690336281605684,0,0
sleepedf_full,true,eegconformer,fc,44,5,65,0.592,0.44909836760422406,0.5257368545760088,0.6490349654498067,-0.3148574291095816,0.028972166736751383,0,0
sleepedf_full,true,eegconformer,logits,44,5,65,0.592,0.737016865727746,0.6908931085620403,0.6487861934424205,-0.3021004956139604,0.0032557588544360246,0,0
sleepedf_full,true,eegconformer,patch_embedding,44,10,65,0.6045,0.7053622187630777,0.19004095611667637,0.9181202334431049,-0.23146381476756636,0.018444006155046204,0,0
sleepedf_full,true,eegconformer,transformer.0,44,10,65,0.6045,0.6002937536818335,0.4799755407823395,0.7064321234289724,-0.2729516822400776,-0.020235751959644697,0,0
sleepedf_full,true,eegconformer,transformer.2,44,10,65,0.6045,0.5647148502853022,0.3961562781007732,0.6690267738497003,-0.23167738465353474,-0.0009230874172462001,0,0
sleepedf_full,true,eegconformer,transformer.5,44,10,65,0.6045,0.5135226791021562,0.3076130575229304,0.6297810439980133,-0.19521686052500267,0.050575793871976665,0,0
sleepedf_full,true,eegconformer,fc,44,10,65,0.6045,0.4445276478780715,0.48144919797178787,0.3360013156296221,-0.07729523819266136,0.05657570922542102,0,0
sleepedf_full,true,eegconformer,logits,44,10,65,0.6045,0.7017532957078617,0.7353227922851845,0.46114575104022626,-0.038359354854929084,-0.0547374654590692,0,0
sleepedf_full,true,eegconformer,patch_embedding,44,20,65,0.651,0.6552040297458284,0.23690531943149182,0.977223264371122,-0.3715103887244768,0.04495696644517853,0,0
sleepedf_full,true,eegconformer,transformer.0,44,20,65,0.651,0.6015685763321599,0.32126077796540997,0.89313845204246,-0.6008039937235782,0.1184578943110382,0,0
sleepedf_full,true,eegconformer,transformer.2,44,20,65,0.651,0.5845166620029153,0.3530175169571199,0.824525461811997,-0.5299674165074816,0.12998433201747353,0,0
sleepedf_full,true,eegconformer,transformer.5,44,20,65,0.651,0.5172125146139759,0.4052827655336152,0.7997305579600353,-0.5057949400154098,0.1586089718850897,0,0
sleepedf_full,true,eegconformer,fc,44,20,65,0.651,0.46163627063005064,0.5863602673949605,1.8357807333691873,-2.3406538992864925,0.8849440137915302,0,0
sleepedf_full,true,eegconformer,logits,44,20,65,0.651,0.6911108261612701,0.6772626739671561,1.7738687991960054,-1.767309255940317,0.48706995642204426,0,0
sleepedf_full,true,eegconformer,patch_embedding,45,0,65,0.2125,0.992243146323603,0.2601348197317259,0.9876553029222324,0.004159502367858387,0.0004283410335092514,0,0
sleepedf_full,true,eegconformer,transformer.0,45,0,65,0.2125,0.9981416884026614,0.6099262985646206,0.997630059771655,9.679674554045675e-05,0.00041483188546537295,0,0
sleepedf_full,true,eegconformer,transformer.2,45,0,65,0.2125,0.9990672397893428,0.6838438477706403,1.0047153482989126,-0.0059141991379779105,0.00026609062840652465,0,0
sleepedf_full,true,eegconformer,transformer.5,45,0,65,0.2125,0.9993149591487203,0.6554505007894701,1.0035496485429802,-0.004414654838841396,0.00017996544457986481,0,0
sleepedf_full,true,eegconformer,fc,45,0,65,0.2125,0.9994918807666359,0.6275120265176517,0.9963077637146188,0.0030483577520533933,0.0001357592999636216,0,0
sleepedf_full,true,eegconformer,logits,45,0,65,0.2125,0.9987709102943477,0.8439255294650659,0.9857807299484442,0.012569566224553692,0.00042061412134970994,0,0
sleepedf_full,true,eegconformer,patch_embedding,45,1,65,0.574,0.8834674602270918,0.34345235366320687,0.956015798343344,-0.09080911311423782,0.018260774997984053,0,0
sleepedf_full,true,eegconformer,transformer.0,45,1,65,0.574,0.7828810688458608,0.5500319793641282,0.9225965999420984,-0.156541003017055,0.01031551768593624,0,0
sleepedf_full,true,eegconformer,transformer.2,45,1,65,0.574,0.7495926844390132,0.5489990228800435,0.9279394548782959,-0.2245551120058219,0.013368914023448484,0,0
sleepedf_full,true,eegconformer,transformer.5,45,1,65,0.574,0.7196521270765823,0.5511564870971892,0.9261256628499894,-0.273861853312879,0.028110812829000572,0,0
sleepedf_full,true,eegconformer,fc,45,1,65,0.574,0.7012075947605495,0.8700159562903602,1.3223351777387147,-0.7456315116716531,0.047128716681708746,0,0
sleepedf_full,true,eegconformer,logits,45,1,65,0.574,0.7581447100027056,0.92618914142548,1.2174075593611777,-0.5496915994314511,0.032296048812596,0,0
sleepedf_full,true,eegconformer,patch_embedding,45,2,65,0.54,0.8577062612742757,0.3358289831167107,0.9590704127314776,-0.11834163936722038,0.016977487910015646,0,0
sleepedf_full,true,eegconformer,transformer.0,45,2,65,0.54,0.7327837551088101,0.5305596942620512,0.879605751654758,-0.17185870110024473,0.004166903368381063,0,0
sleepedf_full,true,eegconformer,transformer.2,45,2,65,0.54,0.7103588863759481,0.5951443823301944,0.8569290933707839,-0.2640312986892221,0.026974753750935734,0,0
sleepedf_full,true,eegconformer,transformer.5,45,2,65,0.54,0.6547724718962478,0.5796043781311655,0.76401522011429,-0.33004128906274044,0.07254665059266487,0,0
sleepedf_full,true,eegconformer,fc,45,2,65,0.54,0.6091227362615945,0.6159815717004667,0.6625829688710819,-0.18960575157225432,0.022286059038988063,0,0
sleepedf_full,true,eegconformer,logits,45,2,65,0.54,0.7587435922522973,0.7743591480600687,0.7019354855637533,-0.23260981254034405,0.03654515598934473,0,0
sleepedf_full,true,eegconformer,patch_embedding,45,5,65,0.5445,0.8025023673425302,0.28668575697152937,0.9715879858175899,-0.18719402336138943,0.018108404886327617,0,0
sleepedf_full,true,eegconformer,transformer.0,45,5,65,0.5445,0.7518065243451998,0.5340508306882629,0.8931182845583621,-0.14126188145513605,-0.007136581228692513,0,0
sleepedf_full,true,eegconformer,transformer.2,45,5,65,0.5445,0.7416186967690608,0.5674576873922947,0.9034526205840568,-0.1606878298028943,-0.005759641766570617,0,0
sleepedf_full,true,eegconformer,transformer.5,45,5,65,0.5445,0.771326700260158,0.5398563457074332,1.0073109014934518,-0.2342306102962708,-0.002528453242994049,0,0
sleepedf_full,true,eegconformer,fc,45,5,65,0.5445,0.5867080027759403,0.5711538252876391,0.667001630927877,-0.23663676572649647,0.048915637615893175,0,0
sleepedf_full,true,eegconformer,logits,45,5,65,0.5445,0.7389666668792351,0.6516637036685359,0.5742780645658054,-0.21537458365160858,0.012305997472421034,0,0
sleepedf_full,true,eegconformer,patch_embedding,45,10,65,0.6045,0.7553436508810248,0.24344047862930698,0.9505348161556073,-0.211168455295377,0.01597729002079142,0,0
sleepedf_full,true,eegconformer,transformer.0,45,10,65,0.6045,0.672940496192364,0.45623890244372917,0.7792783442456986,-0.12562395014318853,-0.016423853434180253,0,0
sleepedf_full,true,eegconformer,transformer.2,45,10,65,0.6045,0.6303468593649721,0.4031072351247804,0.684487075039679,-0.08652795096594292,0.01979208078828624,0,0
sleepedf_full,true,eegconformer,transformer.5,45,10,65,0.6045,0.5841524298097658,0.41143133686256517,0.5636401459031335,-0.044154072683002636,0.042559718222529075,0,0
sleepedf_full,true,eegconformer,fc,45,10,65,0.6045,0.6380163658418404,0.5593829337455887,0.47318850610739016,0.02399743489623482,0.01956507644937159,0,0
sleepedf_full,true,eegconformer,logits,45,10,65,0.6045,0.8254861158455409,0.7472539528563982,0.5021190753343445,-0.026958309191304687,-0.05087467030267766,0,0
sleepedf_full,true,eegconformer,patch_embedding,45,20,65,0.6025,0.7131807029626873,0.21242739251942624,0.9889024544567764,-0.3030391044737513,0.027026856816587376,0,0
sleepedf_full,true,eegconformer,transformer.0,45,20,65,0.6025,0.6273729680509755,0.38805165885894566,0.7884281069480586,-0.19592363268873933,0.004431197051536479,0,0
sleepedf_full,true,eegconformer,transformer.2,45,20,65,0.6025,0.6249145532715308,0.3864509459398189,0.83585990746766,-0.24470054784752576,0.03102484168773927,0,0
sleepedf_full,true,eegconformer,transformer.5,45,20,65,0.6025,0.6752840053286792,0.36896279939798643,0.8686514283896061,-0.23286587693080013,0.039428525415381305,0,0
sleepedf_full,true,eegconformer,fc,45,20,65,0.6025,0.4700067117384729,0.4696733434551026,0.36445741080952787,-0.14241065691175167,0.04001361099825137,0,0
sleepedf_full,true,eegconformer,logits,45,20,65,0.6025,0.6340281886398326,0.7445398345125144,0.3761377397434343,0.01827986995681636,-0.21517522622988514,0,0
sleepedf_full,true,eegconformer,patch_embedding,46,0,65,0.2,0.9952463324631488,0.19213787533858467,0.9957198366561565,-0.0006114590376413291,0.00013795484463163517,0,0
sleepedf_full,true,eegconformer,transformer.0,46,0,65,0.2,0.9992914029807415,0.5724436862662031,1.002285520999256,-0.0031528107968028765,0.00015869277828856133,0,0
sleepedf_full,true,eegconformer,transformer.2,46,0,65,0.2,0.9993845882168516,0.6346895568573415,1.004745027071142,-0.0055266432929519565,0.00016620443865880254,0,0
sleepedf_full,true,eegconformer,transformer.5,46,0,65,0.2,0.9995206479785728,0.7061093120688359,0.9969793225021837,0.0023846110947222817,0.00015671438166530547,0,0
sleepedf_full,true,eegconformer,fc,46,0,65,0.2,0.999471058176889,0.6699044307235249,1.0020876228833295,-0.0027633377785529194,0.00014677307211229628,0,0
sleepedf_full,true,eegconformer,logits,46,0,65,0.2,0.9993321040231146,0.8275199694699439,1.0087375812045287,-0.009663907336442974,0.0002584301550287449,0,0
sleepedf_full,true,eegconformer,patch_embedding,46,1,65,0.5735,0.867998816575473,0.3217370990348795,0.9340408426400882,-0.07879455224927424,0.012752526184657605,0,0
sleepedf_full,true,eegconformer,transformer.0,46,1,65,0.5735,0.710730013905075,0.5852674275629919,0.8823323750794343,-0.24615132679291765,-0.019781390913767294,0,0
sleepedf_full,true,eegconformer,transformer.2,46,1,65,0.5735,0.7495619428147567,0.5652753785017824,0.8240946000618268,-0.34259382988092085,-0.01294275253418171,0,0
sleepedf_full,true,eegconformer,transformer.5,46,1,65,0.5735,0.6764165151785803,0.5331515958534416,0.9459795788778623,-0.45434739326573426,0.035817153721628935,0,0
sleepedf_full,true,eegconformer,fc,46,1,65,0.5735,0.6556455933443073,0.7881012815193036,1.6419432091572703,-1.2464744807916341,0.17491962723977023,0,0
sleepedf_full,true,eegconformer,logits,46,1,65,0.5735,0.8548523948964342,0.8715260632403814,1.4677503185054368,-1.2196843291395794,0.17245854800465743,0,0
sleepedf_full,true,eegconformer,patch_embedding,46,2,65,0.6255,0.8330804980098682,0.29151324890984687,0.9399977776079221,-0.1203928512774706,0.013475571679415582,0,0
sleepedf_full,true,eegconformer,transformer.0,46,2,65,0.6255,0.6798602635477654,0.5481950110498448,0.7846454746083471,-0.1435500152986799,-0.03335432239358671,0,0
sleepedf_full,true,eegconformer,transformer.2,46,2,65,0.6255,0.6716794226153575,0.5629073464072952,0.7606799775607843,-0.19137306580667443,-0.03607512140248981,0,0
sleepedf_full,true,eegconformer,transformer.5,46,2,65,0.6255,0.6291552014400005,0.492604393470285,0.82871967562312,-0.2357069172348524,0.00445425120801344,0,0
sleepedf_full,true,eegconformer,fc,46,2,65,0.6255,0.5620324261906604,0.5596545629382593,0.5737450633317511,-0.14701320376380367,0.012534452879776184,0,0
sleepedf_full,true,eegconformer,logits,46,2,65,0.6255,0.6838012333261416,0.7643793163714863,0.613972140369556,-0.11387758567255063,-0.03604980246330741,0,0
sleepedf_full,true,eegconformer,patch_embedding,46,5,65,0.6575,0.7755898593274891,0.22830328253484442,0.9698126715092718,-0.21741348711744712,0.023190674935664235,0,0
sleepedf_full,true,eegconformer,transformer.0,46,5,65,0.6575,0.655164203911499,0.4860477724537015,0.7617149052460978,-0.28442007204959774,-0.023278211622776844,0,0
sleepedf_full,true,eegconformer,transformer.2,46,5,65,0.6575,0.6184583440477883,0.50941327139279,0.8046010531725637,-0.39498004580728924,0.003464346769291093,0,0
sleepedf_full,true,eegconformer,transformer.5,46,5,65,0.6575,0.5606527822862223,0.43885329527151495,0.9518610080603818,-0.5194983682042374,0.037413825067847184,0,0
sleepedf_full,true,eegconformer,fc,46,5,65,0.6575,0.4825241678557497,0.6554298956598039,1.3474235207279182,-1.0544482475279944,0.14866405782879114,0,0
sleepedf_full,true,eegconformer,logits,46,5,65,0.6575,0.6863459072320703,0.8032485775458226,1.1449583637470215,-0.6931239214785743,0.0741163747311265,0,0
sleepedf_full,true,eegconformer,patch_embedding,46,10,65,0.624,0.6954804498210979,0.23597049140230936,0.9255426242947226,-0.26427105174735493,0.03388458228010381,0,0
sleepedf_full,true,eegconformer,transformer.0,46,10,65,0.624,0.5790036669773079,0.4409763298807451,0.6574658904322761,-0.15833477148838102,-0.04548196880505581,0,0
sleepedf_full,true,eegconformer,transformer.2,46,10,65,0.624,0.5486657207427196,0.42893190390041613,0.6431756777852897,-0.07686125777561154,-0.03720842080846512,0,0
sleepedf_full,true,eegconformer,transformer.5,46,10,65,0.624,0.5996970627547863,0.45324900009898167,0.7017227864411171,-0.09817435689027812,-0.013386536738290135,0,0
sleepedf_full,true,eegconformer,fc,46,10,65,0.624,0.44351567310229334,0.5098472298713715,0.4606775030242205,-0.06721782487890626,-0.005876781832471004,0,0
sleepedf_full,true,eegconformer,logits,46,10,65,0.624,0.5860002265872243,0.5941083172871431,0.6501076665535983,-0.2588476052257959,-0.04340809241055498,0,0
sleepedf_full,true,eegconformer,patch_embedding,46,20,65,0.6605,0.6539175202065235,0.2534877202920798,0.9776627021033026,-0.3784709834042084,0.05305719749267258,0,0
sleepedf_full,true,eegconformer,transformer.0,46,20,65,0.6605,0.4808785245069367,0.38353665637155254,0.5891616340045231,-0.15475383243311908,-0.025177591807398463,0,0
sleepedf_full,true,eegconformer,transformer.2,46,20,65,0.6605,0.4511723216163773,0.3711781709004942,0.6128251840578207,-0.1946698397085794,-0.0070082172290477154,0,0
sleepedf_full,true,eegconformer,transformer.5,46,20,65,0.6605,0.4601341550404942,0.3072890958857672,0.5990704257513428,-0.20154058483134688,0.0345743034005884,0,0
sleepedf_full,true,eegconformer,fc,46,20,65,0.6605,0.4086754942186271,0.32240807649932185,0.4371374963865636,-0.1507953666176255,0.049473609091993255,0,0
sleepedf_full,true,eegconformer,logits,46,20,65,0.6605,0.6037795431749993,0.46319901940940655,0.4120392723418004,0.08120635165211351,0.044336637455219166,0,0
sleepedf_full,true,tsception,temporal_blocks.0,41,0,65,0.1995,0.6578533381962489,0.4408590287426753,0.39217965077349204,0.09591015884477498,0.16976352857798185,0,0
sleepedf_full,true,tsception,temporal_blocks.2,41,0,65,0.1995,0.7994936187799273,0.19324908663631565,0.7156022805292618,0.06420586782754549,0.019685470423118363,0,0
sleepedf_full,true,tsception,spatial_block_1,41,0,65,0.1995,0.9262697159731836,0.17035567230456033,0.8826473485746835,0.03803154901326612,0.005590818385227679,0,0
sleepedf_full,true,tsception,spatial_block_2,41,0,65,0.1995,0.9739074616393089,0.47818205571775785,0.872254091249435,0.09702663783945217,0.004626732550421643,0,0
sleepedf_full,true,tsception,batch_temporal_lay,41,0,65,0.1995,0.688138181297957,0.3312582774006847,0.6605852643358748,-0.041007430611505094,0.06856034757358702,0,0
sleepedf_full,true,tsception,batch_spatial_lay,41,0,65,0.1995,0.9643623698215033,0.4248944313979642,0.864312325407482,0.0945647344713379,0.00548530994268325,0,0
sleepedf_full,true,tsception,dense_layer,41,0,65,0.1995,0.9654840033230822,0.49004409072010735,0.842202963635267,0.11530630068773748,0.007974739000077632,0,0
sleepedf_full,true,tsception,logits,41,0,65,0.1995,0.9908499515134537,0.6620602303073049,0.9016181026324428,0.08562142407919861,0.0036104248018122673,0,0
sleepedf_full,true,tsception,temporal_blocks.0,41,1,65,0.613,0.65519492488509,0.41925394180091147,0.3834740262329403,0.11701755972075822,0.15470333893139054,0,0
sleepedf_full,true,tsception,temporal_blocks.2,41,1,65,0.613,0.7946131245051502,0.2616215005240256,0.7065052791175462,0.06344749613753803,0.0246603492500626,0,0
sleepedf_full,true,tsception,spatial_block_1,41,1,65,0.613,0.8084323879221923,0.36220063071240244,1.1679833892657732,-0.4174804311357982,0.05792942979221447,0,0
sleepedf_full,true,tsception,spatial_block_2,41,1,65,0.613,0.768407820104131,0.19785186304637284,0.9135166224607443,-0.17221751278000483,0.027108710423390782,0,0
sleepedf_full,true,tsception,batch_temporal_lay,41,1,65,0.613,0.6858280860903962,0.26798467140410587,1.0272780550368836,-0.39635681839377146,0.054906849447283565,0,0
sleepedf_full,true,tsception,batch_spatial_lay,41,1,65,0.613,0.6585745110362742,0.3330532861451685,1.1168433115848306,-0.5454232144012697,0.08715441385271216,0,0
sleepedf_full,true,tsception,dense_layer,41,1,65,0.613,0.6606411758546656,0.5525610883777277,1.645413408447803,-1.016938169714383,0.02293834149801566,0,0
sleepedf_full,true,tsception,logits,41,1,65,0.613,0.8186398769767246,0.8590669742276678,2.3673648507503935,-1.7941991095836227,-0.04023172578611005,0,0
sleepedf_full,true,tsception,temporal_blocks.0,41,2,65,0.638,0.6574861742308842,0.40489798180714104,0.36927825907346956,0.13924100272087245,0.14896691243654095,0,0
sleepedf_full,true,tsception,temporal_blocks.2,41,2,65,0.638,0.7902280023503604,0.2413912451028998,0.6956358486148404,0.07042554208477225,0.024166611650746312,0,0
sleepedf_full,true,tsception,spatial_block_1,41,2,65,0.638,0.7961292635159906,0.3388463325255794,1.1476870023140864,-0.4180229958967683,0.06646525709866848,0,0
sleepedf_full,true,tsception,spatial_block_2,41,2,65,0.638,0.7756532898869621,0.2104914432780172,0.9163974470553927,-0.1636272056323049,0.02288304846387455,0,0
sleepedf_full,true,tsception,batch_temporal_lay,41,2,65,0.638,0.6804154870773275,0.26978100367971014,1.0369893983913177,-0.4188732860993929,0.062299374785403,0,0
sleepedf_full,true,tsception,batch_spatial_lay,41,2,65,0.638,0.6317865511223227,0.3294257878171238,1.0997844271261474,-0.5802403382022756,0.11224246219845065,0,0
sleepedf_full,true,tsception,dense_layer,41,2,65,0.638,0.6156783696991059,0.49170878687778413,0.9208189904359437,-0.33705355054583513,0.028155659312979208,0,0
sleepedf_full,true,tsception,logits,41,2,65,0.638,0.7306384622186318,0.6975957393558205,1.1046009370993772,-0.4185007134676219,-0.1260090240386358,0,0
sleepedf_full,true,tsception,temporal_blocks.0,41,5,65,0.577,0.6520427919214222,0.37346207354221395,0.3527594594250096,0.16660265044620332,0.13268068205020775,0,0
sleepedf_full,true,tsception,temporal_blocks.2,41,5,65,0.577,0.7823916568319154,0.19984567877856432,0.6794348922910648,0.07805002850147495,0.0249067360393769,0,0
sleepedf_full,true,tsception,spatial_block_1,41,5,65,0.577,0.7925914012595157,0.34304205857663894,1.1637719749083837,-0.448177701706469,0.07699712805759407,0,0
sleepedf_full,true,tsception,spatial_block_2,41,5,65,0.577,0.7717221004215974,0.19915322667270002,0.870991615099495,-0.11517738569565744,0.01590787101776159,0,0
sleepedf_full,true,tsception,batch_temporal_lay,41,5,65,0.577,0.6557159569144381,0.25632074405172844,1.0269761554285424,-0.4392058850990086,0.06794568658490371,0,0
sleepedf_full,true,tsception,batch_spatial_lay,41,5,65,0.577,0.5862961304445262,0.3482085162323063,1.1443375407087892,-0.7135049234269749,0.15517640830085605,0,0
sleepedf_full,true,tsception,dense_layer,41,5,65,0.577,0.6439922778140267,0.5098215253701817,1.4797384305597192,-1.030874973644817,0.19459434905969417,0,0
sleepedf_full,true,tsception,logits,41,5,65,0.577,0.7487219099952657,0.5848151375709464,1.708392010368799,-1.1477341079670478,0.04156180323865583,0,0
sleepedf_full,true,tsception,temporal_blocks.0,41,10,65,0.5955,0.6382881253009315,0.3643913690914882,0.33810546796187546,0.16821412130202198,0.13196853603703348,0,0
sleepedf_full,true,tsception,temporal_blocks.2,41,10,65,0.5955,0.7753457829832112,0.16432682493427808,0.6594834450226534,0.09274300847179753,0.023119329488758802,0,0
sleepedf_full,true,tsception,spatial_block_1,41,10,65,0.5955,0.7747091400249535,0.321673089173291,1.122321627099112,-0.42020276084051994,0.07259027376635929,0,0
sleepedf_full,true,tsception,spatial_block_2,41,10,65,0.5955,0.7693098836044355,0.21276649584609755,0.8416508000598678,-0.09677540275715404,0.024434486301716362,0,0
sleepedf_full,true,tsception,batch_temporal_lay,41,10,65,0.5955,0.624765691052319,0.26257631714255,1.0075006249009186,-0.45863502188965183,0.0759000880410523,0,0
sleepedf_full,true,tsception,batch_spatial_lay,41,10,65,0.5955,0.5436844307285565,0.357931764610591,1.1334917448446087,-0.7729571289906616,0.18245750606649666,0,0
sleepedf_full,true,tsception,dense_layer,41,10,65,0.5955,0.5801696307767429,0.5175399007151149,1.467046556019902,-1.1931552950084965,0.3012677577658724,0,0
sleepedf_full,true,tsception,logits,41,10,65,0.5955,0.7303729646146839,0.5957006019737374,1.3880651426308306,-0.8950560568922443,0.013754995911684295,0,0
sleepedf_full,true,tsception,temporal_blocks.0,41,20,65,0.6015,0.6190842087269314,0.35402159986491855,0.3249735345481154,0.1632721561848753,0.13083851799394133,0,0
sleepedf_full,true,tsception,temporal_blocks.2,41,20,65,0.6015,0.7700478138534804,0.16051691936536416,0.6487228936719075,0.09853879877147827,0.022786121410094628,0,0
sleepedf_full,true,tsception,spatial_block_1,41,20,65,0.6015,0.7357559272010904,0.3571314981317936,1.1880913345148747,-0.5618193548712352,0.10948394755744646,0,0
sleepedf_full,true,tsception,spatial_block_2,41,20,65,0.6015,0.7811129725319883,0.1826001651764436,0.8740698909947007,-0.11375392645585156,0.02079700799313373,0,0
sleepedf_full,true,tsception,batch_temporal_lay,41,20,65,0.6015,0.5976329255443988,0.2557404535503869,0.9917006035752746,-0.4749064811886089,0.08083880315773266,0,0
sleepedf_full,true,tsception,batch_spatial_lay,41,20,65,0.6015,0.5059558437037446,0.3800669419809386,1.2349493846407529,-0.9842818206984045,0.25468957422459226,0,0
sleepedf_full,true,tsception,dense_layer,41,20,65,0.6015,0.51246346554482,0.4837036219123515,1.6551555747322204,-1.6011309023889317,0.4477318102138779,0,0
sleepedf_full,true,tsception,logits,41,20,65,0.6015,0.7006957726349095,0.5674710411101185,1.5479222341145755,-1.264761149428853,0.1847776670014404,0,0
sleepedf_full,true,tsception,temporal_blocks.0,42,0,65,0.2135,0.652845010034786,0.33697513021622555,0.4045853638365138,0.13475424553622908,0.11350540066204222,0,0
sleepedf_full,true,tsception,temporal_blocks.2,42,0,65,0.2135,0.808112591092507,0.12684336516234382,0.692680510441008,0.09601375729408189,0.01941832335741727,0,0
sleepedf_full,true,tsception,spatial_block_1,42,0,65,0.2135,0.9112633242769116,0.31732426335392583,0.7019667688717272,0.18494799677760282,0.024348558627581555,0,0
sleepedf_full,true,tsception,spatial_block_2,42,0,65,0.2135,0.9714509176372,0.39347034662662633,0.9746703731512246,-0.009613663257778609,0.006394207743751481,0,0
sleepedf_full,true,tsception,batch_temporal_lay,42,0,65,0.2135,0.7220186152291714,0.2222857790213837,0.6166589464146242,0.05953877018180593,0.04582089863274108,0,0
sleepedf_full,true,tsception,batch_spatial_lay,42,0,65,0.2135,0.9576174433512629,0.3807920255997922,0.9506604769211872,-0.002250613948370026,0.009207580378445468,0,0
sleepedf_full,true,tsception,dense_layer,42,0,65,0.2135,0.9687980151479467,0.3923766869640872,0.9377922352605592,0.023762192924152714,0.007243586963234634,0,0
sleepedf_full,true,tsception,logits,42,0,65,0.2135,0.9921626976028725,0.4657178910932743,0.9675045669939856,0.023066813608893802,0.0015913169999931074,0,0
sleepedf_full,true,tsception,temporal_blocks.0,42,1,65,0.558,0.6424756914022512,0.3895404978503392,0.4697462296397955,0.06945537315334975,0.10327408860910525,0,0
sleepedf_full,true,tsception,temporal_blocks.2,42,1,65,0.558,0.7941733602554347,0.11995843285095864,0.6705228352975628,0.10215432953117339,0.021496195426699397,0,0
sleepedf_full,true,tsception,spatial_block_1,42,1,65,0.558,0.8301223576517255,0.507459806101516,1.2694857920938147,-0.5057053240510295,0.06634188960894268,0,0
sleepedf_full,true,tsception,spatial_block_2,42,1,65,0.558,0.8760138434321352,0.3987903914662601,1.086322871865726,-0.23470079827765722,0.024391769844060995,0,0
sleepedf_full,true,tsception,batch_temporal_lay,42,1,65,0.558,0.6589243499243893,0.3075380900341853,0.9930509380261076,-0.39153316497146834,0.05740657686974971,0,0
sleepedf_full,true,tsception,batch_spatial_lay,42,1,65,0.558,0.7111994684780678,0.43377015189465407,1.1024137717739422,-0.4683147030108642,0.07710039971498948,0,0
sleepedf_full,true,tsception,dense_layer,42,1,65,0.558,0.8096918703364901,0.6413113110981926,1.5919229111551663,-0.7361674887220131,-0.047403615728899194,0,0
sleepedf_full,true,tsception,logits,42,1,65,0.558,0.8973408588037117,0.8163761817897154,1.4682051295031537,-0.45691403805109315,-0.15693176243540088,0,0
sleepedf_full,true,tsception,temporal_blocks.0,42,2,65,0.601,0.6528931935038516,0.379773497132615,0.49560928287808526,0.06386363787594168,0.09342027274982422,0,0
sleepedf_full,true,tsception,temporal_blocks.2,42,2,65,0.601,0.7925329593484527,0.13161238539847975,0.6719903282170994,0.09656853763650633,0.023974093494847134,0,0
sleepedf_full,true,tsception,spatial_block_1,42,2,65,0.601,0.8304228575600243,0.5303499481306806,1.3275276512321899,-0.5789347356970871,0.08182994202492158,0,0
sleepedf_full,true,tsception,spatial_block_2,42,2,65,0.601,0.8726276495110362,0.40518484028829344,1.111140059238169,-0.26764091559481523,0.029128505867686057,0,0
sleepedf_full,true,tsception,batch_temporal_lay,42,2,65,0.601,0.6463324575805136,0.315399451193796,0.9970495845661745,-0.413407694731589,0.06269056774592784,0,0
sleepedf_full,true,tsception,batch_spatial_lay,42,2,65,0.601,0.7015557475318485,0.44665935555254455,1.1510808428606087,-0.5479870531206508,0.09846195779189028,0,0
sleepedf_full,true,tsception,dense_layer,42,2,65,0.601,0.6933004894850968,0.572803215863379,1.3553391347447987,-0.6486198409891536,-0.015189458698380006,0,0
sleepedf_full,true,tsception,logits,42,2,65,0.601,0.7990089705565371,0.6677097034448821,1.6063304615309129,-0.7601981109871419,-0.16363757032740803,0,0
sleepedf_full,true,tsception,temporal_blocks.0,42,5,65,0.602,0.6498531247707708,0.32761457466831473,0.5027175964371272,0.06643017169863275,0.08070535663501031,0,0
sleepedf_full,true,tsception,temporal_blocks.2,42,5,65,0.602,0.789589316417612,0.13248043790581018,0.6561991917243055,0.10811851253805731,0.02527161215524922,0,0
sleepedf_full,true,tsception,spatial_block_1,42,5,65,0.602,0.8357896261770474,0.4640268944907348,1.3542942664551745,-0.5980233447927467,0.07951870451461791,0,0
sleepedf_full,true,tsception,spatial_block_2,42,5,65,0.602,0.8688853570172947,0.3541579599332867,1.1231374926399316,-0.28358045693537454,0.02932832131274095,0,0
sleepedf_full,true,tsception,batch_temporal_lay,42,5,65,0.602,0.6230189446625715,0.27700054243589456,0.9829199514143052,-0.42361232520186576,0.06371131845013184,0,0
sleepedf_full,true,tsception,batch_spatial_lay,42,5,65,0.602,0.6858131001670029,0.3858285975948789,1.1782217167104376,-0.5925911222486168,0.10018250570518158,0,0
sleepedf_full,true,tsception,dense_layer,42,5,65,0.602,0.7362822118659587,0.560965665304587,1.4159178400480152,-0.6944737804884419,0.01386674207374841,0,0
sleepedf_full,true,tsception,logits,42,5,65,0.602,0.78432716481781,0.8397673682783561,1.5869086956989726,-0.8133620475843119,-0.0519382715414853,0,0
sleepedf_full,true,tsception,temporal_blocks.0,42,10,65,0.578,0.6351124667053291,0.3024451406041964,0.4888512370506063,0.06912745154766826,0.07713377810705381,0,0
sleepedf_full,true,tsception,temporal_blocks.2,42,10,65,0.578,0.7820898744331304,0.14846836029959967,0.639359208322813,0.11327871922701002,0.02945194688330347,0,0
sleepedf_full,true,tsception,spatial_block_1,42,10,65,0.578,0.8290159245854712,0.3774980906309938,1.3756097797764124,-0.6267412738483761,0.08014741865743301,0,0
sleepedf_full,true,tsception,spatial_block_2,42,10,65,0.578,0.8510426823127925,0.29868453700134145,1.1050800980580593,-0.2845977503389553,0.03056033459368348,0,0
sleepedf_full,true,tsception,batch_temporal_lay,42,10,65,0.578,0.6013648510262284,0.2553036098764186,0.9740987485971585,-0.4414522165737524,0.06871831900282172,0,0
sleepedf_full,true,tsception,batch_spatial_lay,42,10,65,0.578,0.6294830850441647,0.31742527840559714,1.1381683289703222,-0.616817098477751,0.10813185455159366,0,0
sleepedf_full,true,tsception,dense_layer,42,10,65,0.578,0.6696607522793423,0.40134144100720887,0.9442901727926897,-0.34439900136492096,0.06867664253603138,0,0
sleepedf_full,true,tsception,logits,42,10,65,0.578,0.7430536257063578,0.619947849611871,0.7776702319252945,-0.03465509342720233,-0.0667150694445101,0,0
sleepedf_full,true,tsception,temporal_blocks.0,42,20,65,0.613,0.614138624733941,0.269327623117019,0.4735018957057571,0.06889458450216447,0.07174214452601996,0,0
sleepedf_full,true,tsception,temporal_blocks.2,42,20,65,0.613,0.7755282949259997,0.15082208431482466,0.6242189450015442,0.12047081225103895,0.030838537673415923,0,0
sleepedf_full,true,tsception,spatial_block_1,42,20,65,0.613,0.8100931179877697,0.34644078590931204,1.4318726836704154,-0.7224069186951098,0.10062735301245938,0,0
sleepedf_full,true,tsception,spatial_block_2,42,20,65,0.613,0.833503659056364,0.21875856147153894,1.0689704906789974,-0.26094163929652425,0.025474807673887212,0,0
sleepedf_full,true,tsception,batch_temporal_lay,42,20,65,0.613,0.5695551646536318,0.22332226712396278,0.9435646367800067,-0.4459512001379437,0.07168768242917371,0,0
sleepedf_full,true,tsception,batch_spatial_lay,42,20,65,0.613,0.6128101009021981,0.26603484593750654,1.1597099072419246,-0.6543025288351709,0.10740272249544383,0,0
sleepedf_full,true,tsception,dense_layer,42,20,65,0.613,0.6550105536667049,0.5381829615542507,1.296513487084735,-0.6281484069226195,-0.01644043921570065,0,0
sleepedf_full,true,tsception,logits,42,20,65,0.613,0.7245928061399336,0.8700991224564224,1.3028720184877314,-0.5413851602954042,-0.14338123503590072,0,0
sleepedf_full,true,tsception,temporal_blocks.0,43,0,65,0.2,0.7438895239337877,0.28040073975419544,0.528787290979171,0.15917204007467506,0.0559301928799384,0,0
sleepedf_full,true,tsception,temporal_blocks.2,43,0,65,0.2,0.701706666528748,0.17116202321413856,0.5041253977035905,0.16049970136628255,0.03708156745887541,0,0
sleepedf_full,true,tsception,spatial_block_1,43,0,65,0.2,0.95738128651804,0.1666138749185637,0.868416084643521,0.08568765238566738,0.0032775494888503567,0,0
sleepedf_full,true,tsception,spatial_block_2,43,0,65,0.2,0.9095725593513996,0.2961069683700116,0.929999119440056,-0.027933991554465996,0.007507431465808092,0,0
sleepedf_full,true,tsception,batch_temporal_lay,43,0,65,0.2,0.6661560983256988,0.1962033874471405,0.5419764193028095,0.07890925416249155,0.04527042486039768,0,0
sleepedf_full,true,tsception,batch_spatial_lay,43,0,65,0.2,0.9041225579874702,0.26335630131081905,0.89558069810734,0.0005630790388268397,0.007978780841303115,0,0
sleepedf_full,true,tsception,dense_layer,43,0,65,0.2,0.9169018522475483,0.2772680264042276,0.8944060489896402,0.015505991032437279,0.006989812225470893,0,0
sleepedf_full,true,tsception,logits,43,0,65,0.2,0.9863939165141654,0.4569032870585107,0.9581738184410724,0.026540353167708374,0.0016797449053845422,0,0
sleepedf_full,true,tsception,temporal_blocks.0,43,1,65,0.5755,0.7064098633923475,0.2275041070754057,0.4801574919219652,0.1737916656675694,0.0524607058028143,0,0
sleepedf_full,true,tsception,temporal_blocks.2,43,1,65,0.5755,0.7055070696267972,0.13891880670136741,0.5206277058565525,0.15311401360493285,0.03176535016531345,0,0
sleepedf_full,true,tsception,spatial_block_1,43,1,65,0.5755,0.8411328953294366,0.18092645353908257,0.9590147749475068,-0.13402378365593962,0.01614190403786857,0,0
sleepedf_full,true,tsception,spatial_block_2,43,1,65,0.5755,0.7930123393450508,0.24672280171158717,0.7685106624239982,0.012053083013133311,0.012448593907920472,0,0
sleepedf_full,true,tsception,batch_temporal_lay,43,1,65,0.5755,0.6827145292010129,0.18639122139893913,0.9104149830889102,-0.2626592823808223,0.03495882849292492,0,0
sleepedf_full,true,tsception,batch_spatial_lay,43,1,65,0.5755,0.6356942580747789,0.21930399839012993,0.8328896882969424,-0.2196600922389967,0.022200489703238915,0,0
sleepedf_full,true,tsception,dense_layer,43,1,65,0.5755,0.693658868890623,0.8377765835351956,1.8219510595197326,-1.1411165794376776,0.009852069171595812,0,0
sleepedf_full,true,tsception,logits,43,1,65,0.5755,0.8059582782662006,0.9631239427507609,2.6670293433318064,-2.126666997803814,0.05854151626170417,0,0
sleepedf_full,true,tsception,temporal_blocks.0,43,2,65,0.61,0.6971025891644748,0.24975229033174626,0.45819582035380646,0.17584118312307032,0.0630655856875938,0,0
sleepedf_full,true,tsception,temporal_blocks.2,43,2,65,0.61,0.7106304274125109,0.11528347893845904,0.5215705211254827,0.16087650740715959,0.02818339887986676,0,0
sleepedf_full,true,tsception,spatial_block_1,43,2,65,0.61,0.8346122692632083,0.2771141604816551,1.019477376959322,-0.21379597842061085,0.028930870724493973,0,0
sleepedf_full,true,tsception,spatial_block_2,43,2,65,0.61,0.8051237500728429,0.3080928412438164,0.8295447469568259,-0.04119850463767069,0.016777507753688782,0,0
sleepedf_full,true,tsception,batch_temporal_lay,43,2,65,0.61,0.6839192938891897,0.23138971371940256,0.948545471035678,-0.3071232065631754,0.04249702941668681,0,0
sleepedf_full,true,tsception,batch_spatial_lay,43,2,65,0.61,0.6299090993857572,0.26888304563218696,0.904912650098741,-0.31433743985298196,0.03923444891601434,0,0
sleepedf_full,true,tsception,dense_layer,43,2,65,0.61,0.7086414746008083,0.6806856146747876,1.3417861355607557,-0.5945544393967258,-0.04039460080415402,0,0
sleepedf_full,true,tsception,logits,43,2,65,0.61,0.8022853831437634,0.9444274288827768,1.7813295402348994,-1.0576243947206008,-0.1050251039924225,0,0
sleepedf_full,true,tsception,temporal_blocks.0,43,5,65,0.5855,0.6814428778938606,0.2761051869822324,0.439258941999878,0.16763539100377536,0.07454854489020706,0,0
sleepedf_full,true,tsception,temporal_blocks.2,43,5,65,0.5855,0.7258114144979587,0.1081750740103624,0.5464707375776529,0.15446543775778315,0.02487523916252111,0,0
sleepedf_full,true,tsception,spatial_block_1,43,5,65,0.5855,0.8165954244966543,0.3081109252628915,1.0309282471496581,-0.2596296285491052,0.04529680589610056,0,0
sleepedf_full,true,tsception,spatial_block_2,43,5,65,0.5855,0.8157075601579178,0.309696849264304,0.8775829085572482,-0.07631130942666134,0.014435961027326543,0,0
sleepedf_full,true,tsception,batch_temporal_lay,43,5,65,0.5855,0.6707216312378873,0.24178967282167949,0.966469066382995,-0.3467774807980314,0.051030045652923614,0,0
sleepedf_full,true,tsception,batch_spatial_lay,43,5,65,0.5855,0.621532523831163,0.2800420657929065,0.9705501927434036,-0.4044308256196755,0.05536370534395284,0,0
sleepedf_full,true,tsception,dense_layer,43,5,65,0.5855,0.678754435460758,0.5943072656954237,1.374206402115478,-0.6897745660918223,-0.007228433722274272,0,0
sleepedf_full,true,tsception,logits,43,5,65,0.5855,0.7515337052395327,0.8970747756523673,1.6561046557895072,-0.9281604571628451,-0.10751846531326638,0,0
sleepedf_full,true,tsception,temporal_blocks.0,43,10,65,0.607,0.6633054686138962,0.23837453627688243,0.4076942033800998,0.18345115097258663,0.0721601142612054,0,0
sleepedf_full,true,tsception,temporal_blocks.2,43,10,65,0.607,0.7253334192723121,0.11560638154548929,0.5453361760283313,0.154219900086703,0.0257773431572752,0,0
sleepedf_full,true,tsception,spatial_block_1,43,10,65,0.607,0.7860940738678237,0.22688535598031936,0.9772015578268111,-0.2356144111126508,0.04450692715366068,0,0
sleepedf_full,true,tsception,spatial_block_2,43,10,65,0.607,0.8226234462878083,0.29463986629083366,0.9345451053123531,-0.1299335544870088,0.018011895462462568,0,0
sleepedf_full,true,tsception,batch_temporal_lay,43,10,65,0.607,0.651512121169564,0.2226733824725698,0.9554854777422989,-0.3584344617333495,0.054461105160614705,0,0
sleepedf_full,true,tsception,batch_spatial_lay,43,10,65,0.607,0.5946068887574932,0.2392059976406817,0.9868836200589123,-0.4573116332009964,0.06501128449629098,0,0
sleepedf_full,true,tsception,dense_layer,43,10,65,0.607,0.6572962476315565,0.51492709297434,1.1952524709354935,-0.554909214860797,0.015770996340569665,0,0
sleepedf_full,true,tsception,logits,43,10,65,0.607,0.7253476384014539,0.8357682716393073,1.2088844276653494,-0.5228037260941683,-0.09934247603245525,0,0
sleepedf_full,true,tsception,temporal_blocks.0,43,20,65,0.609,0.6394217846218687,0.2524698466563907,0.3705036394508279,0.18431974548967325,0.0845983996813654,0,0
sleepedf_full,true,tsception,temporal_blocks.2,43,20,65,0.609,0.7242817713122621,0.16378335810128367,0.5432277302478338,0.15127534843556517,0.02977869262885946,0,0
sleepedf_full,true,tsception,spatial_block_1,43,20,65,0.609,0.7899037215957848,0.258721925858899,1.005840488405071,-0.26679558349271676,0.0508588166834277,0,0
sleepedf_full,true,tsception,spatial_block_2,43,20,65,0.609,0.8180591426746743,0.30853994575033117,0.984560503975786,-0.1895488589117535,0.023047497610640847,0,0
sleepedf_full,true,tsception,batch_temporal_lay,43,20,65,0.609,0.6313793823144497,0.2504066075176876,0.9630584616756985,-0.39268754564699315,0.06100846628574398,0,0
sleepedf_full,true,tsception,batch_spatial_lay,43,20,65,0.609,0.5883268087892688,0.2785795849033505,1.0473484984411112,-0.5455393460562807,0.08651765640443813,0,0
sleepedf_full,true,tsception,dense_layer,43,20,65,0.609,0.627069939520883,0.4421302425031329,1.2879469065554274,-0.739046088494236,0.07522177882370466,0,0
sleepedf_full,true,tsception,logits,43,20,65,0.609,0.7027031444509969,0.7916209918864762,1.3760061330500757,-0.7266817428275496,-0.09453439096646288,0,0
sleepedf_full,true,tsception,temporal_blocks.0,44,0,65,0.2135,0.743574187104516,0.23273089956799758,0.5832774295148503,0.12008686809851676,0.04020988949114619,0,0
sleepedf_full,true,tsception,temporal_blocks.2,44,0,65,0.2135,0.7966368289515496,0.21797744704199265,0.6954779367259044,0.07384770339193822,0.027311188833711333,0,0
sleepedf_full,true,tsception,spatial_block_1,44,0,65,0.2135,0.6371004393438371,0.19931922594607263,0.5425188544301228,0.032938946602829026,0.0616426383108836,0,0
sleepedf_full,true,tsception,spatial_block_2,44,0,65,0.2135,0.9758176716732219,0.2166269530253142,1.0093904401138545,-0.03557007129978902,0.0019973028591553465,0,0
sleepedf_full,true,tsception,batch_temporal_lay,44,0,65,0.2135,0.6481764472120911,0.25589454329545724,0.6054067023737952,-0.026120179340250273,0.06888992417854548,0,0
sleepedf_full,true,tsception,batch_spatial_lay,44,0,65,0.2135,0.9527745214995801,0.2108445796565543,0.9904512633961282,-0.04134394622909148,0.0036672043325430698,0,0
sleepedf_full,true,tsception,dense_layer,44,0,65,0.2135,0.9572504206510133,0.2168290237887758,0.9832110051532511,-0.029324749137424763,0.00336416463518709,0,0
sleepedf_full,true,tsception,logits,44,0,65,0.2135,0.9838139939810627,0.4677785936586056,1.007026611537727,-0.02622606528495894,0.003013447728294701,0,0
sleepedf_full,true,tsception,temporal_blocks.0,44,1,65,0.5955,0.7285341199823492,0.24196502986974913,0.570309657672284,0.11590690941794922,0.04231755289211574,0,0
sleepedf_full,true,tsception,temporal_blocks.2,44,1,65,0.5955,0.8084479207312429,0.22927742061222908,0.7166134162049334,0.06265035755267957,0.029184146973632148,0,0
sleepedf_full,true,tsception,spatial_block_1,44,1,65,0.5955,0.7985838243414922,0.28971592013431596,1.1511151265947674,-0.40548711423624795,0.052955811982972355,0,0
sleepedf_full,true,tsception,spatial_block_2,44,1,65,0.5955,0.8657399239637072,0.18869835364414608,0.9326649028939754,-0.06860423363295814,0.001679254702686796,0,0
sleepedf_full,true,tsception,batch_temporal_lay,44,1,65,0.5955,0.7095825817796456,0.22052197275626986,1.032967014803078,-0.37053806045799625,0.04715362743456392,0,0
sleepedf_full,true,tsception,batch_spatial_lay,44,1,65,0.5955,0.6359709106113759,0.1921345684025828,0.8334771634762519,-0.22046742940598069,0.02296117654110422,0,0
sleepedf_full,true,tsception,dense_layer,44,1,65,0.5955,0.6441480426010792,0.5941257087278934,1.1759730459036737,-0.5136049592864385,-0.018242509366512238,0,0
sleepedf_full,true,tsception,logits,44,1,65,0.5955,0.7160916759795865,0.8367232536339607,1.5983658610099774,-0.9499499983647955,-0.036258465748120805,0,0
sleepedf_full,true,tsception,temporal_blocks.0,44,2,65,0.5895,0.7162934871002112,0.22991634578287032,0.5506776345200606,0.12301235897268292,0.04260349360746531,0,0
sleepedf_full,true,tsception,temporal_blocks.2,44,2,65,0.5895,0.8066266575332752,0.23629465305817185,0.7103430904261625,0.06519585414019903,0.031087712966905774,0,0
sleepedf_full,true,tsception,spatial_block_1,44,2,65,0.5895,0.7956000133840585,0.27419728650115793,1.0927622316613468,-0.3447868974847174,0.047624679207428716,0,0
sleepedf_full,true,tsception,spatial_block_2,44,2,65,0.5895,0.8446482033461555,0.17354143731191513,0.8945172429109879,-0.050055107544429565,0.00018606797959265812,0,0
sleepedf_full,true,tsception,batch_temporal_lay,44,2,65,0.5895,0.6967056767506123,0.22448504063186017,1.0292024979072185,-0.3824864014012222,0.04998958024461607,0,0
sleepedf_full,true,tsception,batch_spatial_lay,44,2,65,0.5895,0.6006108814499854,0.15447766177740113,0.8145348939124487,-0.24125912044865616,0.027335107986192736,0,0
sleepedf_full,true,tsception,dense_layer,44,2,65,0.5895,0.5704544737237119,0.3974349443221592,1.0771364074499632,-0.49404114176311537,-0.014641274622958667,0,0
sleepedf_full,true,tsception,logits,44,2,65,0.5895,0.7462693221644364,0.7777268791436842,1.4581663985017446,-0.8328158908281494,-0.14048417439967853,0,0
sleepedf_full,true,tsception,temporal_blocks.0,44,5,65,0.598,0.7083557663353188,0.21260444704229992,0.5197225035816336,0.14275401603947716,0.04587924671420335,0,0
sleepedf_full,true,tsception,temporal_blocks.2,44,5,65,0.598,0.7987396025794753,0.2490440337321615,0.69024904608045,0.07304528406156142,0.03544527243746375,0,0
sleepedf_full,true,tsception,spatial_block_1,44,5,65,0.598,0.7922137908198806,0.2989882144465884,1.1090400542210952,-0.38168447485671453,0.06485821145550075,0,0
sleepedf_full,true,tsception,spatial_block_2,44,5,65,0.598,0.82508344128665,0.1477557753115526,0.920651985479493,-0.09581506052253318,0.0002465163296844158,0,0
sleepedf_full,true,tsception,batch_temporal_lay,44,5,65,0.598,0.6754513473575897,0.24189795422061708,1.0377888744465806,-0.422620447746973,0.06028292065798226,0,0
sleepedf_full,true,tsception,batch_spatial_lay,44,5,65,0.598,0.5482070587835831,0.14778791104199873,0.8420824725792049,-0.33894872584804925,0.045073312052427,0,0
sleepedf_full,true,tsception,dense_layer,44,5,65,0.598,0.5655984649543297,0.27490869314855493,1.0557802831664465,-0.5050163210943198,0.010512636798309657,0,0
sleepedf_full,true,tsception,logits,44,5,65,0.598,0.7443041815470948,0.6683572919117964,1.2259128098812728,-0.6315942525944205,-0.12541898065164445,0,0
sleepedf_full,true,tsception,temporal_blocks.0,44,10,65,0.6085,0.693058197590491,0.19109135004825423,0.4791174296768699,0.1670429388981146,0.04689782901550562,0,0
sleepedf_full,true,tsception,temporal_blocks.2,44,10,65,0.6085,0.7850360566960968,0.28488073117245116,0.6690206589293889,0.07236576672359303,0.043649631043118066,0,0
sleepedf_full,true,tsception,spatial_block_1,44,10,65,0.6085,0.7799021546322035,0.2838058520944891,1.0820533764537965,-0.3677937024153599,0.06564248059376514,0,0
sleepedf_full,true,tsception,spatial_block_2,44,10,65,0.6085,0.7815528487293283,0.13876691075880368,0.8818906740738118,-0.09721407018797446,-0.003123755156517799,0,0
sleepedf_full,true,tsception,batch_temporal_lay,44,10,65,0.6085,0.6590735595277704,0.2632582946737638,1.0449304341136543,-0.45303729765483464,0.06718042306895068,0,0
sleepedf_full,true,tsception,batch_spatial_lay,44,10,65,0.6085,0.4981527166966868,0.17856334122177,0.8549275728226624,-0.4283980082509468,0.07147665546943302,0,0
sleepedf_full,true,tsception,dense_layer,44,10,65,0.6085,0.5316898169222836,0.22722222498005692,0.8649551641215821,-0.3959120949745446,0.05499508464754843,0,0
sleepedf_full,true,tsception,logits,44,10,65,0.6085,0.7248787575938649,0.5107937088838514,0.7254481143990106,-0.23681420642157858,-0.09733902770217427,0,0
sleepedf_full,true,tsception,temporal_blocks.0,44,20,65,0.5965,0.6758260568294384,0.18804602354018496,0.45240836874660545,0.17224503205091166,0.05117265603191913,0,0
sleepedf_full,true,tsception,temporal_blocks.2,44,20,65,0.5965,0.7692541141105408,0.26392771279274146,0.6383806187169602,0.08535306332986944,0.0455204320637094,0,0
sleepedf_full,true,tsception,spatial_block_1,44,20,65,0.5965,0.7573469225933946,0.25628475627098507,1.1149596166528442,-0.4317464072577335,0.07413371319828577,0,0
sleepedf_full,true,tsception,spatial_block_2,44,20,65,0.5965,0.7574013998122489,0.14133328075073406,0.9007575079773824,-0.14161245399055855,-0.0017436541745868967,0,0
sleepedf_full,true,tsception,batch_temporal_lay,44,20,65,0.5965,0.6193553026862664,0.25633731100947127,1.0132242900671693,-0.467923937142196,0.0740549497612932,0,0
sleepedf_full,true,tsception,batch_spatial_lay,44,20,65,0.5965,0.4736512779148469,0.14069324176591594,0.7921582566431974,-0.36703358651231294,0.04786885498520646,0,0
sleepedf_full,true,tsception,dense_layer,44,20,65,0.5965,0.4908721451491111,0.27272761570862303,0.8713118282503604,-0.4384596161302408,0.048245286774211305,0,0
sleepedf_full,true,tsception,logits,44,20,65,0.5965,0.6828790398821423,0.7107708261423374,0.8388516370194498,-0.35949178603580434,-0.11585829067330786,0,0
sleepedf_full,true,tsception,temporal_blocks.0,45,0,65,0.1965,0.6768229413285084,0.36321832372746465,0.4444543702444399,0.12377246702497487,0.10859610405909192,0,0
sleepedf_full,true,tsception,temporal_blocks.2,45,0,65,0.1965,0.8026062269807925,0.2531787175028266,0.703902234798878,0.07438842201814898,0.024315570163763744,0,0
sleepedf_full,true,tsception,spatial_block_1,45,0,65,0.1965,0.9055037662577499,0.3828129770777268,0.7884964587309238,0.09438100638371277,0.02262630114311277,0,0
sleepedf_full,true,tsception,spatial_block_2,45,0,65,0.1965,0.9609669302694464,0.40971437098174524,0.9942320224017878,-0.0392247048740748,0.0059596127417285965,0,0
sleepedf_full,true,tsception,batch_temporal_lay,45,0,65,0.1965,0.6872979866950312,0.278250737901805,0.6070759466859086,0.02354569965705675,0.056676340352065854,0,0
sleepedf_full,true,tsception,batch_spatial_lay,45,0,65,0.1965,0.9376667557243634,0.4010172465281742,0.9560102788349711,-0.02868605451211835,0.010342531401510598,0,0
sleepedf_full,true,tsception,dense_layer,45,0,65,0.1965,0.9483394863447908,0.4440323529862925,0.9481655970004564,-0.011294234933867681,0.011468124278202107,0,0
sleepedf_full,true,tsception,logits,45,0,65,0.1965,0.9907091943385529,0.42021211169954636,0.9987119360573036,-0.008745795323099572,0.0007430536043487972,0,0
sleepedf_full,true,tsception,temporal_blocks.0,45,1,65,0.559,0.6344441473699031,0.3271190678164535,0.43548934456530614,0.10915899882793674,0.08979580397666032,0,0
sleepedf_full,true,tsception,temporal_blocks.2,45,1,65,0.559,0.8005132256047635,0.222802287834768,0.7036576397360471,0.07406397905456016,0.022791606814154135,0,0
sleepedf_full,true,tsception,spatial_block_1,45,1,65,0.559,0.757262172337386,0.24298409335735124,0.8363257984263829,-0.1114650541049182,0.03240142801591993,0,0
sleepedf_full,true,tsception,spatial_block_2,45,1,65,0.559,0.8487110145858234,0.33218763145451113,0.9652069105462457,-0.1392479749372562,0.022752078976835347,0,0
sleepedf_full,true,tsception,batch_temporal_lay,45,1,65,0.559,0.6624545241376203,0.2389612101840405,0.9556968068781878,-0.33447664730838,0.041234364567812556,0,0
sleepedf_full,true,tsception,batch_spatial_lay,45,1,65,0.559,0.6741312229728554,0.37224031317435236,0.9957117788668783,-0.39440963201287543,0.07282907611885268,0,0
sleepedf_full,true,tsception,dense_layer,45,1,65,0.559,0.71052582885843,0.6473753230646293,1.5043448667919255,-0.710764748504545,-0.08471883522971518,0,0
sleepedf_full,true,tsception,logits,45,1,65,0.559,0.8396928645407297,0.7849685511498653,2.02318268554108,-1.1420339841246365,-0.1808322846066455,0,0
sleepedf_full,true,tsception,temporal_blocks.0,45,2,65,0.584,0.6292161375469636,0.3308888025982773,0.437159451359626,0.10226611045191529,0.08979057573542164,0,0
sleepedf_full,true,tsception,temporal_blocks.2,45,2,65,0.584,0.8016158492214408,0.23226270268730492,0.7031045661407601,0.07326615399187363,0.02524512908880244,0,0
sleepedf_full,true,tsception,spatial_block_1,45,2,65,0.584,0.7826948307891274,0.25101035555082296,0.9107498757485185,-0.1623535130546083,0.034298468095216354,0,0
sleepedf_full,true,tsception,spatial_block_2,45,2,65,0.584,0.8555014643727326,0.3193395750072795,0.9626420675278677,-0.1314435055210841,0.024302902365945466,0,0
sleepedf_full,true,tsception,batch_temporal_lay,45,2,65,0.584,0.6540064213393121,0.23110373098329232,0.9553732155777577,-0.34258128267863336,0.04121448844018774,0,0
sleepedf_full,true,tsception,batch_spatial_lay,45,2,65,0.584,0.6520913326833641,0.3474608864636308,1.0196649951029773,-0.4542104470982792,0.08663678467866634,0,0
sleepedf_full,true,tsception,dense_layer,45,2,65,0.584,0.6442778850414397,0.5615449368129996,1.2170844446126368,-0.5677146114783738,-0.0064259051702628845,0,0
sleepedf_full,true,tsception,logits,45,2,65,0.584,0.7925493081169319,0.7593420794706952,1.5547214340367606,-0.7644198121855632,-0.15643348084452746,0,0
sleepedf_full,true,tsception,temporal_blocks.0,45,5,65,0.573,0.6162068785409749,0.3054632707389242,0.42406871193829154,0.10824149813216827,0.08389666847051389,0,0
sleepedf_full,true,tsception,temporal_blocks.2,45,5,65,0.573,0.8010170717647208,0.1606422135322776,0.7001399797990467,0.08156873267936178,0.019308359286311028,0,0
sleepedf_full,true,tsception,spatial_block_1,45,5,65,0.573,0.7914960603276269,0.21734936398336793,0.9628805726222028,-0.20528758611519385,0.03390307382061645,0,0
sleepedf_full,true,tsception,spatial_block_2,45,5,65,0.573,0.8631250604501555,0.26809394235695144,1.0113340050950173,-0.17452253798735293,0.026313593342486532,0,0
sleepedf_full,true,tsception,batch_temporal_lay,45,5,65,0.573,0.6348410618515672,0.20292059066173976,0.9339337437396514,-0.3426319999225234,0.04353931803443883,0,0
sleepedf_full,true,tsception,batch_spatial_lay,45,5,65,0.573,0.6151472813693315,0.29062668812486225,1.0664469159455323,-0.555444033143384,0.10414439856718254,0,0
sleepedf_full,true,tsception,dense_layer,45,5,65,0.573,0.6183280960072088,0.3865281798893053,0.9898718013092633,-0.421457196083066,0.04911146351064065,0,0
sleepedf_full,true,tsception,logits,45,5,65,0.573,0.7366791040120323,0.6860108279322631,0.9535462758927435,-0.25831418500560577,-0.09671005702975495,0,0
sleepedf_full,true,tsception,temporal_blocks.0,45,10,65,0.619,0.590687604199192,0.30775183445750715,0.39637851731943907,0.10563702122499186,0.08867206565476184,0,0
sleepedf_full,true,tsception,temporal_blocks.2,45,10,65,0.619,0.8013723457538383,0.14220265780875857,0.6995693663163696,0.08445434720820798,0.017348632229257935,0,0
sleepedf_full,true,tsception,spatial_block_1,45,10,65,0.619,0.7520417862415864,0.16101867883908827,0.8719130902693251,-0.14362220303152043,0.023750899003779514,0,0
sleepedf_full,true,tsception,spatial_block_2,45,10,65,0.619,0.839141675905685,0.19838583325848153,0.9564350283973329,-0.13933916942851765,0.02204581693686983,0,0
sleepedf_full,true,tsception,batch_temporal_lay,45,10,65,0.619,0.6149807833449683,0.1878213321346212,0.9074474457295368,-0.3344703993343625,0.04200373694979379,0,0
sleepedf_full,true,tsception,batch_spatial_lay,45,10,65,0.619,0.5442442148280843,0.22136391140641826,0.9653850240871288,-0.5116522357844085,0.09051142652536392,0,0
sleepedf_full,true,tsception,dense_layer,45,10,65,0.619,0.6116366627118621,0.4320236133855613,0.9803893868046755,-0.37241580412441794,0.0010546090538864422,0,0
sleepedf_full,true,tsception,logits,45,10,65,0.619,0.7504310562267116,0.8150761532792494,1.1395316503308612,-0.44647128952187537,-0.1518213327255604,0,0
sleepedf_full,true,tsception,temporal_blocks.0,45,20,65,0.621,0.5649245698328562,0.26696774966837966,0.3617759263879101,0.1181267135216342,0.08502192992331119,0,0
sleepedf_full,true,tsception,temporal_blocks.2,45,20,65,0.621,0.7937736389400983,0.14889189411621695,0.6843824892739648,0.09176388370685426,0.017627265959278823,0,0
sleepedf_full,true,tsception,spatial_block_1,45,20,65,0.621,0.7274572917769859,0.17964080254289655,0.9086817338584653,-0.21590962447456155,0.03468518239308086,0,0
sleepedf_full,true,tsception,spatial_block_2,45,20,65,0.621,0.8352056198348506,0.166603844716541,0.9926026304470394,-0.1748550257989478,0.017458015186757287,0,0
sleepedf_full,true,tsception,batch_temporal_lay,45,20,65,0.621,0.5981985937448129,0.18484621228982157,0.8937933495870105,-0.33972768513449136,0.04413292929229307,0,0
sleepedf_full,true,tsception,batch_spatial_lay,45,20,65,0.621,0.5666288719647595,0.23542856040126486,1.051786422663116,-0.5860608819583553,0.1009033312599992,0,0
sleepedf_full,true,tsception,dense_layer,45,20,65,0.621,0.5858728726447197,0.43844320269783416,0.8143795848103592,-0.23298992037091587,0.00041226370843729175,0,0
sleepedf_full,true,tsception,logits,45,20,65,0.621,0.7583608598173556,0.7513655294998348,0.6816740956452504,-0.2017299851068231,-0.1049755565998227,0,0
sleepedf_full,true,tsception,temporal_blocks.0,46,0,65,0.2005,0.732935001358391,0.24943316897407936,0.5426243491429348,0.13800378697785226,0.052306865237602154,0,0
sleepedf_full,true,tsception,temporal_blocks.2,46,0,65,0.2005,0.7230688143855666,0.31031375066600414,0.6173755079622661,0.05573770394720839,0.04995560247609428,0,0
sleepedf_full,true,tsception,spatial_block_1,46,0,65,0.2005,0.8984631739164728,0.2981040742849509,0.7301495971533283,0.14896524529706429,0.01934833146608013,0,0
sleepedf_full,true,tsception,spatial_block_2,46,0,65,0.2005,0.9537545536264087,0.3241086924212548,0.8741949875349312,0.07149179436568061,0.008067771725794703,0,0
sleepedf_full,true,tsception,batch_temporal_lay,46,0,65,0.2005,0.6866883796355219,0.2501024103873553,0.5583477688821026,0.07055731692290797,0.05778329383051139,0,0
sleepedf_full,true,tsception,batch_spatial_lay,46,0,65,0.2005,0.9298725005878075,0.31754673096666997,0.8404334989268375,0.0771210925831518,0.012317909077818193,0,0
sleepedf_full,true,tsception,dense_layer,46,0,65,0.2005,0.9401573401242952,0.26001691065233806,0.8692694366136621,0.06247072316565627,0.008417180344976837,0,0
sleepedf_full,true,tsception,logits,46,0,65,0.2005,0.9931114788851313,0.4246161398836426,0.9791053626299361,0.01365456176748795,0.00035155448770738627,0,0
sleepedf_full,true,tsception,temporal_blocks.0,46,1,65,0.4775,0.7315934609765055,0.2807431943410792,0.5440775396877787,0.13680366104461888,0.0507122602441059,0,0
sleepedf_full,true,tsception,temporal_blocks.2,46,1,65,0.4775,0.7241103848593906,0.2581446805834204,0.6023666738506915,0.08326125438391704,0.03848245662478048,0,0
sleepedf_full,true,tsception,spatial_block_1,46,1,65,0.4775,0.7139402005970393,0.32791477897144833,0.6633671213014085,-0.013076446086733622,0.06364952538236418,0,0
sleepedf_full,true,tsception,spatial_block_2,46,1,65,0.4775,0.8520627735908604,0.4029757144840744,1.1755856534093445,-0.373247804269158,0.04972492445066302,0,0
sleepedf_full,true,tsception,batch_temporal_lay,46,1,65,0.4775,0.7029831779789504,0.2823160580518048,0.9749865104805105,-0.3212410567016067,0.0492377242000465,0,0
sleepedf_full,true,tsception,batch_spatial_lay,46,1,65,0.4775,0.6630491996018714,0.4293962420189174,1.0996341105489231,-0.5625735824222067,0.12598867147515502,0,0
sleepedf_full,true,tsception,dense_layer,46,1,65,0.4775,0.7498769995554266,0.5851159536697089,1.4625040248580878,-0.8253023577996581,0.11267245668368508,0,0
sleepedf_full,true,tsception,logits,46,1,65,0.4775,0.8621359092463452,0.7502889769214613,1.9128276487046891,-0.9840081435950351,-0.2247936626343181,0,0
sleepedf_full,true,tsception,temporal_blocks.0,46,2,65,0.616,0.7189535696304782,0.24489728938085684,0.5161393026675452,0.15342485007911666,0.0493894168838164,0,0
sleepedf_full,true,tsception,temporal_blocks.2,46,2,65,0.616,0.7202042987962116,0.2101466252277546,0.5932670935509672,0.09269014191041881,0.03424706333482746,0,0
sleepedf_full,true,tsception,spatial_block_1,46,2,65,0.616,0.7712145244551514,0.28908755989865786,0.7926397138817188,-0.060499476760860524,0.039074287334292745,0,0
sleepedf_full,true,tsception,spatial_block_2,46,2,65,0.616,0.8553202225745146,0.3698219716590704,1.1723489959992446,-0.3610974876725998,0.04406871424786858,0,0
sleepedf_full,true,tsception,batch_temporal_lay,46,2,65,0.616,0.695757565667627,0.25599675637817676,0.9587754297625054,-0.3078092810102666,0.04479141691538808,0,0
sleepedf_full,true,tsception,batch_spatial_lay,46,2,65,0.616,0.6267097757663054,0.39538234473427736,1.0913795625552867,-0.5953142530986053,0.13057127583695988,0,0
sleepedf_full,true,tsception,dense_layer,46,2,65,0.616,0.7092296826824285,0.5695169346209189,1.4477140251115324,-0.9363584928472237,0.197871416314328,0,0
sleepedf_full,true,tsception,logits,46,2,65,0.616,0.8334472217421012,0.6976711940131379,1.3223195888817052,-0.6045661282906004,-0.15878462396334878,0,0
sleepedf_full,true,tsception,temporal_blocks.0,46,5,65,0.6105,0.6952952734663057,0.23866000884847008,0.46166379022633436,0.17522888130965375,0.05840260193031629,0,0
sleepedf_full,true,tsception,temporal_blocks.2,46,5,65,0.6105,0.7113409100181315,0.2079971867764139,0.570484232382637,0.10345440362966359,0.03740227400583072,0,0
sleepedf_full,true,tsception,spatial_block_1,46,5,65,0.6105,0.7698722584473094,0.25631349297168254,0.832850264811229,-0.10303321802196555,0.04005521165804513,0,0
sleepedf_full,true,tsception,spatial_block_2,46,5,65,0.6105,0.8473437441094241,0.31893803631001577,1.1403967146397735,-0.33144833345360425,0.03839536292325268,0,0
sleepedf_full,true,tsception,batch_temporal_lay,46,5,65,0.6105,0.6781017484263973,0.24008177913777398,0.9473493877372977,-0.3173924952215541,0.04814485591065382,0,0
sleepedf_full,true,tsception,batch_spatial_lay,46,5,65,0.6105,0.5936365304661678,0.3519674794461149,1.0571443966940124,-0.5932878925621081,0.1295635947149447,0,0
sleepedf_full,true,tsception,dense_layer,46,5,65,0.6105,0.6222585198298368,0.48793521067332346,1.2224085127507232,-0.8179125246907404,0.21707044159391148,0,0
sleepedf_full,true,tsception,logits,46,5,65,0.6105,0.7891848784302354,0.6433403139765137,0.9250931971297395,-0.30692331164274844,-0.17389638314717357,0,0
sleepedf_full,true,tsception,temporal_blocks.0,46,10,65,0.581,0.6798541615505828,0.23911216419100698,0.42211901732072205,0.19204007406059603,0.06569507016926349,0,0
sleepedf_full,true,tsception,temporal_blocks.2,46,10,65,0.581,0.682412946567526,0.20221098487322173,0.5236588669041133,0.11376681715704223,0.04498726250637122,0,0
sleepedf_full,true,tsception,spatial_block_1,46,10,65,0.581,0.7523345345769898,0.24132414300320593,0.7845329963210632,-0.07290595522530077,0.04070749348122758,0,0
sleepedf_full,true,tsception,spatial_block_2,46,10,65,0.581,0.8335595932574676,0.294722509599379,1.1369318157635961,-0.34213960242739483,0.03876737992126532,0,0
sleepedf_full,true,tsception,batch_temporal_lay,46,10,65,0.581,0.6634916062800716,0.23224411210267323,0.9405817842049919,-0.3252141529521558,0.048123975027234964,0,0
sleepedf_full,true,tsception,batch_spatial_lay,46,10,65,0.581,0.5509084026074945,0.34466775152918694,1.0790393907054054,-0.6773834026910647,0.14837707626636473,0,0
sleepedf_full,true,tsception,dense_layer,46,10,65,0.581,0.6003413850223767,0.49728048548291465,1.5140884525967648,-1.217540612846711,0.30245957265844575,0,0
sleepedf_full,true,tsception,logits,46,10,65,0.581,0.7369885142063178,0.5912595627422972,1.4276106497233323,-0.8828300636195827,-0.05297789167867064,0,0
sleepedf_full,true,tsception,temporal_blocks.0,46,20,65,0.615,0.6580969353406733,0.2655487579145713,0.383905992933642,0.1941247709229281,0.08006617148409928,0,0
sleepedf_full,true,tsception,temporal_blocks.2,46,20,65,0.615,0.6677180244757226,0.20482764055780575,0.49638680285627845,0.12187824630685407,0.04945297531258978,0,0
sleepedf_full,true,tsception,spatial_block_1,46,20,65,0.615,0.7538329809708013,0.206356752413796,0.8068975641222904,-0.08299284029839346,0.029928257146902667,0,0
sleepedf_full,true,tsception,spatial_block_2,46,20,65,0.615,0.8146436100183232,0.2600736865289251,1.119546957671331,-0.34475735330129276,0.0398540056482819,0,0
sleepedf_full,true,tsception,batch_temporal_lay,46,20,65,0.615,0.639417079266094,0.2247543015612237,0.9268216325090101,-0.33933491256855747,0.051930359325641,0,0
sleepedf_full,true,tsception,batch_spatial_lay,46,20,65,0.615,0.5035643548237168,0.3186247994530771,1.0489946840751356,-0.7057837270617895,0.15887787023498723,0,0
sleepedf_full,true,tsception,dense_layer,46,20,65,0.615,0.5383955652356278,0.5135000274650696,1.581829250092879,-1.4401976162036316,0.393677698302914,0,0
sleepedf_full,true,tsception,logits,46,20,65,0.615,0.7067534886397288,0.6409396348343608,1.190485206166699,-0.6595526854530308,-0.08638555819380062,0,0
sleepedf_full,true,atcnet,conv_block,41,0,65,0.2065,0.12316558910277609,0.12316558910277609,0.0,0.0,0.12043562699239857,0,0
sleepedf_full,true,atcnet,attention_blocks.0,41,0,65,0.2065,0.8929934652627547,0.5849504672692972,1.008381155866753,-0.23018884030231881,0.11480114969831909,0,0
sleepedf_full,true,atcnet,attention_blocks.4,41,0,65,0.2065,0.9181627466862508,0.6977558482372872,0.6838522028554088,0.0907128013115774,0.1435977425192643,0,0
sleepedf_full,true,atcnet,temporal_conv_nets.0,41,0,65,0.2065,0.8869813240599961,0.4914345485468846,0.9765448026275771,-0.16702186784251974,0.07745838927493827,0,0
sleepedf_full,true,atcnet,temporal_conv_nets.4,41,0,65,0.2065,0.9361033289937585,0.7198417549050634,0.7397054771129674,0.07381297543290746,0.12258487644788338,0,0
sleepedf_full,true,atcnet,final_layer.4,41,0,65,0.2065,0.9407889108968917,0.7345926262829431,0.9112666321365062,-0.09755346446362032,0.12707574322400597,0,0
sleepedf_full,true,atcnet,logits,41,0,65,0.2065,0.8717453430745479,0.826786169937678,0.8922164740344849,-0.3623641122631183,0.34189298130318135,0,0
sleepedf_full,true,atcnet,conv_block,41,1,65,0.5475,0.66498443038565,0.526249108115365,0.8680978698508339,-0.24563701157710685,0.03644252842297301,0,0
sleepedf_full,true,atcnet,attention_blocks.0,41,1,65,0.5475,0.7566449886765835,0.8381111211832991,0.8692249754333943,-0.2608863478262351,-0.10265378251188137,0,0
sleepedf_full,true,atcnet,attention_blocks.4,41,1,65,0.5475,0.7600181021402427,0.7558892181957975,0.7787232218832508,-0.20097652486511738,-0.0809733902008389,0,0
sleepedf_full,true,atcnet,temporal_conv_nets.0,41,1,65,0.5475,0.7492338872144406,0.5940098478629889,0.9514501969843692,-0.3801875234977653,-0.034934286329996296,0,0
sleepedf_full,true,atcnet,temporal_conv_nets.4,41,1,65,0.5475,0.747225110825423,0.6458927350084154,0.783551057239009,-0.20660629451754106,-0.05992759879941587,0,0
sleepedf_full,true,atcnet,final_layer.4,41,1,65,0.5475,0.9053270864804562,0.7983829134587583,0.88165163419307,-0.3593981208183461,-0.11898438266984385,0,0
sleepedf_full,true,atcnet,logits,41,1,65,0.5475,0.9028356532299475,0.7407407135193382,1.0121777375845025,-0.5151278018967799,-0.10383718993105368,0,0
sleepedf_full,true,atcnet,conv_block,41,2,65,0.588,0.6531357118750882,0.4766499519286656,0.9182395170266275,-0.3350634989555038,0.031877339219528435,0,0
sleepedf_full,true,atcnet,attention_blocks.0,41,2,65,0.588,0.7873736535511275,0.8335292923291713,0.7588817475802486,-0.1866129131249002,-0.10777545558340784,0,0
sleepedf_full,true,atcnet,attention_blocks.4,41,2,65,0.588,0.7902696567019261,0.7252295003351026,0.6270637956709052,-0.1382769529366084,-0.07021525525034898,0,0
sleepedf_full,true,atcnet,temporal_conv_nets.0,41,2,65,0.588,0.7537796225281207,0.5612602166958748,0.8424888750205152,-0.2917216498615306,-0.031002317993522006,0,0
sleepedf_full,true,atcnet,temporal_conv_nets.4,41,2,65,0.588,0.75596454589945,0.6106744230526822,0.5971295970381265,-0.10276096103736292,-0.04027210374403605,0,0
sleepedf_full,true,atcnet,final_layer.4,41,2,65,0.588,0.9058367733660776,0.7380172846670101,0.669710758718123,-0.23205402009782158,-0.108490311267702,0,0
sleepedf_full,true,atcnet,logits,41,2,65,0.588,0.8656106909602747,0.7181095094236803,0.8554574772201002,-0.35725935824974386,-0.08782722542881322,0,0
sleepedf_full,true,atcnet,conv_block,41,5,65,0.6215,0.7108094809443865,0.3938077946388525,1.0372724674308484,-0.359975237892849,0.029709026437625418,0,0
sleepedf_full,true,atcnet,attention_blocks.0,41,5,65,0.6215,0.7459065349613234,0.8369473632258752,0.716030449541187,-0.10696970448747509,-0.10319885046641102,0,0
sleepedf_full,true,atcnet,attention_blocks.4,41,5,65,0.6215,0.685498857651339,0.7662577084240103,0.6847610839748174,-0.13273522132203946,-0.0393426035497764,0,0
sleepedf_full,true,atcnet,temporal_conv_nets.0,41,5,65,0.6215,0.7278193878884137,0.5646349620313594,0.6497425437803642,-0.15745525025609836,-0.006563043902731279,0,0
sleepedf_full,true,atcnet,temporal_conv_nets.4,41,5,65,0.6215,0.6242526184599894,0.787119030515227,0.5959099654828747,-0.23689102408283952,0.12495155594565104,0,0
sleepedf_full,true,atcnet,final_layer.4,41,5,65,0.6215,0.7374750528016014,0.9262383449188485,0.4414901762616695,-0.21806411423827077,0.1512120748291481,0,0
sleepedf_full,true,atcnet,logits,41,5,65,0.6215,0.7580346640105036,0.8888082099083938,0.7062806119326688,-0.1402785785602023,-0.07964754378739872,0,0
sleepedf_full,true,atcnet,conv_block,41,10,65,0.654,0.7255841019332232,0.3271091167085164,1.040032871662565,-0.34376193108412023,0.028262100739837228,0,0
sleepedf_full,true,atcnet,attention_blocks.0,41,10,65,0.654,0.7393220499581387,0.789612621518271,0.540304563001237,0.02507895555391087,-0.07011242147564374,0,0
sleepedf_full,true,atcnet,attention_blocks.4,41,10,65,0.654,0.6342480663513378,0.6905446488656793,0.7064564240357403,-0.18910200412876085,0.013060084537512728,0,0
sleepedf_full,true,atcnet,temporal_conv_nets.0,41,10,65,0.654,0.7048026748207521,0.5897801224696874,0.4422256815336776,0.026018918049573625,0.018101548890383363,0,0
sleepedf_full,true,atcnet,temporal_conv_nets.4,41,10,65,0.654,0.5908674817114167,0.6319127392478042,0.5024994795122151,-0.1878510033087268,0.07442151024782027,0,0
sleepedf_full,true,atcnet,final_layer.4,41,10,65,0.654,0.7528222758000945,0.8207890916485031,0.37209180765063943,-0.11074883557301607,0.033409667794745586,0,0
sleepedf_full,true,atcnet,logits,41,10,65,0.654,0.6912544776165721,0.7745001148409162,0.5855071569625481,0.02174986645688534,-0.06619287782322736,0,0
sleepedf_full,true,atcnet,conv_block,41,20,65,0.6675,0.6844523380664238,0.29722018431741903,0.9953079363888289,-0.334452184022994,0.020569313341045458,0,0
sleepedf_full,true,atcnet,attention_blocks.0,41,20,65,0.6675,0.8331276179455707,0.7514255066819159,0.7929143362572898,-0.3310201349878628,-0.08935776384536473,0,0
sleepedf_full,true,atcnet,attention_blocks.4,41,20,65,0.6675,0.7493947608845711,0.6450884911685637,0.5837042678322163,-0.1380201413356599,-0.07687297952944583,0,0
sleepedf_full,true,atcnet,temporal_conv_nets.0,41,20,65,0.6675,0.7068538581615036,0.6381296497151452,0.6825284527320006,-0.22227886411829043,0.03280416727060175,0,0
sleepedf_full,true,atcnet,temporal_conv_nets.4,41,20,65,0.6675,0.67671932910613,0.46747323850180444,0.5978050837082107,-0.29500398008935874,0.0795997978401199,0,0
sleepedf_full,true,atcnet,final_layer.4,41,20,65,0.6675,0.8811089065792178,0.6150091508725087,0.5764318531770523,-0.33284117046977885,0.03917222668917361,0,0
sleepedf_full,true,atcnet,logits,41,20,65,0.6675,0.7307680699043161,0.6210114648303288,0.9216777586565654,-0.2809907911118432,-0.06232106433114984,0,0
sleepedf_full,true,atcnet,conv_block,42,0,65,0.1865,0.16779727148061718,0.16779727148061718,0.0,0.0,0.1669908847615146,0,0
sleepedf_full,true,atcnet,attention_blocks.0,42,0,65,0.1865,0.8625006599304158,0.8180609395097496,0.567706059373176,-0.08782866427164687,0.3826232648288864,0,0
sleepedf_full,true,atcnet,attention_blocks.4,42,0,65,0.1865,0.868826694008798,0.61050692524186,0.9757895906778313,-0.2786090329759677,0.17164613630693384,0,0
sleepedf_full,true,atcnet,temporal_conv_nets.0,42,0,65,0.1865,0.9269956238924262,0.8755206901094859,0.7542716450009105,-0.10810850128133054,0.28083248017284596,0,0
sleepedf_full,true,atcnet,temporal_conv_nets.4,42,0,65,0.1865,0.8285443359802005,0.5866942685622781,1.1891120264102473,-0.5856020411700006,0.22503435073995362,0,0
sleepedf_full,true,atcnet,final_layer.4,42,0,65,0.1865,0.8077230098134068,0.7189859627264035,2.025854981815919,-1.784474495674045,0.5461295734574991,0,0
sleepedf_full,true,atcnet,logits,42,0,65,0.1865,0.8039954720761261,0.753692347618508,1.537957673107632,-1.2884417715661163,0.5544795705346105,0,0
sleepedf_full,true,atcnet,conv_block,42,1,65,0.547,0.6846369039668011,0.5075630854900047,0.8721177738894499,-0.1987297517680229,0.008292977413538969,0,0
sleepedf_full,true,atcnet,attention_blocks.0,42,1,65,0.547,0.7679944820885346,0.6133631646615681,1.4371383881101076,-0.7305453955782318,-0.06187711907715392,0,0
sleepedf_full,true,atcnet,attention_blocks.4,42,1,65,0.547,0.7056560512876134,0.6022624128656325,0.9891024736757594,-0.33271615577242425,-0.04231571781872959,0,0
sleepedf_full,true,atcnet,temporal_conv_nets.0,42,1,65,0.547,0.7601490700253393,0.7917863678650275,1.4917560620252686,-0.8338056823858162,-0.036110066882540176,0,0
sleepedf_full,true,atcnet,temporal_conv_nets.4,42,1,65,0.547,0.7274638821929982,0.6280835410963589,0.9724914259545115,-0.3588475315589501,-0.040520113889244355,0,0
sleepedf_full,true,atcnet,final_layer.4,42,1,65,0.547,0.9177586948481853,0.8213310110860512,1.1816554208687067,-0.7012386931278172,-0.06698766418149142,0,0
sleepedf_full,true,atcnet,logits,42,1,65,0.547,0.9179300848842087,0.8062422642813878,1.2922107570609065,-0.7827860157259303,-0.03935650984017175,0,0
sleepedf_full,true,atcnet,conv_block,42,2,65,0.569,0.6383836468174121,0.4483220661477057,0.8553181348593062,-0.25226673476725625,0.028205636446072872,0,0
sleepedf_full,true,atcnet,attention_blocks.0,42,2,65,0.569,0.7425903217476072,0.690370371731548,0.7548477517537558,-0.20727277093632568,-0.117939089220733,0,0
sleepedf_full,true,atcnet,attention_blocks.4,42,2,65,0.569,0.6167913120635315,0.5877144964340146,0.558084498374738,-0.04092552801846535,-0.03716196268988099,0,0
sleepedf_full,true,atcnet,temporal_conv_nets.0,42,2,65,0.569,0.6355615765305632,0.6700261490918045,0.8689337858776338,-0.3632543756707538,-0.059009781118752325,0,0
sleepedf_full,true,atcnet,temporal_conv_nets.4,42,2,65,0.569,0.5943798773148998,0.5353550873000573,0.4300762508318461,-0.037557721510209,-0.02610947135303962,0,0
sleepedf_full,true,atcnet,final_layer.4,42,2,65,0.569,0.7049478606761599,0.7256685020228947,0.4410053071767867,-0.16258268855019456,-0.11804930816478554,0,0
sleepedf_full,true,atcnet,logits,42,2,65,0.569,0.8159359578163106,0.745296037794227,0.7751818143766078,-0.3902856629157021,-0.10034203701961793,0,0
sleepedf_full,true,atcnet,conv_block,42,5,65,0.624,0.6845216969206701,0.39137098570252904,0.9103193250113196,-0.2402432680982892,0.005313017150771787,0,0
sleepedf_full,true,atcnet,attention_blocks.0,42,5,65,0.624,0.718470363796314,0.6142195433640336,1.0046457753375735,-0.3796430393674011,-0.08520872429872783,0,0
sleepedf_full,true,atcnet,attention_blocks.4,42,5,65,0.624,0.7334986595640772,0.5830117250480933,1.0649944772912918,-0.3082426370109215,-0.04659242466566698,0,0
sleepedf_full,true,atcnet,temporal_conv_nets.0,42,5,65,0.624,0.6634861591545407,0.6349545586383133,0.8559917302284789,-0.2643959385045118,-0.03835876977355335,0,0
sleepedf_full,true,atcnet,temporal_conv_nets.4,42,5,65,0.624,0.6755807938265797,0.6394347362911531,0.8935145887521291,-0.22944837251158887,-0.03581575511241621,0,0
sleepedf_full,true,atcnet,final_layer.4,42,5,65,0.624,0.7173734766436795,0.776959130304231,0.8708805192568221,-0.25304940729275366,-0.04800981555893649,0,0
sleepedf_full,true,atcnet,logits,42,5,65,0.624,0.7782077769064568,0.7300312610889929,0.9193002392448536,-0.348315472576477,-0.05322560669466836,0,0
sleepedf_full,true,atcnet,conv_block,42,10,65,0.657,0.7004765059447295,0.2953114447818095,0.9572741330576032,-0.2682839142975647,0.006501061213943149,0,0
sleepedf_full,true,atcnet,attention_blocks.0,42,10,65,0.657,0.7138875720189322,0.522484351491525,0.9498713887443955,-0.3568251246776278,-0.06316735951628535,0,0
sleepedf_full,true,atcnet,attention_blocks.4,42,10,65,0.657,0.7009039009051959,0.46865031375700344,1.0165077544211751,-0.31986328719484197,-0.01318014629798168,0,0
sleepedf_full,true,atcnet,temporal_conv_nets.0,42,10,65,0.657,0.6751063701291983,0.48142623124749484,0.7843152890556958,-0.23496760942475442,-0.03052572211187799,0,0
sleepedf_full,true,atcnet,temporal_conv_nets.4,42,10,65,0.657,0.6741285043904274,0.5924614086657252,0.9321686472395183,-0.30253731774592424,-0.010479688284481677,0,0
sleepedf_full,true,atcnet,final_layer.4,42,10,65,0.657,0.7203150023074032,0.7073196863770181,0.9512673687494494,-0.34148498381763503,-0.024720041267047854,0,0
sleepedf_full,true,atcnet,logits,42,10,65,0.657,0.742442238368611,0.6092809623207023,0.8768827749822357,-0.2845904772371724,-0.0420365331784498,0,0
sleepedf_full,true,atcnet,conv_block,42,20,65,0.676,0.7171287708319477,0.30723406132260705,0.9770136857781008,-0.26980331571896393,0.00788241959138995,0,0
sleepedf_full,true,atcnet,attention_blocks.0,42,20,65,0.676,0.7021215521907962,0.5333297330691805,0.9408273637815503,-0.34605481963043205,-0.0578509144503648,0,0
sleepedf_full,true,atcnet,attention_blocks.4,42,20,65,0.676,0.7555122091840575,0.47124507488161305,1.1484882974791721,-0.40483459489730195,0.00935524962096944,0,0
sleepedf_full,true,atcnet,temporal_conv_nets.0,42,20,65,0.676,0.6635854820815991,0.5204454207404532,0.7471017573884741,-0.19723016523644127,-0.022174319611086797,0,0
sleepedf_full,true,atcnet,temporal_conv_nets.4,42,20,65,0.676,0.7024186528489346,0.6126831750204228,0.8827962987662424,-0.2008179691113733,0.017566069043600144,0,0
sleepedf_full,true,atcnet,final_layer.4,42,20,65,0.676,0.6978738818131514,0.7149765073808192,0.6715310852557652,0.0049440557509442574,0.004630516443616035,0,0
sleepedf_full,true,atcnet,logits,42,20,65,0.676,0.7218439891180889,0.6575677856823436,0.8220380000761583,-0.14545220610377904,-0.03935965485672163,0,0
sleepedf_full,true,atcnet,conv_block,43,0,65,0.2095,0.16944487911280653,0.16944487911280653,0.0,0.0,0.16798925548146015,0,0
sleepedf_full,true,atcnet,attention_blocks.0,43,0,65,0.2095,0.9230247716485869,0.8190973488295452,0.659944650850599,0.034101826729814884,0.22897829406817247,0,0
sleepedf_full,true,atcnet,attention_blocks.4,43,0,65,0.2095,0.8621848236553482,0.6718382883790808,0.7965569369651561,-0.14509328258890367,0.21072116927909568,0,0
sleepedf_full,true,atcnet,temporal_conv_nets.0,43,0,65,0.2095,0.9077914621403739,0.7917611437818757,1.1022737290123377,-0.4313254047388881,0.23684313786692385,0,0
sleepedf_full,true,atcnet,temporal_conv_nets.4,43,0,65,0.2095,0.8554025633443321,0.6125316206428444,1.0875241505812385,-0.41763820552182385,0.18551661828491695,0,0
sleepedf_full,true,atcnet,final_layer.4,43,0,65,0.2095,0.9167553004540269,0.6708890374536761,1.5852600209872034,-0.8389953889701762,0.17049066843699978,0,0
sleepedf_full,true,atcnet,logits,43,0,65,0.2095,0.8548835494429344,0.5904362858358161,1.1612220138048845,-0.46169520068405545,0.15412136180402472,0,0
sleepedf_full,true,atcnet,conv_block,43,1,65,0.524,0.6469057396127766,0.5481594640596396,0.8393687445137209,-0.2422696280224976,0.03905545065782696,0,0
sleepedf_full,true,atcnet,attention_blocks.0,43,1,65,0.524,0.7495016782517077,0.9021148189890525,0.49238060453234955,-0.038094385906048925,-0.03208244421448048,0,0
sleepedf_full,true,atcnet,attention_blocks.4,43,1,65,0.524,0.7635306661730241,0.9150981483621617,0.522452633224182,-0.03371202100631666,-0.05135178967720258,0,0
sleepedf_full,true,atcnet,temporal_conv_nets.0,43,1,65,0.524,0.7392835131303738,0.7920366170017811,0.35473205778974104,0.06113431971338048,0.02450018717148206,0,0
sleepedf_full,true,atcnet,temporal_conv_nets.4,43,1,65,0.524,0.7531670518457578,0.8004613567699838,0.41029780323186504,0.03738466309325142,0.008209285449363665,0,0
sleepedf_full,true,atcnet,final_layer.4,43,1,65,0.524,0.9815098250196393,0.9865699841379711,0.4012352286051113,-0.029219177720104947,-0.12192443705130096,0,0
sleepedf_full,true,atcnet,logits,43,1,65,0.524,0.9525828278620314,0.793293035136016,0.3889562388090621,-0.03303272150245627,-0.13054906051624912,0,0
sleepedf_full,true,atcnet,conv_block,43,2,65,0.609,0.6731543004256129,0.42303910848570914,0.9532220641216288,-0.31302806769194363,0.021201644888331754,0,0
sleepedf_full,true,atcnet,attention_blocks.0,43,2,65,0.609,0.7345802459380871,0.7922077304149739,0.8243072851745717,-0.16559441149675985,-0.10664455612007398,0,0
sleepedf_full,true,atcnet,attention_blocks.4,43,2,65,0.609,0.8339074017316758,0.7272394798475551,0.8867034617244469,-0.2979498962419728,-0.11885188214730927,0,0
sleepedf_full,true,atcnet,temporal_conv_nets.0,43,2,65,0.609,0.7271338098038785,0.613619444546512,0.7744465338848809,-0.1744337509769588,-0.03574370333317106,0,0
sleepedf_full,true,atcnet,temporal_conv_nets.4,43,2,65,0.609,0.7736706974915619,0.7352252128613629,0.8349111710740932,-0.23599806607484095,-0.06409950238808872,0,0
sleepedf_full,true,atcnet,final_layer.4,43,2,65,0.609,0.953419888929335,0.9551841619689021,0.9850154660262057,-0.4875405517963562,-0.09751216941442836,0,0
sleepedf_full,true,atcnet,logits,43,2,65,0.609,0.8771415436153488,0.7311510376710082,0.9783866938919977,-0.4996433584667452,-0.06684726198000172,0,0
sleepedf_full,true,atcnet,conv_block,43,5,65,0.633,0.6841978490605735,0.304069626642562,0.9485314814195475,-0.2894218338974544,0.0212327404858664,0,0
sleepedf_full,true,atcnet,attention_blocks.0,43,5,65,0.633,0.773820940106748,0.7337996417698621,1.266383974623412,-0.48165739522518014,-0.11823428088193416,0,0
sleepedf_full,true,atcnet,attention_blocks.4,43,5,65,0.633,0.7689084506579373,0.6973723851717518,0.8220651664687897,-0.33278812197768337,-0.08636688706464558,0,0
sleepedf_full,true,atcnet,temporal_conv_nets.0,43,5,65,0.633,0.7746364785266313,0.52973215118528,1.0623175609132438,-0.3412604466866914,-0.035953218246380605,0,0
sleepedf_full,true,atcnet,temporal_conv_nets.4,43,5,65,0.633,0.7180713056379531,0.7041528303930765,0.8464724920900014,-0.3302552537284494,-0.04581858480959855,0,0
sleepedf_full,true,atcnet,final_layer.4,43,5,65,0.633,0.9463907926500709,0.9377121974922726,1.0004505769498344,-0.6499638017437335,-0.060223717229219306,0,0
sleepedf_full,true,atcnet,logits,43,5,65,0.633,0.8096202584898119,0.6378328170805926,1.0114900924509096,-0.4903615462168737,-0.06364582313847324,0,0
sleepedf_full,true,atcnet,conv_block,43,10,65,0.6695,0.7343324224740306,0.3190328834612164,1.043861097246355,-0.3297278071382443,0.019575618561496047,0,0
sleepedf_full,true,atcnet,attention_blocks.0,43,10,65,0.6695,0.8000753152480715,0.5770877396597334,1.1820056778408812,-0.35536593364201713,-0.07146074872342582,0,0
sleepedf_full,true,atcnet,attention_blocks.4,43,10,65,0.6695,0.815391987430161,0.7097426410996589,0.8822671086773641,-0.38279815923597704,-0.09962603535692532,0,0
sleepedf_full,true,atcnet,temporal_conv_nets.0,43,10,65,0.6695,0.7825387388633456,0.6261187359147113,1.0181395303611798,-0.2622140526298622,-0.01994737199707695,0,0
sleepedf_full,true,atcnet,temporal_conv_nets.4,43,10,65,0.6695,0.7430319721532133,0.6722346809097438,0.907599785729196,-0.36218960629217933,-0.061019644277563755,0,0
sleepedf_full,true,atcnet,final_layer.4,43,10,65,0.6695,0.9605255927778662,0.8591377925435322,1.0692029467221809,-0.6937972862124748,-0.06995413312679942,0,0
sleepedf_full,true,atcnet,logits,43,10,65,0.6695,0.734187592901262,0.6398488304604751,0.8212813045604795,-0.23934506577421888,-0.056231338428851786,0,0
sleepedf_full,true,atcnet,conv_block,43,20,65,0.659,0.7267646983280857,0.33052016152455477,1.0133738195962976,-0.30486952343879775,0.018002113772904314,0,0
sleepedf_full,true,atcnet,attention_blocks.0,43,20,65,0.659,0.848368167800973,0.5591218080215161,1.2271643652605493,-0.3536851204707854,-0.05012382891629944,0,0
sleepedf_full,true,atcnet,attention_blocks.4,43,20,65,0.659,0.7938143490337989,0.6567607104198154,0.9747380609276967,-0.4478990678707273,-0.09971886211300425,0,0
sleepedf_full,true,atcnet,temporal_conv_nets.0,43,20,65,0.659,0.8316831646235282,0.6124351174201341,1.0782585140619456,-0.2641091856579431,-0.004589907141708207,0,0
sleepedf_full,true,atcnet,temporal_conv_nets.4,43,20,65,0.659,0.7122802797801605,0.5726647007245929,0.7415604962347051,-0.2236863623406599,-0.07172378076569856,0,0
sleepedf_full,true,atcnet,final_layer.4,43,20,65,0.659,0.940228657187485,0.7755318435421399,0.9679399552030726,-0.5276048177814787,-0.09319789436936318,0,0
sleepedf_full,true,atcnet,logits,43,20,65,0.659,0.7293185991564151,0.6006544452198943,0.7352733011107605,-0.13328558596154905,-0.06923116771457073,0,0
sleepedf_full,true,atcnet,conv_block,44,0,65,0.2165,0.18375056284463193,0.18375056284463193,0.0,0.0,0.18330482568628592,0,0
sleepedf_full,true,atcnet,attention_blocks.0,44,0,65,0.2165,0.8902887636524877,0.6871840801317165,0.7429563932105778,-0.04133336324361594,0.18866573368552553,0,0
sleepedf_full,true,atcnet,attention_blocks.4,44,0,65,0.2165,0.8864899389927817,0.7878154490608777,0.6821306978500785,-0.056044937980117865,0.2604041791228207,0,0
sleepedf_full,true,atcnet,temporal_conv_nets.0,44,0,65,0.2165,0.9060677583841267,0.6456688160925501,0.7368408973631165,0.01780746737169202,0.15141939364931806,0,0
sleepedf_full,true,atcnet,temporal_conv_nets.4,44,0,65,0.2165,0.850756187027477,0.7778833961240127,0.8447836227947345,-0.3072749560886501,0.31324752032139214,0,0
sleepedf_full,true,atcnet,final_layer.4,44,0,65,0.2165,0.9064451836859162,0.8839156887291609,0.6678801864328265,-0.04503595164272231,0.283600948895812,0,0
sleepedf_full,true,atcnet,logits,44,0,65,0.2165,0.8226907139249914,0.8358921956844788,1.259906460760595,-0.9149322247030335,0.47641680282374665,0,0
sleepedf_full,true,atcnet,conv_block,44,1,65,0.556,0.6522108489802408,0.5777524258930276,0.8222435066400909,-0.22065404021636054,0.041420446432257244,0,0
sleepedf_full,true,atcnet,attention_blocks.0,44,1,65,0.556,0.6976507132401907,0.7077402572386708,0.9793863430879858,-0.34612623971112666,-0.018360884653383966,0,0
sleepedf_full,true,atcnet,attention_blocks.4,44,1,65,0.556,0.7955021663594253,0.8922623785995146,0.5508270153926462,-0.029452166886999243,-0.09159503173541837,0,0
sleepedf_full,true,atcnet,temporal_conv_nets.0,44,1,65,0.556,0.7450120917873881,0.7342244337276496,0.7990063900290421,-0.2064038576807662,-0.0374542360788706,0,0
sleepedf_full,true,atcnet,temporal_conv_nets.4,44,1,65,0.556,0.7717352934120887,0.7533508304854958,0.5119751111042374,-0.051774475677224235,-0.010302863364284537,0,0
sleepedf_full,true,atcnet,final_layer.4,44,1,65,0.556,0.9769512220900758,0.9344604494884861,0.6184756287073644,-0.255157219458279,-0.10848760901166085,0,0
sleepedf_full,true,atcnet,logits,44,1,65,0.556,0.9366592876485451,0.8261607868805798,0.7049918954273992,-0.24381978591852324,-0.1471383925653769,0,0
sleepedf_full,true,atcnet,conv_block,44,2,65,0.611,0.6401521149143921,0.5590799611120044,0.8506716856328898,-0.27021523230723576,0.03132912156861102,0,0
sleepedf_full,true,atcnet,attention_blocks.0,44,2,65,0.611,0.693917110685469,0.6981276533693005,0.8495543440382817,-0.3145506094716176,-0.006629944647633731,0,0
sleepedf_full,true,atcnet,attention_blocks.4,44,2,65,0.611,0.724700617985733,0.8293296798071117,0.7411685137482301,-0.1134220692759107,-0.08055286015702895,0,0
sleepedf_full,true,atcnet,temporal_conv_nets.0,44,2,65,0.611,0.7336984635379944,0.6301035342001288,0.7774902898171132,-0.25769317322721547,-0.02715812698305015,0,0
sleepedf_full,true,atcnet,temporal_conv_nets.4,44,2,65,0.611,0.7221021912293311,0.6104997639670011,0.5745192029276608,-0.07252393534792742,-0.012040849144356531,0,0
sleepedf_full,true,atcnet,final_layer.4,44,2,65,0.611,0.8471691216272562,0.722003725920513,0.6452386844174852,-0.18585464627752246,-0.05560342864266976,0,0
sleepedf_full,true,atcnet,logits,44,2,65,0.611,0.9007939250270965,0.6968076783689585,0.606444039293864,-0.21008348152490203,-0.10118393854510774,0,0
sleepedf_full,true,atcnet,conv_block,44,5,65,0.649,0.6932302043610393,0.3670390713367097,0.9504198557938152,-0.2863093409892763,0.026758253148006363,0,0
sleepedf_full,true,atcnet,attention_blocks.0,44,5,65,0.649,0.6705712521392444,0.6844055941628887,0.7625329607468939,-0.15625445571588337,-0.04170545040606648,0,0
sleepedf_full,true,atcnet,attention_blocks.4,44,5,65,0.649,0.7876843474446636,0.741938987099511,1.1116737610431213,-0.29130953794244546,-0.06038562753792943,0,0
sleepedf_full,true,atcnet,temporal_conv_nets.0,44,5,65,0.649,0.6985069314405272,0.6087367157171295,0.6515608416413572,-0.09491481770708514,-0.03323263874507955,0,0
sleepedf_full,true,atcnet,temporal_conv_nets.4,44,5,65,0.649,0.7664402314515963,0.5412598230804341,0.8425452860378428,-0.11532528136427456,-0.016894912160314673,0,0
sleepedf_full,true,atcnet,final_layer.4,44,5,65,0.649,0.8560256330228525,0.5823004280680272,0.9191721571764673,-0.17457781720908336,-0.019492451331072018,0,0
sleepedf_full,true,atcnet,logits,44,5,65,0.649,0.7505870860844949,0.6738125505373268,0.7734413891076386,-0.20953912133332203,-0.07695514376670987,0,0
sleepedf_full,true,atcnet,conv_block,44,10,65,0.6615,0.7316223064096006,0.2876919790375894,1.0347724038718886,-0.32734589390805624,0.02385513207390572,0,0
sleepedf_full,true,atcnet,attention_blocks.0,44,10,65,0.6615,0.6892492257496292,0.5083015787154979,0.8997212838894213,-0.37386169601393465,-0.016920321739911447,0,0
sleepedf_full,true,atcnet,attention_blocks.4,44,10,65,0.6615,0.8517062018697511,0.686508332563127,1.1778846690523985,-0.2951226869872401,-0.04335282537356209,0,0
sleepedf_full,true,atcnet,temporal_conv_nets.0,44,10,65,0.6615,0.6678336587942206,0.4935755836042644,0.9480405067781578,-0.4940996227984079,0.042740628874793754,0,0
sleepedf_full,true,atcnet,temporal_conv_nets.4,44,10,65,0.6615,0.796202631690736,0.5063316247443072,0.9085550244378585,-0.14113875328360528,-0.002804512311484429,0,0
sleepedf_full,true,atcnet,final_layer.4,44,10,65,0.6615,0.899027798751844,0.5613584055144392,0.9253620753162068,-0.11410751884063362,-0.0030882373088796534,0,0
sleepedf_full,true,atcnet,logits,44,10,65,0.6615,0.762028905901653,0.6044398016109334,0.7566772716090066,-0.15822998404318706,-0.05224218998146287,0,0
sleepedf_full,true,atcnet,conv_block,44,20,65,0.67,0.7074914211099608,0.2751393393754461,0.9903838133717132,-0.3110429387227203,0.028150546460967995,0,0
sleepedf_full,true,atcnet,attention_blocks.0,44,20,65,0.67,0.6101232028289618,0.4510429125960969,0.8618027030876731,-0.331079651417606,-0.02229929965621039,0,0
sleepedf_full,true,atcnet,attention_blocks.4,44,20,65,0.67,0.8870116279401506,0.6099515023602379,1.102720765744339,-0.19583244980719886,-0.03199518770704598,0,0
sleepedf_full,true,atcnet,temporal_conv_nets.0,44,20,65,0.67,0.6617992777214691,0.4521370436622664,0.5654725535924807,-0.11631553584651892,-0.030717628469010633,0,0
sleepedf_full,true,atcnet,temporal_conv_nets.4,44,20,65,0.67,0.7959266881009573,0.5555583904240206,0.7962061775501624,-0.03244723676181713,0.017319095248127924,0,0
sleepedf_full,true,atcnet,final_layer.4,44,20,65,0.67,0.9061391463000238,0.7303029846827581,0.7502102589282427,0.10616827565438536,0.013623691189769596,0,0
sleepedf_full,true,atcnet,logits,44,20,65,0.67,0.705428675597324,0.7675152413723303,0.6757586464157795,0.016745643197107984,-0.03216588569449397,0,0
sleepedf_full,true,atcnet,conv_block,45,0,65,0.213,0.16872183176234942,0.16872183176234942,0.0,0.0,0.16797765042111387,0,0
sleepedf_full,true,atcnet,attention_blocks.0,45,0,65,0.213,0.8584237128484441,0.7236533527032852,0.91001357262727,-0.31283028526856355,0.2612404254897371,0,0
sleepedf_full,true,atcnet,attention_blocks.4,45,0,65,0.213,0.9269076426734049,0.8620005667686632,0.6811063329475813,-0.007290086349799923,0.2530913960756231,0,0
sleepedf_full,true,atcnet,temporal_conv_nets.0,45,0,65,0.213,0.9166457929408094,0.7219204541709835,0.7561103710536627,0.0010175263188521714,0.1595178955682943,0,0
sleepedf_full,true,atcnet,temporal_conv_nets.4,45,0,65,0.213,0.8872979889527318,0.8272801443173409,0.8080405110428994,-0.2615888100830832,0.3408462879929154,0,0
sleepedf_full,true,atcnet,final_layer.4,45,0,65,0.213,0.9478905947466224,0.887789830702665,0.8690914127223613,-0.12156065710902146,0.20035983913328254,0,0
sleepedf_full,true,atcnet,logits,45,0,65,0.213,0.9411171543461689,0.793310401631165,0.8048446555139721,-0.03299892593155839,0.1692714247637552,0,0
sleepedf_full,true,atcnet,conv_block,45,1,65,0.5065,0.658100004790757,0.5433391623337887,0.8422263745645285,-0.23495209201508782,0.04468078082718217,0,0
sleepedf_full,true,atcnet,attention_blocks.0,45,1,65,0.5065,0.6934042703146953,0.759514332427221,0.8820113066725126,-0.21299914021939959,-0.03188310398622745,0,0
sleepedf_full,true,atcnet,attention_blocks.4,45,1,65,0.5065,0.7297700863484258,0.6807431980713723,1.1363821604887159,-0.46875924863326074,-0.02765436024352296,0,0
sleepedf_full,true,atcnet,temporal_conv_nets.0,45,1,65,0.5065,0.7289956721815961,0.7753458487710067,0.9210864960147293,-0.2865855192503296,-0.055895518458727755,0,0
sleepedf_full,true,atcnet,temporal_conv_nets.4,45,1,65,0.5065,0.7793404537200621,0.6225350828474364,1.0615042022537517,-0.43429563891814893,-0.024210908496817552,0,0
sleepedf_full,true,atcnet,final_layer.4,45,1,65,0.5065,0.9404917973925578,0.7506536015798941,1.103490116636247,-0.61914454047582,-0.03116591840078583,0,0
sleepedf_full,true,atcnet,logits,45,1,65,0.5065,0.9421290062184828,0.8672154771363745,1.1212023422644362,-0.5542532004685591,-0.11450021162621178,0,0
sleepedf_full,true,atcnet,conv_block,45,2,65,0.585,0.6732873165742812,0.4737766421116072,0.8363450563620065,-0.18615993832088293,0.020069471745154364,0,0
sleepedf_full,true,atcnet,attention_blocks.0,45,2,65,0.585,0.7855938245129315,0.6429229164581953,1.0279584966137236,-0.2113552290368145,-0.04004226906698977,0,0
sleepedf_full,true,atcnet,attention_blocks.4,45,2,65,0.585,0.706088544429538,0.6911775384361235,0.8978249471649499,-0.2504827150257337,-0.04782712758334628,0,0
sleepedf_full,true,atcnet,temporal_conv_nets.0,45,2,65,0.585,0.709350005102839,0.6241614303088655,0.9642483883251142,-0.2324390688732074,-0.04212641986158674,0,0
sleepedf_full,true,atcnet,temporal_conv_nets.4,45,2,65,0.585,0.7840806825634968,0.6349919193718497,0.7684006373313599,-0.23725871038014495,-0.020726152172348397,0,0
sleepedf_full,true,atcnet,final_layer.4,45,2,65,0.585,0.9115355807987018,0.8128253886945263,0.806536226355352,-0.3516691333751769,-0.044447425963943875,0,0
sleepedf_full,true,atcnet,logits,45,2,65,0.585,0.8184003927006466,0.7680254253133746,0.8824665944599145,-0.3297172997736259,-0.11190616492006437,0,0
sleepedf_full,true,atcnet,conv_block,45,5,65,0.5875,0.6969536813071097,0.35886944406979904,0.9604724381499536,-0.28522534879163275,0.018426392812105237,0,0
sleepedf_full,true,atcnet,attention_blocks.0,45,5,65,0.5875,0.7854451893119684,0.5276041191739422,0.9772199332805878,-0.18926879135079783,-0.026599130012374066,0,0
sleepedf_full,true,atcnet,attention_blocks.4,45,5,65,0.5875,0.7123096967386421,0.5132084808723533,1.032924239237382,-0.3791865507256728,-0.015530538339521251,0,0
sleepedf_full,true,atcnet,temporal_conv_nets.0,45,5,65,0.5875,0.7056517995000754,0.5330602981636855,0.7954796606674515,-0.10401033073062532,-0.025755817127178983,0,0
sleepedf_full,true,atcnet,temporal_conv_nets.4,45,5,65,0.5875,0.7803119013279233,0.5778425733090711,1.0574724304603145,-0.41027122743945793,-0.012611451400092115,0,0
sleepedf_full,true,atcnet,final_layer.4,45,5,65,0.5875,0.911855781016092,0.7141917705090991,1.0876641660649604,-0.5571676092909457,-0.013319413093291876,0,0
sleepedf_full,true,atcnet,logits,45,5,65,0.5875,0.794642049145042,0.6403387886592542,0.9580434236435992,-0.3494872282119006,-0.07982689233913,0,0
sleepedf_full,true,atcnet,conv_block,45,10,65,0.6185,0.6990317749184319,0.3164816479153579,0.97776236397944,-0.29520655482279895,0.01438683806024803,0,0
sleepedf_full,true,atcnet,attention_blocks.0,45,10,65,0.6185,0.7780732325303955,0.5518099448958532,1.0733169816940795,-0.2725574190015012,-0.028192836067531077,0,0
sleepedf_full,true,atcnet,attention_blocks.4,45,10,65,0.6185,0.7359966960933548,0.4358730988310252,0.9791219915639012,-0.2335294846449054,-0.012753375222652285,0,0
sleepedf_full,true,atcnet,temporal_conv_nets.0,45,10,65,0.6185,0.7418176855998706,0.5779335029079671,0.9871056456742466,-0.239317209210216,-0.023249894742925128,0,0
sleepedf_full,true,atcnet,temporal_conv_nets.4,45,10,65,0.6185,0.7304043625936494,0.638533075562108,0.8996691864061657,-0.16865575219918683,-0.01567811003080714,0,0
sleepedf_full,true,atcnet,final_layer.4,45,10,65,0.6185,0.8054903179426426,0.8673274998371513,0.7807941919746214,-0.21656339266934352,-0.05322589750439932,0,0
sleepedf_full,true,atcnet,logits,45,10,65,0.6185,0.7515401068323205,0.6381625299437553,0.8115180519806299,-0.20461867502225498,-0.07309370059927327,0,0
sleepedf_full,true,atcnet,conv_block,45,20,65,0.659,0.699195102660739,0.27621453192528767,1.0045636394841464,-0.3176116365639399,0.008871299801858667,0,0
sleepedf_full,true,atcnet,attention_blocks.0,45,20,65,0.659,0.774209759999592,0.4114890539805085,1.1979002599001582,-0.4200477898559811,-0.01693510776495826,0,0
sleepedf_full,true,atcnet,attention_blocks.4,45,20,65,0.659,0.7891898984469106,0.33177861559862,1.1444674649244702,-0.3471380617491758,-0.010580373959528997,0,0
sleepedf_full,true,atcnet,temporal_conv_nets.0,45,20,65,0.659,0.8095078990144254,0.4598811047479062,1.0730175796492274,-0.26293122030730043,-0.014591773906115529,0,0
sleepedf_full,true,atcnet,temporal_conv_nets.4,45,20,65,0.659,0.8495071863805405,0.445029919150271,1.111705542503012,-0.258619083079487,-0.0036268208204104616,0,0
sleepedf_full,true,atcnet,final_layer.4,45,20,65,0.659,0.7877063464582067,0.7270435695378407,1.104662607930842,-0.3617450842792042,-0.01419580726662855,0,0
sleepedf_full,true,atcnet,logits,45,20,65,0.659,0.76158737866731,0.652911227675725,0.9122915583722917,-0.18219612696052934,-0.05204838555269199,0,0
sleepedf_full,true,atcnet,conv_block,46,0,65,0.1945,0.14115811233864822,0.14115811233864828,0.0,0.0,0.14005435314305845,0,0
sleepedf_full,true,atcnet,attention_blocks.0,46,0,65,0.1945,0.9082087494413871,0.7539150090550119,0.7865765777489834,-0.0478792870247456,0.16951145871714834,0,0
sleepedf_full,true,atcnet,attention_blocks.4,46,0,65,0.1945,0.8941632728881969,0.7944329257255657,0.7255630476375665,-0.08624472612343209,0.25484495137406243,0,0
sleepedf_full,true,atcnet,temporal_conv_nets.0,46,0,65,0.1945,0.9019504262728919,0.6720694726454166,0.8148702226346892,-0.04880164938480757,0.13588185302301,0,0
sleepedf_full,true,atcnet,temporal_conv_nets.4,46,0,65,0.1945,0.8909090066243308,0.7691431757557609,0.7513047412652727,-0.08567687866572667,0.2252811440247846,0,0
sleepedf_full,true,atcnet,final_layer.4,46,0,65,0.1945,0.9021947980331237,0.8032360949409377,1.2748734446846888,-0.6756273835324024,0.3029019345822752,0,0
sleepedf_full,true,atcnet,logits,46,0,65,0.1945,0.6667088530672753,0.8316112052780975,1.2438978653671702,-1.5944640553229252,0.9661593606119394,0,0
sleepedf_full,true,atcnet,conv_block,46,1,65,0.572,0.6611752816309258,0.611859800108824,0.7472618285954468,-0.186629127308069,0.016353375367283703,0,0
sleepedf_full,true,atcnet,attention_blocks.0,46,1,65,0.572,0.8580602329557563,0.8930168846818435,0.8029998757744524,-0.2673328689498951,-0.12335692180817606,0,0
sleepedf_full,true,atcnet,attention_blocks.4,46,1,65,0.572,0.7280699380865231,0.6581069799513837,0.9517420315782711,-0.3748446879751391,-0.018648850298209806,0,0
sleepedf_full,true,atcnet,temporal_conv_nets.0,46,1,65,0.572,0.7697963125111634,0.841349027184322,0.9622962322007004,-0.3347927060525778,-0.08660335358423531,0,0
sleepedf_full,true,atcnet,temporal_conv_nets.4,46,1,65,0.572,0.7682707789363964,0.5691170374197595,0.9976599824156923,-0.413838682559368,-0.015027447429163121,0,0
sleepedf_full,true,atcnet,final_layer.4,46,1,65,0.572,0.9526960616675664,0.6533671559260587,0.9758210595336286,-0.5693971012261588,-0.006874328494950822,0,0
sleepedf_full,true,atcnet,logits,46,1,65,0.572,0.9466835057226267,0.8570940767596499,0.9521330323580722,-0.48099288550514435,-0.10128383702354872,0,0
sleepedf_full,true,atcnet,conv_block,46,2,65,0.616,0.6698129554012192,0.5267975696957377,0.8929453582663656,-0.2651006088271811,0.021784868308279203,0,0
sleepedf_full,true,atcnet,attention_blocks.0,46,2,65,0.616,0.7744329116924017,0.8473714823856502,0.6552911619705022,-0.10650047853441372,-0.0870465563903409,0,0
sleepedf_full,true,atcnet,attention_blocks.4,46,2,65,0.616,0.7266815708753648,0.652144543008119,0.832039561112877,-0.0893818232557137,-0.020300590608729272,0,0
sleepedf_full,true,atcnet,temporal_conv_nets.0,46,2,65,0.616,0.732095054978747,0.6535156731501048,0.7928445533766213,-0.2056097758102166,-0.07150711384387545,0,0
sleepedf_full,true,atcnet,temporal_conv_nets.4,46,2,65,0.616,0.6362231065688512,0.6265864754889086,0.6214937716752291,-0.00620918819211335,-4.7174904817632134e-05,0,0
sleepedf_full,true,atcnet,final_layer.4,46,2,65,0.616,0.6471218551335959,0.8569768015459786,0.6376512234337319,-0.10894866938502729,-0.030855028843614976,0,0
sleepedf_full,true,atcnet,logits,46,2,65,0.616,0.8138658174513719,0.6928096808578499,0.7837623578751248,-0.2698042422567027,-0.10302379649418526,0,0
sleepedf_full,true,atcnet,conv_block,46,5,65,0.61,0.7179347943720432,0.3922562510686332,0.9596132256465462,-0.26155590854392624,0.012893138439339894,0,0
sleepedf_full,true,atcnet,attention_blocks.0,46,5,65,0.61,0.7934479235028657,0.7273958631931375,0.8011944634501799,-0.23249351175475225,-0.08570800113396347,0,0
sleepedf_full,true,atcnet,attention_blocks.4,46,5,65,0.61,0.7890124844935108,0.5553683218410082,0.966747361619838,-0.16858002947442094,-0.010363398534330822,0,0
sleepedf_full,true,atcnet,temporal_conv_nets.0,46,5,65,0.61,0.742978558057388,0.6442883187245801,0.8825125383702055,-0.2789845465991257,-0.051432260583492824,0,0
sleepedf_full,true,atcnet,temporal_conv_nets.4,46,5,65,0.61,0.7102588067028792,0.6096267789133928,0.8854646194999357,-0.2184668055796676,-0.017631367183251995,0,0
sleepedf_full,true,atcnet,final_layer.4,46,5,65,0.61,0.7991170862684404,0.7801620591764131,0.7897163873483926,-0.24066531460684965,-0.012267224712475214,0,0
sleepedf_full,true,atcnet,logits,46,5,65,0.61,0.8219961833945152,0.669101288066332,0.9634446817934003,-0.4072757190439174,-0.05937530652441518,0,0
sleepedf_full,true,atcnet,conv_block,46,10,65,0.6365,0.7028930147406919,0.3029054955983033,0.9825536048303801,-0.30237802734102337,0.01938430989259159,0,0
sleepedf_full,true,atcnet,attention_blocks.0,46,10,65,0.6365,0.6578327588538195,0.695194495073312,0.7263727747299205,-0.15933103219566183,-0.07013824905810433,0,0
sleepedf_full,true,atcnet,attention_blocks.4,46,10,65,0.6365,0.8273245475424426,0.4783713840786233,0.9696667734650715,-0.13678221132420293,-0.0058486509061121674,0,0
sleepedf_full,true,atcnet,temporal_conv_nets.0,46,10,65,0.6365,0.6097891293633624,0.7770456733368984,0.8893226250896447,-0.38762801405878144,-0.037867938810095154,0,0
sleepedf_full,true,atcnet,temporal_conv_nets.4,46,10,65,0.6365,0.7365647328072461,0.5907041990030528,0.7423240846978316,0.004095884474537905,-0.010553458080386628,0,0
sleepedf_full,true,atcnet,final_layer.4,46,10,65,0.6365,0.7297545655401514,0.775034409985826,0.7056123706401102,0.033253066043104636,-0.023284248288134624,0,0
sleepedf_full,true,atcnet,logits,46,10,65,0.6365,0.6936652688983705,0.6671889731244014,0.8861982485391984,-0.22783736942341729,-0.03803501034347632,0,0
sleepedf_full,true,atcnet,conv_block,46,20,65,0.6875,0.7083292165199565,0.28837826454639814,1.0153869446799102,-0.33647788450041377,0.028747764179831773,0,0
sleepedf_full,true,atcnet,attention_blocks.0,46,20,65,0.6875,0.6212753341320669,0.6769376984159108,0.5693563658464238,-0.019964730780257775,-0.05305080982798604,0,0
sleepedf_full,true,atcnet,attention_blocks.4,46,20,65,0.6875,0.7734098811296882,0.41506710629096644,0.987128740834746,-0.20261509459799398,-0.012708893134456374,0,0
sleepedf_full,true,atcnet,temporal_conv_nets.0,46,20,65,0.6875,0.5349708229883022,0.6861579758778847,0.5406077280240258,-0.14807320147992975,-0.0038909349223566624,0,0
sleepedf_full,true,atcnet,temporal_conv_nets.4,46,20,65,0.6875,0.75865065628082,0.5144577785308735,0.9739748614335276,-0.20253847471590786,-0.020121438908406262,0,0
sleepedf_full,true,atcnet,final_layer.4,46,20,65,0.6875,0.8326302256263708,0.5762438829730006,0.8627874249901798,-0.04577599973297206,-0.010346157600410681,0,0
sleepedf_full,true,atcnet,logits,46,20,65,0.6875,0.6894577259206097,0.6152714015162012,0.8156227810591646,-0.141638633365545,-0.05586259700327561,0,0
