arch,best_val_acc,dataset,epoch0,final_epoch,final_val_acc,layer,mode,odi_delta,odi_epoch0,odi_final,operation_group,seed,source,spearman_delta,spearman_epoch0,spearman_final,taxonomy
eegnet,0.6215277777777778,bci2a,0,30,0.6111111111111112,bnorm_1,true,0.14400405913141953,0.002491327586235296,0.14649538671765483,early_filtering,41,reports/eegnet_bci2a_dynamics_true.json,-0.6333576285997984,0.8400578919051607,0.20670026330536231,progressive collapse
eegnet,0.6215277777777778,bci2a,0,30,0.6111111111111112,bnorm_2,true,0.41513619903643334,0.006272194641296472,0.4214083936777298,separable_body,41,reports/eegnet_bci2a_dynamics_true.json,-0.5687271268365808,0.7456732787120708,0.17694615187549004,progressive collapse
eegnet,0.6215277777777778,bci2a,0,30,0.6111111111111112,bnorm_temporal,true,0.012657561863512606,0.0022669568053497657,0.014924518668862371,early_filtering,41,reports/eegnet_bci2a_dynamics_true.json,-0.22469690172622747,0.8821514096684453,0.6574545079422178,progressive collapse
eegnet,0.6215277777777778,bci2a,0,30,0.6111111111111112,conv_separable_depth,true,0.3106711737592446,0.006125431479452223,0.3167966052386968,separable_body,41,reports/eegnet_bci2a_dynamics_true.json,-0.6224514602143334,0.7950470414259196,0.17259558121158625,progressive collapse
eegnet,0.6215277777777778,bci2a,0,30,0.6111111111111112,conv_separable_point,true,0.3588581556557265,0.00627219463247995,0.36513035028820645,separable_body,41,reports/eegnet_bci2a_dynamics_true.json,-0.565219219956659,0.7456732787120708,0.18045405875541176,progressive collapse
eegnet,0.6215277777777778,bci2a,0,30,0.6111111111111112,conv_spatial,true,0.0030059729191869765,0.002491327582475734,0.005497300501662711,early_filtering,41,reports/eegnet_bci2a_dynamics_true.json,-0.5723520957275933,0.8400578052921406,0.2677057095645473,progressive collapse
eegnet,0.6215277777777778,bci2a,0,30,0.6111111111111112,conv_temporal,true,0.00122921751405426,0.002266956808220495,0.003496174322274755,early_filtering,41,reports/eegnet_bci2a_dynamics_true.json,-0.34272775184355553,0.8821522286092719,0.5394244767657164,progressive collapse
eegnet,0.6215277777777778,bci2a,0,30,0.6111111111111112,elu_1,true,0.1044172880390357,0.0028347030934393206,0.10725199113247502,other,41,reports/eegnet_bci2a_dynamics_true.json,-0.6434048147437533,0.8556097775491049,0.21220496280535164,progressive collapse
eegnet,0.6215277777777778,bci2a,0,30,0.6111111111111112,elu_2,true,0.4085871161357002,0.006271691076550344,0.41485880721225055,other,41,reports/eegnet_bci2a_dynamics_true.json,-0.5590990822480297,0.7485290900197288,0.189430007771699,progressive collapse
eegnet,0.6215277777777778,bci2a,0,30,0.6111111111111112,final_layer.conv_classifier,true,0.3851214079250463,0.43464966436291835,0.8197710722879646,classifier,41,reports/eegnet_bci2a_dynamics_true.json,-0.07411772010301829,0.16036511869492973,0.08624739859191144,progressive collapse
eegnet,0.6215277777777778,bci2a,0,30,0.6111111111111112,logits,true,0.3851214079250463,0.43464966436291835,0.8197710722879646,classifier,41,reports/eegnet_bci2a_dynamics_true.json,-0.07411772010301829,0.16036511869492973,0.08624739859191144,progressive collapse
eegnet,0.6215277777777778,bci2a,0,30,0.6111111111111112,pool_1,true,0.1268522757470223,0.00473989510846121,0.1315921708554835,other,41,reports/eegnet_bci2a_dynamics_true.json,-0.6263162868820994,0.8361983527499265,0.20988206586782712,progressive collapse
eegnet,0.6215277777777778,bci2a,0,30,0.6111111111111112,pool_2,true,0.514208570884064,0.06674118586364271,0.5809497567477068,separable_body,41,reports/eegnet_bci2a_dynamics_true.json,-0.28000547222828986,0.4293859038351207,0.14938043160683084,progressive collapse
eegnet,0.5069444444444444,bci2a,0,30,0.4826388888888889,bnorm_1,true,0.1993657212268674,0.0025048045027003096,0.2018705257295677,early_filtering,42,reports/eegnet_bci2a_dynamics_true_seed42.json,-0.51187085731038,0.6750305165173008,0.16315965920692088,progressive collapse
eegnet,0.5069444444444444,bci2a,0,30,0.4826388888888889,bnorm_2,true,0.4253766130115989,0.00924392710083104,0.43462054011242995,separable_body,42,reports/eegnet_bci2a_dynamics_true_seed42.json,-0.48556217532969714,0.6044472863324967,0.1188851110027995,progressive collapse
eegnet,0.5069444444444444,bci2a,0,30,0.4826388888888889,bnorm_temporal,true,0.00845330577702547,0.0020243229395938587,0.010477628716619329,early_filtering,42,reports/eegnet_bci2a_dynamics_true_seed42.json,-0.3245447064534326,0.8408975886650902,0.5163528822116576,progressive collapse
eegnet,0.5069444444444444,bci2a,0,30,0.4826388888888889,conv_separable_depth,true,0.2730573799250979,0.008581904427318049,0.2816392843524159,separable_body,42,reports/eegnet_bci2a_dynamics_true_seed42.json,-0.5214786221716319,0.6573516924698215,0.13587307029818968,progressive collapse
eegnet,0.5069444444444444,bci2a,0,30,0.4826388888888889,conv_separable_point,true,0.3078393326450066,0.009243927069549717,0.31708325971455636,separable_body,42,reports/eegnet_bci2a_dynamics_true_seed42.json,-0.48515201378512707,0.6044472863324967,0.11929527254736959,progressive collapse
eegnet,0.5069444444444444,bci2a,0,30,0.4826388888888889,conv_spatial,true,0.0034204716768146556,0.002504804500765789,0.005925276177580444,early_filtering,42,reports/eegnet_bci2a_dynamics_true_seed42.json,-0.41506679557519943,0.6750305165173008,0.2599637209421014,progressive collapse
eegnet,0.5069444444444444,bci2a,0,30,0.4826388888888889,conv_temporal,true,0.002430640863552244,0.0020243229409566948,0.004454963804508939,early_filtering,42,reports/eegnet_bci2a_dynamics_true_seed42.json,-0.36435950346418616,0.8408975534468054,0.4765380499826192,progressive collapse
eegnet,0.5069444444444444,bci2a,0,30,0.4826388888888889,elu_1,true,0.177618639309866,0.003655664064044597,0.1812743033739106,other,42,reports/eegnet_bci2a_dynamics_true_seed42.json,-0.5414039589156442,0.7133104790700358,0.17190652015439153,progressive collapse
eegnet,0.5069444444444444,bci2a,0,30,0.4826388888888889,elu_2,true,0.4306506138119727,0.009233034619415678,0.4398836484313884,other,42,reports/eegnet_bci2a_dynamics_true_seed42.json,-0.4901935592246151,0.6164080345076106,0.1262144752829955,progressive collapse
eegnet,0.5069444444444444,bci2a,0,30,0.4826388888888889,final_layer.conv_classifier,true,0.38817008010891446,0.43773848704686175,0.8259085671557762,classifier,42,reports/eegnet_bci2a_dynamics_true_seed42.json,-0.17012443491430518,0.20566201969001163,0.03553758477570647,progressive collapse
eegnet,0.5069444444444444,bci2a,0,30,0.4826388888888889,logits,true,0.38817008010891446,0.43773848704686175,0.8259085671557762,classifier,42,reports/eegnet_bci2a_dynamics_true_seed42.json,-0.17012443491430518,0.20566201969001163,0.03553758477570647,progressive collapse
eegnet,0.5069444444444444,bci2a,0,30,0.4826388888888889,pool_1,true,0.20739882723897735,0.006388967473482179,0.21378779471245954,other,42,reports/eegnet_bci2a_dynamics_true_seed42.json,-0.44624883069310195,0.6153742187058552,0.1691253880127532,progressive collapse
eegnet,0.5069444444444444,bci2a,0,30,0.4826388888888889,pool_2,true,0.5270107234478847,0.10783449474212742,0.634845218190012,separable_body,42,reports/eegnet_bci2a_dynamics_true_seed42.json,-0.27011809735230397,0.38997184646225735,0.1198537491099534,progressive collapse
eegnet,0.6631944444444444,bci2a,0,30,0.6631944444444444,bnorm_1,true,0.3367588721490668,0.0028955604587614634,0.33965443260782824,early_filtering,43,reports/eegnet_bci2a_dynamics_true_seed43.json,-0.6729479077707421,0.8870263508627011,0.21407844309195898,progressive collapse
eegnet,0.6631944444444444,bci2a,0,30,0.6631944444444444,bnorm_2,true,0.4832604232070114,0.008368781858281518,0.4916292050652929,separable_body,43,reports/eegnet_bci2a_dynamics_true_seed43.json,-0.5617566432527821,0.7461953033281685,0.1844386600753865,progressive collapse
eegnet,0.6631944444444444,bci2a,0,30,0.6631944444444444,bnorm_temporal,true,0.007931484326269047,0.0025957426353093744,0.010527226961578422,early_filtering,43,reports/eegnet_bci2a_dynamics_true_seed43.json,-0.21913933949514375,0.9473333284420259,0.7281939889468821,progressive collapse
eegnet,0.6631944444444444,bci2a,0,30,0.6631944444444444,conv_separable_depth,true,0.6184451056348946,0.008108408944413729,0.6265535145793084,separable_body,43,reports/eegnet_bci2a_dynamics_true_seed43.json,-0.4926859998401403,0.7046821889454874,0.21199618910534715,progressive collapse
eegnet,0.6631944444444444,bci2a,0,30,0.6631944444444444,conv_separable_point,true,0.5662503054427224,0.008368781862225082,0.5746190873049475,separable_body,43,reports/eegnet_bci2a_dynamics_true_seed43.json,-0.5670462303735859,0.7461953033281685,0.17914907295458266,progressive collapse
eegnet,0.6631944444444444,bci2a,0,30,0.6631944444444444,conv_spatial,true,0.003730595287156349,0.0028955604424805836,0.006626155729636932,early_filtering,43,reports/eegnet_bci2a_dynamics_true_seed43.json,-0.6813741851104987,0.8870258056501629,0.20565162053966413,progressive collapse
eegnet,0.6631944444444444,bci2a,0,30,0.6631944444444444,conv_temporal,true,0.00127874557846372,0.00259574263061263,0.00387448820907635,early_filtering,43,reports/eegnet_bci2a_dynamics_true_seed43.json,-0.29994798944023005,0.9473333284420259,0.6473853390017958,progressive collapse
eegnet,0.6631944444444444,bci2a,0,30,0.6631944444444444,elu_1,true,0.28145798564029967,0.003099682894315458,0.2845576685346151,other,43,reports/eegnet_bci2a_dynamics_true_seed43.json,-0.6637467336862115,0.8882964965766429,0.22454976289043135,progressive collapse
eegnet,0.6631944444444444,bci2a,0,30,0.6631944444444444,elu_2,true,0.47991816704648055,0.008361593583256733,0.48827976062973727,other,43,reports/eegnet_bci2a_dynamics_true_seed43.json,-0.5474390839865483,0.7495721666053632,0.20213308261881494,progressive collapse
eegnet,0.6631944444444444,bci2a,0,30,0.6631944444444444,final_layer.conv_classifier,true,0.2955457965074736,0.4320222472901817,0.7275680437976553,classifier,43,reports/eegnet_bci2a_dynamics_true_seed43.json,-0.15984352810303043,0.2169659310423567,0.057122402939326265,progressive collapse
eegnet,0.6631944444444444,bci2a,0,30,0.6631944444444444,logits,true,0.2955457965074736,0.4320222472901817,0.7275680437976553,classifier,43,reports/eegnet_bci2a_dynamics_true_seed43.json,-0.15984352810303043,0.2169659310423567,0.057122402939326265,progressive collapse
eegnet,0.6631944444444444,bci2a,0,30,0.6631944444444444,pool_1,true,0.3050834501896346,0.005447155809558978,0.3105306059991936,other,43,reports/eegnet_bci2a_dynamics_true_seed43.json,-0.6042486240040954,0.8322153236224528,0.2279666996183573,progressive collapse
eegnet,0.6631944444444444,bci2a,0,30,0.6631944444444444,pool_2,true,0.5579195683744156,0.07241261456470273,0.6303321829391183,separable_body,43,reports/eegnet_bci2a_dynamics_true_seed43.json,-0.22550817647026214,0.4161132560344352,0.19060507956417308,progressive collapse
eegnet,0.6111111111111112,bci2a,0,30,0.6006944444444444,bnorm_1,true,0.2828223511292745,0.0035818796838839343,0.28640423081315847,early_filtering,44,reports/eegnet_bci2a_dynamics_true_seed44.json,-0.5785475349014619,0.7670144169994827,0.1884668820980208,progressive collapse
eegnet,0.6111111111111112,bci2a,0,30,0.6006944444444444,bnorm_2,true,0.5036973543482194,0.008888307330070217,0.5125856616782896,separable_body,44,reports/eegnet_bci2a_dynamics_true_seed44.json,-0.6055441391620586,0.7493140272380633,0.14376988807600463,progressive collapse
eegnet,0.6111111111111112,bci2a,0,30,0.6006944444444444,bnorm_temporal,true,0.007000886574334425,0.002109990432540039,0.009110877006874464,early_filtering,44,reports/eegnet_bci2a_dynamics_true_seed44.json,-0.15135598298826403,0.8379837535543747,0.6866277705661107,progressive collapse
eegnet,0.6111111111111112,bci2a,0,30,0.6006944444444444,conv_separable_depth,true,0.5755007554877117,0.0071624757417941606,0.5826632312295059,separable_body,44,reports/eegnet_bci2a_dynamics_true_seed44.json,-0.6039093733136138,0.7861569069849029,0.18224753367128915,progressive collapse
eegnet,0.6111111111111112,bci2a,0,30,0.6006944444444444,conv_separable_point,true,0.5578740689440149,0.008888307317866108,0.5667623762618811,separable_body,44,reports/eegnet_bci2a_dynamics_true_seed44.json,-0.6075219908325211,0.7493140272380633,0.14179203640554222,progressive collapse
eegnet,0.6111111111111112,bci2a,0,30,0.6006944444444444,conv_spatial,true,0.0011588469151386097,0.0035818796737447766,0.004740726588883386,early_filtering,44,reports/eegnet_bci2a_dynamics_true_seed44.json,-0.5959493188544054,0.7670150040007216,0.1710656851463163,progressive collapse
eegnet,0.6111111111111112,bci2a,0,30,0.6006944444444444,conv_temporal,true,0.0015251158437226621,0.0021099904316470505,0.0036351062753697126,early_filtering,44,reports/eegnet_bci2a_dynamics_true_seed44.json,-0.310427806837263,0.837983336847255,0.527555530009992,progressive collapse
eegnet,0.6111111111111112,bci2a,0,30,0.6006944444444444,elu_1,true,0.21387526081778144,0.004367361149859858,0.2182426219676413,other,44,reports/eegnet_bci2a_dynamics_true_seed44.json,-0.5995205106036327,0.794580199208605,0.19505968860497233,progressive collapse
eegnet,0.6111111111111112,bci2a,0,30,0.6006944444444444,elu_2,true,0.4591339310597082,0.00891325396526989,0.46804718502497805,other,44,reports/eegnet_bci2a_dynamics_true_seed44.json,-0.6103882933556952,0.7528194326178865,0.14243113926219134,progressive collapse
eegnet,0.6111111111111112,bci2a,0,30,0.6006944444444444,final_layer.conv_classifier,true,0.2723559052576097,0.42582432872240267,0.6981802339800124,classifier,44,reports/eegnet_bci2a_dynamics_true_seed44.json,-0.17153793565343273,0.2017601296776842,0.030222194024251463,progressive collapse
eegnet,0.6111111111111112,bci2a,0,30,0.6006944444444444,logits,true,0.2723559052576097,0.42582432872240267,0.6981802339800124,classifier,44,reports/eegnet_bci2a_dynamics_true_seed44.json,-0.17153793565343273,0.2017601296776842,0.030222194024251463,progressive collapse
eegnet,0.6111111111111112,bci2a,0,30,0.6006944444444444,pool_1,true,0.23799302252828372,0.0071989165840597655,0.2451919391123435,other,44,reports/eegnet_bci2a_dynamics_true_seed44.json,-0.533829629036566,0.7296140275720422,0.19578439853547622,progressive collapse
eegnet,0.6111111111111112,bci2a,0,30,0.6006944444444444,pool_2,true,0.532568486480436,0.06898629125866527,0.6015547777391013,separable_body,44,reports/eegnet_bci2a_dynamics_true_seed44.json,-0.30703680358222624,0.43223366519800005,0.1251968616157738,progressive collapse
eegnet,0.6041666666666666,bci2a,0,30,0.6041666666666666,bnorm_1,true,0.27656073417819843,0.0020632264636341736,0.2786239606418326,early_filtering,45,reports/eegnet_bci2a_dynamics_true_seed45.json,-0.6262087356951503,0.7758714572954443,0.1496627216002939,progressive collapse
eegnet,0.6041666666666666,bci2a,0,30,0.6041666666666666,bnorm_2,true,0.5160745169622408,0.007391990597906072,0.5234665075601469,separable_body,45,reports/eegnet_bci2a_dynamics_true_seed45.json,-0.29512581673781707,0.42006941847766116,0.12494360173984408,progressive collapse
eegnet,0.6041666666666666,bci2a,0,30,0.6041666666666666,bnorm_temporal,true,0.008280219759180404,0.002014280135370891,0.010294499894551295,early_filtering,45,reports/eegnet_bci2a_dynamics_true_seed45.json,-0.138763157853956,0.9084421569324933,0.7696789990785373,progressive collapse
eegnet,0.6041666666666666,bci2a,0,30,0.6041666666666666,conv_separable_depth,true,0.5395329356902487,0.006205124118703953,0.5457380598089527,separable_body,45,reports/eegnet_bci2a_dynamics_true_seed45.json,-0.38590933629516894,0.5466547023258888,0.16074536603071982,progressive collapse
eegnet,0.6041666666666666,bci2a,0,30,0.6041666666666666,conv_separable_point,true,0.5721114240062171,0.007391990605228017,0.5795034146114451,separable_body,45,reports/eegnet_bci2a_dynamics_true_seed45.json,-0.2953478102461212,0.42006881373021165,0.12472100348409046,progressive collapse
eegnet,0.6041666666666666,bci2a,0,30,0.6041666666666666,conv_spatial,true,0.0026857497842387966,0.00206322646808285,0.0047489762523216465,early_filtering,45,reports/eegnet_bci2a_dynamics_true_seed45.json,-0.3797251918696239,0.7758714586924285,0.39614626682280457,progressive collapse
eegnet,0.6041666666666666,bci2a,0,30,0.6041666666666666,conv_temporal,true,0.0007780591991305963,0.0020142801383434294,0.0027923393374740257,early_filtering,45,reports/eegnet_bci2a_dynamics_true_seed45.json,-0.2604549963056596,0.9084425442143856,0.647987547908726,progressive collapse
eegnet,0.6041666666666666,bci2a,0,30,0.6041666666666666,elu_1,true,0.21772762732868653,0.002578867851386147,0.22030649518007267,other,45,reports/eegnet_bci2a_dynamics_true_seed45.json,-0.6159688513191237,0.7802085260498498,0.16423967473072604,progressive collapse
eegnet,0.6041666666666666,bci2a,0,30,0.6041666666666666,elu_2,true,0.5283640818003718,0.007398345833258408,0.5357624276336301,other,45,reports/eegnet_bci2a_dynamics_true_seed45.json,-0.29639880541855734,0.4264598983838236,0.13006109296526622,progressive collapse
eegnet,0.6041666666666666,bci2a,0,30,0.6041666666666666,final_layer.conv_classifier,true,0.3032290564709259,0.4354409528719516,0.7386700093428775,classifier,45,reports/eegnet_bci2a_dynamics_true_seed45.json,-0.09628823792748628,0.1394617250718157,0.04317348714432942,progressive collapse
eegnet,0.6041666666666666,bci2a,0,30,0.6041666666666666,logits,true,0.3032290564709259,0.4354409528719516,0.7386700093428775,classifier,45,reports/eegnet_bci2a_dynamics_true_seed45.json,-0.09628823792748628,0.1394617250718157,0.04317348714432942,progressive collapse
eegnet,0.6041666666666666,bci2a,0,30,0.6041666666666666,pool_1,true,0.24135354653782962,0.00503463035391203,0.24638817689174164,other,45,reports/eegnet_bci2a_dynamics_true_seed45.json,-0.5104406937597753,0.6821289862435457,0.17168829248377038,progressive collapse
eegnet,0.6041666666666666,bci2a,0,30,0.6041666666666666,pool_2,true,0.5820385182396924,0.08273108424574435,0.6647696024854368,separable_body,45,reports/eegnet_bci2a_dynamics_true_seed45.json,-0.2734252626094373,0.3999179172598992,0.12649265465046194,progressive collapse
eegnet,0.6215277777777778,bci2a,0,30,0.6215277777777778,bnorm_1,true,0.32122642695067094,0.0027340851319944447,0.3239605120826654,early_filtering,46,reports/eegnet_bci2a_dynamics_true_seed46.json,-0.5607520825910357,0.7512844806930893,0.19053239810205364,progressive collapse
eegnet,0.6215277777777778,bci2a,0,30,0.6215277777777778,bnorm_2,true,0.5740529780293058,0.007347268317970016,0.5814002463472758,separable_body,46,reports/eegnet_bci2a_dynamics_true_seed46.json,-0.5578695998834631,0.6578595784077856,0.0999899785243226,progressive collapse
eegnet,0.6215277777777778,bci2a,0,30,0.6215277777777778,bnorm_temporal,true,0.004933128906962938,0.002195594610432938,0.007128723517395876,early_filtering,46,reports/eegnet_bci2a_dynamics_true_seed46.json,-0.10723320231343147,0.8718723073631663,0.7646391050497349,progressive collapse
eegnet,0.6215277777777778,bci2a,0,30,0.6215277777777778,conv_separable_depth,true,0.6383087598423897,0.006802574004586082,0.6451113338469757,separable_body,46,reports/eegnet_bci2a_dynamics_true_seed46.json,-0.5540311587123135,0.6725740073559586,0.1185428486436452,progressive collapse
eegnet,0.6215277777777778,bci2a,0,30,0.6215277777777778,conv_separable_point,true,0.6455936924428107,0.007347268326014674,0.6529409607688254,separable_body,46,reports/eegnet_bci2a_dynamics_true_seed46.json,-0.5618523277859997,0.6578595784077856,0.09600725062178597,progressive collapse
eegnet,0.6215277777777778,bci2a,0,30,0.6215277777777778,conv_spatial,true,0.0032127515445967633,0.002734085148283101,0.005946836692879864,early_filtering,46,reports/eegnet_bci2a_dynamics_true_seed46.json,-0.3405212043084046,0.7512844806930893,0.4107632763846847,progressive collapse
eegnet,0.6215277777777778,bci2a,0,30,0.6215277777777778,conv_temporal,true,0.0009479106428342721,0.002195594613282411,0.003143505256116683,early_filtering,46,reports/eegnet_bci2a_dynamics_true_seed46.json,-0.268011107865583,0.8718723073631663,0.6038611994975833,progressive collapse
eegnet,0.6215277777777778,bci2a,0,30,0.6215277777777778,elu_1,true,0.2683276078985441,0.0029500635285417717,0.27127767142708586,other,46,reports/eegnet_bci2a_dynamics_true_seed46.json,-0.5726876171413735,0.7653951950736928,0.19270757793231927,progressive collapse
eegnet,0.6215277777777778,bci2a,0,30,0.6215277777777778,elu_2,true,0.5733347948227073,0.007347756793780455,0.5806825516164877,other,46,reports/eegnet_bci2a_dynamics_true_seed46.json,-0.5746327557159953,0.6661548174780322,0.09152206176203688,progressive collapse
eegnet,0.6215277777777778,bci2a,0,30,0.6215277777777778,final_layer.conv_classifier,true,0.21049643349892455,0.43516283364269703,0.6456592671416216,classifier,46,reports/eegnet_bci2a_dynamics_true_seed46.json,-0.164751629624498,0.1547725335581675,-0.00997909606633048,progressive collapse
eegnet,0.6215277777777778,bci2a,0,30,0.6215277777777778,logits,true,0.21049643349892455,0.43516283364269703,0.6456592671416216,classifier,46,reports/eegnet_bci2a_dynamics_true_seed46.json,-0.164751629624498,0.1547725335581675,-0.00997909606633048,progressive collapse
eegnet,0.6215277777777778,bci2a,0,30,0.6215277777777778,pool_1,true,0.29278632047870756,0.005014163255635981,0.29780048373434354,other,46,reports/eegnet_bci2a_dynamics_true_seed46.json,-0.5620530602063295,0.7542211829796011,0.19216812277327158,progressive collapse
eegnet,0.6215277777777778,bci2a,0,30,0.6215277777777778,pool_2,true,0.5785129911490974,0.11026953251237931,0.6887825236614767,separable_body,46,reports/eegnet_bci2a_dynamics_true_seed46.json,-0.2922156611703066,0.37148988678122724,0.07927422561092062,progressive collapse
eegnet,0.2673611111111111,bci2a,0,30,0.2222222222222222,bnorm_1,shuffled,0.13250121203286014,0.002491327586235296,0.13499253961909544,early_filtering,41,reports/eegnet_bci2a_dynamics_shuffled.json,-0.5111658762210529,0.8400578919051607,0.3288920156841078,progressive collapse
eegnet,0.2673611111111111,bci2a,0,30,0.2222222222222222,bnorm_2,shuffled,0.2903487591381428,0.006272194641296472,0.29662095377943926,separable_body,41,reports/eegnet_bci2a_dynamics_shuffled.json,-0.49672761324379566,0.7456732787120708,0.24894566546827515,progressive collapse
eegnet,0.2673611111111111,bci2a,0,30,0.2222222222222222,bnorm_temporal,shuffled,0.001657421250635011,0.0022669568053497657,0.003924378055984777,early_filtering,41,reports/eegnet_bci2a_dynamics_shuffled.json,-0.23998126389942742,0.8821514096684453,0.6421701457690179,progressive collapse
eegnet,0.2673611111111111,bci2a,0,30,0.2222222222222222,conv_separable_depth,shuffled,0.1502593803438766,0.006125431479452223,0.1563848118233288,separable_body,41,reports/eegnet_bci2a_dynamics_shuffled.json,-0.5240163412341954,0.7950470414259196,0.2710307001917243,progressive collapse
eegnet,0.2673611111111111,bci2a,0,30,0.2222222222222222,conv_separable_point,shuffled,0.18175318389824474,0.00627219463247995,0.18802537853072468,separable_body,41,reports/eegnet_bci2a_dynamics_shuffled.json,-0.4981672503341139,0.7456732787120708,0.2475060283779569,progressive collapse
eegnet,0.2673611111111111,bci2a,0,30,0.2222222222222222,conv_spatial,shuffled,0.001919555908826756,0.002491327582475734,0.00441088349130249,early_filtering,41,reports/eegnet_bci2a_dynamics_shuffled.json,-0.38526874899237934,0.8400578052921406,0.45478905629976124,progressive collapse
eegnet,0.2673611111111111,bci2a,0,30,0.2222222222222222,conv_temporal,shuffled,0.0006674317074901368,0.002266956808220495,0.0029343885157106318,early_filtering,41,reports/eegnet_bci2a_dynamics_shuffled.json,-0.19701395588019854,0.8821522286092719,0.6851382727290733,progressive collapse
eegnet,0.2673611111111111,bci2a,0,30,0.2222222222222222,elu_1,shuffled,0.08751542343124763,0.0028347030934393206,0.09035012652468695,other,41,reports/eegnet_bci2a_dynamics_shuffled.json,-0.5224653487261841,0.8556097775491049,0.3331444288229209,progressive collapse
eegnet,0.2673611111111111,bci2a,0,30,0.2222222222222222,elu_2,shuffled,0.2610127791649026,0.006271691076550344,0.26728447024145296,other,41,reports/eegnet_bci2a_dynamics_shuffled.json,-0.4932952859392296,0.7485290900197288,0.25523380408049917,progressive collapse
eegnet,0.2673611111111111,bci2a,0,30,0.2222222222222222,final_layer.conv_classifier,shuffled,0.1576988906375552,0.43464966436291835,0.5923485550004736,classifier,41,reports/eegnet_bci2a_dynamics_shuffled.json,-0.07147168322784438,0.16036511869492973,0.08889343546708535,progressive collapse
eegnet,0.2673611111111111,bci2a,0,30,0.2222222222222222,logits,shuffled,0.1576988906375552,0.43464966436291835,0.5923485550004736,classifier,41,reports/eegnet_bci2a_dynamics_shuffled.json,-0.07147168322784438,0.16036511869492973,0.08889343546708535,progressive collapse
eegnet,0.2673611111111111,bci2a,0,30,0.2222222222222222,pool_1,shuffled,0.11135566617388085,0.00473989510846121,0.11609556128234205,other,41,reports/eegnet_bci2a_dynamics_shuffled.json,-0.5120128272250359,0.8361983527499265,0.3241855255248905,progressive collapse
eegnet,0.2673611111111111,bci2a,0,30,0.2222222222222222,pool_2,shuffled,0.46055996806022964,0.06674118586364271,0.5273011539238723,separable_body,41,reports/eegnet_bci2a_dynamics_shuffled.json,-0.15738348159863624,0.4293859038351207,0.27200242223648446,progressive collapse
eegnet,0.2881944444444444,bci2a,0,30,0.22569444444444445,bnorm_1,shuffled,0.102042864081871,0.0025048045027003096,0.1045476685845713,early_filtering,42,reports/eegnet_bci2a_dynamics_shuffled_seed42.json,-0.41675568599495305,0.6750305165173008,0.2582748305223478,progressive collapse
eegnet,0.2881944444444444,bci2a,0,30,0.22569444444444445,bnorm_2,shuffled,0.21102397788539093,0.00924392710083104,0.22026790498622198,separable_body,42,reports/eegnet_bci2a_dynamics_shuffled_seed42.json,-0.42488663103770674,0.6044472863324967,0.17956065529478993,progressive collapse
eegnet,0.2881944444444444,bci2a,0,30,0.22569444444444445,bnorm_temporal,shuffled,0.002737138687524984,0.0020243229395938587,0.004761461627118843,early_filtering,42,reports/eegnet_bci2a_dynamics_shuffled_seed42.json,-0.07756011273112051,0.8408975886650902,0.7633374759339697,progressive collapse
eegnet,0.2881944444444444,bci2a,0,30,0.22569444444444445,conv_separable_depth,shuffled,0.04938033630441489,0.008581904427318049,0.05796224073173294,separable_body,42,reports/eegnet_bci2a_dynamics_shuffled_seed42.json,-0.4743133616685692,0.6573516924698215,0.18303833080125234,progressive collapse
eegnet,0.2881944444444444,bci2a,0,30,0.22569444444444445,conv_separable_point,shuffled,0.07070324792955054,0.009243927069549717,0.07994717499910026,separable_body,42,reports/eegnet_bci2a_dynamics_shuffled_seed42.json,-0.4269300501738608,0.6044472863324967,0.17751723615863585,progressive collapse
eegnet,0.2881944444444444,bci2a,0,30,0.22569444444444445,conv_spatial,shuffled,0.001321910906924871,0.002504804500765789,0.00382671540769066,early_filtering,42,reports/eegnet_bci2a_dynamics_shuffled_seed42.json,-0.2769704774558347,0.6750305165173008,0.39806003906146614,progressive collapse
eegnet,0.2881944444444444,bci2a,0,30,0.22569444444444445,conv_temporal,shuffled,0.0008948102443554228,0.0020243229409566948,0.0029191331853121176,early_filtering,42,reports/eegnet_bci2a_dynamics_shuffled_seed42.json,-0.10722739851595664,0.8408975534468054,0.7336701549308488,progressive collapse
eegnet,0.2881944444444444,bci2a,0,30,0.22569444444444445,elu_1,shuffled,0.062190712595936996,0.003655664064044597,0.0658463766599816,other,42,reports/eegnet_bci2a_dynamics_shuffled_seed42.json,-0.43903306946819937,0.7133104790700358,0.2742774096018364,progressive collapse
eegnet,0.2881944444444444,bci2a,0,30,0.22569444444444445,elu_2,shuffled,0.18921735858644104,0.009233034619415678,0.19845039320585672,other,42,reports/eegnet_bci2a_dynamics_shuffled_seed42.json,-0.4278163534591576,0.6164080345076106,0.18859168104845306,progressive collapse
eegnet,0.2881944444444444,bci2a,0,30,0.22569444444444445,final_layer.conv_classifier,shuffled,0.15775570730372718,0.43773848704686175,0.5954941943505889,classifier,42,reports/eegnet_bci2a_dynamics_shuffled_seed42.json,-0.15639113731321985,0.20566201969001163,0.049270882376791794,progressive collapse
eegnet,0.2881944444444444,bci2a,0,30,0.22569444444444445,logits,shuffled,0.15775570730372718,0.43773848704686175,0.5954941943505889,classifier,42,reports/eegnet_bci2a_dynamics_shuffled_seed42.json,-0.15639113731321985,0.20566201969001163,0.049270882376791794,progressive collapse
eegnet,0.2881944444444444,bci2a,0,30,0.22569444444444445,pool_1,shuffled,0.07862992591139786,0.006388967473482179,0.08501889338488004,other,42,reports/eegnet_bci2a_dynamics_shuffled_seed42.json,-0.3518909896575783,0.6153742187058552,0.26348322904827687,progressive collapse
eegnet,0.2881944444444444,bci2a,0,30,0.22569444444444445,pool_2,shuffled,0.3850319558437358,0.10783449474212742,0.4928664505858632,separable_body,42,reports/eegnet_bci2a_dynamics_shuffled_seed42.json,-0.23353103018631471,0.38997184646225735,0.15644081627594264,progressive collapse
eegnet,0.3194444444444444,bci2a,0,30,0.2986111111111111,bnorm_1,shuffled,0.05643175756409867,0.0028955604587614634,0.059327318022860134,early_filtering,43,reports/eegnet_bci2a_dynamics_shuffled_seed43.json,-0.6253591216398124,0.8870263508627011,0.2616672292228887,progressive collapse
eegnet,0.3194444444444444,bci2a,0,30,0.2986111111111111,bnorm_2,shuffled,0.09873098745313401,0.008368781858281518,0.10709976931141553,separable_body,43,reports/eegnet_bci2a_dynamics_shuffled_seed43.json,-0.5519965272565464,0.7461953033281685,0.19419877607162223,progressive collapse
eegnet,0.3194444444444444,bci2a,0,30,0.2986111111111111,bnorm_temporal,shuffled,0.003617404264566233,0.0025957426353093744,0.006213146899875607,early_filtering,43,reports/eegnet_bci2a_dynamics_shuffled_seed43.json,-0.16784466834860878,0.9473333284420259,0.7794886600934171,progressive collapse
eegnet,0.3194444444444444,bci2a,0,30,0.2986111111111111,conv_separable_depth,shuffled,0.021708724393761484,0.008108408944413729,0.029817133338175213,separable_body,43,reports/eegnet_bci2a_dynamics_shuffled_seed43.json,-0.4945318188448742,0.7046821889454874,0.21015037010061322,progressive collapse
eegnet,0.3194444444444444,bci2a,0,30,0.2986111111111111,conv_separable_point,shuffled,0.016496405354992215,0.008368781862225082,0.024865187217217297,separable_body,43,reports/eegnet_bci2a_dynamics_shuffled_seed43.json,-0.5620526055947788,0.7461953033281685,0.18414269773338976,progressive collapse
eegnet,0.3194444444444444,bci2a,0,30,0.2986111111111111,conv_spatial,shuffled,0.00077879787684627,0.0028955604424805836,0.0036743583193268536,early_filtering,43,reports/eegnet_bci2a_dynamics_shuffled_seed43.json,-0.6122384990084218,0.8870258056501629,0.27478730664174117,progressive collapse
eegnet,0.3194444444444444,bci2a,0,30,0.2986111111111111,conv_temporal,shuffled,0.000533777822257608,0.00259574263061263,0.003129520452870238,early_filtering,43,reports/eegnet_bci2a_dynamics_shuffled_seed43.json,-0.15554417233849704,0.9473333284420259,0.7917891561035288,progressive collapse
eegnet,0.3194444444444444,bci2a,0,30,0.2986111111111111,elu_1,shuffled,0.02500440412443845,0.003099682894315458,0.028104087018753908,other,43,reports/eegnet_bci2a_dynamics_shuffled_seed43.json,-0.6200483798648327,0.8882964965766429,0.26824811671181015,progressive collapse
eegnet,0.3194444444444444,bci2a,0,30,0.2986111111111111,elu_2,shuffled,0.07352869216543402,0.008361593583256733,0.08189028574869076,other,43,reports/eegnet_bci2a_dynamics_shuffled_seed43.json,-0.5495859526041931,0.7495721666053632,0.19998621400117012,progressive collapse
eegnet,0.3194444444444444,bci2a,0,30,0.2986111111111111,final_layer.conv_classifier,shuffled,0.03748152607736216,0.4320222472901817,0.46950377336754384,classifier,43,reports/eegnet_bci2a_dynamics_shuffled_seed43.json,-0.17241299398031684,0.2169659310423567,0.04455293706203986,progressive collapse
eegnet,0.3194444444444444,bci2a,0,30,0.2986111111111111,logits,shuffled,0.03748152607736216,0.4320222472901817,0.46950377336754384,classifier,43,reports/eegnet_bci2a_dynamics_shuffled_seed43.json,-0.17241299398031684,0.2169659310423567,0.04455293706203986,progressive collapse
eegnet,0.3194444444444444,bci2a,0,30,0.2986111111111111,pool_1,shuffled,0.03380908883610571,0.005447155809558978,0.039256244645664684,other,43,reports/eegnet_bci2a_dynamics_shuffled_seed43.json,-0.5696890746648501,0.8322153236224528,0.2625262489576027,progressive collapse
eegnet,0.3194444444444444,bci2a,0,30,0.2986111111111111,pool_2,shuffled,0.20524867313893813,0.07241261456470273,0.27766128770364085,separable_body,43,reports/eegnet_bci2a_dynamics_shuffled_seed43.json,-0.1827588074712592,0.4161132560344352,0.23335444856317603,progressive collapse
eegnet,0.2951388888888889,bci2a,0,30,0.20833333333333334,bnorm_1,shuffled,0.07443332082763827,0.0035818796838839343,0.0780152005115222,early_filtering,44,reports/eegnet_bci2a_dynamics_shuffled_seed44.json,-0.3968399627970955,0.7670144169994827,0.3701744542023872,progressive collapse
eegnet,0.2951388888888889,bci2a,0,30,0.20833333333333334,bnorm_2,shuffled,0.16879330694915676,0.008888307330070217,0.17768161427922696,separable_body,44,reports/eegnet_bci2a_dynamics_shuffled_seed44.json,-0.5411911030223377,0.7493140272380633,0.2081229242157255,progressive collapse
eegnet,0.2951388888888889,bci2a,0,30,0.20833333333333334,bnorm_temporal,shuffled,0.006554537922121498,0.002109990432540039,0.008664528354661537,early_filtering,44,reports/eegnet_bci2a_dynamics_shuffled_seed44.json,-0.10441143475850889,0.8379837535543747,0.7335723187958658,progressive collapse
eegnet,0.2951388888888889,bci2a,0,30,0.20833333333333334,conv_separable_depth,shuffled,0.02945833723919091,0.0071624757417941606,0.036620812980985074,separable_body,44,reports/eegnet_bci2a_dynamics_shuffled_seed44.json,-0.5119576091516277,0.7861569069849029,0.27419929783327524,progressive collapse
eegnet,0.2951388888888889,bci2a,0,30,0.20833333333333334,conv_separable_point,shuffled,0.023266315125165526,0.008888307317866108,0.03215462244303163,separable_body,44,reports/eegnet_bci2a_dynamics_shuffled_seed44.json,-0.5369382292568111,0.7493140272380633,0.21237579798125217,progressive collapse
eegnet,0.2951388888888889,bci2a,0,30,0.20833333333333334,conv_spatial,shuffled,0.0018345919806900595,0.0035818796737447766,0.005416471654434836,early_filtering,44,reports/eegnet_bci2a_dynamics_shuffled_seed44.json,-0.18248740331459468,0.7670150040007216,0.584527600686127,progressive collapse
eegnet,0.2951388888888889,bci2a,0,30,0.20833333333333334,conv_temporal,shuffled,0.0009528222636969964,0.0021099904316470505,0.003062812695344047,early_filtering,44,reports/eegnet_bci2a_dynamics_shuffled_seed44.json,-0.11193531653603239,0.837983336847255,0.7260480203112226,progressive collapse
eegnet,0.2951388888888889,bci2a,0,30,0.20833333333333334,elu_1,shuffled,0.035586535248382324,0.004367361149859858,0.039953896398242185,other,44,reports/eegnet_bci2a_dynamics_shuffled_seed44.json,-0.41590500201255126,0.794580199208605,0.37867519719605375,progressive collapse
eegnet,0.2951388888888889,bci2a,0,30,0.20833333333333334,elu_2,shuffled,0.11921204843316809,0.00891325396526989,0.12812530239843797,other,44,reports/eegnet_bci2a_dynamics_shuffled_seed44.json,-0.5391338886863323,0.7528194326178865,0.21368554393155426,progressive collapse
eegnet,0.2951388888888889,bci2a,0,30,0.20833333333333334,final_layer.conv_classifier,shuffled,0.11357283541502211,0.42582432872240267,0.5393971641374248,classifier,44,reports/eegnet_bci2a_dynamics_shuffled_seed44.json,-0.1711818541610191,0.2017601296776842,0.0305782755166651,progressive collapse
eegnet,0.2951388888888889,bci2a,0,30,0.20833333333333334,logits,shuffled,0.11357283541502211,0.42582432872240267,0.5393971641374248,classifier,44,reports/eegnet_bci2a_dynamics_shuffled_seed44.json,-0.1711818541610191,0.2017601296776842,0.0305782755166651,progressive collapse
eegnet,0.2951388888888889,bci2a,0,30,0.20833333333333334,pool_1,shuffled,0.04758187083228816,0.0071989165840597655,0.054780787416347926,other,44,reports/eegnet_bci2a_dynamics_shuffled_seed44.json,-0.37433681306149347,0.7296140275720422,0.3552772145105487,progressive collapse
eegnet,0.2951388888888889,bci2a,0,30,0.20833333333333334,pool_2,shuffled,0.32466053438198605,0.06898629125866527,0.39364682564065134,separable_body,44,reports/eegnet_bci2a_dynamics_shuffled_seed44.json,-0.2514931031449903,0.43223366519800005,0.18074056205300973,progressive collapse
eegnet,0.34375,bci2a,0,30,0.2222222222222222,bnorm_1,shuffled,0.11430387760439818,0.0020632264636341736,0.11636710406803236,early_filtering,45,reports/eegnet_bci2a_dynamics_shuffled_seed45.json,-0.5072739953487646,0.7758714572954443,0.2685974619466796,progressive collapse
eegnet,0.34375,bci2a,0,30,0.2222222222222222,bnorm_2,shuffled,0.2721285625376683,0.007391990597906072,0.2795205531355744,separable_body,45,reports/eegnet_bci2a_dynamics_shuffled_seed45.json,-0.23413732286054423,0.42006941847766116,0.18593209561711693,progressive collapse
eegnet,0.34375,bci2a,0,30,0.2222222222222222,bnorm_temporal,shuffled,0.004158848592600708,0.002014280135370891,0.006173128727971599,early_filtering,45,reports/eegnet_bci2a_dynamics_shuffled_seed45.json,-0.22097581888195805,0.9084421569324933,0.6874663380505353,progressive collapse
eegnet,0.34375,bci2a,0,30,0.2222222222222222,conv_separable_depth,shuffled,0.10246492517421955,0.006205124118703953,0.10867004929292351,separable_body,45,reports/eegnet_bci2a_dynamics_shuffled_seed45.json,-0.3132404625130911,0.5466547023258888,0.23341423981279763,progressive collapse
eegnet,0.34375,bci2a,0,30,0.2222222222222222,conv_separable_point,shuffled,0.14466269735586582,0.007391990605228017,0.15205468796109384,separable_body,45,reports/eegnet_bci2a_dynamics_shuffled_seed45.json,-0.22946866887957465,0.42006881373021165,0.190600144850637,progressive collapse
eegnet,0.34375,bci2a,0,30,0.2222222222222222,conv_spatial,shuffled,0.002450307455050804,0.00206322646808285,0.004513533923133654,early_filtering,45,reports/eegnet_bci2a_dynamics_shuffled_seed45.json,-0.49996773288654106,0.7758714586924285,0.2759037258058874,progressive collapse
eegnet,0.34375,bci2a,0,30,0.2222222222222222,conv_temporal,shuffled,0.0006635375630953239,0.0020142801383434294,0.0026778177014387533,early_filtering,45,reports/eegnet_bci2a_dynamics_shuffled_seed45.json,-0.15831179784413985,0.9084425442143856,0.7501307463702458,progressive collapse
eegnet,0.34375,bci2a,0,30,0.2222222222222222,elu_1,shuffled,0.07348534817879473,0.002578867851386147,0.07606421603018088,other,45,reports/eegnet_bci2a_dynamics_shuffled_seed45.json,-0.5029850680697657,0.7802085260498498,0.2772234579800841,progressive collapse
eegnet,0.34375,bci2a,0,30,0.2222222222222222,elu_2,shuffled,0.24576648403540838,0.007398345833258408,0.2531648298686668,other,45,reports/eegnet_bci2a_dynamics_shuffled_seed45.json,-0.22771174402433705,0.4264598983838236,0.19874815435948653,progressive collapse
eegnet,0.34375,bci2a,0,30,0.2222222222222222,final_layer.conv_classifier,shuffled,0.13035002648638527,0.4354409528719516,0.5657909793583369,classifier,45,reports/eegnet_bci2a_dynamics_shuffled_seed45.json,-0.11782510881460895,0.1394617250718157,0.021636616257206746,progressive collapse
eegnet,0.34375,bci2a,0,30,0.2222222222222222,logits,shuffled,0.13035002648638527,0.4354409528719516,0.5657909793583369,classifier,45,reports/eegnet_bci2a_dynamics_shuffled_seed45.json,-0.11782510881460895,0.1394617250718157,0.021636616257206746,progressive collapse
eegnet,0.34375,bci2a,0,30,0.2222222222222222,pool_1,shuffled,0.09272192338576474,0.00503463035391203,0.09775655373967677,other,45,reports/eegnet_bci2a_dynamics_shuffled_seed45.json,-0.4047888647162723,0.6821289862435457,0.2773401215272734,progressive collapse
eegnet,0.34375,bci2a,0,30,0.2222222222222222,pool_2,shuffled,0.44972612739569984,0.08273108424574435,0.5324572116414442,separable_body,45,reports/eegnet_bci2a_dynamics_shuffled_seed45.json,-0.12367422487230456,0.3999179172598992,0.27624369238759466,progressive collapse
eegnet,0.2673611111111111,bci2a,0,30,0.2673611111111111,bnorm_1,shuffled,0.1065705418281466,0.0027340851319944447,0.10930462696014104,early_filtering,46,reports/eegnet_bci2a_dynamics_shuffled_seed46.json,-0.4346742267744688,0.7512844806930893,0.31661025391862047,progressive collapse
eegnet,0.2673611111111111,bci2a,0,30,0.2673611111111111,bnorm_2,shuffled,0.2077273510568234,0.007347268317970016,0.21507461937479344,separable_body,46,reports/eegnet_bci2a_dynamics_shuffled_seed46.json,-0.41397008419671943,0.6578595784077856,0.24388949421106618,progressive collapse
eegnet,0.2673611111111111,bci2a,0,30,0.2673611111111111,bnorm_temporal,shuffled,0.0023501329554212053,0.002195594610432938,0.004545727565854143,early_filtering,46,reports/eegnet_bci2a_dynamics_shuffled_seed46.json,-0.11904161286691439,0.8718723073631663,0.752830694496252,progressive collapse
eegnet,0.2673611111111111,bci2a,0,30,0.2673611111111111,conv_separable_depth,shuffled,0.08682385577506367,0.006802574004586082,0.09362642977964976,separable_body,46,reports/eegnet_bci2a_dynamics_shuffled_seed46.json,-0.40040106633955036,0.6725740073559586,0.27217294101640827,progressive collapse
eegnet,0.2673611111111111,bci2a,0,30,0.2673611111111111,conv_separable_point,shuffled,0.07636353022466895,0.007347268326014674,0.08371079855068363,separable_body,46,reports/eegnet_bci2a_dynamics_shuffled_seed46.json,-0.4120724054980931,0.6578595784077856,0.24578717290969254,progressive collapse
eegnet,0.2673611111111111,bci2a,0,30,0.2673611111111111,conv_spatial,shuffled,0.0003739663284914206,0.002734085148283101,0.0031080514767745215,early_filtering,46,reports/eegnet_bci2a_dynamics_shuffled_seed46.json,-0.329207931202032,0.7512844806930893,0.4220765494910573,progressive collapse
eegnet,0.2673611111111111,bci2a,0,30,0.2673611111111111,conv_temporal,shuffled,0.0008633614404964371,0.002195594613282411,0.003058956053778848,early_filtering,46,reports/eegnet_bci2a_dynamics_shuffled_seed46.json,-0.10214852838589639,0.8718723073631663,0.76972377897727,progressive collapse
eegnet,0.2673611111111111,bci2a,0,30,0.2673611111111111,elu_1,shuffled,0.06303203164221911,0.0029500635285417717,0.06598209517076088,other,46,reports/eegnet_bci2a_dynamics_shuffled_seed46.json,-0.4454116761344489,0.7653951950736928,0.3199835189392439,progressive collapse
eegnet,0.2673611111111111,bci2a,0,30,0.2673611111111111,elu_2,shuffled,0.1863218751941379,0.007347756793780455,0.19366963198791837,other,46,reports/eegnet_bci2a_dynamics_shuffled_seed46.json,-0.4111717585220284,0.6661548174780322,0.25498305895600376,progressive collapse
eegnet,0.2673611111111111,bci2a,0,30,0.2673611111111111,final_layer.conv_classifier,shuffled,0.136488003137489,0.43516283364269703,0.571650836780186,classifier,46,reports/eegnet_bci2a_dynamics_shuffled_seed46.json,-0.12888046455575086,0.1547725335581675,0.02589206900241665,progressive collapse
eegnet,0.2673611111111111,bci2a,0,30,0.2673611111111111,logits,shuffled,0.136488003137489,0.43516283364269703,0.571650836780186,classifier,46,reports/eegnet_bci2a_dynamics_shuffled_seed46.json,-0.12888046455575086,0.1547725335581675,0.02589206900241665,progressive collapse
eegnet,0.2673611111111111,bci2a,0,30,0.2673611111111111,pool_1,shuffled,0.07902272335279308,0.005014163255635981,0.08403688660842906,other,46,reports/eegnet_bci2a_dynamics_shuffled_seed46.json,-0.4491139930912141,0.7542211829796011,0.305107189888387,progressive collapse
eegnet,0.2673611111111111,bci2a,0,30,0.2673611111111111,pool_2,shuffled,0.3766919154756101,0.11026953251237931,0.4869614479879894,separable_body,46,reports/eegnet_bci2a_dynamics_shuffled_seed46.json,-0.1833088044020977,0.37148988678122724,0.18818108237912953,progressive collapse
shallowconvnet,0.6388888888888888,bci2a,0,30,0.6284722222222222,bnorm,true,0.17405277338814076,0.003162426165054717,0.17721519955319548,linear_filtering,41,reports/shallowconvnet_bci2a_dynamics_true.json,-0.4521149589316664,0.8755500872797832,0.4234351283481168,nonlinear-induced distortion
shallowconvnet,0.6388888888888888,bci2a,0,30,0.6284722222222222,conv_nonlin_exp,true,0.06350027514106316,0.2355328392633485,0.29903311440441166,linear_filtering,41,reports/shallowconvnet_bci2a_dynamics_true.json,0.07136008939234811,0.09419709225164682,0.16555718164399494,nonlinear-induced distortion
shallowconvnet,0.6388888888888888,bci2a,0,30,0.6284722222222222,conv_time_spat,true,0.01297224088416322,0.003162426164123126,0.016134667048286346,linear_filtering,41,reports/shallowconvnet_bci2a_dynamics_true.json,-0.37044036119297385,0.8755500526609605,0.5051096914679867,nonlinear-induced distortion
shallowconvnet,0.6388888888888888,bci2a,0,30,0.6284722222222222,final_layer.conv_classifier,true,-0.4319158385108517,0.9547664684954071,0.5228506299845554,linear_filtering,41,reports/shallowconvnet_bci2a_dynamics_true.json,-0.019859306592477935,0.03371126961902251,0.013851963026544576,nonlinear-induced distortion
shallowconvnet,0.6388888888888888,bci2a,0,30,0.6284722222222222,logits,true,-0.4319158385108517,0.9547664684954071,0.5228506299845554,log_power,41,reports/shallowconvnet_bci2a_dynamics_true.json,-0.019859306592477935,0.03371126961902251,0.013851963026544576,nonlinear-induced distortion
shallowconvnet,0.6388888888888888,bci2a,0,30,0.6284722222222222,pool,true,0.11974897292965991,0.4760979066845138,0.5958468796141737,pooling,41,reports/shallowconvnet_bci2a_dynamics_true.json,0.09727312568753971,0.04298839578873414,0.14026152147627385,nonlinear-induced distortion
shallowconvnet,0.6388888888888888,bci2a,0,30,0.6284722222222222,pool_nonlin_exp,true,-0.15441622159249868,0.9676956449079217,0.813279423315423,pooling,41,reports/shallowconvnet_bci2a_dynamics_true.json,0.015698039898594987,0.06601614498057325,0.08171418487916823,nonlinear-induced distortion
shallowconvnet,0.6284722222222222,bci2a,0,30,0.6041666666666666,bnorm,true,0.18681760169567008,0.0034455824938861754,0.19026318418955626,linear_filtering,42,reports/shallowconvnet_bci2a_dynamics_true_seed42.json,-0.48216240503877833,0.8453038071419704,0.36314140210319207,nonlinear-induced distortion
shallowconvnet,0.6284722222222222,bci2a,0,30,0.6041666666666666,conv_nonlin_exp,true,0.04787545864861331,0.2581270339312049,0.3060024925798182,linear_filtering,42,reports/shallowconvnet_bci2a_dynamics_true_seed42.json,0.18509472362195534,-0.05430660040383663,0.1307881232181187,nonlinear-induced distortion
shallowconvnet,0.6284722222222222,bci2a,0,30,0.6041666666666666,conv_time_spat,true,0.01328082407567687,0.0034455825012473912,0.01672640657692426,linear_filtering,42,reports/shallowconvnet_bci2a_dynamics_true_seed42.json,-0.44222116146758816,0.8453045894531199,0.40308342798553176,nonlinear-induced distortion
shallowconvnet,0.6284722222222222,bci2a,0,30,0.6041666666666666,final_layer.conv_classifier,true,-0.44256571753791174,0.9761590391680183,0.5335933216301065,linear_filtering,42,reports/shallowconvnet_bci2a_dynamics_true_seed42.json,-0.05694689702094126,0.0469798185181185,-0.009967078502822756,nonlinear-induced distortion
shallowconvnet,0.6284722222222222,bci2a,0,30,0.6041666666666666,logits,true,-0.44256571753791174,0.9761590391680183,0.5335933216301065,log_power,42,reports/shallowconvnet_bci2a_dynamics_true_seed42.json,-0.05694689702094126,0.0469798185181185,-0.009967078502822756,nonlinear-induced distortion
shallowconvnet,0.6284722222222222,bci2a,0,30,0.6041666666666666,pool,true,0.08709523913395711,0.5217014612905901,0.6087967004245473,pooling,42,reports/shallowconvnet_bci2a_dynamics_true_seed42.json,0.14030120420931674,-0.0292753181368871,0.11102588607242965,nonlinear-induced distortion
shallowconvnet,0.6284722222222222,bci2a,0,30,0.6041666666666666,pool_nonlin_exp,true,-0.15287113935024454,0.9699075296912916,0.817036390341047,pooling,42,reports/shallowconvnet_bci2a_dynamics_true_seed42.json,0.044401638085785636,0.00814526303223086,0.0525469011180165,nonlinear-induced distortion
shallowconvnet,0.6736111111111112,bci2a,0,30,0.59375,bnorm,true,0.181494833716324,0.0034475985330997706,0.18494243224942378,linear_filtering,43,reports/shallowconvnet_bci2a_dynamics_true_seed43.json,-0.5123727029278424,0.9136121377603261,0.40123943483248364,nonlinear-induced distortion
shallowconvnet,0.6736111111111112,bci2a,0,30,0.59375,conv_nonlin_exp,true,0.03142631058773726,0.26235920502501886,0.2937855156127561,linear_filtering,43,reports/shallowconvnet_bci2a_dynamics_true_seed43.json,0.08264817356219417,0.07198256948453491,0.15463074304672908,nonlinear-induced distortion
shallowconvnet,0.6736111111111112,bci2a,0,30,0.59375,conv_time_spat,true,0.005296830154024134,0.003447598524814984,0.008744428678839119,linear_filtering,43,reports/shallowconvnet_bci2a_dynamics_true_seed43.json,-0.45421799764019183,0.9136118734112376,0.4593938757710458,nonlinear-induced distortion
shallowconvnet,0.6736111111111112,bci2a,0,30,0.59375,final_layer.conv_classifier,true,-0.3683874343655553,0.9684357142429164,0.6000482798773611,linear_filtering,43,reports/shallowconvnet_bci2a_dynamics_true_seed43.json,0.028617819143609793,0.01651947361322608,0.045137292756835874,nonlinear-induced distortion
shallowconvnet,0.6736111111111112,bci2a,0,30,0.59375,logits,true,-0.3683874343655553,0.9684357142429164,0.6000482798773611,log_power,43,reports/shallowconvnet_bci2a_dynamics_true_seed43.json,0.028617819143609793,0.01651947361322608,0.045137292756835874,nonlinear-induced distortion
shallowconvnet,0.6736111111111112,bci2a,0,30,0.59375,pool,true,0.05942858603846635,0.5337017358651225,0.5931303219035888,pooling,43,reports/shallowconvnet_bci2a_dynamics_true_seed43.json,0.09663631882415862,0.029121282468594897,0.1257576012927535,nonlinear-induced distortion
shallowconvnet,0.6736111111111112,bci2a,0,30,0.59375,pool_nonlin_exp,true,-0.13666243942281653,0.9706933859328855,0.8340309465100689,pooling,43,reports/shallowconvnet_bci2a_dynamics_true_seed43.json,0.014527304947835669,0.050219337607405316,0.06474664255524099,nonlinear-induced distortion
shallowconvnet,0.6805555555555556,bci2a,0,30,0.6770833333333334,bnorm,true,0.17352628332070308,0.0032077901827183963,0.17673407350342146,linear_filtering,44,reports/shallowconvnet_bci2a_dynamics_true_seed44.json,-0.563446078209389,0.9472466679244739,0.3838005897150849,nonlinear-induced distortion
shallowconvnet,0.6805555555555556,bci2a,0,30,0.6770833333333334,conv_nonlin_exp,true,0.03550344473244754,0.2604812643378089,0.2959847090702564,linear_filtering,44,reports/shallowconvnet_bci2a_dynamics_true_seed44.json,0.06032864790794798,0.09113886051955472,0.1514675084275027,nonlinear-induced distortion
shallowconvnet,0.6805555555555556,bci2a,0,30,0.6770833333333334,conv_time_spat,true,0.019428020760838195,0.0032077901969405865,0.022635810957778783,linear_filtering,44,reports/shallowconvnet_bci2a_dynamics_true_seed44.json,-0.5086609295594768,0.9472466679244739,0.43858573836499704,nonlinear-induced distortion
shallowconvnet,0.6805555555555556,bci2a,0,30,0.6770833333333334,final_layer.conv_classifier,true,-0.40256061204083715,0.974667789119798,0.5721071770789609,linear_filtering,44,reports/shallowconvnet_bci2a_dynamics_true_seed44.json,-0.003678530400343036,0.01897536903405047,0.015296838633707434,nonlinear-induced distortion
shallowconvnet,0.6805555555555556,bci2a,0,30,0.6770833333333334,logits,true,-0.40256061204083715,0.974667789119798,0.5721071770789609,log_power,44,reports/shallowconvnet_bci2a_dynamics_true_seed44.json,-0.003678530400343036,0.01897536903405047,0.015296838633707434,nonlinear-induced distortion
shallowconvnet,0.6805555555555556,bci2a,0,30,0.6770833333333334,pool,true,0.0717603270787548,0.5286384591632861,0.6003987862420409,pooling,44,reports/shallowconvnet_bci2a_dynamics_true_seed44.json,0.09948364642245087,0.028174440108851215,0.1276580865313021,nonlinear-induced distortion
shallowconvnet,0.6805555555555556,bci2a,0,30,0.6770833333333334,pool_nonlin_exp,true,-0.16738944256975596,0.9724464121380927,0.8050569695683367,pooling,44,reports/shallowconvnet_bci2a_dynamics_true_seed44.json,0.01991507984954745,0.06608263721424631,0.08599771706379376,nonlinear-induced distortion
shallowconvnet,0.6666666666666666,bci2a,0,30,0.6111111111111112,bnorm,true,0.17602281074288992,0.0032802917740629026,0.17930310251695283,linear_filtering,45,reports/shallowconvnet_bci2a_dynamics_true_seed45.json,-0.4131899341815296,0.778478965744818,0.3652890315632884,nonlinear-induced distortion
shallowconvnet,0.6666666666666666,bci2a,0,30,0.6111111111111112,conv_nonlin_exp,true,0.0605002464647138,0.24494766239617555,0.30544790886088935,linear_filtering,45,reports/shallowconvnet_bci2a_dynamics_true_seed45.json,0.08072291850660035,0.0036713345386012396,0.0843942530452016,nonlinear-induced distortion
shallowconvnet,0.6666666666666666,bci2a,0,30,0.6111111111111112,conv_time_spat,true,0.011388406753004697,0.00328029177185581,0.014668698524860507,linear_filtering,45,reports/shallowconvnet_bci2a_dynamics_true_seed45.json,-0.34341965927435364,0.778478965744818,0.43505930647046437,nonlinear-induced distortion
shallowconvnet,0.6666666666666666,bci2a,0,30,0.6111111111111112,final_layer.conv_classifier,true,-0.39445127448524586,0.9942096418559226,0.5997583673706768,linear_filtering,45,reports/shallowconvnet_bci2a_dynamics_true_seed45.json,-0.006020383020614591,0.03129630096752688,0.025275917946912287,nonlinear-induced distortion
shallowconvnet,0.6666666666666666,bci2a,0,30,0.6111111111111112,logits,true,-0.39445127448524586,0.9942096418559226,0.5997583673706768,log_power,45,reports/shallowconvnet_bci2a_dynamics_true_seed45.json,-0.006020383020614591,0.03129630096752688,0.025275917946912287,nonlinear-induced distortion
shallowconvnet,0.6666666666666666,bci2a,0,30,0.6111111111111112,pool,true,0.11939804686061728,0.5037764100933848,0.6231744569540021,pooling,45,reports/shallowconvnet_bci2a_dynamics_true_seed45.json,0.04493488652841092,0.03942172544664811,0.08435661197505903,nonlinear-induced distortion
shallowconvnet,0.6666666666666666,bci2a,0,30,0.6111111111111112,pool_nonlin_exp,true,-0.13668848746597428,0.9650396515867513,0.828351164120777,pooling,45,reports/shallowconvnet_bci2a_dynamics_true_seed45.json,-0.019345272301601865,0.09460826734143556,0.07526299503983369,nonlinear-induced distortion
shallowconvnet,0.6944444444444444,bci2a,0,30,0.6527777777777778,bnorm,true,0.2267008609193079,0.003174283142311363,0.22987514406161927,linear_filtering,46,reports/shallowconvnet_bci2a_dynamics_true_seed46.json,-0.47773144907437126,0.8677874082274893,0.3900559591531181,nonlinear-induced distortion
shallowconvnet,0.6944444444444444,bci2a,0,30,0.6527777777777778,conv_nonlin_exp,true,0.05951193600624716,0.25391803652428907,0.3134299725305362,linear_filtering,46,reports/shallowconvnet_bci2a_dynamics_true_seed46.json,-0.05771309260077451,0.21522184043024437,0.15750874782946986,nonlinear-induced distortion
shallowconvnet,0.6944444444444444,bci2a,0,30,0.6527777777777778,conv_time_spat,true,0.012133551975657327,0.003174283137573951,0.015307835113231277,linear_filtering,46,reports/shallowconvnet_bci2a_dynamics_true_seed46.json,-0.41322094427795625,0.8677872000768442,0.45456625579888793,nonlinear-induced distortion
shallowconvnet,0.6944444444444444,bci2a,0,30,0.6527777777777778,final_layer.conv_classifier,true,-0.47729697864551535,0.9816964092976637,0.5043994306521483,linear_filtering,46,reports/shallowconvnet_bci2a_dynamics_true_seed46.json,-0.014547869316456326,0.017977069472533268,0.0034292001560769416,nonlinear-induced distortion
shallowconvnet,0.6944444444444444,bci2a,0,30,0.6527777777777778,logits,true,-0.47729697864551535,0.9816964092976637,0.5043994306521483,log_power,46,reports/shallowconvnet_bci2a_dynamics_true_seed46.json,-0.014547869316456326,0.017977069472533268,0.0034292001560769416,nonlinear-induced distortion
shallowconvnet,0.6944444444444444,bci2a,0,30,0.6527777777777778,pool,true,0.11895559678983025,0.5163360432301872,0.6352916400200175,pooling,46,reports/shallowconvnet_bci2a_dynamics_true_seed46.json,0.022987889689712923,0.12479339035926433,0.14778128004897725,nonlinear-induced distortion
shallowconvnet,0.6944444444444444,bci2a,0,30,0.6527777777777778,pool_nonlin_exp,true,-0.1405022823996429,0.9726036547126005,0.8321013723129576,pooling,46,reports/shallowconvnet_bci2a_dynamics_true_seed46.json,0.016829185021010468,0.0831044643065624,0.09993364932757287,nonlinear-induced distortion
shallowconvnet,0.3472222222222222,bci2a,0,30,0.24305555555555555,bnorm,shuffled,0.03660884947251843,0.003162426165054717,0.03977127563757315,linear_filtering,41,reports/shallowconvnet_bci2a_dynamics_shuffled.json,-0.37978236527806514,0.8755500872797832,0.4957677220017181,nonlinear-induced distortion
shallowconvnet,0.3472222222222222,bci2a,0,30,0.24305555555555555,conv_nonlin_exp,shuffled,0.03391157551626406,0.2355328392633485,0.26944441477961256,linear_filtering,41,reports/shallowconvnet_bci2a_dynamics_shuffled.json,0.0903519853900972,0.09419709225164682,0.18454907764174402,nonlinear-induced distortion
shallowconvnet,0.3472222222222222,bci2a,0,30,0.24305555555555555,conv_time_spat,shuffled,0.00865727359057354,0.003162426164123126,0.011819699754696666,linear_filtering,41,reports/shallowconvnet_bci2a_dynamics_shuffled.json,-0.3736983556984379,0.8755500526609605,0.5018516969625226,nonlinear-induced distortion
shallowconvnet,0.3472222222222222,bci2a,0,30,0.24305555555555555,final_layer.conv_classifier,shuffled,-0.287787152728611,0.9547664684954071,0.6669793157667961,linear_filtering,41,reports/shallowconvnet_bci2a_dynamics_shuffled.json,-0.022927705542643194,0.03371126961902251,0.010783564076379315,nonlinear-induced distortion
shallowconvnet,0.3472222222222222,bci2a,0,30,0.24305555555555555,logits,shuffled,-0.287787152728611,0.9547664684954071,0.6669793157667961,log_power,41,reports/shallowconvnet_bci2a_dynamics_shuffled.json,-0.022927705542643194,0.03371126961902251,0.010783564076379315,nonlinear-induced distortion
shallowconvnet,0.3472222222222222,bci2a,0,30,0.24305555555555555,pool,shuffled,0.07615687854417164,0.4760979066845138,0.5522547852286854,pooling,41,reports/shallowconvnet_bci2a_dynamics_shuffled.json,0.09235223768481315,0.04298839578873414,0.1353406334735473,nonlinear-induced distortion
shallowconvnet,0.3472222222222222,bci2a,0,30,0.24305555555555555,pool_nonlin_exp,shuffled,-0.16376190015740977,0.9676956449079217,0.8039337447505119,pooling,41,reports/shallowconvnet_bci2a_dynamics_shuffled.json,-0.005615855532153581,0.06601614498057325,0.060400289448419665,nonlinear-induced distortion
shallowconvnet,0.2916666666666667,bci2a,0,30,0.2638888888888889,bnorm,shuffled,0.03545243366384425,0.0034455824938861754,0.038898016157730426,linear_filtering,42,reports/shallowconvnet_bci2a_dynamics_shuffled_seed42.json,-0.36082493298516777,0.8453038071419704,0.48447887415680263,nonlinear-induced distortion
shallowconvnet,0.2916666666666667,bci2a,0,30,0.2638888888888889,conv_nonlin_exp,shuffled,0.018996016262504523,0.2581270339312049,0.2771230501937094,linear_filtering,42,reports/shallowconvnet_bci2a_dynamics_shuffled_seed42.json,0.24725925044038616,-0.05430660040383663,0.19295265003654954,nonlinear-induced distortion
shallowconvnet,0.2916666666666667,bci2a,0,30,0.2638888888888889,conv_time_spat,shuffled,0.036712681275647904,0.0034455825012473912,0.0401582637768953,linear_filtering,42,reports/shallowconvnet_bci2a_dynamics_shuffled_seed42.json,-0.34972645374663314,0.8453045894531199,0.4955781357064868,nonlinear-induced distortion
shallowconvnet,0.2916666666666667,bci2a,0,30,0.2638888888888889,final_layer.conv_classifier,shuffled,-0.14156932327951943,0.9761590391680183,0.8345897158884988,linear_filtering,42,reports/shallowconvnet_bci2a_dynamics_shuffled_seed42.json,-0.01990596655362727,0.0469798185181185,0.02707385196449123,nonlinear-induced distortion
shallowconvnet,0.2916666666666667,bci2a,0,30,0.2638888888888889,logits,shuffled,-0.14156932327951943,0.9761590391680183,0.8345897158884988,log_power,42,reports/shallowconvnet_bci2a_dynamics_shuffled_seed42.json,-0.01990596655362727,0.0469798185181185,0.02707385196449123,nonlinear-induced distortion
shallowconvnet,0.2916666666666667,bci2a,0,30,0.2638888888888889,pool,shuffled,0.046822899390643324,0.5217014612905901,0.5685243606812335,pooling,42,reports/shallowconvnet_bci2a_dynamics_shuffled_seed42.json,0.19146801002941358,-0.0292753181368871,0.16219269189252647,nonlinear-induced distortion
shallowconvnet,0.2916666666666667,bci2a,0,30,0.2638888888888889,pool_nonlin_exp,shuffled,-0.16240047360217136,0.9699075296912916,0.8075070560891202,pooling,42,reports/shallowconvnet_bci2a_dynamics_shuffled_seed42.json,0.041377586398890345,0.00814526303223086,0.04952284943112121,nonlinear-induced distortion
shallowconvnet,0.3159722222222222,bci2a,0,30,0.2916666666666667,bnorm,shuffled,0.040237927194673825,0.0034475985330997706,0.043685525727773594,linear_filtering,43,reports/shallowconvnet_bci2a_dynamics_shuffled_seed43.json,-0.40873618794518407,0.9136121377603261,0.504875949815142,nonlinear-induced distortion
shallowconvnet,0.3159722222222222,bci2a,0,30,0.2916666666666667,conv_nonlin_exp,shuffled,0.014129355995233794,0.26235920502501886,0.27648856102025265,linear_filtering,43,reports/shallowconvnet_bci2a_dynamics_shuffled_seed43.json,0.11045851348935251,0.07198256948453491,0.18244108297388742,nonlinear-induced distortion
shallowconvnet,0.3159722222222222,bci2a,0,30,0.2916666666666667,conv_time_spat,shuffled,0.013763220431192396,0.003447598524814984,0.01721081895600738,linear_filtering,43,reports/shallowconvnet_bci2a_dynamics_shuffled_seed43.json,-0.3857898616811303,0.9136118734112376,0.5278220117301073,nonlinear-induced distortion
shallowconvnet,0.3159722222222222,bci2a,0,30,0.2916666666666667,final_layer.conv_classifier,shuffled,-0.21028190047611672,0.9684357142429164,0.7581538137667997,linear_filtering,43,reports/shallowconvnet_bci2a_dynamics_shuffled_seed43.json,0.02162448273586815,0.01651947361322608,0.03814395634909423,nonlinear-induced distortion
shallowconvnet,0.3159722222222222,bci2a,0,30,0.2916666666666667,logits,shuffled,-0.21028190047611672,0.9684357142429164,0.7581538137667997,log_power,43,reports/shallowconvnet_bci2a_dynamics_shuffled_seed43.json,0.02162448273586815,0.01651947361322608,0.03814395634909423,nonlinear-induced distortion
shallowconvnet,0.3159722222222222,bci2a,0,30,0.2916666666666667,pool,shuffled,0.033752141769713195,0.5337017358651225,0.5674538776348357,pooling,43,reports/shallowconvnet_bci2a_dynamics_shuffled_seed43.json,0.0989390328772506,0.029121282468594897,0.1280603153458455,nonlinear-induced distortion
shallowconvnet,0.3159722222222222,bci2a,0,30,0.2916666666666667,pool_nonlin_exp,shuffled,-0.15648554082397492,0.9706933859328855,0.8142078451089105,pooling,43,reports/shallowconvnet_bci2a_dynamics_shuffled_seed43.json,-0.0034845207804200043,0.050219337607405316,0.04673481682698531,nonlinear-induced distortion
shallowconvnet,0.2569444444444444,bci2a,0,30,0.1840277777777778,bnorm,shuffled,0.0447158362567784,0.0032077901827183963,0.0479236264394968,linear_filtering,44,reports/shallowconvnet_bci2a_dynamics_shuffled_seed44.json,-0.5019039162317314,0.9472466679244739,0.44534275169274246,nonlinear-induced distortion
shallowconvnet,0.2569444444444444,bci2a,0,30,0.1840277777777778,conv_nonlin_exp,shuffled,0.017888622270638532,0.2604812643378089,0.2783698866084474,linear_filtering,44,reports/shallowconvnet_bci2a_dynamics_shuffled_seed44.json,0.09098884257780732,0.09113886051955472,0.18212770309736204,nonlinear-induced distortion
shallowconvnet,0.2569444444444444,bci2a,0,30,0.1840277777777778,conv_time_spat,shuffled,0.018797467604650776,0.0032077901969405865,0.022005257801591363,linear_filtering,44,reports/shallowconvnet_bci2a_dynamics_shuffled_seed44.json,-0.48376555027810936,0.9472466679244739,0.4634811176463645,nonlinear-induced distortion
shallowconvnet,0.2569444444444444,bci2a,0,30,0.1840277777777778,final_layer.conv_classifier,shuffled,-0.42595696599193666,0.974667789119798,0.5487108231278613,linear_filtering,44,reports/shallowconvnet_bci2a_dynamics_shuffled_seed44.json,-0.021916309940233213,0.01897536903405047,-0.002940940906182743,nonlinear-induced distortion
shallowconvnet,0.2569444444444444,bci2a,0,30,0.1840277777777778,logits,shuffled,-0.42595696599193666,0.974667789119798,0.5487108231278613,log_power,44,reports/shallowconvnet_bci2a_dynamics_shuffled_seed44.json,-0.021916309940233213,0.01897536903405047,-0.002940940906182743,nonlinear-induced distortion
shallowconvnet,0.2569444444444444,bci2a,0,30,0.1840277777777778,pool,shuffled,0.04149817187852678,0.5286384591632861,0.5701366310418129,pooling,44,reports/shallowconvnet_bci2a_dynamics_shuffled_seed44.json,0.13284974639260683,0.028174440108851215,0.16102418650145803,nonlinear-induced distortion
shallowconvnet,0.2569444444444444,bci2a,0,30,0.1840277777777778,pool_nonlin_exp,shuffled,-0.17739652643005,0.9724464121380927,0.7950498857080427,pooling,44,reports/shallowconvnet_bci2a_dynamics_shuffled_seed44.json,0.01678372993751881,0.06608263721424631,0.08286636715176512,nonlinear-induced distortion
shallowconvnet,0.2951388888888889,bci2a,0,30,0.2951388888888889,bnorm,shuffled,0.03256369135820852,0.0032802917740629026,0.03584398313227142,linear_filtering,45,reports/shallowconvnet_bci2a_dynamics_shuffled_seed45.json,-0.33798389348887337,0.778478965744818,0.44049507225594464,nonlinear-induced distortion
shallowconvnet,0.2951388888888889,bci2a,0,30,0.2951388888888889,conv_nonlin_exp,shuffled,0.02923697514624224,0.24494766239617555,0.2741846375424178,linear_filtering,45,reports/shallowconvnet_bci2a_dynamics_shuffled_seed45.json,0.11246413935328929,0.0036713345386012396,0.11613547389189054,nonlinear-induced distortion
shallowconvnet,0.2951388888888889,bci2a,0,30,0.2951388888888889,conv_time_spat,shuffled,0.06748190331546114,0.00328029177185581,0.07076219508731695,linear_filtering,45,reports/shallowconvnet_bci2a_dynamics_shuffled_seed45.json,-0.3232715396017441,0.778478965744818,0.4552074261430739,nonlinear-induced distortion
shallowconvnet,0.2951388888888889,bci2a,0,30,0.2951388888888889,final_layer.conv_classifier,shuffled,-0.5231653198555501,0.9942096418559226,0.4710443220003725,linear_filtering,45,reports/shallowconvnet_bci2a_dynamics_shuffled_seed45.json,0.004417173236144503,0.03129630096752688,0.03571347420367138,nonlinear-induced distortion
shallowconvnet,0.2951388888888889,bci2a,0,30,0.2951388888888889,logits,shuffled,-0.5231653198555501,0.9942096418559226,0.4710443220003725,log_power,45,reports/shallowconvnet_bci2a_dynamics_shuffled_seed45.json,0.004417173236144503,0.03129630096752688,0.03571347420367138,nonlinear-induced distortion
shallowconvnet,0.2951388888888889,bci2a,0,30,0.2951388888888889,pool,shuffled,0.06322681100422212,0.5037764100933848,0.5670032210976069,pooling,45,reports/shallowconvnet_bci2a_dynamics_shuffled_seed45.json,0.06779765607068786,0.03942172544664811,0.10721938151733597,nonlinear-induced distortion
shallowconvnet,0.2951388888888889,bci2a,0,30,0.2951388888888889,pool_nonlin_exp,shuffled,-0.14439808373091412,0.9650396515867513,0.8206415678558372,pooling,45,reports/shallowconvnet_bci2a_dynamics_shuffled_seed45.json,-0.03692918082845135,0.09460826734143556,0.05767908651298421,nonlinear-induced distortion
shallowconvnet,0.3159722222222222,bci2a,0,30,0.22916666666666666,bnorm,shuffled,0.026499760531874694,0.003174283142311363,0.02967404367418606,linear_filtering,46,reports/shallowconvnet_bci2a_dynamics_shuffled_seed46.json,-0.42226501018690915,0.8677874082274893,0.4455223980405802,nonlinear-induced distortion
shallowconvnet,0.3159722222222222,bci2a,0,30,0.22916666666666666,conv_nonlin_exp,shuffled,0.025998936150215535,0.25391803652428907,0.2799169726745046,linear_filtering,46,reports/shallowconvnet_bci2a_dynamics_shuffled_seed46.json,-0.043025960723790724,0.21522184043024437,0.17219587970645364,nonlinear-induced distortion
shallowconvnet,0.3159722222222222,bci2a,0,30,0.22916666666666666,conv_time_spat,shuffled,0.03285636515637959,0.003174283137573951,0.03603064829395354,linear_filtering,46,reports/shallowconvnet_bci2a_dynamics_shuffled_seed46.json,-0.4212236847395621,0.8677872000768442,0.44656351533728206,nonlinear-induced distortion
shallowconvnet,0.3159722222222222,bci2a,0,30,0.22916666666666666,final_layer.conv_classifier,shuffled,-0.527751909376056,0.9816964092976637,0.4539444999216077,linear_filtering,46,reports/shallowconvnet_bci2a_dynamics_shuffled_seed46.json,-0.01942928972511565,0.017977069472533268,-0.0014522202525823842,nonlinear-induced distortion
shallowconvnet,0.3159722222222222,bci2a,0,30,0.22916666666666666,logits,shuffled,-0.527751909376056,0.9816964092976637,0.4539444999216077,log_power,46,reports/shallowconvnet_bci2a_dynamics_shuffled_seed46.json,-0.01942928972511565,0.017977069472533268,-0.0014522202525823842,nonlinear-induced distortion
shallowconvnet,0.3159722222222222,bci2a,0,30,0.22916666666666666,pool,shuffled,0.05744741350373772,0.5163360432301872,0.573783456733925,pooling,46,reports/shallowconvnet_bci2a_dynamics_shuffled_seed46.json,0.03452867374586428,0.12479339035926433,0.1593220641051286,nonlinear-induced distortion
shallowconvnet,0.3159722222222222,bci2a,0,30,0.22916666666666666,pool_nonlin_exp,shuffled,-0.1544926247702293,0.9726036547126005,0.8181110299423712,pooling,46,reports/shallowconvnet_bci2a_dynamics_shuffled_seed46.json,-0.0037710345054167427,0.0831044643065624,0.07933342980114566,nonlinear-induced distortion
eegconformer,0.46875,bci2a,0,30,0.4270833333333333,fc,true,-0.24221202893064897,0.9964090011961915,0.7541969722655425,classifier,41,reports/eegconformer_bci2a_dynamics_true.json,-0.15649765037316687,0.21427287659966981,0.05777522622650294,architecture-induced collapse with training reorganization
eegconformer,0.46875,bci2a,0,30,0.4270833333333333,final_layer,true,-0.18425642038788226,0.9980518671626544,0.8137954467747721,classifier,41,reports/eegconformer_bci2a_dynamics_true.json,-0.08319813553124916,0.1356645242591558,0.052466388727906633,architecture-induced collapse with training reorganization
eegconformer,0.46875,bci2a,0,30,0.4270833333333333,logits,true,-0.18425642038788226,0.9980518671626544,0.8137954467747721,classifier,41,reports/eegconformer_bci2a_dynamics_true.json,-0.08319813553124916,0.1356645242591558,0.052466388727906633,architecture-induced collapse with training reorganization
eegconformer,0.46875,bci2a,0,30,0.4270833333333333,patch_embedding,true,-0.44889548716226824,0.9564162330731185,0.5075207459108503,patch_embedding,41,reports/eegconformer_bci2a_dynamics_true.json,-0.16951167040592782,0.3679468980714362,0.1984352276655084,architecture-induced collapse with training reorganization
eegconformer,0.46875,bci2a,0,30,0.4270833333333333,patch_embedding.projection,true,-0.44889548716226824,0.9564162330731185,0.5075207459108503,patch_embedding,41,reports/eegconformer_bci2a_dynamics_true.json,-0.16951167040592782,0.3679468980714362,0.1984352276655084,architecture-induced collapse with training reorganization
eegconformer,0.46875,bci2a,0,30,0.4270833333333333,patch_embedding.shallownet,true,-0.43449884175878345,0.8364085138055238,0.4019096720467404,patch_embedding,41,reports/eegconformer_bci2a_dynamics_true.json,-0.12816751161714943,0.374549919064376,0.2463824074472266,architecture-induced collapse with training reorganization
eegconformer,0.46875,bci2a,0,30,0.4270833333333333,transformer,true,-0.27945547367825707,0.9956687068261022,0.7162132331478451,transformer,41,reports/eegconformer_bci2a_dynamics_true.json,0.029578906551189832,0.25693342674053943,0.28651233329172926,architecture-induced collapse with training reorganization
eegconformer,0.46875,bci2a,0,30,0.4270833333333333,transformer.0,true,-0.33327252224121684,0.9935529952314667,0.6602804729902498,transformer,41,reports/eegconformer_bci2a_dynamics_true.json,-0.08764561213299321,0.34516158687078036,0.25751597473778715,architecture-induced collapse with training reorganization
eegconformer,0.46875,bci2a,0,30,0.4270833333333333,transformer.2,true,-0.29864758333999997,0.9939416029167863,0.6952940195767864,transformer,41,reports/eegconformer_bci2a_dynamics_true.json,-0.05538559316398006,0.3260466227940613,0.27066102963008126,architecture-induced collapse with training reorganization
eegconformer,0.46875,bci2a,0,30,0.4270833333333333,transformer.5,true,-0.27945547367825707,0.9956687068261022,0.7162132331478451,transformer,41,reports/eegconformer_bci2a_dynamics_true.json,0.029578906551189832,0.25693342674053943,0.28651233329172926,architecture-induced collapse with training reorganization
eegconformer,0.4652777777777778,bci2a,0,30,0.3819444444444444,fc,true,-0.20425344032689707,0.9967807810486027,0.7925273407217056,classifier,42,reports/eegconformer_bci2a_dynamics_true_seed42.json,-0.23609451012704014,0.25743976785296624,0.021345257725926093,architecture-induced collapse with training reorganization
eegconformer,0.4652777777777778,bci2a,0,30,0.3819444444444444,final_layer,true,-0.10035030147982671,0.9991262111029778,0.8987759096231511,classifier,42,reports/eegconformer_bci2a_dynamics_true_seed42.json,-0.16760629965664137,0.17970356112728977,0.012097261470648399,architecture-induced collapse with training reorganization
eegconformer,0.4652777777777778,bci2a,0,30,0.3819444444444444,logits,true,-0.10035030147982671,0.9991262111029778,0.8987759096231511,classifier,42,reports/eegconformer_bci2a_dynamics_true_seed42.json,-0.16760629965664137,0.17970356112728977,0.012097261470648399,architecture-induced collapse with training reorganization
eegconformer,0.4652777777777778,bci2a,0,30,0.3819444444444444,patch_embedding,true,-0.3704923991862573,0.9406289842986146,0.5701365851123573,patch_embedding,42,reports/eegconformer_bci2a_dynamics_true_seed42.json,-0.1539736477818841,0.3480761247756778,0.19410247699379368,architecture-induced collapse with training reorganization
eegconformer,0.4652777777777778,bci2a,0,30,0.3819444444444444,patch_embedding.projection,true,-0.3704923991862573,0.9406289842986146,0.5701365851123573,patch_embedding,42,reports/eegconformer_bci2a_dynamics_true_seed42.json,-0.1539736477818841,0.3480761247756778,0.19410247699379368,architecture-induced collapse with training reorganization
eegconformer,0.4652777777777778,bci2a,0,30,0.3819444444444444,patch_embedding.shallownet,true,-0.3214945365239894,0.7967768958237755,0.47528235929978613,patch_embedding,42,reports/eegconformer_bci2a_dynamics_true_seed42.json,-0.11352222920087998,0.36002194979286506,0.24649972059198508,architecture-induced collapse with training reorganization
eegconformer,0.4652777777777778,bci2a,0,30,0.3819444444444444,transformer,true,-0.22708404521987846,0.9945736724746977,0.7674896272548193,transformer,42,reports/eegconformer_bci2a_dynamics_true_seed42.json,-0.04347920802484942,0.27023646019448877,0.22675725216963935,architecture-induced collapse with training reorganization
eegconformer,0.4652777777777778,bci2a,0,30,0.3819444444444444,transformer.0,true,-0.2838208646342102,0.991882509754241,0.7080616451200308,transformer,42,reports/eegconformer_bci2a_dynamics_true_seed42.json,-0.1105283585332891,0.33940860479008667,0.22888024625679756,architecture-induced collapse with training reorganization
eegconformer,0.4652777777777778,bci2a,0,30,0.3819444444444444,transformer.2,true,-0.2527851544940003,0.9959089227376672,0.7431237682436669,transformer,42,reports/eegconformer_bci2a_dynamics_true_seed42.json,-0.08839605108777907,0.31784751999095556,0.2294514689031765,architecture-induced collapse with training reorganization
eegconformer,0.4652777777777778,bci2a,0,30,0.3819444444444444,transformer.5,true,-0.22708404521987846,0.9945736724746977,0.7674896272548193,transformer,42,reports/eegconformer_bci2a_dynamics_true_seed42.json,-0.04347920802484942,0.27023646019448877,0.22675725216963935,architecture-induced collapse with training reorganization
eegconformer,0.4965277777777778,bci2a,0,30,0.4305555555555556,fc,true,-0.1562293427311353,0.99806238244196,0.8418330397108247,classifier,43,reports/eegconformer_bci2a_dynamics_true_seed43.json,-0.19680708170180478,0.23254026941052539,0.03573318770872061,architecture-induced collapse with training reorganization
eegconformer,0.4965277777777778,bci2a,0,30,0.4305555555555556,final_layer,true,-0.08601149840864819,0.9993442190106944,0.9133327206020462,classifier,43,reports/eegconformer_bci2a_dynamics_true_seed43.json,-0.07978238622168823,0.13189664973462215,0.05211426351293391,architecture-induced collapse with training reorganization
eegconformer,0.4965277777777778,bci2a,0,30,0.4305555555555556,logits,true,-0.08601149840864819,0.9993442190106944,0.9133327206020462,classifier,43,reports/eegconformer_bci2a_dynamics_true_seed43.json,-0.07978238622168823,0.13189664973462215,0.05211426351293391,architecture-induced collapse with training reorganization
eegconformer,0.4965277777777778,bci2a,0,30,0.4305555555555556,patch_embedding,true,-0.3624960209932411,0.9445753515804821,0.582079330587241,patch_embedding,43,reports/eegconformer_bci2a_dynamics_true_seed43.json,-0.15014747012197258,0.3424665249618053,0.19231905483983272,architecture-induced collapse with training reorganization
eegconformer,0.4965277777777778,bci2a,0,30,0.4305555555555556,patch_embedding.projection,true,-0.3624960209932411,0.9445753515804821,0.582079330587241,patch_embedding,43,reports/eegconformer_bci2a_dynamics_true_seed43.json,-0.15014747012197258,0.3424665249618053,0.19231905483983272,architecture-induced collapse with training reorganization
eegconformer,0.4965277777777778,bci2a,0,30,0.4305555555555556,patch_embedding.shallownet,true,-0.3622410317481963,0.8421427526237568,0.47990172087556054,patch_embedding,43,reports/eegconformer_bci2a_dynamics_true_seed43.json,-0.10697465869086117,0.3453201965065304,0.23834553781566922,architecture-induced collapse with training reorganization
eegconformer,0.4965277777777778,bci2a,0,30,0.4305555555555556,transformer,true,-0.22090382877581083,0.9977628214022978,0.7768589926264869,transformer,43,reports/eegconformer_bci2a_dynamics_true_seed43.json,-0.0003240193081543996,0.2613969127811581,0.2610728934730037,architecture-induced collapse with training reorganization
eegconformer,0.4965277777777778,bci2a,0,30,0.4305555555555556,transformer.0,true,-0.2728019113912781,0.9920399178065565,0.7192380064152785,transformer,43,reports/eegconformer_bci2a_dynamics_true_seed43.json,-0.08588508375601978,0.32596558793186253,0.24008050417584276,architecture-induced collapse with training reorganization
eegconformer,0.4965277777777778,bci2a,0,30,0.4305555555555556,transformer.2,true,-0.2321974937450043,0.9951249768531947,0.7629274831081904,transformer,43,reports/eegconformer_bci2a_dynamics_true_seed43.json,-0.03771652250510965,0.30580949494793014,0.2680929724428205,architecture-induced collapse with training reorganization
eegconformer,0.4965277777777778,bci2a,0,30,0.4305555555555556,transformer.5,true,-0.22090382877581083,0.9977628214022978,0.7768589926264869,transformer,43,reports/eegconformer_bci2a_dynamics_true_seed43.json,-0.0003240193081543996,0.2613969127811581,0.2610728934730037,architecture-induced collapse with training reorganization
eegconformer,0.4548611111111111,bci2a,0,30,0.4270833333333333,fc,true,-0.1327828939759791,0.9977552632532289,0.8649723692772499,classifier,44,reports/eegconformer_bci2a_dynamics_true_seed44.json,-0.24774488473561637,0.2572598320976989,0.009514947362082566,architecture-induced collapse with training reorganization
eegconformer,0.4548611111111111,bci2a,0,30,0.4270833333333333,final_layer,true,-0.09083584019130764,0.999192635203977,0.9083567950126694,classifier,44,reports/eegconformer_bci2a_dynamics_true_seed44.json,-0.12646526529009608,0.12613530111558463,-0.00032996417451143755,architecture-induced collapse with training reorganization
eegconformer,0.4548611111111111,bci2a,0,30,0.4270833333333333,logits,true,-0.09083584019130764,0.999192635203977,0.9083567950126694,classifier,44,reports/eegconformer_bci2a_dynamics_true_seed44.json,-0.12646526529009608,0.12613530111558463,-0.00032996417451143755,architecture-induced collapse with training reorganization
eegconformer,0.4548611111111111,bci2a,0,30,0.4270833333333333,patch_embedding,true,-0.3578342308763054,0.9590435556517366,0.6012093247754312,patch_embedding,44,reports/eegconformer_bci2a_dynamics_true_seed44.json,-0.16199863606286308,0.3608221065909222,0.1988234705280591,architecture-induced collapse with training reorganization
eegconformer,0.4548611111111111,bci2a,0,30,0.4270833333333333,patch_embedding.projection,true,-0.3578342308763054,0.9590435556517366,0.6012093247754312,patch_embedding,44,reports/eegconformer_bci2a_dynamics_true_seed44.json,-0.16199863606286308,0.3608221065909222,0.1988234705280591,architecture-induced collapse with training reorganization
eegconformer,0.4548611111111111,bci2a,0,30,0.4270833333333333,patch_embedding.shallownet,true,-0.3855662591513955,0.8783267545788157,0.49276049542742023,patch_embedding,44,reports/eegconformer_bci2a_dynamics_true_seed44.json,-0.11001882592177198,0.3639854823055523,0.2539666563837803,architecture-induced collapse with training reorganization
eegconformer,0.4548611111111111,bci2a,0,30,0.4270833333333333,transformer,true,-0.16606595332409346,0.995640512727777,0.8295745594036835,transformer,44,reports/eegconformer_bci2a_dynamics_true_seed44.json,-0.05485561787869625,0.30904181451974855,0.2541861966410523,architecture-induced collapse with training reorganization
eegconformer,0.4548611111111111,bci2a,0,30,0.4270833333333333,transformer.0,true,-0.2179320741317351,0.9940559280144184,0.7761238538826833,transformer,44,reports/eegconformer_bci2a_dynamics_true_seed44.json,-0.09804003931117716,0.33975500879314763,0.24171496948197047,architecture-induced collapse with training reorganization
eegconformer,0.4548611111111111,bci2a,0,30,0.4270833333333333,transformer.2,true,-0.18167886984235115,0.99595065971903,0.8142717898766788,transformer,44,reports/eegconformer_bci2a_dynamics_true_seed44.json,-0.07774953814584923,0.32139733226757217,0.24364779412172294,architecture-induced collapse with training reorganization
eegconformer,0.4548611111111111,bci2a,0,30,0.4270833333333333,transformer.5,true,-0.16606595332409346,0.995640512727777,0.8295745594036835,transformer,44,reports/eegconformer_bci2a_dynamics_true_seed44.json,-0.05485561787869625,0.30904181451974855,0.2541861966410523,architecture-induced collapse with training reorganization
eegconformer,0.4861111111111111,bci2a,0,30,0.40625,fc,true,-0.20919621047724735,0.9970356035419223,0.787839393064675,classifier,45,reports/eegconformer_bci2a_dynamics_true_seed45.json,-0.12725102358656032,0.2228280910859931,0.09557706749943279,architecture-induced collapse with training reorganization
eegconformer,0.4861111111111111,bci2a,0,30,0.40625,final_layer,true,-0.13566469113305357,0.9979237075736567,0.8622590164406031,classifier,45,reports/eegconformer_bci2a_dynamics_true_seed45.json,-0.08945069039842556,0.15536961298542853,0.06591892258700298,architecture-induced collapse with training reorganization
eegconformer,0.4861111111111111,bci2a,0,30,0.40625,logits,true,-0.13566469113305357,0.9979237075736567,0.8622590164406031,classifier,45,reports/eegconformer_bci2a_dynamics_true_seed45.json,-0.08945069039842556,0.15536961298542853,0.06591892258700298,architecture-induced collapse with training reorganization
eegconformer,0.4861111111111111,bci2a,0,30,0.40625,patch_embedding,true,-0.37207924870662656,0.9524940807355444,0.5804148320289179,patch_embedding,45,reports/eegconformer_bci2a_dynamics_true_seed45.json,-0.1879504620267582,0.43192789080502364,0.24397742877826545,architecture-induced collapse with training reorganization
eegconformer,0.4861111111111111,bci2a,0,30,0.40625,patch_embedding.projection,true,-0.37207924870662656,0.9524940807355444,0.5804148320289179,patch_embedding,45,reports/eegconformer_bci2a_dynamics_true_seed45.json,-0.1879504620267582,0.43192789080502364,0.24397742877826545,architecture-induced collapse with training reorganization
eegconformer,0.4861111111111111,bci2a,0,30,0.40625,patch_embedding.shallownet,true,-0.3671546505731315,0.8267160838440952,0.4595614332709637,patch_embedding,45,reports/eegconformer_bci2a_dynamics_true_seed45.json,-0.1402352582713613,0.43481621694663886,0.29458095867527756,architecture-induced collapse with training reorganization
eegconformer,0.4861111111111111,bci2a,0,30,0.40625,transformer,true,-0.24880517948031,0.9969650871225869,0.7481599076422769,transformer,45,reports/eegconformer_bci2a_dynamics_true_seed45.json,0.04118344217852293,0.2915058150832709,0.3326892572617938,architecture-induced collapse with training reorganization
eegconformer,0.4861111111111111,bci2a,0,30,0.40625,transformer.0,true,-0.30801515475578667,0.9934475299952511,0.6854323752394644,transformer,45,reports/eegconformer_bci2a_dynamics_true_seed45.json,-0.14052818210852402,0.4256033241037777,0.2850751419952537,architecture-induced collapse with training reorganization
eegconformer,0.4861111111111111,bci2a,0,30,0.40625,transformer.2,true,-0.26917316607540787,0.9953227302966295,0.7261495642212217,transformer,45,reports/eegconformer_bci2a_dynamics_true_seed45.json,-0.05698894907898516,0.3585193173958312,0.30153036831684604,architecture-induced collapse with training reorganization
eegconformer,0.4861111111111111,bci2a,0,30,0.40625,transformer.5,true,-0.24880517948031,0.9969650871225869,0.7481599076422769,transformer,45,reports/eegconformer_bci2a_dynamics_true_seed45.json,0.04118344217852293,0.2915058150832709,0.3326892572617938,architecture-induced collapse with training reorganization
eegconformer,0.5034722222222222,bci2a,0,30,0.4583333333333333,fc,true,-0.31069078248137594,0.9963289849418353,0.6856382024604594,classifier,46,reports/eegconformer_bci2a_dynamics_true_seed46.json,-0.22099182817486465,0.24522918057303317,0.02423735239816851,architecture-induced collapse with training reorganization
eegconformer,0.5034722222222222,bci2a,0,30,0.4583333333333333,final_layer,true,-0.23181139471404755,0.9965485717685559,0.7647371770545084,classifier,46,reports/eegconformer_bci2a_dynamics_true_seed46.json,-0.09615677891159435,0.12216457688785634,0.026007797976261987,architecture-induced collapse with training reorganization
eegconformer,0.5034722222222222,bci2a,0,30,0.4583333333333333,logits,true,-0.23181139471404755,0.9965485717685559,0.7647371770545084,classifier,46,reports/eegconformer_bci2a_dynamics_true_seed46.json,-0.09615677891159435,0.12216457688785634,0.026007797976261987,architecture-induced collapse with training reorganization
eegconformer,0.5034722222222222,bci2a,0,30,0.4583333333333333,patch_embedding,true,-0.39838028797401204,0.9545176246301577,0.5561373366561456,patch_embedding,46,reports/eegconformer_bci2a_dynamics_true_seed46.json,-0.16216797783528192,0.3525176819031265,0.19034970406784457,architecture-induced collapse with training reorganization
eegconformer,0.5034722222222222,bci2a,0,30,0.4583333333333333,patch_embedding.projection,true,-0.39838028797401204,0.9545176246301577,0.5561373366561456,patch_embedding,46,reports/eegconformer_bci2a_dynamics_true_seed46.json,-0.16216797783528192,0.3525176819031265,0.19034970406784457,architecture-induced collapse with training reorganization
eegconformer,0.5034722222222222,bci2a,0,30,0.4583333333333333,patch_embedding.shallownet,true,-0.4197749440111513,0.8061313256509768,0.3863563816398255,patch_embedding,46,reports/eegconformer_bci2a_dynamics_true_seed46.json,-0.11643755146799734,0.35612958454179655,0.23969203307379922,architecture-induced collapse with training reorganization
eegconformer,0.5034722222222222,bci2a,0,30,0.4583333333333333,transformer,true,-0.27133261418830534,0.997125425185913,0.7257928109976076,transformer,46,reports/eegconformer_bci2a_dynamics_true_seed46.json,-0.080149383822786,0.3004205258404557,0.2202711420176697,architecture-induced collapse with training reorganization
eegconformer,0.5034722222222222,bci2a,0,30,0.4583333333333333,transformer.0,true,-0.3015493768071187,0.9937029039496164,0.6921535271424977,transformer,46,reports/eegconformer_bci2a_dynamics_true_seed46.json,-0.14629866421425908,0.3456958574311914,0.19939719321693233,architecture-induced collapse with training reorganization
eegconformer,0.5034722222222222,bci2a,0,30,0.4583333333333333,transformer.2,true,-0.2689339623207522,0.9963147433308918,0.7273807810101396,transformer,46,reports/eegconformer_bci2a_dynamics_true_seed46.json,-0.09459071555627632,0.31140378322724377,0.21681306767096745,architecture-induced collapse with training reorganization
eegconformer,0.5034722222222222,bci2a,0,30,0.4583333333333333,transformer.5,true,-0.27133261418830534,0.997125425185913,0.7257928109976076,transformer,46,reports/eegconformer_bci2a_dynamics_true_seed46.json,-0.080149383822786,0.3004205258404557,0.2202711420176697,architecture-induced collapse with training reorganization
eegconformer,0.3125,bci2a,0,30,0.24305555555555555,fc,shuffled,-0.5961435296379349,0.9964090011961915,0.4002654715582565,classifier,41,reports/eegconformer_bci2a_dynamics_shuffled.json,0.020541750135540965,0.21427287659966981,0.23481462673521078,architecture-induced collapse with training reorganization
eegconformer,0.3125,bci2a,0,30,0.24305555555555555,final_layer,shuffled,-0.32511241108400035,0.9980518671626544,0.672939456078654,classifier,41,reports/eegconformer_bci2a_dynamics_shuffled.json,0.01138614348135586,0.1356645242591558,0.14705066774051165,architecture-induced collapse with training reorganization
eegconformer,0.3125,bci2a,0,30,0.24305555555555555,logits,shuffled,-0.32511241108400035,0.9980518671626544,0.672939456078654,classifier,41,reports/eegconformer_bci2a_dynamics_shuffled.json,0.01138614348135586,0.1356645242591558,0.14705066774051165,architecture-induced collapse with training reorganization
eegconformer,0.3125,bci2a,0,30,0.24305555555555555,patch_embedding,shuffled,-0.4439754789803366,0.9564162330731185,0.5124407540927819,patch_embedding,41,reports/eegconformer_bci2a_dynamics_shuffled.json,-0.020196660128880717,0.3679468980714362,0.3477502379425555,architecture-induced collapse with training reorganization
eegconformer,0.3125,bci2a,0,30,0.24305555555555555,patch_embedding.projection,shuffled,-0.4439754789803366,0.9564162330731185,0.5124407540927819,patch_embedding,41,reports/eegconformer_bci2a_dynamics_shuffled.json,-0.020196660128880717,0.3679468980714362,0.3477502379425555,architecture-induced collapse with training reorganization
eegconformer,0.3125,bci2a,0,30,0.24305555555555555,patch_embedding.shallownet,shuffled,-0.4816013675880059,0.8364085138055238,0.3548071462175179,patch_embedding,41,reports/eegconformer_bci2a_dynamics_shuffled.json,-0.048733791677567084,0.374549919064376,0.32581612738680893,architecture-induced collapse with training reorganization
eegconformer,0.3125,bci2a,0,30,0.24305555555555555,transformer,shuffled,-0.6032617881582731,0.9956687068261022,0.3924069186678291,transformer,41,reports/eegconformer_bci2a_dynamics_shuffled.json,0.11007697897004581,0.25693342674053943,0.36701040571058524,architecture-induced collapse with training reorganization
eegconformer,0.3125,bci2a,0,30,0.24305555555555555,transformer.0,shuffled,-0.5959898164212147,0.9935529952314667,0.397563178810252,transformer,41,reports/eegconformer_bci2a_dynamics_shuffled.json,0.09783454794601343,0.34516158687078036,0.4429961348167938,architecture-induced collapse with training reorganization
eegconformer,0.3125,bci2a,0,30,0.24305555555555555,transformer.2,shuffled,-0.6242676794490283,0.9939416029167863,0.3696739234677581,transformer,41,reports/eegconformer_bci2a_dynamics_shuffled.json,0.11372565861211026,0.3260466227940613,0.4397722814061716,architecture-induced collapse with training reorganization
eegconformer,0.3125,bci2a,0,30,0.24305555555555555,transformer.5,shuffled,-0.6032617881582731,0.9956687068261022,0.3924069186678291,transformer,41,reports/eegconformer_bci2a_dynamics_shuffled.json,0.11007697897004581,0.25693342674053943,0.36701040571058524,architecture-induced collapse with training reorganization
eegconformer,0.3020833333333333,bci2a,0,30,0.22569444444444445,fc,shuffled,-0.2956286394175279,0.9967807810486027,0.7011521416310748,classifier,42,reports/eegconformer_bci2a_dynamics_shuffled_seed42.json,-0.06219987946258784,0.25743976785296624,0.1952398883903784,architecture-induced collapse with training reorganization
eegconformer,0.3020833333333333,bci2a,0,30,0.22569444444444445,final_layer,shuffled,-0.13535473175996693,0.9991262111029778,0.8637714793430109,classifier,42,reports/eegconformer_bci2a_dynamics_shuffled_seed42.json,-0.03769378098622703,0.17970356112728977,0.14200978014106275,architecture-induced collapse with training reorganization
eegconformer,0.3020833333333333,bci2a,0,30,0.22569444444444445,logits,shuffled,-0.13535473175996693,0.9991262111029778,0.8637714793430109,classifier,42,reports/eegconformer_bci2a_dynamics_shuffled_seed42.json,-0.03769378098622703,0.17970356112728977,0.14200978014106275,architecture-induced collapse with training reorganization
eegconformer,0.3020833333333333,bci2a,0,30,0.22569444444444445,patch_embedding,shuffled,-0.39775162609178205,0.9406289842986146,0.5428773582068326,patch_embedding,42,reports/eegconformer_bci2a_dynamics_shuffled_seed42.json,0.026188213568350938,0.3480761247756778,0.3742643383440287,architecture-induced collapse with training reorganization
eegconformer,0.3020833333333333,bci2a,0,30,0.22569444444444445,patch_embedding.projection,shuffled,-0.39775162609178205,0.9406289842986146,0.5428773582068326,patch_embedding,42,reports/eegconformer_bci2a_dynamics_shuffled_seed42.json,0.026188213568350938,0.3480761247756778,0.3742643383440287,architecture-induced collapse with training reorganization
eegconformer,0.3020833333333333,bci2a,0,30,0.22569444444444445,patch_embedding.shallownet,shuffled,-0.39137705328647293,0.7967768958237755,0.4053998425373026,patch_embedding,42,reports/eegconformer_bci2a_dynamics_shuffled_seed42.json,-0.0019123227098610807,0.36002194979286506,0.358109627083004,architecture-induced collapse with training reorganization
eegconformer,0.3020833333333333,bci2a,0,30,0.22569444444444445,transformer,shuffled,-0.3558279587267402,0.9945736724746977,0.6387457137479575,transformer,42,reports/eegconformer_bci2a_dynamics_shuffled_seed42.json,0.1495621854326869,0.27023646019448877,0.41979864562717567,architecture-induced collapse with training reorganization
eegconformer,0.3020833333333333,bci2a,0,30,0.22569444444444445,transformer.0,shuffled,-0.34301943950747016,0.991882509754241,0.6488630702467708,transformer,42,reports/eegconformer_bci2a_dynamics_shuffled_seed42.json,0.08734587241014774,0.33940860479008667,0.4267544772002344,architecture-induced collapse with training reorganization
eegconformer,0.3020833333333333,bci2a,0,30,0.22569444444444445,transformer.2,shuffled,-0.3555931490985881,0.9959089227376672,0.6403157736390791,transformer,42,reports/eegconformer_bci2a_dynamics_shuffled_seed42.json,0.13834955582161085,0.31784751999095556,0.4561970758125664,architecture-induced collapse with training reorganization
eegconformer,0.3020833333333333,bci2a,0,30,0.22569444444444445,transformer.5,shuffled,-0.3558279587267402,0.9945736724746977,0.6387457137479575,transformer,42,reports/eegconformer_bci2a_dynamics_shuffled_seed42.json,0.1495621854326869,0.27023646019448877,0.41979864562717567,architecture-induced collapse with training reorganization
eegconformer,0.3090277777777778,bci2a,0,30,0.2534722222222222,fc,shuffled,-0.3378949191623388,0.99806238244196,0.6601674632796212,classifier,43,reports/eegconformer_bci2a_dynamics_shuffled_seed43.json,-0.043015243030993466,0.23254026941052539,0.18952502637953192,architecture-induced collapse with training reorganization
eegconformer,0.3090277777777778,bci2a,0,30,0.2534722222222222,final_layer,shuffled,-0.3033286806939336,0.9993442190106944,0.6960155383167608,classifier,43,reports/eegconformer_bci2a_dynamics_shuffled_seed43.json,0.012875311818048213,0.13189664973462215,0.14477196155267036,architecture-induced collapse with training reorganization
eegconformer,0.3090277777777778,bci2a,0,30,0.2534722222222222,logits,shuffled,-0.3033286806939336,0.9993442190106944,0.6960155383167608,classifier,43,reports/eegconformer_bci2a_dynamics_shuffled_seed43.json,0.012875311818048213,0.13189664973462215,0.14477196155267036,architecture-induced collapse with training reorganization
eegconformer,0.3090277777777778,bci2a,0,30,0.2534722222222222,patch_embedding,shuffled,-0.4087566486124514,0.9445753515804821,0.5358187029680307,patch_embedding,43,reports/eegconformer_bci2a_dynamics_shuffled_seed43.json,-0.005120320069419204,0.3424665249618053,0.3373462048923861,architecture-induced collapse with training reorganization
eegconformer,0.3090277777777778,bci2a,0,30,0.2534722222222222,patch_embedding.projection,shuffled,-0.4087566486124514,0.9445753515804821,0.5358187029680307,patch_embedding,43,reports/eegconformer_bci2a_dynamics_shuffled_seed43.json,-0.005120320069419204,0.3424665249618053,0.3373462048923861,architecture-induced collapse with training reorganization
eegconformer,0.3090277777777778,bci2a,0,30,0.2534722222222222,patch_embedding.shallownet,shuffled,-0.392503700986416,0.8421427526237568,0.4496390516373408,patch_embedding,43,reports/eegconformer_bci2a_dynamics_shuffled_seed43.json,-0.03436541469445109,0.3453201965065304,0.3109547818120793,architecture-induced collapse with training reorganization
eegconformer,0.3090277777777778,bci2a,0,30,0.2534722222222222,transformer,shuffled,-0.27602751299879225,0.9977628214022978,0.7217353084035055,transformer,43,reports/eegconformer_bci2a_dynamics_shuffled_seed43.json,0.10852359820347385,0.2613969127811581,0.36992051098463197,architecture-induced collapse with training reorganization
eegconformer,0.3090277777777778,bci2a,0,30,0.2534722222222222,transformer.0,shuffled,-0.31682553743789876,0.9920399178065565,0.6752143803686578,transformer,43,reports/eegconformer_bci2a_dynamics_shuffled_seed43.json,0.08363966091103403,0.32596558793186253,0.40960524884289656,architecture-induced collapse with training reorganization
eegconformer,0.3090277777777778,bci2a,0,30,0.2534722222222222,transformer.2,shuffled,-0.28536266341270533,0.9951249768531947,0.7097623134404893,transformer,43,reports/eegconformer_bci2a_dynamics_shuffled_seed43.json,0.09858903998892343,0.30580949494793014,0.40439853493685357,architecture-induced collapse with training reorganization
eegconformer,0.3090277777777778,bci2a,0,30,0.2534722222222222,transformer.5,shuffled,-0.27602751299879225,0.9977628214022978,0.7217353084035055,transformer,43,reports/eegconformer_bci2a_dynamics_shuffled_seed43.json,0.10852359820347385,0.2613969127811581,0.36992051098463197,architecture-induced collapse with training reorganization
eegconformer,0.2673611111111111,bci2a,0,30,0.2638888888888889,fc,shuffled,-0.34629318207698967,0.9977552632532289,0.6514620811762393,classifier,44,reports/eegconformer_bci2a_dynamics_shuffled_seed44.json,0.00739577202365127,0.2572598320976989,0.2646556041213502,architecture-induced collapse with training reorganization
eegconformer,0.2673611111111111,bci2a,0,30,0.2638888888888889,final_layer,shuffled,-0.2837366012178528,0.999192635203977,0.7154560339861242,classifier,44,reports/eegconformer_bci2a_dynamics_shuffled_seed44.json,0.06266683623447089,0.12613530111558463,0.18880213735005552,architecture-induced collapse with training reorganization
eegconformer,0.2673611111111111,bci2a,0,30,0.2638888888888889,logits,shuffled,-0.2837366012178528,0.999192635203977,0.7154560339861242,classifier,44,reports/eegconformer_bci2a_dynamics_shuffled_seed44.json,0.06266683623447089,0.12613530111558463,0.18880213735005552,architecture-induced collapse with training reorganization
eegconformer,0.2673611111111111,bci2a,0,30,0.2638888888888889,patch_embedding,shuffled,-0.4235096194713335,0.9590435556517366,0.5355339361804031,patch_embedding,44,reports/eegconformer_bci2a_dynamics_shuffled_seed44.json,0.01989184654533188,0.3608221065909222,0.38071395313625406,architecture-induced collapse with training reorganization
eegconformer,0.2673611111111111,bci2a,0,30,0.2638888888888889,patch_embedding.projection,shuffled,-0.4235096194713335,0.9590435556517366,0.5355339361804031,patch_embedding,44,reports/eegconformer_bci2a_dynamics_shuffled_seed44.json,0.01989184654533188,0.3608221065909222,0.38071395313625406,architecture-induced collapse with training reorganization
eegconformer,0.2673611111111111,bci2a,0,30,0.2638888888888889,patch_embedding.shallownet,shuffled,-0.4551533107661473,0.8783267545788157,0.4231734438126684,patch_embedding,44,reports/eegconformer_bci2a_dynamics_shuffled_seed44.json,-0.020660830465306146,0.3639854823055523,0.34332465184024613,architecture-induced collapse with training reorganization
eegconformer,0.2673611111111111,bci2a,0,30,0.2638888888888889,transformer,shuffled,-0.3437051995315423,0.995640512727777,0.6519353131962347,transformer,44,reports/eegconformer_bci2a_dynamics_shuffled_seed44.json,0.09794422292497107,0.30904181451974855,0.4069860374447196,architecture-induced collapse with training reorganization
eegconformer,0.2673611111111111,bci2a,0,30,0.2638888888888889,transformer.0,shuffled,-0.36735682982346696,0.9940559280144184,0.6266990981909515,transformer,44,reports/eegconformer_bci2a_dynamics_shuffled_seed44.json,0.10138243925005463,0.33975500879314763,0.44113744804320226,architecture-induced collapse with training reorganization
eegconformer,0.2673611111111111,bci2a,0,30,0.2638888888888889,transformer.2,shuffled,-0.3328750026844104,0.99595065971903,0.6630756570346196,transformer,44,reports/eegconformer_bci2a_dynamics_shuffled_seed44.json,0.15007437378712152,0.32139733226757217,0.4714717060546937,architecture-induced collapse with training reorganization
eegconformer,0.2673611111111111,bci2a,0,30,0.2638888888888889,transformer.5,shuffled,-0.3437051995315423,0.995640512727777,0.6519353131962347,transformer,44,reports/eegconformer_bci2a_dynamics_shuffled_seed44.json,0.09794422292497107,0.30904181451974855,0.4069860374447196,architecture-induced collapse with training reorganization
eegconformer,0.2951388888888889,bci2a,0,30,0.2361111111111111,fc,shuffled,-0.434468218372855,0.9970356035419223,0.5625673851690673,classifier,45,reports/eegconformer_bci2a_dynamics_shuffled_seed45.json,-0.06777891554146684,0.2228280910859931,0.15504917554452627,architecture-induced collapse with training reorganization
eegconformer,0.2951388888888889,bci2a,0,30,0.2361111111111111,final_layer,shuffled,-0.2261745010474845,0.9979237075736567,0.7717492065261722,classifier,45,reports/eegconformer_bci2a_dynamics_shuffled_seed45.json,-0.043627092802204254,0.15536961298542853,0.11174252018322428,architecture-induced collapse with training reorganization
eegconformer,0.2951388888888889,bci2a,0,30,0.2361111111111111,logits,shuffled,-0.2261745010474845,0.9979237075736567,0.7717492065261722,classifier,45,reports/eegconformer_bci2a_dynamics_shuffled_seed45.json,-0.043627092802204254,0.15536961298542853,0.11174252018322428,architecture-induced collapse with training reorganization
eegconformer,0.2951388888888889,bci2a,0,30,0.2361111111111111,patch_embedding,shuffled,-0.3723298072779393,0.9524940807355444,0.5801642734576051,patch_embedding,45,reports/eegconformer_bci2a_dynamics_shuffled_seed45.json,0.0005181454783872996,0.43192789080502364,0.43244603628341094,architecture-induced collapse with training reorganization
eegconformer,0.2951388888888889,bci2a,0,30,0.2361111111111111,patch_embedding.projection,shuffled,-0.3723298072779393,0.9524940807355444,0.5801642734576051,patch_embedding,45,reports/eegconformer_bci2a_dynamics_shuffled_seed45.json,0.0005181454783872996,0.43192789080502364,0.43244603628341094,architecture-induced collapse with training reorganization
eegconformer,0.2951388888888889,bci2a,0,30,0.2361111111111111,patch_embedding.shallownet,shuffled,-0.374857771048447,0.8267160838440952,0.45185831279564825,patch_embedding,45,reports/eegconformer_bci2a_dynamics_shuffled_seed45.json,-0.015120721398721837,0.43481621694663886,0.419695495547917,architecture-induced collapse with training reorganization
eegconformer,0.2951388888888889,bci2a,0,30,0.2361111111111111,transformer,shuffled,-0.46193420307876487,0.9969650871225869,0.535030884043822,transformer,45,reports/eegconformer_bci2a_dynamics_shuffled_seed45.json,0.1911628298285013,0.2915058150832709,0.4826686449117722,architecture-induced collapse with training reorganization
eegconformer,0.2951388888888889,bci2a,0,30,0.2361111111111111,transformer.0,shuffled,-0.40711043953728554,0.9934475299952511,0.5863370904579656,transformer,45,reports/eegconformer_bci2a_dynamics_shuffled_seed45.json,0.07488645977786018,0.4256033241037777,0.5004897838816379,architecture-induced collapse with training reorganization
eegconformer,0.2951388888888889,bci2a,0,30,0.2361111111111111,transformer.2,shuffled,-0.3860761860676979,0.9953227302966295,0.6092465442289317,transformer,45,reports/eegconformer_bci2a_dynamics_shuffled_seed45.json,0.1695168525646119,0.3585193173958312,0.5280361699604431,architecture-induced collapse with training reorganization
eegconformer,0.2951388888888889,bci2a,0,30,0.2361111111111111,transformer.5,shuffled,-0.46193420307876487,0.9969650871225869,0.535030884043822,transformer,45,reports/eegconformer_bci2a_dynamics_shuffled_seed45.json,0.1911628298285013,0.2915058150832709,0.4826686449117722,architecture-induced collapse with training reorganization
eegconformer,0.3159722222222222,bci2a,0,30,0.28125,fc,shuffled,-0.42543086440825895,0.9963289849418353,0.5708981205335764,classifier,46,reports/eegconformer_bci2a_dynamics_shuffled_seed46.json,-0.0008795337376577561,0.24522918057303317,0.2443496468353754,architecture-induced collapse with training reorganization
eegconformer,0.3159722222222222,bci2a,0,30,0.28125,final_layer,shuffled,-0.3131331630853298,0.9965485717685559,0.6834154086832261,classifier,46,reports/eegconformer_bci2a_dynamics_shuffled_seed46.json,0.06680065919744713,0.12216457688785634,0.18896523608530347,architecture-induced collapse with training reorganization
eegconformer,0.3159722222222222,bci2a,0,30,0.28125,logits,shuffled,-0.3131331630853298,0.9965485717685559,0.6834154086832261,classifier,46,reports/eegconformer_bci2a_dynamics_shuffled_seed46.json,0.06680065919744713,0.12216457688785634,0.18896523608530347,architecture-induced collapse with training reorganization
eegconformer,0.3159722222222222,bci2a,0,30,0.28125,patch_embedding,shuffled,-0.42234067769259154,0.9545176246301577,0.5321769469375661,patch_embedding,46,reports/eegconformer_bci2a_dynamics_shuffled_seed46.json,0.013215150712188095,0.3525176819031265,0.3657328326153146,architecture-induced collapse with training reorganization
eegconformer,0.3159722222222222,bci2a,0,30,0.28125,patch_embedding.projection,shuffled,-0.42234067769259154,0.9545176246301577,0.5321769469375661,patch_embedding,46,reports/eegconformer_bci2a_dynamics_shuffled_seed46.json,0.013215150712188095,0.3525176819031265,0.3657328326153146,architecture-induced collapse with training reorganization
eegconformer,0.3159722222222222,bci2a,0,30,0.28125,patch_embedding.shallownet,shuffled,-0.4330566294425749,0.8061313256509768,0.3730746962084019,patch_embedding,46,reports/eegconformer_bci2a_dynamics_shuffled_seed46.json,-0.017818464849166715,0.35612958454179655,0.33831111969262984,architecture-induced collapse with training reorganization
eegconformer,0.3159722222222222,bci2a,0,30,0.28125,transformer,shuffled,-0.48859100198416716,0.997125425185913,0.5085344232017458,transformer,46,reports/eegconformer_bci2a_dynamics_shuffled_seed46.json,0.1698586771148909,0.3004205258404557,0.4702792029553466,architecture-induced collapse with training reorganization
eegconformer,0.3159722222222222,bci2a,0,30,0.28125,transformer.0,shuffled,-0.45064900213071335,0.9937029039496164,0.543053901818903,transformer,46,reports/eegconformer_bci2a_dynamics_shuffled_seed46.json,0.10590903913741706,0.3456958574311914,0.45160489656860847,architecture-induced collapse with training reorganization
eegconformer,0.3159722222222222,bci2a,0,30,0.28125,transformer.2,shuffled,-0.4723382589667591,0.9963147433308918,0.5239764843641327,transformer,46,reports/eegconformer_bci2a_dynamics_shuffled_seed46.json,0.1780941078059598,0.31140378322724377,0.48949789103320357,architecture-induced collapse with training reorganization
eegconformer,0.3159722222222222,bci2a,0,30,0.28125,transformer.5,shuffled,-0.48859100198416716,0.997125425185913,0.5085344232017458,transformer,46,reports/eegconformer_bci2a_dynamics_shuffled_seed46.json,0.1698586771148909,0.3004205258404557,0.4702792029553466,architecture-induced collapse with training reorganization
tsception,0.5243055555555556,bci2a,0,30,0.5034722222222222,batch_spatial_lay,true,-0.16883015074471508,0.7518287725763023,0.5829986218315872,spatial_asymmetry,41,reports/tsception_bci2a_dynamics_true.json,-0.175073518310183,0.36877780877557653,0.19370429046539353,multi-branch fusion-induced reorganization
tsception,0.5243055555555556,bci2a,0,30,0.5034722222222222,batch_temporal_lay,true,0.07494648843165042,0.40934748124309295,0.48429396967474336,temporal_multiscale,41,reports/tsception_bci2a_dynamics_true.json,-0.007323584677876083,0.5602382380804776,0.5529146534026015,multi-branch fusion-induced reorganization
tsception,0.5243055555555556,bci2a,0,30,0.5034722222222222,dense_layer,true,-0.27187281435948407,0.8046036636961171,0.5327308493366331,fusion_classifier,41,reports/tsception_bci2a_dynamics_true.json,-0.040845553350133484,0.2530299162265458,0.21218436287641232,multi-branch fusion-induced reorganization
tsception,0.5243055555555556,bci2a,0,30,0.5034722222222222,final_layer,true,-0.3940509390175799,0.9797508163686065,0.5856998773510266,fusion_classifier,41,reports/tsception_bci2a_dynamics_true.json,0.05499475270384614,0.08094345891990277,0.13593821162374892,multi-branch fusion-induced reorganization
tsception,0.5243055555555556,bci2a,0,30,0.5034722222222222,logits,true,-0.3940509390175799,0.9797508163686065,0.5856998773510266,fusion_classifier,41,reports/tsception_bci2a_dynamics_true.json,0.05499475270384614,0.08094345891990277,0.13593821162374892,multi-branch fusion-induced reorganization
tsception,0.5243055555555556,bci2a,0,30,0.5034722222222222,spatial_block_1,true,-0.11515300936672401,0.8411070377844115,0.7259540284176875,spatial_asymmetry,41,reports/tsception_bci2a_dynamics_true.json,-0.0842198374700503,0.24479181320266902,0.16057197573261872,multi-branch fusion-induced reorganization
tsception,0.5243055555555556,bci2a,0,30,0.5034722222222222,spatial_block_2,true,0.024447798594536718,0.7991243176342498,0.8235721162287866,spatial_asymmetry,41,reports/tsception_bci2a_dynamics_true.json,-0.1804754849267051,0.39178013410020085,0.21130464917349576,multi-branch fusion-induced reorganization
tsception,0.5243055555555556,bci2a,0,30,0.5034722222222222,temporal_blocks.0,true,-0.10208975247287799,0.4274167352252615,0.32532698275238353,temporal_multiscale,41,reports/tsception_bci2a_dynamics_true.json,0.004162310218020715,0.46298980948086005,0.46715211969888076,multi-branch fusion-induced reorganization
tsception,0.5243055555555556,bci2a,0,30,0.5034722222222222,temporal_blocks.1,true,-0.06468790292049703,0.43459880792641925,0.3699109050059222,temporal_multiscale,41,reports/tsception_bci2a_dynamics_true.json,0.005974566125766301,0.46091031189359705,0.46688487801936335,multi-branch fusion-induced reorganization
tsception,0.5243055555555556,bci2a,0,30,0.5034722222222222,temporal_blocks.2,true,-0.10233220090004047,0.5625528115577395,0.46022061065769904,temporal_multiscale,41,reports/tsception_bci2a_dynamics_true.json,0.022777822223189803,0.534525019385714,0.5573028416089038,multi-branch fusion-induced reorganization
tsception,0.5763888888888888,bci2a,0,30,0.5625,batch_spatial_lay,true,-0.05559827040038756,0.5528199181440692,0.4972216477436816,spatial_asymmetry,42,reports/tsception_bci2a_dynamics_true_seed42.json,-0.1602908312659094,0.32196581414340586,0.16167498287749646,multi-branch fusion-induced reorganization
tsception,0.5763888888888888,bci2a,0,30,0.5625,batch_temporal_lay,true,0.12319326458819813,0.37545153309944834,0.49864479768764647,temporal_multiscale,42,reports/tsception_bci2a_dynamics_true_seed42.json,0.05468042866257383,0.5081569879205793,0.5628374165831531,multi-branch fusion-induced reorganization
tsception,0.5763888888888888,bci2a,0,30,0.5625,dense_layer,true,-0.07061351828217188,0.6668701272893129,0.5962566090071411,fusion_classifier,42,reports/tsception_bci2a_dynamics_true_seed42.json,-0.06858322432109855,0.18941882840567467,0.12083560408457612,multi-branch fusion-induced reorganization
tsception,0.5763888888888888,bci2a,0,30,0.5625,final_layer,true,-0.45250823109216864,0.9740140885752143,0.5215058574830457,fusion_classifier,42,reports/tsception_bci2a_dynamics_true_seed42.json,-0.04872222521611457,0.09860046742644128,0.04987824221032671,multi-branch fusion-induced reorganization
tsception,0.5763888888888888,bci2a,0,30,0.5625,logits,true,-0.45250823109216864,0.9740140885752143,0.5215058574830457,fusion_classifier,42,reports/tsception_bci2a_dynamics_true_seed42.json,-0.04872222521611457,0.09860046742644128,0.04987824221032671,multi-branch fusion-induced reorganization
tsception,0.5763888888888888,bci2a,0,30,0.5625,spatial_block_1,true,0.1789825571065473,0.5116415724303726,0.6906241295369199,spatial_asymmetry,42,reports/tsception_bci2a_dynamics_true_seed42.json,-0.19382052588090612,0.3198631412861057,0.1260426154051996,multi-branch fusion-induced reorganization
tsception,0.5763888888888888,bci2a,0,30,0.5625,spatial_block_2,true,0.027337231531414652,0.736557028353203,0.7638942598846177,spatial_asymmetry,42,reports/tsception_bci2a_dynamics_true_seed42.json,-0.1239899106858462,0.3093343487061501,0.18534443802030393,multi-branch fusion-induced reorganization
tsception,0.5763888888888888,bci2a,0,30,0.5625,temporal_blocks.0,true,-0.12631479208055707,0.48708713772539414,0.36077234564483707,temporal_multiscale,42,reports/tsception_bci2a_dynamics_true_seed42.json,-0.026210481356045534,0.4543542631297132,0.4281437817736677,multi-branch fusion-induced reorganization
tsception,0.5763888888888888,bci2a,0,30,0.5625,temporal_blocks.1,true,-0.1141064044502898,0.5049838329008094,0.3908774284505196,temporal_multiscale,42,reports/tsception_bci2a_dynamics_true_seed42.json,-0.00591828810734174,0.5393406041184882,0.5334223160111464,multi-branch fusion-induced reorganization
tsception,0.5763888888888888,bci2a,0,30,0.5625,temporal_blocks.2,true,-0.08169038246093369,0.4987345311572515,0.41704414869631784,temporal_multiscale,42,reports/tsception_bci2a_dynamics_true_seed42.json,0.032657665536145075,0.45213854056547054,0.4847962061016156,multi-branch fusion-induced reorganization
tsception,0.5486111111111112,bci2a,0,30,0.5486111111111112,batch_spatial_lay,true,-0.27435288957974824,0.7843276918487845,0.5099748022690362,spatial_asymmetry,43,reports/tsception_bci2a_dynamics_true_seed43.json,-0.17385541788021752,0.390535474267864,0.21668005638764648,multi-branch fusion-induced reorganization
tsception,0.5486111111111112,bci2a,0,30,0.5486111111111112,batch_temporal_lay,true,0.07789763182865223,0.42837880886104857,0.5062764406897008,temporal_multiscale,43,reports/tsception_bci2a_dynamics_true_seed43.json,0.025594470342851228,0.5559055500773906,0.5815000204202418,multi-branch fusion-induced reorganization
tsception,0.5486111111111112,bci2a,0,30,0.5486111111111112,dense_layer,true,-0.3562575579362965,0.838812000265417,0.48255444232912054,fusion_classifier,43,reports/tsception_bci2a_dynamics_true_seed43.json,-0.11998758578377025,0.25664534624778534,0.1366577604640151,multi-branch fusion-induced reorganization
tsception,0.5486111111111112,bci2a,0,30,0.5486111111111112,final_layer,true,-0.44608911116471606,0.980200685171382,0.534111574006666,fusion_classifier,43,reports/tsception_bci2a_dynamics_true_seed43.json,0.006543356622661742,0.08653388093474647,0.09307723755740821,multi-branch fusion-induced reorganization
tsception,0.5486111111111112,bci2a,0,30,0.5486111111111112,logits,true,-0.44608911116471606,0.980200685171382,0.534111574006666,fusion_classifier,43,reports/tsception_bci2a_dynamics_true_seed43.json,0.006543356622661742,0.08653388093474647,0.09307723755740821,multi-branch fusion-induced reorganization
tsception,0.5486111111111112,bci2a,0,30,0.5486111111111112,spatial_block_1,true,0.052856227812425494,0.6060650049519456,0.6589212327643711,spatial_asymmetry,43,reports/tsception_bci2a_dynamics_true_seed43.json,-0.08901487876457068,0.3345799638447079,0.24556508508013722,multi-branch fusion-induced reorganization
tsception,0.5486111111111112,bci2a,0,30,0.5486111111111112,spatial_block_2,true,-0.0777337904824601,0.8492138548894596,0.7714800644069995,spatial_asymmetry,43,reports/tsception_bci2a_dynamics_true_seed43.json,-0.13169298061486615,0.37507629210085675,0.2433833114859906,multi-branch fusion-induced reorganization
tsception,0.5486111111111112,bci2a,0,30,0.5486111111111112,temporal_blocks.0,true,-0.10579971741556238,0.5146984994940937,0.40889878207853136,temporal_multiscale,43,reports/tsception_bci2a_dynamics_true_seed43.json,-0.050700898032197794,0.44631118840329753,0.39561029037109974,multi-branch fusion-induced reorganization
tsception,0.5486111111111112,bci2a,0,30,0.5486111111111112,temporal_blocks.1,true,-0.0746920190844888,0.4882768880802247,0.4135848689957359,temporal_multiscale,43,reports/tsception_bci2a_dynamics_true_seed43.json,-0.0024011655896863937,0.5216073836493214,0.519206218059635,multi-branch fusion-induced reorganization
tsception,0.5486111111111112,bci2a,0,30,0.5486111111111112,temporal_blocks.2,true,-0.108424552763007,0.5673871022110484,0.4589625494480414,temporal_multiscale,43,reports/tsception_bci2a_dynamics_true_seed43.json,-0.007843037158427157,0.6308512487429376,0.6230082115845105,multi-branch fusion-induced reorganization
tsception,0.5833333333333334,bci2a,0,30,0.5486111111111112,batch_spatial_lay,true,-0.02502906016612394,0.505109676901329,0.4800806167352051,spatial_asymmetry,44,reports/tsception_bci2a_dynamics_true_seed44.json,-0.15203719031917357,0.34033015067888645,0.18829296035971288,multi-branch fusion-induced reorganization
tsception,0.5833333333333334,bci2a,0,30,0.5486111111111112,batch_temporal_lay,true,0.09594878188480832,0.4060131875695177,0.501961969454326,temporal_multiscale,44,reports/tsception_bci2a_dynamics_true_seed44.json,0.05247075630474041,0.5242384371394663,0.5767091934442067,multi-branch fusion-induced reorganization
tsception,0.5833333333333334,bci2a,0,30,0.5486111111111112,dense_layer,true,-0.1898035733018918,0.6707377954268874,0.4809342221249956,fusion_classifier,44,reports/tsception_bci2a_dynamics_true_seed44.json,-0.12286004367963532,0.2692062947124349,0.14634625103279958,multi-branch fusion-induced reorganization
tsception,0.5833333333333334,bci2a,0,30,0.5486111111111112,final_layer,true,-0.5070448422162854,0.977213421123501,0.47016857890721553,fusion_classifier,44,reports/tsception_bci2a_dynamics_true_seed44.json,-0.11031176311877683,0.1516131538087198,0.04130139068994299,multi-branch fusion-induced reorganization
tsception,0.5833333333333334,bci2a,0,30,0.5486111111111112,logits,true,-0.5070448422162854,0.977213421123501,0.47016857890721553,fusion_classifier,44,reports/tsception_bci2a_dynamics_true_seed44.json,-0.11031176311877683,0.1516131538087198,0.04130139068994299,multi-branch fusion-induced reorganization
tsception,0.5833333333333334,bci2a,0,30,0.5486111111111112,spatial_block_1,true,0.12024508614229601,0.5664927300690236,0.6867378162113196,spatial_asymmetry,44,reports/tsception_bci2a_dynamics_true_seed44.json,-0.1894442542524345,0.2922657876551536,0.1028215334027191,multi-branch fusion-induced reorganization
tsception,0.5833333333333334,bci2a,0,30,0.5486111111111112,spatial_block_2,true,0.05499648880687513,0.7039089497955254,0.7589054386024006,spatial_asymmetry,44,reports/tsception_bci2a_dynamics_true_seed44.json,-0.0536180444594383,0.34925578864333484,0.29563774418389654,multi-branch fusion-induced reorganization
tsception,0.5833333333333334,bci2a,0,30,0.5486111111111112,temporal_blocks.0,true,-0.06590299900560137,0.4632213595984772,0.39731836059287584,temporal_multiscale,44,reports/tsception_bci2a_dynamics_true_seed44.json,-0.024393558264478032,0.4898182511268856,0.46542469286240756,multi-branch fusion-induced reorganization
tsception,0.5833333333333334,bci2a,0,30,0.5486111111111112,temporal_blocks.1,true,-0.10181828064766124,0.5382339672959706,0.4364156866483094,temporal_multiscale,44,reports/tsception_bci2a_dynamics_true_seed44.json,0.11071593020416626,0.4450870784393437,0.55580300864351,multi-branch fusion-induced reorganization
tsception,0.5833333333333334,bci2a,0,30,0.5486111111111112,temporal_blocks.2,true,-0.12067689702493406,0.5241923262736791,0.403515429248745,temporal_multiscale,44,reports/tsception_bci2a_dynamics_true_seed44.json,-0.02719070689847458,0.5491255410314171,0.5219348341329425,multi-branch fusion-induced reorganization
tsception,0.5659722222222222,bci2a,0,30,0.5347222222222222,batch_spatial_lay,true,-0.05379205232164852,0.525905390817201,0.4721133384955525,spatial_asymmetry,45,reports/tsception_bci2a_dynamics_true_seed45.json,-0.22961252730740223,0.4128566186418169,0.18324409133441466,multi-branch fusion-induced reorganization
tsception,0.5659722222222222,bci2a,0,30,0.5347222222222222,batch_temporal_lay,true,0.14010078163470557,0.3941335009783273,0.5342342826130329,temporal_multiscale,45,reports/tsception_bci2a_dynamics_true_seed45.json,0.07515885336048489,0.5353999815079805,0.6105588348684654,multi-branch fusion-induced reorganization
tsception,0.5659722222222222,bci2a,0,30,0.5347222222222222,dense_layer,true,-0.07697654034447343,0.6687479605496076,0.5917714202051342,fusion_classifier,45,reports/tsception_bci2a_dynamics_true_seed45.json,-0.16789713372251863,0.3072014424241803,0.13930430870166166,multi-branch fusion-induced reorganization
tsception,0.5659722222222222,bci2a,0,30,0.5347222222222222,final_layer,true,-0.37315487513397394,0.9807637688618328,0.6076088937278589,fusion_classifier,45,reports/tsception_bci2a_dynamics_true_seed45.json,-0.06055949400053367,0.11544060696789607,0.0548811129673624,multi-branch fusion-induced reorganization
tsception,0.5659722222222222,bci2a,0,30,0.5347222222222222,logits,true,-0.37315487513397394,0.9807637688618328,0.6076088937278589,fusion_classifier,45,reports/tsception_bci2a_dynamics_true_seed45.json,-0.06055949400053367,0.11544060696789607,0.0548811129673624,multi-branch fusion-induced reorganization
tsception,0.5659722222222222,bci2a,0,30,0.5347222222222222,spatial_block_1,true,0.0054843763239746934,0.6695899453593954,0.6750743216833701,spatial_asymmetry,45,reports/tsception_bci2a_dynamics_true_seed45.json,-0.222772848547534,0.40928303388265797,0.18651018533512395,multi-branch fusion-induced reorganization
tsception,0.5659722222222222,bci2a,0,30,0.5347222222222222,spatial_block_2,true,0.10072704211013683,0.6929339513104503,0.7936609934205872,spatial_asymmetry,45,reports/tsception_bci2a_dynamics_true_seed45.json,-0.2113357139917004,0.40308166541380175,0.19174595142210135,multi-branch fusion-induced reorganization
tsception,0.5659722222222222,bci2a,0,30,0.5347222222222222,temporal_blocks.0,true,-0.11852075959971636,0.4788261794780789,0.3603054198783625,temporal_multiscale,45,reports/tsception_bci2a_dynamics_true_seed45.json,-0.016642372793846616,0.523796468210562,0.5071540954167154,multi-branch fusion-induced reorganization
tsception,0.5659722222222222,bci2a,0,30,0.5347222222222222,temporal_blocks.1,true,-0.11738687597440539,0.5152990156881377,0.39791213971373235,temporal_multiscale,45,reports/tsception_bci2a_dynamics_true_seed45.json,0.0046852632273114425,0.5028776459990401,0.5075629092263515,multi-branch fusion-induced reorganization
tsception,0.5659722222222222,bci2a,0,30,0.5347222222222222,temporal_blocks.2,true,-0.07582634565443014,0.44201248505377805,0.3661861393993479,temporal_multiscale,45,reports/tsception_bci2a_dynamics_true_seed45.json,0.1006783250245824,0.5091375405630688,0.6098158655876512,multi-branch fusion-induced reorganization
tsception,0.5833333333333334,bci2a,0,30,0.5,batch_spatial_lay,true,-0.03354265768523179,0.5382985742156583,0.5047559165304265,spatial_asymmetry,46,reports/tsception_bci2a_dynamics_true_seed46.json,-0.17462548763026145,0.35988324780011205,0.1852577601698506,multi-branch fusion-induced reorganization
tsception,0.5833333333333334,bci2a,0,30,0.5,batch_temporal_lay,true,0.15332606102646296,0.3631965952537205,0.5165226562801835,temporal_multiscale,46,reports/tsception_bci2a_dynamics_true_seed46.json,0.010464307094654846,0.5701383488560292,0.580602655950684,multi-branch fusion-induced reorganization
tsception,0.5833333333333334,bci2a,0,30,0.5,dense_layer,true,-0.16111360088975257,0.68614716023684,0.5250335593470874,fusion_classifier,46,reports/tsception_bci2a_dynamics_true_seed46.json,-0.10624557605377843,0.25430167083378613,0.1480560947800077,multi-branch fusion-induced reorganization
tsception,0.5833333333333334,bci2a,0,30,0.5,final_layer,true,-0.35027644951871917,0.9751685264501726,0.6248920769314534,fusion_classifier,46,reports/tsception_bci2a_dynamics_true_seed46.json,-0.016066082403964038,0.0758103530055919,0.05974427060162786,multi-branch fusion-induced reorganization
tsception,0.5833333333333334,bci2a,0,30,0.5,logits,true,-0.35027644951871917,0.9751685264501726,0.6248920769314534,fusion_classifier,46,reports/tsception_bci2a_dynamics_true_seed46.json,-0.016066082403964038,0.0758103530055919,0.05974427060162786,multi-branch fusion-induced reorganization
tsception,0.5833333333333334,bci2a,0,30,0.5,spatial_block_1,true,0.0018076274600610232,0.7212681998811938,0.7230758273412549,spatial_asymmetry,46,reports/tsception_bci2a_dynamics_true_seed46.json,-0.2377229090596262,0.3846235275288026,0.14690061846917638,multi-branch fusion-induced reorganization
tsception,0.5833333333333334,bci2a,0,30,0.5,spatial_block_2,true,0.003576188114869039,0.6755928597930939,0.679169047907963,spatial_asymmetry,46,reports/tsception_bci2a_dynamics_true_seed46.json,-0.09545298107671818,0.3456186656724591,0.2501656845957409,multi-branch fusion-induced reorganization
tsception,0.5833333333333334,bci2a,0,30,0.5,temporal_blocks.0,true,-0.09783369287092253,0.4742778771831998,0.3764441843122773,temporal_multiscale,46,reports/tsception_bci2a_dynamics_true_seed46.json,-0.016477995767002374,0.4864223135066489,0.4699443177396465,multi-branch fusion-induced reorganization
tsception,0.5833333333333334,bci2a,0,30,0.5,temporal_blocks.1,true,-0.0411486608830105,0.4196666205680257,0.37851795968501517,temporal_multiscale,46,reports/tsception_bci2a_dynamics_true_seed46.json,0.007232441957769176,0.5064866586311856,0.5137191005889548,multi-branch fusion-induced reorganization
tsception,0.5833333333333334,bci2a,0,30,0.5,temporal_blocks.2,true,-0.0833017164799828,0.5406096460087527,0.4573079295287699,temporal_multiscale,46,reports/tsception_bci2a_dynamics_true_seed46.json,-0.0046120905112030375,0.6151874788851296,0.6105753883739266,multi-branch fusion-induced reorganization
tsception,0.2986111111111111,bci2a,0,30,0.2569444444444444,batch_spatial_lay,shuffled,-0.1354950257347669,0.7518287725763023,0.6163337468415354,spatial_asymmetry,41,reports/tsception_bci2a_dynamics_shuffled.json,-0.15948892048464344,0.36877780877557653,0.2092888882909331,multi-branch fusion-induced reorganization
tsception,0.2986111111111111,bci2a,0,30,0.2569444444444444,batch_temporal_lay,shuffled,0.019010184805553054,0.40934748124309295,0.428357666048646,temporal_multiscale,41,reports/tsception_bci2a_dynamics_shuffled.json,-0.08710189736757695,0.5602382380804776,0.4731363407129006,multi-branch fusion-induced reorganization
tsception,0.2986111111111111,bci2a,0,30,0.2569444444444444,dense_layer,shuffled,-0.1828118693519819,0.8046036636961171,0.6217917943441352,fusion_classifier,41,reports/tsception_bci2a_dynamics_shuffled.json,-0.05292879329041675,0.2530299162265458,0.20010112293612906,multi-branch fusion-induced reorganization
tsception,0.2986111111111111,bci2a,0,30,0.2569444444444444,final_layer,shuffled,-0.3480290414166427,0.9797508163686065,0.6317217749519638,fusion_classifier,41,reports/tsception_bci2a_dynamics_shuffled.json,0.028978345839731884,0.08094345891990277,0.10992180475963466,multi-branch fusion-induced reorganization
tsception,0.2986111111111111,bci2a,0,30,0.2569444444444444,logits,shuffled,-0.3480290414166427,0.9797508163686065,0.6317217749519638,fusion_classifier,41,reports/tsception_bci2a_dynamics_shuffled.json,0.028978345839731884,0.08094345891990277,0.10992180475963466,multi-branch fusion-induced reorganization
tsception,0.2986111111111111,bci2a,0,30,0.2569444444444444,spatial_block_1,shuffled,-0.13724784178629168,0.8411070377844115,0.7038591959981199,spatial_asymmetry,41,reports/tsception_bci2a_dynamics_shuffled.json,-0.0550140051944637,0.24479181320266902,0.18977780800820532,multi-branch fusion-induced reorganization
tsception,0.2986111111111111,bci2a,0,30,0.2569444444444444,spatial_block_2,shuffled,0.02484269065151201,0.7991243176342498,0.8239670082857619,spatial_asymmetry,41,reports/tsception_bci2a_dynamics_shuffled.json,-0.18188080569867623,0.39178013410020085,0.20989932840152462,multi-branch fusion-induced reorganization
tsception,0.2986111111111111,bci2a,0,30,0.2569444444444444,temporal_blocks.0,shuffled,-0.11919056076581602,0.4274167352252615,0.3082261744594455,temporal_multiscale,41,reports/tsception_bci2a_dynamics_shuffled.json,-0.10620545939411746,0.46298980948086005,0.3567843500867426,multi-branch fusion-induced reorganization
tsception,0.2986111111111111,bci2a,0,30,0.2569444444444444,temporal_blocks.1,shuffled,-0.07564264456388509,0.43459880792641925,0.35895616336253416,temporal_multiscale,41,reports/tsception_bci2a_dynamics_shuffled.json,-0.06156760008241852,0.46091031189359705,0.39934271181117853,multi-branch fusion-induced reorganization
tsception,0.2986111111111111,bci2a,0,30,0.2569444444444444,temporal_blocks.2,shuffled,-0.0999838728361841,0.5625528115577395,0.4625689387215554,temporal_multiscale,41,reports/tsception_bci2a_dynamics_shuffled.json,0.05349614441914652,0.534525019385714,0.5880211638048605,multi-branch fusion-induced reorganization
tsception,0.2708333333333333,bci2a,0,30,0.1875,batch_spatial_lay,shuffled,0.03088391914353039,0.5528199181440692,0.5837038372875996,spatial_asymmetry,42,reports/tsception_bci2a_dynamics_shuffled_seed42.json,-0.11700921419551227,0.32196581414340586,0.2049565999478936,multi-branch fusion-induced reorganization
tsception,0.2708333333333333,bci2a,0,30,0.1875,batch_temporal_lay,shuffled,0.11232320025561215,0.37545153309944834,0.4877747333550605,temporal_multiscale,42,reports/tsception_bci2a_dynamics_shuffled_seed42.json,0.03077779596980368,0.5081569879205793,0.538934783890383,multi-branch fusion-induced reorganization
tsception,0.2708333333333333,bci2a,0,30,0.1875,dense_layer,shuffled,-0.05237788786760955,0.6668701272893129,0.6144922394217034,fusion_classifier,42,reports/tsception_bci2a_dynamics_shuffled_seed42.json,0.0008218338613932563,0.18941882840567467,0.19024066226706793,multi-branch fusion-induced reorganization
tsception,0.2708333333333333,bci2a,0,30,0.1875,final_layer,shuffled,-0.238573037467131,0.9740140885752143,0.7354410511080833,fusion_classifier,42,reports/tsception_bci2a_dynamics_shuffled_seed42.json,-0.01286114081037422,0.09860046742644128,0.08573932661606706,multi-branch fusion-induced reorganization
tsception,0.2708333333333333,bci2a,0,30,0.1875,logits,shuffled,-0.238573037467131,0.9740140885752143,0.7354410511080833,fusion_classifier,42,reports/tsception_bci2a_dynamics_shuffled_seed42.json,-0.01286114081037422,0.09860046742644128,0.08573932661606706,multi-branch fusion-induced reorganization
tsception,0.2708333333333333,bci2a,0,30,0.1875,spatial_block_1,shuffled,0.24688054791401493,0.5116415724303726,0.7585221203443875,spatial_asymmetry,42,reports/tsception_bci2a_dynamics_shuffled_seed42.json,-0.1245354840075901,0.3198631412861057,0.19532765727851562,multi-branch fusion-induced reorganization
tsception,0.2708333333333333,bci2a,0,30,0.1875,spatial_block_2,shuffled,-0.01975996907663813,0.736557028353203,0.7167970592765649,spatial_asymmetry,42,reports/tsception_bci2a_dynamics_shuffled_seed42.json,-0.12853460900565641,0.3093343487061501,0.1807997397004937,multi-branch fusion-induced reorganization
tsception,0.2708333333333333,bci2a,0,30,0.1875,temporal_blocks.0,shuffled,-0.14445304618098803,0.48708713772539414,0.3426340915444061,temporal_multiscale,42,reports/tsception_bci2a_dynamics_shuffled_seed42.json,-0.025241951664355944,0.4543542631297132,0.4291123114653573,multi-branch fusion-induced reorganization
tsception,0.2708333333333333,bci2a,0,30,0.1875,temporal_blocks.1,shuffled,-0.11749102043595927,0.5049838329008094,0.3874928124648501,temporal_multiscale,42,reports/tsception_bci2a_dynamics_shuffled_seed42.json,-0.04036780642280019,0.5393406041184882,0.498972797695688,multi-branch fusion-induced reorganization
tsception,0.2708333333333333,bci2a,0,30,0.1875,temporal_blocks.2,shuffled,-0.09498896225913744,0.4987345311572515,0.4037455688981141,temporal_multiscale,42,reports/tsception_bci2a_dynamics_shuffled_seed42.json,0.04311486633785616,0.45213854056547054,0.4952534069033267,multi-branch fusion-induced reorganization
tsception,0.2986111111111111,bci2a,0,30,0.2847222222222222,batch_spatial_lay,shuffled,-0.1551535656577646,0.7843276918487845,0.6291741261910199,spatial_asymmetry,43,reports/tsception_bci2a_dynamics_shuffled_seed43.json,-0.16032921061318173,0.390535474267864,0.23020626365468227,multi-branch fusion-induced reorganization
tsception,0.2986111111111111,bci2a,0,30,0.2847222222222222,batch_temporal_lay,shuffled,0.05781004258825656,0.42837880886104857,0.4861888514493051,temporal_multiscale,43,reports/tsception_bci2a_dynamics_shuffled_seed43.json,-0.033680849224914655,0.5559055500773906,0.522224700852476,multi-branch fusion-induced reorganization
tsception,0.2986111111111111,bci2a,0,30,0.2847222222222222,dense_layer,shuffled,-0.29462250559342673,0.838812000265417,0.5441894946719903,fusion_classifier,43,reports/tsception_bci2a_dynamics_shuffled_seed43.json,-0.11260916369775859,0.25664534624778534,0.14403618255002676,multi-branch fusion-induced reorganization
tsception,0.2986111111111111,bci2a,0,30,0.2847222222222222,final_layer,shuffled,-0.4975963631145506,0.980200685171382,0.48260432205683146,fusion_classifier,43,reports/tsception_bci2a_dynamics_shuffled_seed43.json,0.002160526861525028,0.08653388093474647,0.0886944077962715,multi-branch fusion-induced reorganization
tsception,0.2986111111111111,bci2a,0,30,0.2847222222222222,logits,shuffled,-0.4975963631145506,0.980200685171382,0.48260432205683146,fusion_classifier,43,reports/tsception_bci2a_dynamics_shuffled_seed43.json,0.002160526861525028,0.08653388093474647,0.0886944077962715,multi-branch fusion-induced reorganization
tsception,0.2986111111111111,bci2a,0,30,0.2847222222222222,spatial_block_1,shuffled,-0.16077446309145027,0.6060650049519456,0.4452905418604953,spatial_asymmetry,43,reports/tsception_bci2a_dynamics_shuffled_seed43.json,-0.1464282838576724,0.3345799638447079,0.1881516799870355,multi-branch fusion-induced reorganization
tsception,0.2986111111111111,bci2a,0,30,0.2847222222222222,spatial_block_2,shuffled,-0.05184430981416144,0.8492138548894596,0.7973695450752981,spatial_asymmetry,43,reports/tsception_bci2a_dynamics_shuffled_seed43.json,-0.12644583804243995,0.37507629210085675,0.2486304540584168,multi-branch fusion-induced reorganization
tsception,0.2986111111111111,bci2a,0,30,0.2847222222222222,temporal_blocks.0,shuffled,-0.1802744565980966,0.5146984994940937,0.33442404289599714,temporal_multiscale,43,reports/tsception_bci2a_dynamics_shuffled_seed43.json,-0.06470976752955526,0.44631118840329753,0.38160142087374227,multi-branch fusion-induced reorganization
tsception,0.2986111111111111,bci2a,0,30,0.2847222222222222,temporal_blocks.1,shuffled,-0.0939944041444859,0.4882768880802247,0.3942824839357388,temporal_multiscale,43,reports/tsception_bci2a_dynamics_shuffled_seed43.json,-0.05962283652621636,0.5216073836493214,0.461984547123105,multi-branch fusion-induced reorganization
tsception,0.2986111111111111,bci2a,0,30,0.2847222222222222,temporal_blocks.2,shuffled,-0.10792146577913769,0.5673871022110484,0.4594656364319107,temporal_multiscale,43,reports/tsception_bci2a_dynamics_shuffled_seed43.json,-0.032975641490672,0.6308512487429376,0.5978756072522656,multi-branch fusion-induced reorganization
tsception,0.25,bci2a,0,30,0.19444444444444445,batch_spatial_lay,shuffled,0.02243690406998966,0.505109676901329,0.5275465809713187,spatial_asymmetry,44,reports/tsception_bci2a_dynamics_shuffled_seed44.json,-0.14042091602497953,0.34033015067888645,0.19990923465390692,multi-branch fusion-induced reorganization
tsception,0.25,bci2a,0,30,0.19444444444444445,batch_temporal_lay,shuffled,0.059766357940125026,0.4060131875695177,0.46577954550964273,temporal_multiscale,44,reports/tsception_bci2a_dynamics_shuffled_seed44.json,0.0024081550668740848,0.5242384371394663,0.5266465922063404,multi-branch fusion-induced reorganization
tsception,0.25,bci2a,0,30,0.19444444444444445,dense_layer,shuffled,-0.18644552433318784,0.6707377954268874,0.48429227109369954,fusion_classifier,44,reports/tsception_bci2a_dynamics_shuffled_seed44.json,-0.09668224467956893,0.2692062947124349,0.17252405003286597,multi-branch fusion-induced reorganization
tsception,0.25,bci2a,0,30,0.19444444444444445,final_layer,shuffled,-0.4200693648801238,0.977213421123501,0.5571440562433772,fusion_classifier,44,reports/tsception_bci2a_dynamics_shuffled_seed44.json,-0.0761667173343521,0.1516131538087198,0.07544643647436772,multi-branch fusion-induced reorganization
tsception,0.25,bci2a,0,30,0.19444444444444445,logits,shuffled,-0.4200693648801238,0.977213421123501,0.5571440562433772,fusion_classifier,44,reports/tsception_bci2a_dynamics_shuffled_seed44.json,-0.0761667173343521,0.1516131538087198,0.07544643647436772,multi-branch fusion-induced reorganization
tsception,0.25,bci2a,0,30,0.19444444444444445,spatial_block_1,shuffled,0.08130643133217819,0.5664927300690236,0.6477991614012018,spatial_asymmetry,44,reports/tsception_bci2a_dynamics_shuffled_seed44.json,-0.14924106072790636,0.2922657876551536,0.14302472692724724,multi-branch fusion-induced reorganization
tsception,0.25,bci2a,0,30,0.19444444444444445,spatial_block_2,shuffled,-0.01752498304540584,0.7039089497955254,0.6863839667501196,spatial_asymmetry,44,reports/tsception_bci2a_dynamics_shuffled_seed44.json,-0.12656555281183915,0.34925578864333484,0.2226902358314957,multi-branch fusion-induced reorganization
tsception,0.25,bci2a,0,30,0.19444444444444445,temporal_blocks.0,shuffled,-0.11770362670405171,0.4632213595984772,0.3455177328944255,temporal_multiscale,44,reports/tsception_bci2a_dynamics_shuffled_seed44.json,-0.05222218890570135,0.4898182511268856,0.43759606222118425,multi-branch fusion-induced reorganization
tsception,0.25,bci2a,0,30,0.19444444444444445,temporal_blocks.1,shuffled,-0.1302444522815604,0.5382339672959706,0.4079895150144102,temporal_multiscale,44,reports/tsception_bci2a_dynamics_shuffled_seed44.json,0.09244952175640864,0.4450870784393437,0.5375366001957523,multi-branch fusion-induced reorganization
tsception,0.25,bci2a,0,30,0.19444444444444445,temporal_blocks.2,shuffled,-0.13882205631355754,0.5241923262736791,0.3853702699601215,temporal_multiscale,44,reports/tsception_bci2a_dynamics_shuffled_seed44.json,-0.0367965883350454,0.5491255410314171,0.5123289526963717,multi-branch fusion-induced reorganization
tsception,0.2743055555555556,bci2a,0,30,0.2638888888888889,batch_spatial_lay,shuffled,-0.05533359833402013,0.525905390817201,0.4705717924831809,spatial_asymmetry,45,reports/tsception_bci2a_dynamics_shuffled_seed45.json,-0.15659598280304915,0.4128566186418169,0.25626063583876774,multi-branch fusion-induced reorganization
tsception,0.2743055555555556,bci2a,0,30,0.2638888888888889,batch_temporal_lay,shuffled,0.13434571294573444,0.3941335009783273,0.5284792139240617,temporal_multiscale,45,reports/tsception_bci2a_dynamics_shuffled_seed45.json,0.06307576987399155,0.5353999815079805,0.5984757513819721,multi-branch fusion-induced reorganization
tsception,0.2743055555555556,bci2a,0,30,0.2638888888888889,dense_layer,shuffled,-0.04997038182794333,0.6687479605496076,0.6187775787216643,fusion_classifier,45,reports/tsception_bci2a_dynamics_shuffled_seed45.json,-0.14357299437966783,0.3072014424241803,0.16362844804451246,multi-branch fusion-induced reorganization
tsception,0.2743055555555556,bci2a,0,30,0.2638888888888889,final_layer,shuffled,-0.409006559690004,0.9807637688618328,0.5717572091718288,fusion_classifier,45,reports/tsception_bci2a_dynamics_shuffled_seed45.json,-0.043628711906887385,0.11544060696789607,0.07181189506100868,multi-branch fusion-induced reorganization
tsception,0.2743055555555556,bci2a,0,30,0.2638888888888889,logits,shuffled,-0.409006559690004,0.9807637688618328,0.5717572091718288,fusion_classifier,45,reports/tsception_bci2a_dynamics_shuffled_seed45.json,-0.043628711906887385,0.11544060696789607,0.07181189506100868,multi-branch fusion-induced reorganization
tsception,0.2743055555555556,bci2a,0,30,0.2638888888888889,spatial_block_1,shuffled,-0.13582493748657787,0.6695899453593954,0.5337650078728176,spatial_asymmetry,45,reports/tsception_bci2a_dynamics_shuffled_seed45.json,-0.14787027693136023,0.40928303388265797,0.26141275695129773,multi-branch fusion-induced reorganization
tsception,0.2743055555555556,bci2a,0,30,0.2638888888888889,spatial_block_2,shuffled,0.08271738872768941,0.6929339513104503,0.7756513400381397,spatial_asymmetry,45,reports/tsception_bci2a_dynamics_shuffled_seed45.json,-0.11108319128096567,0.40308166541380175,0.2919984741328361,multi-branch fusion-induced reorganization
tsception,0.2743055555555556,bci2a,0,30,0.2638888888888889,temporal_blocks.0,shuffled,-0.14408371510976364,0.4788261794780789,0.33474246436831523,temporal_multiscale,45,reports/tsception_bci2a_dynamics_shuffled_seed45.json,0.01450851399324582,0.523796468210562,0.5383049822038078,multi-branch fusion-induced reorganization
tsception,0.2743055555555556,bci2a,0,30,0.2638888888888889,temporal_blocks.1,shuffled,-0.10764924721242008,0.5152990156881377,0.40764976847571766,temporal_multiscale,45,reports/tsception_bci2a_dynamics_shuffled_seed45.json,0.054293453095222266,0.5028776459990401,0.5571710990942623,multi-branch fusion-induced reorganization
tsception,0.2743055555555556,bci2a,0,30,0.2638888888888889,temporal_blocks.2,shuffled,-0.137216209715402,0.44201248505377805,0.30479627533837605,temporal_multiscale,45,reports/tsception_bci2a_dynamics_shuffled_seed45.json,0.07117331891669865,0.5091375405630688,0.5803108594797675,multi-branch fusion-induced reorganization
tsception,0.3020833333333333,bci2a,0,30,0.28125,batch_spatial_lay,shuffled,0.02032151092884782,0.5382985742156583,0.5586200851445061,spatial_asymmetry,46,reports/tsception_bci2a_dynamics_shuffled_seed46.json,-0.1343933806669472,0.35988324780011205,0.22548986713316485,multi-branch fusion-induced reorganization
tsception,0.3020833333333333,bci2a,0,30,0.28125,batch_temporal_lay,shuffled,0.15298107455255805,0.3631965952537205,0.5161776698062785,temporal_multiscale,46,reports/tsception_bci2a_dynamics_shuffled_seed46.json,-0.04861137507054769,0.5701383488560292,0.5215269737854815,multi-branch fusion-induced reorganization
tsception,0.3020833333333333,bci2a,0,30,0.28125,dense_layer,shuffled,-0.3242527695940122,0.68614716023684,0.36189439064282775,fusion_classifier,46,reports/tsception_bci2a_dynamics_shuffled_seed46.json,-0.0872328474581211,0.25430167083378613,0.16706882337566503,multi-branch fusion-induced reorganization
tsception,0.3020833333333333,bci2a,0,30,0.28125,final_layer,shuffled,-0.43332588788730764,0.9751685264501726,0.541842638562865,fusion_classifier,46,reports/tsception_bci2a_dynamics_shuffled_seed46.json,0.0068544775805316205,0.0758103530055919,0.08266483058612352,multi-branch fusion-induced reorganization
tsception,0.3020833333333333,bci2a,0,30,0.28125,logits,shuffled,-0.43332588788730764,0.9751685264501726,0.541842638562865,fusion_classifier,46,reports/tsception_bci2a_dynamics_shuffled_seed46.json,0.0068544775805316205,0.0758103530055919,0.08266483058612352,multi-branch fusion-induced reorganization
tsception,0.3020833333333333,bci2a,0,30,0.28125,spatial_block_1,shuffled,-0.14464189057265087,0.7212681998811938,0.576626309308543,spatial_asymmetry,46,reports/tsception_bci2a_dynamics_shuffled_seed46.json,-0.18324045701603156,0.3846235275288026,0.20138307051277102,multi-branch fusion-induced reorganization
tsception,0.3020833333333333,bci2a,0,30,0.28125,spatial_block_2,shuffled,0.023647644016663416,0.6755928597930939,0.6992405038097573,spatial_asymmetry,46,reports/tsception_bci2a_dynamics_shuffled_seed46.json,-0.12389363113468782,0.3456186656724591,0.22172503453777126,multi-branch fusion-induced reorganization
tsception,0.3020833333333333,bci2a,0,30,0.28125,temporal_blocks.0,shuffled,-0.14002210352341782,0.4742778771831998,0.334255773659782,temporal_multiscale,46,reports/tsception_bci2a_dynamics_shuffled_seed46.json,-0.09500168812617982,0.4864223135066489,0.39142062538046907,multi-branch fusion-induced reorganization
tsception,0.3020833333333333,bci2a,0,30,0.28125,temporal_blocks.1,shuffled,-0.04963000010295665,0.4196666205680257,0.370036620465069,temporal_multiscale,46,reports/tsception_bci2a_dynamics_shuffled_seed46.json,0.03500207709792846,0.5064866586311856,0.541488735729114,multi-branch fusion-induced reorganization
tsception,0.3020833333333333,bci2a,0,30,0.28125,temporal_blocks.2,shuffled,-0.11482911554854042,0.5406096460087527,0.4257805304602123,temporal_multiscale,46,reports/tsception_bci2a_dynamics_shuffled_seed46.json,-0.021336788738999357,0.6151874788851296,0.5938506901461302,multi-branch fusion-induced reorganization
atcnet,0.6909722222222222,bci2a,0,30,0.6666666666666666,attention_blocks.0,true,-0.09903491996535996,0.7676863252275548,0.6686514052621948,attention,41,reports/atcnet_bci2a_dynamics_true.json,-0.2738510579108029,0.42613909059316984,0.15228803268236699,hybrid convolutional collapse with attention/TCN reorganization
atcnet,0.6909722222222222,bci2a,0,30,0.6666666666666666,attention_blocks.2,true,-0.018307713738524356,0.6506682011361913,0.6323604873976669,attention,41,reports/atcnet_bci2a_dynamics_true.json,-0.2009507955072617,0.345086101070844,0.14413530556358228,hybrid convolutional collapse with attention/TCN reorganization
atcnet,0.6909722222222222,bci2a,0,30,0.6666666666666666,attention_blocks.4,true,-0.11334186007533176,0.7663419802488385,0.6530001201735067,attention,41,reports/atcnet_bci2a_dynamics_true.json,-0.21939390074912324,0.36256357032458664,0.1431696695754634,hybrid convolutional collapse with attention/TCN reorganization
atcnet,0.6909722222222222,bci2a,0,30,0.6666666666666666,conv_block,true,0.495483821590763,0.1396373197929087,0.6351211413836717,conv_projection,41,reports/atcnet_bci2a_dynamics_true.json,-0.2488733957554838,0.40359927278143704,0.15472587702595322,hybrid convolutional collapse with attention/TCN reorganization
atcnet,0.6909722222222222,bci2a,0,30,0.6666666666666666,final_layer.0,true,-0.10788374864495587,0.8242576602144691,0.7163739115695132,classifier,41,reports/atcnet_bci2a_dynamics_true.json,-0.05081272125994474,0.1204217153861738,0.06960899412622906,hybrid convolutional collapse with attention/TCN reorganization
atcnet,0.6909722222222222,bci2a,0,30,0.6666666666666666,final_layer.4,true,-0.2597398924527933,0.8739962406533173,0.614256348200524,classifier,41,reports/atcnet_bci2a_dynamics_true.json,-0.1354898830739875,0.1885258278461284,0.053035944772140915,hybrid convolutional collapse with attention/TCN reorganization
atcnet,0.6909722222222222,bci2a,0,30,0.6666666666666666,logits,true,-0.2898081585615685,0.8705982440924201,0.5807900855308517,classifier,41,reports/atcnet_bci2a_dynamics_true.json,-0.12644108558904182,0.19785648505320785,0.07141539946416603,hybrid convolutional collapse with attention/TCN reorganization
atcnet,0.6909722222222222,bci2a,0,30,0.6666666666666666,temporal_conv_nets.0,true,-0.13968961749125808,0.7510047475537304,0.6113151300624723,tcn,41,reports/atcnet_bci2a_dynamics_true.json,-0.23788644826063388,0.3410225951129424,0.10313614685230856,hybrid convolutional collapse with attention/TCN reorganization
atcnet,0.6909722222222222,bci2a,0,30,0.6666666666666666,temporal_conv_nets.2,true,-0.014500197480727395,0.6593141600938609,0.6448139626131335,tcn,41,reports/atcnet_bci2a_dynamics_true.json,-0.26436435723951524,0.3559128484816189,0.0915484912421037,hybrid convolutional collapse with attention/TCN reorganization
atcnet,0.6909722222222222,bci2a,0,30,0.6666666666666666,temporal_conv_nets.4,true,-0.16749049275428196,0.7955752909192597,0.6280847981649778,tcn,41,reports/atcnet_bci2a_dynamics_true.json,-0.26705652460156437,0.3462181427812618,0.07916161817969741,hybrid convolutional collapse with attention/TCN reorganization
atcnet,0.7152777777777778,bci2a,0,30,0.6527777777777778,attention_blocks.0,true,-0.11373463587037758,0.8252759395473496,0.711541303676972,attention,42,reports/atcnet_bci2a_dynamics_true_seed42.json,-0.21827238031545332,0.37601898764434083,0.1577466073288875,hybrid convolutional collapse with attention/TCN reorganization
atcnet,0.7152777777777778,bci2a,0,30,0.6527777777777778,attention_blocks.2,true,-0.033246800557266476,0.7491006232675704,0.715853822710304,attention,42,reports/atcnet_bci2a_dynamics_true_seed42.json,-0.20979543825267394,0.33972030770573197,0.12992486945305803,hybrid convolutional collapse with attention/TCN reorganization
atcnet,0.7152777777777778,bci2a,0,30,0.6527777777777778,attention_blocks.4,true,-0.07271965620863718,0.8088756574239069,0.7361560012152697,attention,42,reports/atcnet_bci2a_dynamics_true_seed42.json,-0.20765493079988495,0.28782259689884704,0.08016766609896207,hybrid convolutional collapse with attention/TCN reorganization
atcnet,0.7152777777777778,bci2a,0,30,0.6527777777777778,conv_block,true,0.5459548252436175,0.15988898764959886,0.7058438128932164,conv_projection,42,reports/atcnet_bci2a_dynamics_true_seed42.json,-0.20601254480153933,0.3543334874252303,0.14832094262369097,hybrid convolutional collapse with attention/TCN reorganization
atcnet,0.7152777777777778,bci2a,0,30,0.6527777777777778,final_layer.0,true,-0.01821966818095766,0.7803504127159352,0.7621307445349775,classifier,42,reports/atcnet_bci2a_dynamics_true_seed42.json,-0.0997041583243578,0.12084317368564071,0.021139015361282907,hybrid convolutional collapse with attention/TCN reorganization
atcnet,0.7152777777777778,bci2a,0,30,0.6527777777777778,final_layer.4,true,0.08606434651329176,0.6669409575832639,0.7530053040965556,classifier,42,reports/atcnet_bci2a_dynamics_true_seed42.json,-0.12497515184212368,0.13963832682688873,0.014663174984765047,hybrid convolutional collapse with attention/TCN reorganization
atcnet,0.7152777777777778,bci2a,0,30,0.6527777777777778,logits,true,-0.05811685728311217,0.5265332804522808,0.4684164231691686,classifier,42,reports/atcnet_bci2a_dynamics_true_seed42.json,-0.1276527731589702,0.1633625949100454,0.035709821751075205,hybrid convolutional collapse with attention/TCN reorganization
atcnet,0.7152777777777778,bci2a,0,30,0.6527777777777778,temporal_conv_nets.0,true,-0.1170604157810301,0.7952905480238118,0.6782301322427817,tcn,42,reports/atcnet_bci2a_dynamics_true_seed42.json,-0.23570869941397288,0.31682111239638616,0.08111241298241327,hybrid convolutional collapse with attention/TCN reorganization
atcnet,0.7152777777777778,bci2a,0,30,0.6527777777777778,temporal_conv_nets.2,true,0.07366699771252638,0.668228518976368,0.7418955166888944,tcn,42,reports/atcnet_bci2a_dynamics_true_seed42.json,-0.21152676888820973,0.3138745961262812,0.10234782723807148,hybrid convolutional collapse with attention/TCN reorganization
atcnet,0.7152777777777778,bci2a,0,30,0.6527777777777778,temporal_conv_nets.4,true,0.04316028856115206,0.6591592982572602,0.7023195868184122,tcn,42,reports/atcnet_bci2a_dynamics_true_seed42.json,-0.23284663361696786,0.2771009415740529,0.044254307957085036,hybrid convolutional collapse with attention/TCN reorganization
atcnet,0.6736111111111112,bci2a,0,30,0.6666666666666666,attention_blocks.0,true,0.029861416910412886,0.7106338312883685,0.7404952481987814,attention,43,reports/atcnet_bci2a_dynamics_true_seed43.json,-0.19423652323483076,0.33237821139717844,0.13814168816234768,hybrid convolutional collapse with attention/TCN reorganization
atcnet,0.6736111111111112,bci2a,0,30,0.6666666666666666,attention_blocks.2,true,-0.04561955682201879,0.7303928576248914,0.6847733008028726,attention,43,reports/atcnet_bci2a_dynamics_true_seed43.json,-0.1378552505281199,0.2909233340392539,0.15306808351113402,hybrid convolutional collapse with attention/TCN reorganization
atcnet,0.6736111111111112,bci2a,0,30,0.6666666666666666,attention_blocks.4,true,0.1355954226656797,0.7007754759826034,0.8363708986482831,attention,43,reports/atcnet_bci2a_dynamics_true_seed43.json,-0.15682279844455083,0.2888018772315984,0.13197907878704757,hybrid convolutional collapse with attention/TCN reorganization
atcnet,0.6736111111111112,bci2a,0,30,0.6666666666666666,conv_block,true,0.5343603943604809,0.16220792613895402,0.696568320499435,conv_projection,43,reports/atcnet_bci2a_dynamics_true_seed43.json,-0.21277501345630187,0.3637195525212216,0.15094453906491975,hybrid convolutional collapse with attention/TCN reorganization
atcnet,0.6736111111111112,bci2a,0,30,0.6666666666666666,final_layer.0,true,-0.09102242482023915,0.7363101840650532,0.6452877592448141,classifier,43,reports/atcnet_bci2a_dynamics_true_seed43.json,-0.14083689456269607,0.13536722786166733,-0.005469666701028751,hybrid convolutional collapse with attention/TCN reorganization
atcnet,0.6736111111111112,bci2a,0,30,0.6666666666666666,final_layer.4,true,0.42801679403478615,0.4895357764480714,0.9175525704828575,classifier,43,reports/atcnet_bci2a_dynamics_true_seed43.json,-0.05491301655558144,0.12702369924454668,0.07211068268896524,hybrid convolutional collapse with attention/TCN reorganization
atcnet,0.6736111111111112,bci2a,0,30,0.6666666666666666,logits,true,-0.1717113318434762,0.7899180939043068,0.6182067620608306,classifier,43,reports/atcnet_bci2a_dynamics_true_seed43.json,-0.04714282841287931,0.09852650409823752,0.051383675685358204,hybrid convolutional collapse with attention/TCN reorganization
atcnet,0.6736111111111112,bci2a,0,30,0.6666666666666666,temporal_conv_nets.0,true,0.06510960257930654,0.684209391489829,0.7493189940691355,tcn,43,reports/atcnet_bci2a_dynamics_true_seed43.json,-0.28669333354895316,0.3252701105262602,0.03857677697730707,hybrid convolutional collapse with attention/TCN reorganization
atcnet,0.6736111111111112,bci2a,0,30,0.6666666666666666,temporal_conv_nets.2,true,-0.07053374902809528,0.7365451148679045,0.6660113658398092,tcn,43,reports/atcnet_bci2a_dynamics_true_seed43.json,-0.16852236865122072,0.2896953695646025,0.12117300091338178,hybrid convolutional collapse with attention/TCN reorganization
atcnet,0.6736111111111112,bci2a,0,30,0.6666666666666666,temporal_conv_nets.4,true,0.21979846571969985,0.6245765369376227,0.8443750026573226,tcn,43,reports/atcnet_bci2a_dynamics_true_seed43.json,-0.18011706784866477,0.28103380771357794,0.10091673986491317,hybrid convolutional collapse with attention/TCN reorganization
atcnet,0.6666666666666666,bci2a,0,30,0.6423611111111112,attention_blocks.0,true,-0.03832841534818132,0.6678911893912243,0.629562774043043,attention,44,reports/atcnet_bci2a_dynamics_true_seed44.json,-0.23539500948916706,0.36534315758836644,0.12994814809919938,hybrid convolutional collapse with attention/TCN reorganization
atcnet,0.6666666666666666,bci2a,0,30,0.6423611111111112,attention_blocks.2,true,-0.12462040690752363,0.7713451721365436,0.64672476522902,attention,44,reports/atcnet_bci2a_dynamics_true_seed44.json,-0.26438146473994006,0.3680086794404517,0.1036272147005116,hybrid convolutional collapse with attention/TCN reorganization
atcnet,0.6666666666666666,bci2a,0,30,0.6423611111111112,attention_blocks.4,true,-0.11100700664287622,0.8116510362282965,0.7006440295854203,attention,44,reports/atcnet_bci2a_dynamics_true_seed44.json,-0.19089806766240422,0.27375816235513384,0.08286009469272962,hybrid convolutional collapse with attention/TCN reorganization
atcnet,0.6666666666666666,bci2a,0,30,0.6423611111111112,conv_block,true,0.4561222223159104,0.14580233794063854,0.601924560256549,conv_projection,44,reports/atcnet_bci2a_dynamics_true_seed44.json,-0.26723617679668704,0.38687372583865537,0.11963754904196834,hybrid convolutional collapse with attention/TCN reorganization
atcnet,0.6666666666666666,bci2a,0,30,0.6423611111111112,final_layer.0,true,0.07860943752713412,0.5896808875142635,0.6682903250413976,classifier,44,reports/atcnet_bci2a_dynamics_true_seed44.json,-0.10979674394053074,0.12149509657429969,0.011698352633768946,hybrid convolutional collapse with attention/TCN reorganization
atcnet,0.6666666666666666,bci2a,0,30,0.6423611111111112,final_layer.4,true,-0.04643842095933837,0.8994368213393392,0.8529984003800009,classifier,44,reports/atcnet_bci2a_dynamics_true_seed44.json,-0.10637042646373543,0.1298246679223282,0.023454241458592758,hybrid convolutional collapse with attention/TCN reorganization
atcnet,0.6666666666666666,bci2a,0,30,0.6423611111111112,logits,true,-0.0852080710697184,0.7415309798247959,0.6563229087550775,classifier,44,reports/atcnet_bci2a_dynamics_true_seed44.json,-0.14470224015676095,0.17394728914881682,0.029245048992055874,hybrid convolutional collapse with attention/TCN reorganization
atcnet,0.6666666666666666,bci2a,0,30,0.6423611111111112,temporal_conv_nets.0,true,-0.09928300436847126,0.717300227004486,0.6180172226360148,tcn,44,reports/atcnet_bci2a_dynamics_true_seed44.json,-0.31460783469015774,0.3804881474049442,0.06588031271478643,hybrid convolutional collapse with attention/TCN reorganization
atcnet,0.6666666666666666,bci2a,0,30,0.6423611111111112,temporal_conv_nets.2,true,-0.06433927745070867,0.680553551821985,0.6162142743712763,tcn,44,reports/atcnet_bci2a_dynamics_true_seed44.json,-0.28357080006424784,0.33943727509672045,0.05586647503247261,hybrid convolutional collapse with attention/TCN reorganization
atcnet,0.6666666666666666,bci2a,0,30,0.6423611111111112,temporal_conv_nets.4,true,-0.08268765392758426,0.8029940676426749,0.7203064137150906,tcn,44,reports/atcnet_bci2a_dynamics_true_seed44.json,-0.2703382152401538,0.32609120626154636,0.05575299102139258,hybrid convolutional collapse with attention/TCN reorganization
atcnet,0.6875,bci2a,0,30,0.6840277777777778,attention_blocks.0,true,-0.11785450773629236,0.8014309243103488,0.6835764165740564,attention,45,reports/atcnet_bci2a_dynamics_true_seed45.json,-0.2325907034963957,0.3510802158991298,0.11848951240273407,hybrid convolutional collapse with attention/TCN reorganization
atcnet,0.6875,bci2a,0,30,0.6840277777777778,attention_blocks.2,true,-0.10645123562895842,0.8144208998746911,0.7079696642457327,attention,45,reports/atcnet_bci2a_dynamics_true_seed45.json,-0.254013382056906,0.3813327189136069,0.12731933685670094,hybrid convolutional collapse with attention/TCN reorganization
atcnet,0.6875,bci2a,0,30,0.6840277777777778,attention_blocks.4,true,0.047521285193345975,0.7412510308583977,0.7887723160517437,attention,45,reports/atcnet_bci2a_dynamics_true_seed45.json,-0.15621797983438362,0.27607024752631415,0.11985226769193051,hybrid convolutional collapse with attention/TCN reorganization
atcnet,0.6875,bci2a,0,30,0.6840277777777778,conv_block,true,0.5873261236625976,0.13099983932123782,0.7183259629838354,conv_projection,45,reports/atcnet_bci2a_dynamics_true_seed45.json,-0.3155254474944981,0.4241825939704487,0.1086571464759506,hybrid convolutional collapse with attention/TCN reorganization
atcnet,0.6875,bci2a,0,30,0.6840277777777778,final_layer.0,true,-0.26699377044603023,0.8928008340150249,0.6258070635689946,classifier,45,reports/atcnet_bci2a_dynamics_true_seed45.json,-0.06017690193878447,0.0798391883715164,0.019662286432731935,hybrid convolutional collapse with attention/TCN reorganization
atcnet,0.6875,bci2a,0,30,0.6840277777777778,final_layer.4,true,0.07600430173650696,0.863633657353084,0.9396379590895909,classifier,45,reports/atcnet_bci2a_dynamics_true_seed45.json,-0.09484649016692895,0.12244366778751063,0.02759717762058168,hybrid convolutional collapse with attention/TCN reorganization
atcnet,0.6875,bci2a,0,30,0.6840277777777778,logits,true,0.07231433537463794,0.5788992047031399,0.6512135400777779,classifier,45,reports/atcnet_bci2a_dynamics_true_seed45.json,-0.057858581519863395,0.0820714154484085,0.02421283392854511,hybrid convolutional collapse with attention/TCN reorganization
atcnet,0.6875,bci2a,0,30,0.6840277777777778,temporal_conv_nets.0,true,-0.19488284821685042,0.8130173566507953,0.6181345084339449,tcn,45,reports/atcnet_bci2a_dynamics_true_seed45.json,-0.3114194797262788,0.3554882919617174,0.044068812235438584,hybrid convolutional collapse with attention/TCN reorganization
atcnet,0.6875,bci2a,0,30,0.6840277777777778,temporal_conv_nets.2,true,-0.20766129112925336,0.841883568747607,0.6342222776183536,tcn,45,reports/atcnet_bci2a_dynamics_true_seed45.json,-0.2712551728101881,0.34101599052896403,0.06976081771877589,hybrid convolutional collapse with attention/TCN reorganization
atcnet,0.6875,bci2a,0,30,0.6840277777777778,temporal_conv_nets.4,true,0.2091420183077748,0.6319696480557979,0.8411116663635727,tcn,45,reports/atcnet_bci2a_dynamics_true_seed45.json,-0.20038049896032836,0.2885445871705401,0.08816408821021174,hybrid convolutional collapse with attention/TCN reorganization
atcnet,0.6631944444444444,bci2a,0,30,0.6458333333333334,attention_blocks.0,true,-0.09953533667876635,0.7543431784880931,0.6548078418093267,attention,46,reports/atcnet_bci2a_dynamics_true_seed46.json,-0.231800138964025,0.3403943163773424,0.10859417741331742,hybrid convolutional collapse with attention/TCN reorganization
atcnet,0.6631944444444444,bci2a,0,30,0.6458333333333334,attention_blocks.2,true,-0.11004175677618122,0.8281219375783874,0.7180801808022061,attention,46,reports/atcnet_bci2a_dynamics_true_seed46.json,-0.21460002883408164,0.31666134174125965,0.10206131290717803,hybrid convolutional collapse with attention/TCN reorganization
atcnet,0.6631944444444444,bci2a,0,30,0.6458333333333334,attention_blocks.4,true,0.08985827193330531,0.732375002033651,0.8222332739669563,attention,46,reports/atcnet_bci2a_dynamics_true_seed46.json,-0.17631048221859735,0.2597441067353817,0.08343362451678431,hybrid convolutional collapse with attention/TCN reorganization
atcnet,0.6631944444444444,bci2a,0,30,0.6458333333333334,conv_block,true,0.5584707695625379,0.11210001019196587,0.6705707797545039,conv_projection,46,reports/atcnet_bci2a_dynamics_true_seed46.json,-0.2580150839702531,0.36362645006501204,0.10561136609475896,hybrid convolutional collapse with attention/TCN reorganization
atcnet,0.6631944444444444,bci2a,0,30,0.6458333333333334,final_layer.0,true,0.01708813834832812,0.7663552231959858,0.7834433615443139,classifier,46,reports/atcnet_bci2a_dynamics_true_seed46.json,-0.15574156352006496,0.16376125514107034,0.008019691621005371,hybrid convolutional collapse with attention/TCN reorganization
atcnet,0.6631944444444444,bci2a,0,30,0.6458333333333334,final_layer.4,true,0.035118429298040654,0.7556195037192928,0.7907379330173334,classifier,46,reports/atcnet_bci2a_dynamics_true_seed46.json,-0.08407686453514684,0.12115874202264616,0.03708187748749931,hybrid convolutional collapse with attention/TCN reorganization
atcnet,0.6631944444444444,bci2a,0,30,0.6458333333333334,logits,true,0.07358817076351787,0.5760639650459095,0.6496521358094274,classifier,46,reports/atcnet_bci2a_dynamics_true_seed46.json,-0.15666925322714334,0.17735379821209954,0.020684544984956203,hybrid convolutional collapse with attention/TCN reorganization
atcnet,0.6631944444444444,bci2a,0,30,0.6458333333333334,temporal_conv_nets.0,true,-0.05275844431285304,0.7894658357384641,0.736707391425611,tcn,46,reports/atcnet_bci2a_dynamics_true_seed46.json,-0.2912317931407717,0.3425293776154683,0.0512975844746966,hybrid convolutional collapse with attention/TCN reorganization
atcnet,0.6631944444444444,bci2a,0,30,0.6458333333333334,temporal_conv_nets.2,true,0.024299018218705726,0.7634033593581283,0.787702377576834,tcn,46,reports/atcnet_bci2a_dynamics_true_seed46.json,-0.21400906745980317,0.2687043019010029,0.05469523444119975,hybrid convolutional collapse with attention/TCN reorganization
atcnet,0.6631944444444444,bci2a,0,30,0.6458333333333334,temporal_conv_nets.4,true,0.0036929602476417633,0.7610570529432421,0.7647500131908839,tcn,46,reports/atcnet_bci2a_dynamics_true_seed46.json,-0.20372148382653157,0.2595520284840048,0.05583054465747326,hybrid convolutional collapse with attention/TCN reorganization
atcnet,0.28125,bci2a,0,30,0.22569444444444445,attention_blocks.0,shuffled,-0.145542593846972,0.7676863252275548,0.6221437313805828,attention,41,reports/atcnet_bci2a_dynamics_shuffled.json,-0.13757123056597942,0.42613909059316984,0.2885678600271904,hybrid convolutional collapse with attention/TCN reorganization
atcnet,0.28125,bci2a,0,30,0.22569444444444445,attention_blocks.2,shuffled,-0.01815779585912336,0.6506682011361913,0.6325104052770679,attention,41,reports/atcnet_bci2a_dynamics_shuffled.json,-0.07719569413033622,0.345086101070844,0.26789040694050775,hybrid convolutional collapse with attention/TCN reorganization
atcnet,0.28125,bci2a,0,30,0.22569444444444445,attention_blocks.4,shuffled,-0.1403588176905286,0.7663419802488385,0.6259831625583099,attention,41,reports/atcnet_bci2a_dynamics_shuffled.json,-0.13712077969957104,0.36256357032458664,0.2254427906250156,hybrid convolutional collapse with attention/TCN reorganization
atcnet,0.28125,bci2a,0,30,0.22569444444444445,conv_block,shuffled,0.4175490988728181,0.1396373197929087,0.5571864186657268,conv_projection,41,reports/atcnet_bci2a_dynamics_shuffled.json,-0.11972437580063955,0.40359927278143704,0.2838748969807975,hybrid convolutional collapse with attention/TCN reorganization
atcnet,0.28125,bci2a,0,30,0.22569444444444445,final_layer.0,shuffled,-0.10808405748589422,0.8242576602144691,0.7161736027285749,classifier,41,reports/atcnet_bci2a_dynamics_shuffled.json,0.07093276657051242,0.1204217153861738,0.19135448195668622,hybrid convolutional collapse with attention/TCN reorganization
atcnet,0.28125,bci2a,0,30,0.22569444444444445,final_layer.4,shuffled,-0.22719665805814837,0.8739962406533173,0.6467995825951689,classifier,41,reports/atcnet_bci2a_dynamics_shuffled.json,-0.11057457216744354,0.1885258278461284,0.07795125567868486,hybrid convolutional collapse with attention/TCN reorganization
atcnet,0.28125,bci2a,0,30,0.22569444444444445,logits,shuffled,-0.31649895812661943,0.8705982440924201,0.5540992859658007,classifier,41,reports/atcnet_bci2a_dynamics_shuffled.json,-0.06458402381605477,0.19785648505320785,0.13327246123715308,hybrid convolutional collapse with attention/TCN reorganization
atcnet,0.28125,bci2a,0,30,0.22569444444444445,temporal_conv_nets.0,shuffled,-0.036356211997164434,0.7510047475537304,0.7146485355565659,tcn,41,reports/atcnet_bci2a_dynamics_shuffled.json,-0.031193647054558293,0.3410225951129424,0.3098289480583841,hybrid convolutional collapse with attention/TCN reorganization
atcnet,0.28125,bci2a,0,30,0.22569444444444445,temporal_conv_nets.2,shuffled,-0.028728131358761066,0.6593141600938609,0.6305860287350998,tcn,41,reports/atcnet_bci2a_dynamics_shuffled.json,-0.07030681427432633,0.3559128484816189,0.2856060342072926,hybrid convolutional collapse with attention/TCN reorganization
atcnet,0.28125,bci2a,0,30,0.22569444444444445,temporal_conv_nets.4,shuffled,-0.11666697648942814,0.7955752909192597,0.6789083144298316,tcn,41,reports/atcnet_bci2a_dynamics_shuffled.json,-0.12816366628734258,0.3462181427812618,0.2180544764939192,hybrid convolutional collapse with attention/TCN reorganization
atcnet,0.2777777777777778,bci2a,0,30,0.21180555555555555,attention_blocks.0,shuffled,-0.12211308991015357,0.8252759395473496,0.703162849637196,attention,42,reports/atcnet_bci2a_dynamics_shuffled_seed42.json,-0.07104561718058328,0.37601898764434083,0.30497337046375755,hybrid convolutional collapse with attention/TCN reorganization
atcnet,0.2777777777777778,bci2a,0,30,0.21180555555555555,attention_blocks.2,shuffled,-0.032655284738905443,0.7491006232675704,0.716445338528665,attention,42,reports/atcnet_bci2a_dynamics_shuffled_seed42.json,-0.04412510588152546,0.33972030770573197,0.2955952018242065,hybrid convolutional collapse with attention/TCN reorganization
atcnet,0.2777777777777778,bci2a,0,30,0.21180555555555555,attention_blocks.4,shuffled,-0.16935595887505006,0.8088756574239069,0.6395196985488568,attention,42,reports/atcnet_bci2a_dynamics_shuffled_seed42.json,-0.02879914908910375,0.28782259689884704,0.2590234478097433,hybrid convolutional collapse with attention/TCN reorganization
atcnet,0.2777777777777778,bci2a,0,30,0.21180555555555555,conv_block,shuffled,0.4819566303391308,0.15988898764959886,0.6418456179887296,conv_projection,42,reports/atcnet_bci2a_dynamics_shuffled_seed42.json,-0.04841609371583455,0.3543334874252303,0.30591739370939575,hybrid convolutional collapse with attention/TCN reorganization
atcnet,0.2777777777777778,bci2a,0,30,0.21180555555555555,final_layer.0,shuffled,-0.0023768029688605585,0.7803504127159352,0.7779736097470746,classifier,42,reports/atcnet_bci2a_dynamics_shuffled_seed42.json,0.02017288549704707,0.12084317368564071,0.14101605918268778,hybrid convolutional collapse with attention/TCN reorganization
atcnet,0.2777777777777778,bci2a,0,30,0.21180555555555555,final_layer.4,shuffled,0.08031369341032091,0.6669409575832639,0.7472546509935848,classifier,42,reports/atcnet_bci2a_dynamics_shuffled_seed42.json,-0.0771890038255462,0.13963832682688873,0.062449323001342524,hybrid convolutional collapse with attention/TCN reorganization
atcnet,0.2777777777777778,bci2a,0,30,0.21180555555555555,logits,shuffled,0.23916160458339808,0.5265332804522808,0.7656948850356788,classifier,42,reports/atcnet_bci2a_dynamics_shuffled_seed42.json,-0.08684926621241552,0.1633625949100454,0.07651332869762988,hybrid convolutional collapse with attention/TCN reorganization
atcnet,0.2777777777777778,bci2a,0,30,0.21180555555555555,temporal_conv_nets.0,shuffled,-0.04664997302688523,0.7952905480238118,0.7486405749969266,tcn,42,reports/atcnet_bci2a_dynamics_shuffled_seed42.json,0.014948231006737034,0.31682111239638616,0.3317693434031232,hybrid convolutional collapse with attention/TCN reorganization
atcnet,0.2777777777777778,bci2a,0,30,0.21180555555555555,temporal_conv_nets.2,shuffled,0.08089553859976584,0.668228518976368,0.7491240575761339,tcn,42,reports/atcnet_bci2a_dynamics_shuffled_seed42.json,0.004726747712164581,0.3138745961262812,0.3186013438384458,hybrid convolutional collapse with attention/TCN reorganization
atcnet,0.2777777777777778,bci2a,0,30,0.21180555555555555,temporal_conv_nets.4,shuffled,0.04750696974050339,0.6591592982572602,0.7066662679977636,tcn,42,reports/atcnet_bci2a_dynamics_shuffled_seed42.json,-0.011810323710965798,0.2771009415740529,0.2652906178630871,hybrid convolutional collapse with attention/TCN reorganization
atcnet,0.2916666666666667,bci2a,0,30,0.24305555555555555,attention_blocks.0,shuffled,0.008356660761267287,0.7106338312883685,0.7189904920496358,attention,43,reports/atcnet_bci2a_dynamics_shuffled_seed43.json,-0.06641585228694608,0.33237821139717844,0.26596235911023236,hybrid convolutional collapse with attention/TCN reorganization
atcnet,0.2916666666666667,bci2a,0,30,0.24305555555555555,attention_blocks.2,shuffled,-0.01640169483148246,0.7303928576248914,0.7139911627934089,attention,43,reports/atcnet_bci2a_dynamics_shuffled_seed43.json,-0.03450104425788264,0.2909233340392539,0.25642228978137127,hybrid convolutional collapse with attention/TCN reorganization
atcnet,0.2916666666666667,bci2a,0,30,0.24305555555555555,attention_blocks.4,shuffled,0.02790024355688081,0.7007754759826034,0.7286757195394842,attention,43,reports/atcnet_bci2a_dynamics_shuffled_seed43.json,-0.056508466023073745,0.2888018772315984,0.23229341120852465,hybrid convolutional collapse with attention/TCN reorganization
atcnet,0.2916666666666667,bci2a,0,30,0.24305555555555555,conv_block,shuffled,0.49168773625931633,0.16220792613895402,0.6538956623982703,conv_projection,43,reports/atcnet_bci2a_dynamics_shuffled_seed43.json,-0.08709017134409286,0.3637195525212216,0.27662938117712876,hybrid convolutional collapse with attention/TCN reorganization
atcnet,0.2916666666666667,bci2a,0,30,0.24305555555555555,final_layer.0,shuffled,0.08809964594123731,0.7363101840650532,0.8244098300062905,classifier,43,reports/atcnet_bci2a_dynamics_shuffled_seed43.json,-0.016609171174418,0.13536722786166733,0.11875805668724933,hybrid convolutional collapse with attention/TCN reorganization
atcnet,0.2916666666666667,bci2a,0,30,0.24305555555555555,final_layer.4,shuffled,0.23841152568496088,0.4895357764480714,0.7279473021330323,classifier,43,reports/atcnet_bci2a_dynamics_shuffled_seed43.json,-0.05568035203420567,0.12702369924454668,0.07134334721034101,hybrid convolutional collapse with attention/TCN reorganization
atcnet,0.2916666666666667,bci2a,0,30,0.24305555555555555,logits,shuffled,-0.0007531767637830589,0.7899180939043068,0.7891649171405237,classifier,43,reports/atcnet_bci2a_dynamics_shuffled_seed43.json,0.04010699714291027,0.09852650409823752,0.1386335012411478,hybrid convolutional collapse with attention/TCN reorganization
atcnet,0.2916666666666667,bci2a,0,30,0.24305555555555555,temporal_conv_nets.0,shuffled,0.08127644626910058,0.684209391489829,0.7654858377589295,tcn,43,reports/atcnet_bci2a_dynamics_shuffled_seed43.json,-0.06020277185599254,0.3252701105262602,0.26506733867026766,hybrid convolutional collapse with attention/TCN reorganization
atcnet,0.2916666666666667,bci2a,0,30,0.24305555555555555,temporal_conv_nets.2,shuffled,0.05023528539223243,0.7365451148679045,0.786780400260137,tcn,43,reports/atcnet_bci2a_dynamics_shuffled_seed43.json,-0.014419438267856355,0.2896953695646025,0.27527593129674616,hybrid convolutional collapse with attention/TCN reorganization
atcnet,0.2916666666666667,bci2a,0,30,0.24305555555555555,temporal_conv_nets.4,shuffled,0.11491572031025088,0.6245765369376227,0.7394922572478736,tcn,43,reports/atcnet_bci2a_dynamics_shuffled_seed43.json,-0.05369301848188085,0.28103380771357794,0.2273407892316971,hybrid convolutional collapse with attention/TCN reorganization
atcnet,0.2569444444444444,bci2a,0,30,0.22916666666666666,attention_blocks.0,shuffled,0.03466993543525565,0.6678911893912243,0.7025611248264799,attention,44,reports/atcnet_bci2a_dynamics_shuffled_seed44.json,-0.07448682420653152,0.36534315758836644,0.2908563333818349,hybrid convolutional collapse with attention/TCN reorganization
atcnet,0.2569444444444444,bci2a,0,30,0.22916666666666666,attention_blocks.2,shuffled,-0.09039485677005654,0.7713451721365436,0.6809503153664871,attention,44,reports/atcnet_bci2a_dynamics_shuffled_seed44.json,-0.09848282738738118,0.3680086794404517,0.2695258520530705,hybrid convolutional collapse with attention/TCN reorganization
atcnet,0.2569444444444444,bci2a,0,30,0.22916666666666666,attention_blocks.4,shuffled,-0.1848100779895674,0.8116510362282965,0.6268409582387291,attention,44,reports/atcnet_bci2a_dynamics_shuffled_seed44.json,-0.061307266070190936,0.27375816235513384,0.2124508962849429,hybrid convolutional collapse with attention/TCN reorganization
atcnet,0.2569444444444444,bci2a,0,30,0.22916666666666666,conv_block,shuffled,0.4578572144148665,0.14580233794063854,0.6036595523555051,conv_projection,44,reports/atcnet_bci2a_dynamics_shuffled_seed44.json,-0.1146468299902868,0.38687372583865537,0.27222689584836857,hybrid convolutional collapse with attention/TCN reorganization
atcnet,0.2569444444444444,bci2a,0,30,0.22916666666666666,final_layer.0,shuffled,0.16978971271384047,0.5896808875142635,0.759470600228104,classifier,44,reports/atcnet_bci2a_dynamics_shuffled_seed44.json,-0.00679810646950757,0.12149509657429969,0.11469699010479212,hybrid convolutional collapse with attention/TCN reorganization
atcnet,0.2569444444444444,bci2a,0,30,0.22916666666666666,final_layer.4,shuffled,-0.2766549745001369,0.8994368213393392,0.6227818468392023,classifier,44,reports/atcnet_bci2a_dynamics_shuffled_seed44.json,0.004458604977841368,0.1298246679223282,0.13428327290016956,hybrid convolutional collapse with attention/TCN reorganization
atcnet,0.2569444444444444,bci2a,0,30,0.22916666666666666,logits,shuffled,0.08630931421869537,0.7415309798247959,0.8278402940434912,classifier,44,reports/atcnet_bci2a_dynamics_shuffled_seed44.json,-0.08065435443773374,0.17394728914881682,0.09329293471108309,hybrid convolutional collapse with attention/TCN reorganization
atcnet,0.2569444444444444,bci2a,0,30,0.22916666666666666,temporal_conv_nets.0,shuffled,0.05557988728028196,0.717300227004486,0.772880114284768,tcn,44,reports/atcnet_bci2a_dynamics_shuffled_seed44.json,-0.08865319257156667,0.3804881474049442,0.2918349548333775,hybrid convolutional collapse with attention/TCN reorganization
atcnet,0.2569444444444444,bci2a,0,30,0.22916666666666666,temporal_conv_nets.2,shuffled,0.05402579619695436,0.680553551821985,0.7345793480189393,tcn,44,reports/atcnet_bci2a_dynamics_shuffled_seed44.json,-0.04073834319507319,0.33943727509672045,0.29869893190164726,hybrid convolutional collapse with attention/TCN reorganization
atcnet,0.2569444444444444,bci2a,0,30,0.22916666666666666,temporal_conv_nets.4,shuffled,-0.10274805425656786,0.8029940676426749,0.700246013386107,tcn,44,reports/atcnet_bci2a_dynamics_shuffled_seed44.json,-0.03877806994083355,0.32609120626154636,0.2873131363207128,hybrid convolutional collapse with attention/TCN reorganization
atcnet,0.23958333333333334,bci2a,0,30,0.1701388888888889,attention_blocks.0,shuffled,-0.06785437922036108,0.8014309243103488,0.7335765450899877,attention,45,reports/atcnet_bci2a_dynamics_shuffled_seed45.json,-0.03764996320626518,0.3510802158991298,0.3134302526928646,hybrid convolutional collapse with attention/TCN reorganization
atcnet,0.23958333333333334,bci2a,0,30,0.1701388888888889,attention_blocks.2,shuffled,-0.16283688797780893,0.8144208998746911,0.6515840118968822,attention,45,reports/atcnet_bci2a_dynamics_shuffled_seed45.json,-0.0655658835053588,0.3813327189136069,0.3157668354082481,hybrid convolutional collapse with attention/TCN reorganization
atcnet,0.23958333333333334,bci2a,0,30,0.1701388888888889,attention_blocks.4,shuffled,0.019739489321218162,0.7412510308583977,0.7609905201796159,attention,45,reports/atcnet_bci2a_dynamics_shuffled_seed45.json,0.0036577474690290823,0.27607024752631415,0.27972799499534323,hybrid convolutional collapse with attention/TCN reorganization
atcnet,0.23958333333333334,bci2a,0,30,0.1701388888888889,conv_block,shuffled,0.5005895681967574,0.13099983932123782,0.6315894075179952,conv_projection,45,reports/atcnet_bci2a_dynamics_shuffled_seed45.json,-0.09861720953870706,0.4241825939704487,0.32556538443174166,hybrid convolutional collapse with attention/TCN reorganization
atcnet,0.23958333333333334,bci2a,0,30,0.1701388888888889,final_layer.0,shuffled,-0.06256224359887186,0.8928008340150249,0.830238590416153,classifier,45,reports/atcnet_bci2a_dynamics_shuffled_seed45.json,0.08952105230142379,0.0798391883715164,0.1693602406729402,hybrid convolutional collapse with attention/TCN reorganization
atcnet,0.23958333333333334,bci2a,0,30,0.1701388888888889,final_layer.4,shuffled,-0.0075851136377032,0.863633657353084,0.8560485437153807,classifier,45,reports/atcnet_bci2a_dynamics_shuffled_seed45.json,-0.04176410261814795,0.12244366778751063,0.08067956516936269,hybrid convolutional collapse with attention/TCN reorganization
atcnet,0.23958333333333334,bci2a,0,30,0.1701388888888889,logits,shuffled,0.2066754729038106,0.5788992047031399,0.7855746776069505,classifier,45,reports/atcnet_bci2a_dynamics_shuffled_seed45.json,0.03418274765835681,0.0820714154484085,0.11625416310676531,hybrid convolutional collapse with attention/TCN reorganization
atcnet,0.23958333333333334,bci2a,0,30,0.1701388888888889,temporal_conv_nets.0,shuffled,-0.03605080072556377,0.8130173566507953,0.7769665559252316,tcn,45,reports/atcnet_bci2a_dynamics_shuffled_seed45.json,-0.03351792563286371,0.3554882919617174,0.3219703663288537,hybrid convolutional collapse with attention/TCN reorganization
atcnet,0.23958333333333334,bci2a,0,30,0.1701388888888889,temporal_conv_nets.2,shuffled,-0.15333490532888527,0.841883568747607,0.6885486634187217,tcn,45,reports/atcnet_bci2a_dynamics_shuffled_seed45.json,0.03412944626515202,0.34101599052896403,0.37514543679411605,hybrid convolutional collapse with attention/TCN reorganization
atcnet,0.23958333333333334,bci2a,0,30,0.1701388888888889,temporal_conv_nets.4,shuffled,0.12518480583481306,0.6319696480557979,0.757154453890611,tcn,45,reports/atcnet_bci2a_dynamics_shuffled_seed45.json,-4.7991995068163984e-05,0.2885445871705401,0.28849659517547194,hybrid convolutional collapse with attention/TCN reorganization
atcnet,0.3159722222222222,bci2a,0,30,0.2604166666666667,attention_blocks.0,shuffled,-0.08577363415859085,0.7543431784880931,0.6685695443295022,attention,46,reports/atcnet_bci2a_dynamics_shuffled_seed46.json,-0.10647272769070493,0.3403943163773424,0.23392158868663748,hybrid convolutional collapse with attention/TCN reorganization
atcnet,0.3159722222222222,bci2a,0,30,0.2604166666666667,attention_blocks.2,shuffled,-0.2247851750255807,0.8281219375783874,0.6033367625528067,attention,46,reports/atcnet_bci2a_dynamics_shuffled_seed46.json,-0.08224318105232409,0.31666134174125965,0.23441816068893556,hybrid convolutional collapse with attention/TCN reorganization
atcnet,0.3159722222222222,bci2a,0,30,0.2604166666666667,attention_blocks.4,shuffled,-0.04518738318059523,0.732375002033651,0.6871876188530558,attention,46,reports/atcnet_bci2a_dynamics_shuffled_seed46.json,-0.047989997380815275,0.2597441067353817,0.2117541093545664,hybrid convolutional collapse with attention/TCN reorganization
atcnet,0.3159722222222222,bci2a,0,30,0.2604166666666667,conv_block,shuffled,0.4649927775948682,0.11210001019196587,0.577092787786834,conv_projection,46,reports/atcnet_bci2a_dynamics_shuffled_seed46.json,-0.10150839909943482,0.36362645006501204,0.2621180509655772,hybrid convolutional collapse with attention/TCN reorganization
atcnet,0.3159722222222222,bci2a,0,30,0.2604166666666667,final_layer.0,shuffled,0.02967002470664082,0.7663552231959858,0.7960252479026266,classifier,46,reports/atcnet_bci2a_dynamics_shuffled_seed46.json,-0.016730158399295203,0.16376125514107034,0.14703109674177514,hybrid convolutional collapse with attention/TCN reorganization
atcnet,0.3159722222222222,bci2a,0,30,0.2604166666666667,final_layer.4,shuffled,0.014654947084031922,0.7556195037192928,0.7702744508033247,classifier,46,reports/atcnet_bci2a_dynamics_shuffled_seed46.json,-0.0005957278873656574,0.12115874202264616,0.1205630141352805,hybrid convolutional collapse with attention/TCN reorganization
atcnet,0.3159722222222222,bci2a,0,30,0.2604166666666667,logits,shuffled,0.053374179770712016,0.5760639650459095,0.6294381448166215,classifier,46,reports/atcnet_bci2a_dynamics_shuffled_seed46.json,-0.0432236451633935,0.17735379821209954,0.13413015304870604,hybrid convolutional collapse with attention/TCN reorganization
atcnet,0.3159722222222222,bci2a,0,30,0.2604166666666667,temporal_conv_nets.0,shuffled,-0.09111786681521195,0.7894658357384641,0.6983479689232521,tcn,46,reports/atcnet_bci2a_dynamics_shuffled_seed46.json,-0.10069369324772223,0.3425293776154683,0.24183568436774608,hybrid convolutional collapse with attention/TCN reorganization
atcnet,0.3159722222222222,bci2a,0,30,0.2604166666666667,temporal_conv_nets.2,shuffled,-0.12772728490974783,0.7634033593581283,0.6356760744483805,tcn,46,reports/atcnet_bci2a_dynamics_shuffled_seed46.json,-0.02610854218096309,0.2687043019010029,0.24259575972003983,hybrid convolutional collapse with attention/TCN reorganization
atcnet,0.3159722222222222,bci2a,0,30,0.2604166666666667,temporal_conv_nets.4,shuffled,-0.06341493701403489,0.7610570529432421,0.6976421159292072,tcn,46,reports/atcnet_bci2a_dynamics_shuffled_seed46.json,-0.05944819735424281,0.2595520284840048,0.20010383112976202,hybrid convolutional collapse with attention/TCN reorganization
eegnet,0.6545,sleepedf_full,0,20,0.6425,bnorm_1,true,0.44464835287578136,0.000556287013302459,0.4452046398890838,early_filtering,41,reports/sleepedf_full_eegnet_dynamics_true_seed41.json,-0.48365859246477355,0.6518390807166868,0.16818048825191328,progressive collapse
eegnet,0.6545,sleepedf_full,0,20,0.6425,bnorm_2,true,0.35005761803777347,0.010215433094856867,0.3602730511326303,separable_body,41,reports/sleepedf_full_eegnet_dynamics_true_seed41.json,-0.3985242360167369,0.4660182569201058,0.06749402090336884,progressive collapse
eegnet,0.6545,sleepedf_full,0,20,0.6425,bnorm_temporal,true,0.011992977007764158,0.0005288927178434668,0.012521869725607624,early_filtering,41,reports/sleepedf_full_eegnet_dynamics_true_seed41.json,-0.5773054614297974,0.7809230160575065,0.203617554627709,progressive collapse
eegnet,0.6545,sleepedf_full,0,20,0.6425,conv_separable_depth,true,0.649083872173549,0.008428373862590096,0.6575122460361391,separable_body,41,reports/sleepedf_full_eegnet_dynamics_true_seed41.json,-0.21308511327873542,0.4472078289285458,0.2341227156498104,progressive collapse
eegnet,0.6545,sleepedf_full,0,20,0.6425,conv_separable_point,true,0.5185983888589893,0.01021543306297548,0.5288138219219648,separable_body,41,reports/sleepedf_full_eegnet_dynamics_true_seed41.json,-0.39437609523639217,0.4660182569201058,0.0716421616837136,progressive collapse
eegnet,0.6545,sleepedf_full,0,20,0.6425,conv_spatial,true,0.014491976835302834,0.0005562870045505419,0.015048263839853375,early_filtering,41,reports/sleepedf_full_eegnet_dynamics_true_seed41.json,-0.4783407392175094,0.6518390807166868,0.17349834149917742,progressive collapse
eegnet,0.6545,sleepedf_full,0,20,0.6425,conv_temporal,true,0.0006262080788646598,0.0005288927297096418,0.0011551008085743015,early_filtering,41,reports/sleepedf_full_eegnet_dynamics_true_seed41.json,-0.3513779626436517,0.7809230160575065,0.4295450534138548,progressive collapse
eegnet,0.6545,sleepedf_full,0,20,0.6425,elu_1,true,0.41594984772068855,0.0007973637656872189,0.4167472114863758,other,41,reports/sleepedf_full_eegnet_dynamics_true_seed41.json,-0.5287290802269852,0.6749733194686464,0.14624423924166122,progressive collapse
eegnet,0.6545,sleepedf_full,0,20,0.6425,elu_2,true,0.3970832618084906,0.010213059175428559,0.40729632098391916,other,41,reports/sleepedf_full_eegnet_dynamics_true_seed41.json,-0.39780228229140036,0.47156567099750146,0.07376338870610112,progressive collapse
eegnet,0.6545,sleepedf_full,0,20,0.6425,final_layer.conv_classifier,true,0.38650816053414755,0.37585596533023263,0.7623641258643802,classifier,41,reports/sleepedf_full_eegnet_dynamics_true_seed41.json,-0.039656989843358845,0.10342640234961732,0.06376941250625848,progressive collapse
eegnet,0.6545,sleepedf_full,0,20,0.6425,logits,true,0.38650816053414755,0.37585596533023263,0.7623641258643802,classifier,41,reports/sleepedf_full_eegnet_dynamics_true_seed41.json,-0.039656989843358845,0.10342640234961732,0.06376941250625848,progressive collapse
eegnet,0.6545,sleepedf_full,0,20,0.6425,pool_1,true,0.5184210728362071,0.0074058479372531094,0.5258269207734602,other,41,reports/sleepedf_full_eegnet_dynamics_true_seed41.json,-0.25639786808883475,0.5101601950861883,0.2537623269973535,progressive collapse
eegnet,0.6545,sleepedf_full,0,20,0.6425,pool_2,true,0.5415397828123615,0.05609599431125607,0.5976357771236176,separable_body,41,reports/sleepedf_full_eegnet_dynamics_true_seed41.json,-0.20928797341034255,0.4047433123524783,0.19545533894213574,progressive collapse
eegnet,0.6605,sleepedf_full,0,20,0.6265,bnorm_1,true,0.5167618673545303,0.0003981756458853456,0.5171600430004156,early_filtering,42,reports/sleepedf_full_eegnet_dynamics_true_seed42.json,-0.4821217522888205,0.609260201344682,0.1271384490558615,progressive collapse
eegnet,0.6605,sleepedf_full,0,20,0.6265,bnorm_2,true,0.34833944897860153,0.010098632433459103,0.3584380814120606,separable_body,42,reports/sleepedf_full_eegnet_dynamics_true_seed42.json,-0.45174566152278084,0.4923221358450754,0.04057647432229453,progressive collapse
eegnet,0.6605,sleepedf_full,0,20,0.6265,bnorm_temporal,true,0.021546067468336462,0.00031413348212344324,0.021860200950459905,early_filtering,42,reports/sleepedf_full_eegnet_dynamics_true_seed42.json,-0.5731119653705954,0.7288651192043698,0.1557531538337744,progressive collapse
eegnet,0.6605,sleepedf_full,0,20,0.6265,conv_separable_depth,true,0.6139739789417964,0.00955630845453384,0.6235302873963302,separable_body,42,reports/sleepedf_full_eegnet_dynamics_true_seed42.json,-0.3494550304878048,0.475695162184393,0.1262401316965882,progressive collapse
eegnet,0.6605,sleepedf_full,0,20,0.6265,conv_separable_point,true,0.5110844714938149,0.010098632430694376,0.5211831039245093,separable_body,42,reports/sleepedf_full_eegnet_dynamics_true_seed42.json,-0.4557087351902431,0.4923221358450754,0.03661340065483234,progressive collapse
eegnet,0.6605,sleepedf_full,0,20,0.6265,conv_spatial,true,0.048160380047901546,0.00039817564916969653,0.048558555697071244,early_filtering,42,reports/sleepedf_full_eegnet_dynamics_true_seed42.json,-0.43476732932193685,0.609260201344682,0.17449287202274513,progressive collapse
eegnet,0.6605,sleepedf_full,0,20,0.6265,conv_temporal,true,0.0004190115270597114,0.0003141334632860237,0.0007331449903457351,early_filtering,42,reports/sleepedf_full_eegnet_dynamics_true_seed42.json,-0.4243246797424281,0.7288651339317644,0.30454045418933634,progressive collapse
eegnet,0.6605,sleepedf_full,0,20,0.6265,elu_1,true,0.46685001466873094,0.0007159180845086362,0.4675659327532396,other,42,reports/sleepedf_full_eegnet_dynamics_true_seed42.json,-0.5452436677455116,0.6421336657785565,0.09688999803304484,progressive collapse
eegnet,0.6605,sleepedf_full,0,20,0.6265,elu_2,true,0.3956852489928096,0.010098506470918932,0.4057837554637285,other,42,reports/sleepedf_full_eegnet_dynamics_true_seed42.json,-0.46149804869108063,0.5007418885451683,0.039243839854087685,progressive collapse
eegnet,0.6605,sleepedf_full,0,20,0.6265,final_layer.conv_classifier,true,0.3308810960181713,0.3821984943190424,0.7130795903372137,classifier,42,reports/sleepedf_full_eegnet_dynamics_true_seed42.json,-0.1532668889922037,0.1587149524354481,0.0054480634432444025,progressive collapse
eegnet,0.6605,sleepedf_full,0,20,0.6265,logits,true,0.3308810960181713,0.3821984943190424,0.7130795903372137,classifier,42,reports/sleepedf_full_eegnet_dynamics_true_seed42.json,-0.1532668889922037,0.1587149524354481,0.0054480634432444025,progressive collapse
eegnet,0.6605,sleepedf_full,0,20,0.6265,pool_1,true,0.5743158735181625,0.008082984755199533,0.582398858273362,other,42,reports/sleepedf_full_eegnet_dynamics_true_seed42.json,-0.32833567795387575,0.5049122819163963,0.17657660396252053,progressive collapse
eegnet,0.6605,sleepedf_full,0,20,0.6265,pool_2,true,0.5768508218892432,0.04769038113290383,0.624541203022147,separable_body,42,reports/sleepedf_full_eegnet_dynamics_true_seed42.json,-0.29299010710964873,0.39420560716329295,0.10121550005364421,progressive collapse
eegnet,0.6475,sleepedf_full,0,20,0.634,bnorm_1,true,0.4200339141359436,0.0005130865396865481,0.42054700067563017,early_filtering,43,reports/sleepedf_full_eegnet_dynamics_true_seed43.json,-0.35265873104570483,0.46547336563908154,0.1128146345933767,progressive collapse
eegnet,0.6475,sleepedf_full,0,20,0.634,bnorm_2,true,0.3616182626670133,0.010259444692614406,0.3718777073596277,separable_body,43,reports/sleepedf_full_eegnet_dynamics_true_seed43.json,-0.3829352111794577,0.4009115943065588,0.017976383127101064,progressive collapse
eegnet,0.6475,sleepedf_full,0,20,0.634,bnorm_temporal,true,0.015922911500646834,0.00039915307703825264,0.016322064577685088,early_filtering,43,reports/sleepedf_full_eegnet_dynamics_true_seed43.json,-0.46393883887061005,0.6730970044167083,0.20915816554609823,progressive collapse
eegnet,0.6475,sleepedf_full,0,20,0.634,conv_separable_depth,true,0.5828092910124627,0.008555873937645345,0.591365164950108,separable_body,43,reports/sleepedf_full_eegnet_dynamics_true_seed43.json,-0.2926413078463629,0.4134753862384664,0.12083407839210356,progressive collapse
eegnet,0.6475,sleepedf_full,0,20,0.634,conv_separable_point,true,0.47636399642573557,0.010259444677799894,0.48662344110353545,separable_body,43,reports/sleepedf_full_eegnet_dynamics_true_seed43.json,-0.3914266024004531,0.4009148029047089,0.009488200504255775,progressive collapse
eegnet,0.6475,sleepedf_full,0,20,0.634,conv_spatial,true,0.040243273418815236,0.0005130865397221254,0.04075635995853736,early_filtering,43,reports/sleepedf_full_eegnet_dynamics_true_seed43.json,-0.2783403381862921,0.4654732887084293,0.18713295052213716,progressive collapse
eegnet,0.6475,sleepedf_full,0,20,0.634,conv_temporal,true,0.0004510143382159601,0.00039915309446469726,0.0008501674326806573,early_filtering,43,reports/sleepedf_full_eegnet_dynamics_true_seed43.json,-0.11717075697619117,0.6730970044167083,0.5559262474405171,progressive collapse
eegnet,0.6475,sleepedf_full,0,20,0.634,elu_1,true,0.38168602214351927,0.0006315129689134846,0.38231753511243277,other,43,reports/sleepedf_full_eegnet_dynamics_true_seed43.json,-0.4034280899077318,0.5126819880552177,0.10925389814748586,progressive collapse
eegnet,0.6475,sleepedf_full,0,20,0.634,elu_2,true,0.42043264705865213,0.010238994851674977,0.4306716419103271,other,43,reports/sleepedf_full_eegnet_dynamics_true_seed43.json,-0.4008314297081753,0.4149035297904298,0.014072100082254485,progressive collapse
eegnet,0.6475,sleepedf_full,0,20,0.634,final_layer.conv_classifier,true,0.37104964017289305,0.4031601882710731,0.7742098284439661,classifier,43,reports/sleepedf_full_eegnet_dynamics_true_seed43.json,-0.12842384307274157,0.12980135988126743,0.0013775168085258564,progressive collapse
eegnet,0.6475,sleepedf_full,0,20,0.634,logits,true,0.37104964017289305,0.4031601882710731,0.7742098284439661,classifier,43,reports/sleepedf_full_eegnet_dynamics_true_seed43.json,-0.12842384307274157,0.12980135988126743,0.0013775168085258564,progressive collapse
eegnet,0.6475,sleepedf_full,0,20,0.634,pool_1,true,0.4898430351971093,0.007103667208478263,0.4969467024055876,other,43,reports/sleepedf_full_eegnet_dynamics_true_seed43.json,-0.3079221366247589,0.4390593049245944,0.13113716829983546,progressive collapse
eegnet,0.6475,sleepedf_full,0,20,0.634,pool_2,true,0.57453926173261,0.07610414680466723,0.6506434085372773,separable_body,43,reports/sleepedf_full_eegnet_dynamics_true_seed43.json,-0.21855777483727915,0.3479969132215149,0.12943913838423574,progressive collapse
eegnet,0.661,sleepedf_full,0,20,0.661,bnorm_1,true,0.48539807613203717,0.0008335319828850283,0.4862316081149222,early_filtering,44,reports/sleepedf_full_eegnet_dynamics_true_seed44.json,-0.25010499740719544,0.44045733942493376,0.19035234201773832,progressive collapse
eegnet,0.661,sleepedf_full,0,20,0.661,bnorm_2,true,0.4310503437577504,0.009351758667764217,0.44040210242551464,separable_body,44,reports/sleepedf_full_eegnet_dynamics_true_seed44.json,-0.32030719145626196,0.39206421885058285,0.07175702739432085,progressive collapse
eegnet,0.661,sleepedf_full,0,20,0.661,bnorm_temporal,true,0.03352436059988459,0.0006550412573694269,0.034179401857254016,early_filtering,44,reports/sleepedf_full_eegnet_dynamics_true_seed44.json,-0.4302465243853447,0.6662697384683615,0.2360232140830167,progressive collapse
eegnet,0.661,sleepedf_full,0,20,0.661,conv_separable_depth,true,0.6574099986268506,0.00736200750368777,0.6647720061305383,separable_body,44,reports/sleepedf_full_eegnet_dynamics_true_seed44.json,-0.20969907936987664,0.41395827488521886,0.20425919551534222,progressive collapse
eegnet,0.661,sleepedf_full,0,20,0.661,conv_separable_point,true,0.5951447261857078,0.009351758682778204,0.604496484868486,separable_body,44,reports/sleepedf_full_eegnet_dynamics_true_seed44.json,-0.3064010643909591,0.39206421885058285,0.08566315445962376,progressive collapse
eegnet,0.661,sleepedf_full,0,20,0.661,conv_spatial,true,0.058821259870660496,0.0008335319665486127,0.059654791837209106,early_filtering,44,reports/sleepedf_full_eegnet_dynamics_true_seed44.json,-0.127899660700236,0.44045733942493376,0.31255767872469775,progressive collapse
eegnet,0.661,sleepedf_full,0,20,0.661,conv_temporal,true,0.00042616930274912243,0.0006550412552629238,0.0010812105580120463,early_filtering,44,reports/sleepedf_full_eegnet_dynamics_true_seed44.json,-0.37968755587940767,0.6662698818932836,0.28658232601387595,progressive collapse
eegnet,0.661,sleepedf_full,0,20,0.661,elu_1,true,0.4517252629009048,0.00100987642844058,0.4527351393293454,other,44,reports/sleepedf_full_eegnet_dynamics_true_seed44.json,-0.30751924486803517,0.4869629430119447,0.17944369814390956,progressive collapse
eegnet,0.661,sleepedf_full,0,20,0.661,elu_2,true,0.46662183848866834,0.009355463164798773,0.47597730165346713,other,44,reports/sleepedf_full_eegnet_dynamics_true_seed44.json,-0.33486937629640223,0.3997098405872255,0.06484046429082325,progressive collapse
eegnet,0.661,sleepedf_full,0,20,0.661,final_layer.conv_classifier,true,0.3738649091101155,0.38454078602278785,0.7584056951329033,classifier,44,reports/sleepedf_full_eegnet_dynamics_true_seed44.json,-0.11615784368070951,0.14013390941277445,0.02397606573206494,progressive collapse
eegnet,0.661,sleepedf_full,0,20,0.661,logits,true,0.3738649091101155,0.38454078602278785,0.7584056951329033,classifier,44,reports/sleepedf_full_eegnet_dynamics_true_seed44.json,-0.11615784368070951,0.14013390941277445,0.02397606573206494,progressive collapse
eegnet,0.661,sleepedf_full,0,20,0.661,pool_1,true,0.5353421828598163,0.006556991887083855,0.5418991747469001,other,44,reports/sleepedf_full_eegnet_dynamics_true_seed44.json,-0.20090321239539372,0.38842845871182313,0.18752524631642942,progressive collapse
eegnet,0.661,sleepedf_full,0,20,0.661,pool_2,true,0.5945716709744169,0.06439156684102537,0.6589632378154423,separable_body,44,reports/sleepedf_full_eegnet_dynamics_true_seed44.json,-0.1902277085866533,0.3503358240648022,0.16010811547814888,progressive collapse
eegnet,0.64,sleepedf_full,0,20,0.633,bnorm_1,true,0.37881229242981707,0.0005298967655506653,0.3793421891953677,early_filtering,45,reports/sleepedf_full_eegnet_dynamics_true_seed45.json,-0.57583211143695,0.6768180030040768,0.1009858915671268,progressive collapse
eegnet,0.64,sleepedf_full,0,20,0.633,bnorm_2,true,0.43702424395897205,0.010386042244760585,0.44741028620373263,separable_body,45,reports/sleepedf_full_eegnet_dynamics_true_seed45.json,-0.2990542463075146,0.40784496593591296,0.10879071962839836,progressive collapse
eegnet,0.64,sleepedf_full,0,20,0.633,bnorm_temporal,true,0.006830420903526869,0.0003485140737175021,0.007178934977244371,early_filtering,45,reports/sleepedf_full_eegnet_dynamics_true_seed45.json,-0.654250340753437,0.7602893848132325,0.10603904405979542,progressive collapse
eegnet,0.64,sleepedf_full,0,20,0.633,conv_separable_depth,true,0.6276917120206136,0.00956597380520504,0.6372576858258187,separable_body,45,reports/sleepedf_full_eegnet_dynamics_true_seed45.json,-0.23375339746799223,0.42306532079250403,0.1893119233245118,progressive collapse
eegnet,0.64,sleepedf_full,0,20,0.633,conv_separable_point,true,0.5453689274171183,0.010386042225685389,0.5557549696428037,separable_body,45,reports/sleepedf_full_eegnet_dynamics_true_seed45.json,-0.30330298708962156,0.40784496593591296,0.10454197884629138,progressive collapse
eegnet,0.64,sleepedf_full,0,20,0.633,conv_spatial,true,0.005142041026279146,0.000529896764646401,0.0056719377909255474,early_filtering,45,reports/sleepedf_full_eegnet_dynamics_true_seed45.json,-0.4830893154101994,0.6768180030040768,0.19372868759387737,progressive collapse
eegnet,0.64,sleepedf_full,0,20,0.633,conv_temporal,true,0.0003312197060184085,0.00034851407972216986,0.0006797337857405784,early_filtering,45,reports/sleepedf_full_eegnet_dynamics_true_seed45.json,-0.5154044461017653,0.7602887757276862,0.24488432962592085,progressive collapse
eegnet,0.64,sleepedf_full,0,20,0.633,elu_1,true,0.3323086201657082,0.0007753179284587237,0.3330839380941669,other,45,reports/sleepedf_full_eegnet_dynamics_true_seed45.json,-0.6106529620556469,0.6954040528216865,0.08475109076603961,progressive collapse
eegnet,0.64,sleepedf_full,0,20,0.633,elu_2,true,0.4762450605821113,0.010398909327007095,0.4866439699091184,other,45,reports/sleepedf_full_eegnet_dynamics_true_seed45.json,-0.3114601401008511,0.41198802169015086,0.10052788158929975,progressive collapse
eegnet,0.64,sleepedf_full,0,20,0.633,final_layer.conv_classifier,true,0.3491199575952381,0.38520036694996224,0.7343203245452004,classifier,45,reports/sleepedf_full_eegnet_dynamics_true_seed45.json,-0.08857566742364636,0.13426049191760245,0.045684824493956076,progressive collapse
eegnet,0.64,sleepedf_full,0,20,0.633,logits,true,0.3491199575952381,0.38520036694996224,0.7343203245452004,classifier,45,reports/sleepedf_full_eegnet_dynamics_true_seed45.json,-0.08857566742364636,0.13426049191760245,0.045684824493956076,progressive collapse
eegnet,0.64,sleepedf_full,0,20,0.633,pool_1,true,0.4360928779083496,0.00942397494635165,0.4455168528547013,other,45,reports/sleepedf_full_eegnet_dynamics_true_seed45.json,-0.3645512771797439,0.5244920561833917,0.15994077900364778,progressive collapse
eegnet,0.64,sleepedf_full,0,20,0.633,pool_2,true,0.5398392718251868,0.10236099442005434,0.6422002662452411,separable_body,45,reports/sleepedf_full_eegnet_dynamics_true_seed45.json,-0.1569109528109577,0.34307049522566335,0.18615954241470564,progressive collapse
eegnet,0.6635,sleepedf_full,0,20,0.6465,bnorm_1,true,0.4394421677726245,0.0006687381199904886,0.440110905892615,early_filtering,46,reports/sleepedf_full_eegnet_dynamics_true_seed46.json,-0.49475832684551835,0.6035021860024318,0.10874385915691345,progressive collapse
eegnet,0.6635,sleepedf_full,0,20,0.6465,bnorm_2,true,0.43159642573799323,0.011478692888597408,0.44307511862659066,separable_body,46,reports/sleepedf_full_eegnet_dynamics_true_seed46.json,-0.3757456602294988,0.43862888697160424,0.06288322674210543,progressive collapse
eegnet,0.6635,sleepedf_full,0,20,0.6465,bnorm_temporal,true,0.021651205111043348,0.0004829183262345684,0.022134123437277917,early_filtering,46,reports/sleepedf_full_eegnet_dynamics_true_seed46.json,-0.4372853671947643,0.5509656632215149,0.11368029602675057,progressive collapse
eegnet,0.6635,sleepedf_full,0,20,0.6465,conv_separable_depth,true,0.6447604896559731,0.010148313522509734,0.6549088031784829,separable_body,46,reports/sleepedf_full_eegnet_dynamics_true_seed46.json,-0.2838872020043971,0.46332096478960555,0.17943376278520848,progressive collapse
eegnet,0.6635,sleepedf_full,0,20,0.6465,conv_separable_point,true,0.5418069286284686,0.011478692872784125,0.5532856215012527,separable_body,46,reports/sleepedf_full_eegnet_dynamics_true_seed46.json,-0.37499244632957807,0.4386260718749611,0.06363362554538302,progressive collapse
eegnet,0.6635,sleepedf_full,0,20,0.6465,conv_spatial,true,0.023528363781612632,0.0006687381186933115,0.024197101900305943,early_filtering,46,reports/sleepedf_full_eegnet_dynamics_true_seed46.json,-0.36985896037479427,0.6035021860024318,0.23364322562763748,progressive collapse
eegnet,0.6635,sleepedf_full,0,20,0.6465,conv_temporal,true,8.746731117487106e-05,0.0004829183106709417,0.0005703856218458128,early_filtering,46,reports/sleepedf_full_eegnet_dynamics_true_seed46.json,-0.23256808347042413,0.5509656632215149,0.31839757975109073,progressive collapse
eegnet,0.6635,sleepedf_full,0,20,0.6465,elu_1,true,0.3992015843967815,0.0010092483226711627,0.4002108327194527,other,46,reports/sleepedf_full_eegnet_dynamics_true_seed46.json,-0.5099070499470789,0.5979682135576854,0.08806116361060648,progressive collapse
eegnet,0.6635,sleepedf_full,0,20,0.6465,elu_2,true,0.4669874501270651,0.011464341299195904,0.478451791426261,other,46,reports/sleepedf_full_eegnet_dynamics_true_seed46.json,-0.3942497407195479,0.4496090676632572,0.05535932694370931,progressive collapse
eegnet,0.6635,sleepedf_full,0,20,0.6465,final_layer.conv_classifier,true,0.38780275525614977,0.38552549338995873,0.7733282486461085,classifier,46,reports/sleepedf_full_eegnet_dynamics_true_seed46.json,-0.13747675416636862,0.14394290689149558,0.006466152725126957,progressive collapse
eegnet,0.6635,sleepedf_full,0,20,0.6465,logits,true,0.38780275525614977,0.38552549338995873,0.7733282486461085,classifier,46,reports/sleepedf_full_eegnet_dynamics_true_seed46.json,-0.13747675416636862,0.14394290689149558,0.006466152725126957,progressive collapse
eegnet,0.6635,sleepedf_full,0,20,0.6465,pool_1,true,0.5071438377181748,0.009070587826848575,0.5162144255450234,other,46,reports/sleepedf_full_eegnet_dynamics_true_seed46.json,-0.3435981532973321,0.5115144325334382,0.1679162792361061,progressive collapse
eegnet,0.6635,sleepedf_full,0,20,0.6465,pool_2,true,0.6004799663234827,0.04958028537240243,0.6500602516958851,separable_body,46,reports/sleepedf_full_eegnet_dynamics_true_seed46.json,-0.15312085374794362,0.3518594208211143,0.1987385670731707,progressive collapse
eegnet,0.2245,sleepedf_full,0,20,0.2095,bnorm_1,shuffled,0.2178088632216479,0.000556287013302459,0.21836515023495037,early_filtering,41,reports/sleepedf_full_eegnet_dynamics_shuffled_seed41.json,-0.5649964795973106,0.6518390807166868,0.08684260111937628,progressive collapse
eegnet,0.2245,sleepedf_full,0,20,0.2095,bnorm_2,shuffled,0.3303095912699584,0.010215433094856867,0.34052502436481524,separable_body,41,reports/sleepedf_full_eegnet_dynamics_shuffled_seed41.json,-0.4435078409984979,0.4660182569201058,0.022510415921607893,progressive collapse
eegnet,0.2245,sleepedf_full,0,20,0.2095,bnorm_temporal,shuffled,0.05116625482781668,0.0005288927178434668,0.051695147545660146,early_filtering,41,reports/sleepedf_full_eegnet_dynamics_shuffled_seed41.json,-0.6459670825584721,0.7809230160575065,0.13495593349903437,progressive collapse
eegnet,0.2245,sleepedf_full,0,20,0.2095,conv_separable_depth,shuffled,0.16053731720054462,0.008428373862590096,0.16896569106313472,separable_body,41,reports/sleepedf_full_eegnet_dynamics_shuffled_seed41.json,-0.41974292119662393,0.4472078289285458,0.027464907731921888,progressive collapse
eegnet,0.2245,sleepedf_full,0,20,0.2095,conv_separable_point,shuffled,0.13731117491513584,0.01021543306297548,0.14752660797811132,separable_body,41,reports/sleepedf_full_eegnet_dynamics_shuffled_seed41.json,-0.4439691366855017,0.4660182569201058,0.022049120234604102,progressive collapse
eegnet,0.2245,sleepedf_full,0,20,0.2095,conv_spatial,shuffled,0.06700921576160404,0.0005562870045505419,0.06756550276615458,early_filtering,41,reports/sleepedf_full_eegnet_dynamics_shuffled_seed41.json,-0.5569414406158357,0.6518390807166868,0.09489764010085114,progressive collapse
eegnet,0.2245,sleepedf_full,0,20,0.2095,conv_temporal,shuffled,0.000434510992462179,0.0005288927297096418,0.0009634037221718208,early_filtering,41,reports/sleepedf_full_eegnet_dynamics_shuffled_seed41.json,-0.5652281661951518,0.7809230160575065,0.21569484986235463,progressive collapse
eegnet,0.2245,sleepedf_full,0,20,0.2095,elu_1,shuffled,0.18128324431491058,0.0007973637656872189,0.1820806080805978,other,41,reports/sleepedf_full_eegnet_dynamics_shuffled_seed41.json,-0.5871867810414952,0.6749733194686464,0.08778653842715112,progressive collapse
eegnet,0.2245,sleepedf_full,0,20,0.2095,elu_2,shuffled,0.27089666735075174,0.010213059175428559,0.2811097265261803,other,41,reports/sleepedf_full_eegnet_dynamics_shuffled_seed41.json,-0.4492746376307895,0.47156567099750146,0.02229103336671196,progressive collapse
eegnet,0.2245,sleepedf_full,0,20,0.2095,final_layer.conv_classifier,shuffled,0.2600616450409802,0.37585596533023263,0.6359176103712129,classifier,41,reports/sleepedf_full_eegnet_dynamics_shuffled_seed41.json,-0.11463207880337599,0.10342640234961732,-0.01120567645375867,progressive collapse
eegnet,0.2245,sleepedf_full,0,20,0.2095,logits,shuffled,0.2600616450409802,0.37585596533023263,0.6359176103712129,classifier,41,reports/sleepedf_full_eegnet_dynamics_shuffled_seed41.json,-0.11463207880337599,0.10342640234961732,-0.01120567645375867,progressive collapse
eegnet,0.2245,sleepedf_full,0,20,0.2095,pool_1,shuffled,0.2638142713381028,0.0074058479372531094,0.27122011927535594,other,41,reports/sleepedf_full_eegnet_dynamics_shuffled_seed41.json,-0.4048742154531148,0.5101601950861883,0.10528597963307344,progressive collapse
eegnet,0.2245,sleepedf_full,0,20,0.2095,pool_2,shuffled,0.560480160843164,0.05609599431125607,0.6165761551544201,separable_body,41,reports/sleepedf_full_eegnet_dynamics_shuffled_seed41.json,-0.3274295919462127,0.4047433123524783,0.07731372040626563,progressive collapse
eegnet,0.205,sleepedf_full,0,20,0.191,bnorm_1,shuffled,0.31053251268347837,0.0003981756458853456,0.3109306883293637,early_filtering,42,reports/sleepedf_full_eegnet_dynamics_shuffled_seed42.json,-0.5285365406623274,0.609260201344682,0.0807236606823546,progressive collapse
eegnet,0.205,sleepedf_full,0,20,0.191,bnorm_2,shuffled,0.35184505139777894,0.010098632433459103,0.36194368383123804,separable_body,42,reports/sleepedf_full_eegnet_dynamics_shuffled_seed42.json,-0.5121232386810671,0.4923221358450754,-0.0198011028359917,progressive collapse
eegnet,0.205,sleepedf_full,0,20,0.191,bnorm_temporal,shuffled,0.022623091995224904,0.00031413348212344324,0.022937225477348347,early_filtering,42,reports/sleepedf_full_eegnet_dynamics_shuffled_seed42.json,-0.5849612943706669,0.7288651192043698,0.14390382483370287,progressive collapse
eegnet,0.205,sleepedf_full,0,20,0.191,conv_separable_depth,shuffled,0.17361598613746593,0.00955630845453384,0.18317229459199977,separable_body,42,reports/sleepedf_full_eegnet_dynamics_shuffled_seed42.json,-0.4870654481975537,0.475695162184393,-0.011370286013160716,progressive collapse
eegnet,0.205,sleepedf_full,0,20,0.191,conv_separable_point,shuffled,0.1325943875196884,0.010098632430694376,0.14269301995038278,separable_body,42,reports/sleepedf_full_eegnet_dynamics_shuffled_seed42.json,-0.5099903440383377,0.4923221358450754,-0.017668208193262282,progressive collapse
eegnet,0.205,sleepedf_full,0,20,0.191,conv_spatial,shuffled,0.03356832163920499,0.00039817564916969653,0.03396649728837469,early_filtering,42,reports/sleepedf_full_eegnet_dynamics_shuffled_seed42.json,-0.542850945032544,0.609260201344682,0.06640925631213788,progressive collapse
eegnet,0.205,sleepedf_full,0,20,0.191,conv_temporal,shuffled,0.0005157278240790764,0.0003141334632860237,0.0008298612873651,early_filtering,42,reports/sleepedf_full_eegnet_dynamics_shuffled_seed42.json,-0.2137531515985981,0.7288651339317644,0.5151119823331664,progressive collapse
eegnet,0.205,sleepedf_full,0,20,0.191,elu_1,shuffled,0.2717494033248748,0.0007159180845086362,0.27246532140938345,other,42,reports/sleepedf_full_eegnet_dynamics_shuffled_seed42.json,-0.5678377686681924,0.6421336657785565,0.07429589711036405,progressive collapse
eegnet,0.205,sleepedf_full,0,20,0.191,elu_2,shuffled,0.2927963230866471,0.010098506470918932,0.302894829557566,other,42,reports/sleepedf_full_eegnet_dynamics_shuffled_seed42.json,-0.5214288811601457,0.5007418885451683,-0.020686992614977466,progressive collapse
eegnet,0.205,sleepedf_full,0,20,0.191,final_layer.conv_classifier,shuffled,0.26510433031621483,0.3821984943190424,0.6473028246352572,classifier,42,reports/sleepedf_full_eegnet_dynamics_shuffled_seed42.json,-0.10899160020742435,0.1587149524354481,0.04972335222802374,progressive collapse
eegnet,0.205,sleepedf_full,0,20,0.191,logits,shuffled,0.26510433031621483,0.3821984943190424,0.6473028246352572,classifier,42,reports/sleepedf_full_eegnet_dynamics_shuffled_seed42.json,-0.10899160020742435,0.1587149524354481,0.04972335222802374,progressive collapse
eegnet,0.205,sleepedf_full,0,20,0.191,pool_1,shuffled,0.3611508346743592,0.008082984755199533,0.36923381942955874,other,42,reports/sleepedf_full_eegnet_dynamics_shuffled_seed42.json,-0.4077938823920418,0.5049122819163963,0.09711839952435447,progressive collapse
eegnet,0.205,sleepedf_full,0,20,0.191,pool_2,shuffled,0.5757927678307809,0.04769038113290383,0.6234831489636847,separable_body,42,reports/sleepedf_full_eegnet_dynamics_shuffled_seed42.json,-0.2653688152671482,0.39420560716329295,0.12883679189614475,progressive collapse
eegnet,0.218,sleepedf_full,0,20,0.2045,bnorm_1,shuffled,0.3372022004705629,0.0005130865396865481,0.33771528701024944,early_filtering,43,reports/sleepedf_full_eegnet_dynamics_shuffled_seed43.json,-0.3578087113761533,0.46547336563908154,0.10766465426292825,progressive collapse
eegnet,0.218,sleepedf_full,0,20,0.2045,bnorm_2,shuffled,0.41275027533667297,0.010259444692614406,0.4230097200292874,separable_body,43,reports/sleepedf_full_eegnet_dynamics_shuffled_seed43.json,-0.3962813483477576,0.4009115943065588,0.004630245958801229,progressive collapse
eegnet,0.218,sleepedf_full,0,20,0.2045,bnorm_temporal,shuffled,0.023272437867975296,0.00039915307703825264,0.02367159094501355,early_filtering,43,reports/sleepedf_full_eegnet_dynamics_shuffled_seed43.json,-0.5392653310743151,0.6730970044167083,0.13383167334239324,progressive collapse
eegnet,0.218,sleepedf_full,0,20,0.2045,conv_separable_depth,shuffled,0.33499719874384415,0.008555873937645345,0.3435530726814895,separable_body,43,reports/sleepedf_full_eegnet_dynamics_shuffled_seed43.json,-0.4059569907374293,0.4134753862384664,0.00751839550103712,progressive collapse
eegnet,0.218,sleepedf_full,0,20,0.2045,conv_separable_point,shuffled,0.3110110669776274,0.010259444677799894,0.3212705116554273,separable_body,43,reports/sleepedf_full_eegnet_dynamics_shuffled_seed43.json,-0.3958079950047017,0.4009148029047089,0.005106807900007152,progressive collapse
eegnet,0.218,sleepedf_full,0,20,0.2045,conv_spatial,shuffled,0.03600109884619099,0.0005130865397221254,0.03651418538591311,early_filtering,43,reports/sleepedf_full_eegnet_dynamics_shuffled_seed43.json,-0.3096371986576461,0.4654732887084293,0.1558360900507832,progressive collapse
eegnet,0.218,sleepedf_full,0,20,0.2045,conv_temporal,shuffled,0.00042801974464164383,0.00039915309446469726,0.0008271728391063411,early_filtering,43,reports/sleepedf_full_eegnet_dynamics_shuffled_seed43.json,-0.5123712650203847,0.6730970044167083,0.16072573939632356,progressive collapse
eegnet,0.218,sleepedf_full,0,20,0.2045,elu_1,shuffled,0.287970045799723,0.0006315129689134846,0.2886015587686365,other,43,reports/sleepedf_full_eegnet_dynamics_shuffled_seed43.json,-0.41207540562692613,0.5126819880552177,0.10060658242829158,progressive collapse
eegnet,0.218,sleepedf_full,0,20,0.2045,elu_2,shuffled,0.34839630902809826,0.010238994851674977,0.3586353038797732,other,43,reports/sleepedf_full_eegnet_dynamics_shuffled_seed43.json,-0.4095903145340104,0.4149035297904298,0.005313215256419425,progressive collapse
eegnet,0.218,sleepedf_full,0,20,0.2045,final_layer.conv_classifier,shuffled,0.22811690513901012,0.4031601882710731,0.6312770934100832,classifier,43,reports/sleepedf_full_eegnet_dynamics_shuffled_seed43.json,-0.14715568226521708,0.12980135988126743,-0.01735432238394964,progressive collapse
eegnet,0.218,sleepedf_full,0,20,0.2045,logits,shuffled,0.22811690513901012,0.4031601882710731,0.6312770934100832,classifier,43,reports/sleepedf_full_eegnet_dynamics_shuffled_seed43.json,-0.14715568226521708,0.12980135988126743,-0.01735432238394964,progressive collapse
eegnet,0.218,sleepedf_full,0,20,0.2045,pool_1,shuffled,0.3669087098087286,0.007103667208478263,0.37401237701720685,other,43,reports/sleepedf_full_eegnet_dynamics_shuffled_seed43.json,-0.3452298108791041,0.4390593049245944,0.09382949404549029,progressive collapse
eegnet,0.218,sleepedf_full,0,20,0.2045,pool_2,shuffled,0.48748895327124353,0.07610414680466723,0.5635931000759108,separable_body,43,reports/sleepedf_full_eegnet_dynamics_shuffled_seed43.json,-0.2994041914026178,0.3479969132215149,0.04859272181889707,progressive collapse
eegnet,0.226,sleepedf_full,0,20,0.219,bnorm_1,shuffled,0.3396510328158363,0.0008335319828850283,0.34048456479872136,early_filtering,44,reports/sleepedf_full_eegnet_dynamics_shuffled_seed44.json,-0.34532658693290563,0.44045733942493376,0.09513075249202811,progressive collapse
eegnet,0.226,sleepedf_full,0,20,0.219,bnorm_2,shuffled,0.3937326788084977,0.009351758667764217,0.40308443747626194,separable_body,44,reports/sleepedf_full_eegnet_dynamics_shuffled_seed44.json,-0.3756681724304412,0.39206421885058285,0.016396046420141617,progressive collapse
eegnet,0.226,sleepedf_full,0,20,0.219,bnorm_temporal,shuffled,0.03167854029322686,0.0006550412573694269,0.032333581550596284,early_filtering,44,reports/sleepedf_full_eegnet_dynamics_shuffled_seed44.json,-0.5209215985820872,0.6662697384683615,0.1453481398862742,progressive collapse
eegnet,0.226,sleepedf_full,0,20,0.219,conv_separable_depth,shuffled,0.22263002340167473,0.00736200750368777,0.2299920309053625,separable_body,44,reports/sleepedf_full_eegnet_dynamics_shuffled_seed44.json,-0.39418990620629746,0.41395827488521886,0.01976836867892139,progressive collapse
eegnet,0.226,sleepedf_full,0,20,0.219,conv_separable_point,shuffled,0.19044841312916874,0.009351758682778204,0.19980017181194695,separable_body,44,reports/sleepedf_full_eegnet_dynamics_shuffled_seed44.json,-0.3753074149738931,0.39206421885058285,0.01675680387668979,progressive collapse
eegnet,0.226,sleepedf_full,0,20,0.219,conv_spatial,shuffled,0.024750778400785035,0.0008335319665486127,0.02558431036733365,early_filtering,44,reports/sleepedf_full_eegnet_dynamics_shuffled_seed44.json,-0.3661137660038623,0.44045733942493376,0.07434357342107144,progressive collapse
eegnet,0.226,sleepedf_full,0,20,0.219,conv_temporal,shuffled,0.0006179796098429439,0.0006550412552629238,0.0012730208651058677,early_filtering,44,reports/sleepedf_full_eegnet_dynamics_shuffled_seed44.json,-0.49337274694227873,0.6662698818932836,0.1728971349510049,progressive collapse
eegnet,0.226,sleepedf_full,0,20,0.219,elu_1,shuffled,0.2934636513452928,0.00100987642844058,0.29447352777373337,other,44,reports/sleepedf_full_eegnet_dynamics_shuffled_seed44.json,-0.3982167986910807,0.4869629430119447,0.08874614432086401,progressive collapse
eegnet,0.226,sleepedf_full,0,20,0.219,elu_2,shuffled,0.3272393286312701,0.009355463164798773,0.3365947917960689,other,44,reports/sleepedf_full_eegnet_dynamics_shuffled_seed44.json,-0.3823366421393319,0.3997098405872255,0.017373198447893565,progressive collapse
eegnet,0.226,sleepedf_full,0,20,0.219,final_layer.conv_classifier,shuffled,0.20502439625479807,0.38454078602278785,0.5895651822775859,classifier,44,reports/sleepedf_full_eegnet_dynamics_shuffled_seed44.json,-0.15511244054431012,0.14013390941277445,-0.014978531131535654,progressive collapse
eegnet,0.226,sleepedf_full,0,20,0.219,logits,shuffled,0.20502439625479807,0.38454078602278785,0.5895651822775859,classifier,44,reports/sleepedf_full_eegnet_dynamics_shuffled_seed44.json,-0.15511244054431012,0.14013390941277445,-0.014978531131535654,progressive collapse
eegnet,0.226,sleepedf_full,0,20,0.219,pool_1,shuffled,0.3654485936216057,0.006556991887083855,0.37200558550868956,other,44,reports/sleepedf_full_eegnet_dynamics_shuffled_seed44.json,-0.31313075557900005,0.38842845871182313,0.07529770313282311,progressive collapse
eegnet,0.226,sleepedf_full,0,20,0.219,pool_2,shuffled,0.4917541791845869,0.06439156684102537,0.5561457460256123,separable_body,44,reports/sleepedf_full_eegnet_dynamics_shuffled_seed44.json,-0.2792518306093984,0.3503358240648022,0.07108399345540375,progressive collapse
eegnet,0.215,sleepedf_full,0,20,0.1905,bnorm_1,shuffled,0.43561569541841216,0.0005298967655506653,0.4361455921839628,early_filtering,45,reports/sleepedf_full_eegnet_dynamics_shuffled_seed45.json,-0.5000804216436592,0.6768180030040768,0.17673758136041767,progressive collapse
eegnet,0.215,sleepedf_full,0,20,0.1905,bnorm_2,shuffled,0.38656536191386615,0.010386042244760585,0.39695140415862673,separable_body,45,reports/sleepedf_full_eegnet_dynamics_shuffled_seed45.json,-0.36476660835721697,0.40784496593591296,0.04307835757869597,progressive collapse
eegnet,0.215,sleepedf_full,0,20,0.1905,bnorm_temporal,shuffled,0.054022457943041224,0.0003485140737175021,0.05437097201675873,early_filtering,45,reports/sleepedf_full_eegnet_dynamics_shuffled_seed45.json,-0.5497507632017598,0.7602893848132325,0.2105386216114727,progressive collapse
eegnet,0.215,sleepedf_full,0,20,0.1905,conv_separable_depth,shuffled,0.2758256303238414,0.00956597380520504,0.2853916041290464,separable_body,45,reports/sleepedf_full_eegnet_dynamics_shuffled_seed45.json,-0.36587719494313703,0.42306532079250403,0.057188125849366986,progressive collapse
eegnet,0.215,sleepedf_full,0,20,0.1905,conv_separable_point,shuffled,0.2786816124780202,0.010386042225685389,0.2890676547037056,separable_body,45,reports/sleepedf_full_eegnet_dynamics_shuffled_seed45.json,-0.36573965336885766,0.40784496593591296,0.042105312567055284,progressive collapse
eegnet,0.215,sleepedf_full,0,20,0.1905,conv_spatial,shuffled,0.05845839743253326,0.000529896764646401,0.058988294197179665,early_filtering,45,reports/sleepedf_full_eegnet_dynamics_shuffled_seed45.json,-0.4968361191080751,0.6768180030040768,0.1799818838960017,progressive collapse
eegnet,0.215,sleepedf_full,0,20,0.1905,conv_temporal,shuffled,0.00028350059651404634,0.00034851407972216986,0.0006320146762362162,early_filtering,45,reports/sleepedf_full_eegnet_dynamics_shuffled_seed45.json,-0.42039011208400606,0.7602887757276862,0.3398986636436801,progressive collapse
eegnet,0.215,sleepedf_full,0,20,0.1905,elu_1,shuffled,0.3931962522819336,0.0007753179284587237,0.3939715702103923,other,45,reports/sleepedf_full_eegnet_dynamics_shuffled_seed45.json,-0.5297405854373792,0.6954040528216865,0.16566346738430723,progressive collapse
eegnet,0.215,sleepedf_full,0,20,0.1905,elu_2,shuffled,0.3371312785547625,0.010398909327007095,0.3475301878817696,other,45,reports/sleepedf_full_eegnet_dynamics_shuffled_seed45.json,-0.37071373649953504,0.41198802169015086,0.04127428519061583,progressive collapse
eegnet,0.215,sleepedf_full,0,20,0.1905,final_layer.conv_classifier,shuffled,0.31877412545706646,0.38520036694996224,0.7039744924070287,classifier,45,reports/sleepedf_full_eegnet_dynamics_shuffled_seed45.json,-0.08020016547552167,0.13426049191760245,0.05406032644208079,progressive collapse
eegnet,0.215,sleepedf_full,0,20,0.1905,logits,shuffled,0.31877412545706646,0.38520036694996224,0.7039744924070287,classifier,45,reports/sleepedf_full_eegnet_dynamics_shuffled_seed45.json,-0.08020016547552167,0.13426049191760245,0.05406032644208079,progressive collapse
eegnet,0.215,sleepedf_full,0,20,0.1905,pool_1,shuffled,0.4594876085283551,0.00942397494635165,0.46891158347470674,other,45,reports/sleepedf_full_eegnet_dynamics_shuffled_seed45.json,-0.35353422725484585,0.5244920561833917,0.17095782892854586,progressive collapse
eegnet,0.215,sleepedf_full,0,20,0.1905,pool_2,shuffled,0.5235573823963692,0.10236099442005434,0.6259183768164235,separable_body,45,reports/sleepedf_full_eegnet_dynamics_shuffled_seed45.json,-0.20725815392318145,0.34307049522566335,0.1358123413024819,progressive collapse
eegnet,0.2165,sleepedf_full,0,20,0.1935,bnorm_1,shuffled,0.23687624635372811,0.0006687381199904886,0.2375449844737186,early_filtering,46,reports/sleepedf_full_eegnet_dynamics_shuffled_seed46.json,-0.5813187875509619,0.6035021860024318,0.022183398451469848,progressive collapse
eegnet,0.2165,sleepedf_full,0,20,0.1935,bnorm_2,shuffled,0.2951540482537742,0.011478692888597408,0.30663274114237166,separable_body,46,reports/sleepedf_full_eegnet_dynamics_shuffled_seed46.json,-0.4701538918889921,0.43862888697160424,-0.031525004917387876,progressive collapse
eegnet,0.2165,sleepedf_full,0,20,0.1935,bnorm_temporal,shuffled,0.03145050489662861,0.0004829183262345684,0.031933423222863175,early_filtering,46,reports/sleepedf_full_eegnet_dynamics_shuffled_seed46.json,-0.49116243696802797,0.5509656632215149,0.059803226253486864,progressive collapse
eegnet,0.2165,sleepedf_full,0,20,0.1935,conv_separable_depth,shuffled,0.13365562167083608,0.010148313522509734,0.1438039351933458,separable_body,46,reports/sleepedf_full_eegnet_dynamics_shuffled_seed46.json,-0.49085776696756134,0.46332096478960555,-0.02753680217795579,progressive collapse
eegnet,0.2165,sleepedf_full,0,20,0.1935,conv_separable_point,shuffled,0.09006677005964084,0.011478692872784125,0.10154546293242496,separable_body,46,reports/sleepedf_full_eegnet_dynamics_shuffled_seed46.json,-0.4688590554777077,0.4386260718749611,-0.03023298360274658,progressive collapse
eegnet,0.2165,sleepedf_full,0,20,0.1935,conv_spatial,shuffled,0.033461106319353215,0.0006687381186933115,0.03412984443804653,early_filtering,46,reports/sleepedf_full_eegnet_dynamics_shuffled_seed46.json,-0.5693081347006651,0.6035021860024318,0.03419405130176668,progressive collapse
eegnet,0.2165,sleepedf_full,0,20,0.1935,conv_temporal,shuffled,0.00020661021601729723,0.0004829183106709417,0.0006895285266882389,early_filtering,46,reports/sleepedf_full_eegnet_dynamics_shuffled_seed46.json,-0.4881804435483871,0.5509656632215149,0.0627852196731278,progressive collapse
eegnet,0.2165,sleepedf_full,0,20,0.1935,elu_1,shuffled,0.1963063537067702,0.0010092483226711627,0.19731560202944134,other,46,reports/sleepedf_full_eegnet_dynamics_shuffled_seed46.json,-0.5768033290715971,0.5979682135576854,0.02116488448608826,progressive collapse
eegnet,0.2165,sleepedf_full,0,20,0.1935,elu_2,shuffled,0.23100150514595008,0.011464341299195904,0.242465846445146,other,46,reports/sleepedf_full_eegnet_dynamics_shuffled_seed46.json,-0.48070909850869026,0.4496090676632572,-0.031100030845433082,progressive collapse
eegnet,0.2165,sleepedf_full,0,20,0.1935,final_layer.conv_classifier,shuffled,0.19491013215722813,0.38552549338995873,0.5804356255471869,classifier,46,reports/sleepedf_full_eegnet_dynamics_shuffled_seed46.json,-0.12394923244045489,0.14394290689149558,0.019993674451040694,progressive collapse
eegnet,0.2165,sleepedf_full,0,20,0.1935,logits,shuffled,0.19491013215722813,0.38552549338995873,0.5804356255471869,classifier,46,reports/sleepedf_full_eegnet_dynamics_shuffled_seed46.json,-0.12394923244045489,0.14394290689149558,0.019993674451040694,progressive collapse
eegnet,0.2165,sleepedf_full,0,20,0.1935,pool_1,shuffled,0.27829009472970123,0.009070587826848575,0.2873606825565498,other,46,reports/sleepedf_full_eegnet_dynamics_shuffled_seed46.json,-0.46811930030040766,0.5115144325334382,0.043395132233030535,progressive collapse
eegnet,0.2165,sleepedf_full,0,20,0.1935,pool_2,shuffled,0.4882900532744492,0.04958028537240243,0.5378703386468516,separable_body,46,reports/sleepedf_full_eegnet_dynamics_shuffled_seed46.json,-0.3121672940061512,0.3518594208211143,0.03969212681496316,progressive collapse
shallowconvnet,0.6185,sleepedf_full,0,20,0.601,bnorm,true,0.31318342889285944,0.0008096857482097701,0.3139931146410692,linear_filtering,41,reports/sleepedf_full_shallowconvnet_dynamics_true_seed41.json,-0.7308702994242184,0.7985002413990414,0.06762994197482296,nonlinear-induced distortion
shallowconvnet,0.6185,sleepedf_full,0,20,0.601,conv_nonlin_exp,true,0.07535671969872826,0.22486953801722992,0.3002262577159582,linear_filtering,41,reports/sleepedf_full_shallowconvnet_dynamics_true_seed41.json,-0.022808342572062084,-0.021165532687218363,-0.04397387525928045,nonlinear-induced distortion
shallowconvnet,0.6185,sleepedf_full,0,20,0.601,conv_time_spat,true,0.3233029495412538,0.0008096857477525727,0.3241126352890064,linear_filtering,41,reports/sleepedf_full_shallowconvnet_dynamics_true_seed41.json,-0.7208994794341405,0.7985002413990414,0.07760076196490091,nonlinear-induced distortion
shallowconvnet,0.6185,sleepedf_full,0,20,0.601,final_layer.conv_classifier,true,-0.2606051035211343,0.966636627754646,0.7060315242335117,linear_filtering,41,reports/sleepedf_full_shallowconvnet_dynamics_true_seed41.json,-0.009910324726414413,0.04919862223732207,0.039288297510907656,nonlinear-induced distortion
shallowconvnet,0.6185,sleepedf_full,0,20,0.601,logits,true,-0.2606051035211343,0.966636627754646,0.7060315242335117,log_power,41,reports/sleepedf_full_shallowconvnet_dynamics_true_seed41.json,-0.009910324726414413,0.04919862223732207,0.039288297510907656,nonlinear-induced distortion
shallowconvnet,0.6185,sleepedf_full,0,20,0.601,pool,true,0.09695935238050957,0.5270424485490407,0.6240018009295503,pooling,41,reports/sleepedf_full_shallowconvnet_dynamics_true_seed41.json,-0.03158022494814391,-0.01901739414204992,-0.05059761909019383,nonlinear-induced distortion
shallowconvnet,0.6185,sleepedf_full,0,20,0.601,pool_nonlin_exp,true,-0.15235975435763083,0.978139439615976,0.8257796852583452,pooling,41,reports/sleepedf_full_shallowconvnet_dynamics_true_seed41.json,-0.002449764412416849,-0.01321787157570989,-0.01566763598812674,nonlinear-induced distortion
shallowconvnet,0.6315,sleepedf_full,0,20,0.604,bnorm,true,0.3303931497924706,0.0004930035862476011,0.3308861533787182,linear_filtering,42,reports/sleepedf_full_shallowconvnet_dynamics_true_seed42.json,-0.6168747579192577,0.6780050195242932,0.061130261605035395,nonlinear-induced distortion
shallowconvnet,0.6315,sleepedf_full,0,20,0.604,conv_nonlin_exp,true,0.07584842327519875,0.20667529782065158,0.28252372109585033,linear_filtering,42,reports/sleepedf_full_shallowconvnet_dynamics_true_seed42.json,-0.0644342656998784,0.048551695157714035,-0.015882570542164364,nonlinear-induced distortion
shallowconvnet,0.6315,sleepedf_full,0,20,0.604,conv_time_spat,true,0.4199036646002314,0.0004930035838834196,0.4203966681841148,linear_filtering,42,reports/sleepedf_full_shallowconvnet_dynamics_true_seed42.json,-0.603708703318359,0.6780029128706085,0.07429420955224947,nonlinear-induced distortion
shallowconvnet,0.6315,sleepedf_full,0,20,0.604,final_layer.conv_classifier,true,-0.3558968656259227,0.9472348979779515,0.5913380323520288,linear_filtering,42,reports/sleepedf_full_shallowconvnet_dynamics_true_seed42.json,0.04786172975824332,-0.007625382215149129,0.04023634754309419,nonlinear-induced distortion
shallowconvnet,0.6315,sleepedf_full,0,20,0.604,logits,true,-0.3558968656259227,0.9472348979779515,0.5913380323520288,log_power,42,reports/sleepedf_full_shallowconvnet_dynamics_true_seed42.json,0.04786172975824332,-0.007625382215149129,0.04023634754309419,nonlinear-induced distortion
shallowconvnet,0.6315,sleepedf_full,0,20,0.604,pool,true,0.10899268194876938,0.4919811618492735,0.6009738437980429,pooling,42,reports/sleepedf_full_shallowconvnet_dynamics_true_seed42.json,-0.02650952632143623,0.041598285172734416,0.015088758851298187,nonlinear-induced distortion
shallowconvnet,0.6315,sleepedf_full,0,20,0.604,pool_nonlin_exp,true,-0.13464904577039838,0.9757473484747118,0.8410983027043134,pooling,42,reports/sleepedf_full_shallowconvnet_dynamics_true_seed42.json,0.011496701812483204,0.06616760599811689,0.07766430781060009,nonlinear-induced distortion
shallowconvnet,0.63,sleepedf_full,0,20,0.63,bnorm,true,0.299443376641203,0.0005937842544668854,0.3000371608956699,linear_filtering,43,reports/sleepedf_full_shallowconvnet_dynamics_true_seed43.json,-0.7595442028467204,0.8072370538588083,0.047692851012087825,nonlinear-induced distortion
shallowconvnet,0.63,sleepedf_full,0,20,0.63,conv_nonlin_exp,true,0.09701188471157846,0.1990337727963613,0.29604565750793976,linear_filtering,43,reports/sleepedf_full_shallowconvnet_dynamics_true_seed43.json,-0.07034618410700236,0.0300807457442243,-0.04026543836277805,nonlinear-induced distortion
shallowconvnet,0.63,sleepedf_full,0,20,0.63,conv_time_spat,true,0.2653240313033663,0.0005937842634149233,0.26591781556678123,linear_filtering,43,reports/sleepedf_full_shallowconvnet_dynamics_true_seed43.json,-0.7518520559151705,0.8072370538588083,0.055384997943637784,nonlinear-induced distortion
shallowconvnet,0.63,sleepedf_full,0,20,0.63,final_layer.conv_classifier,true,-0.24891920960780556,0.9861785818536315,0.7372593722458259,linear_filtering,43,reports/sleepedf_full_shallowconvnet_dynamics_true_seed43.json,0.03732631562477648,0.002137029718904227,0.039463345343680706,nonlinear-induced distortion
shallowconvnet,0.63,sleepedf_full,0,20,0.63,logits,true,-0.24891920960780556,0.9861785818536315,0.7372593722458259,log_power,43,reports/sleepedf_full_shallowconvnet_dynamics_true_seed43.json,0.03732631562477648,0.002137029718904227,0.039463345343680706,nonlinear-induced distortion
shallowconvnet,0.63,sleepedf_full,0,20,0.63,pool,true,0.13915976644881423,0.4721317834515544,0.6112915499003686,pooling,43,reports/sleepedf_full_shallowconvnet_dynamics_true_seed43.json,-0.06021600743866676,0.01991863958229025,-0.040297367856376505,nonlinear-induced distortion
shallowconvnet,0.63,sleepedf_full,0,20,0.63,pool_nonlin_exp,true,-0.15897896078532847,0.9797169462016796,0.8207379854163511,pooling,43,reports/sleepedf_full_shallowconvnet_dynamics_true_seed43.json,0.006511090944853729,0.0029095513554109145,0.009420642300264643,nonlinear-induced distortion
shallowconvnet,0.6245,sleepedf_full,0,20,0.589,bnorm,true,0.34591433396152016,0.0007044088590435487,0.3466187428205637,linear_filtering,44,reports/sleepedf_full_shallowconvnet_dynamics_true_seed44.json,-0.595091463414634,0.713254763160718,0.11816329974608396,nonlinear-induced distortion
shallowconvnet,0.6245,sleepedf_full,0,20,0.589,conv_nonlin_exp,true,0.08831565679984052,0.2261346324119123,0.31445028921175283,linear_filtering,44,reports/sleepedf_full_shallowconvnet_dynamics_true_seed44.json,0.02542477290608683,-0.030409193727201196,-0.004984420821114369,nonlinear-induced distortion
shallowconvnet,0.6245,sleepedf_full,0,20,0.589,conv_time_spat,true,0.48897104983629786,0.0007044088622886393,0.4896754586985865,linear_filtering,44,reports/sleepedf_full_shallowconvnet_dynamics_true_seed44.json,-0.5835317909126672,0.713254763160718,0.1297229722480509,nonlinear-induced distortion
shallowconvnet,0.6245,sleepedf_full,0,20,0.589,final_layer.conv_classifier,true,-0.25577770966645474,0.9715625964337935,0.7157848867673388,linear_filtering,44,reports/sleepedf_full_shallowconvnet_dynamics_true_seed44.json,0.012017570720978468,-0.022436174540447745,-0.010418603819469277,nonlinear-induced distortion
shallowconvnet,0.6245,sleepedf_full,0,20,0.589,logits,true,-0.25577770966645474,0.9715625964337935,0.7157848867673388,log_power,44,reports/sleepedf_full_shallowconvnet_dynamics_true_seed44.json,0.012017570720978468,-0.022436174540447745,-0.010418603819469277,nonlinear-induced distortion
shallowconvnet,0.6245,sleepedf_full,0,20,0.589,pool,true,0.08734106490529836,0.538967192210417,0.6263082571157154,pooling,44,reports/sleepedf_full_shallowconvnet_dynamics_true_seed44.json,0.017164321221657963,-0.018465350296831412,-0.0013010290751734495,nonlinear-induced distortion
shallowconvnet,0.6245,sleepedf_full,0,20,0.589,pool_nonlin_exp,true,-0.14350897784475303,0.9801468286554457,0.8366378508106926,pooling,44,reports/sleepedf_full_shallowconvnet_dynamics_true_seed44.json,0.020758428849867675,-0.009906234353765824,0.010852194496101851,nonlinear-induced distortion
shallowconvnet,0.617,sleepedf_full,0,20,0.603,bnorm,true,0.292980572429747,0.0003824966387820086,0.293363069068529,linear_filtering,45,reports/sleepedf_full_shallowconvnet_dynamics_true_seed45.json,-0.5988730407051267,0.65715455350118,0.05828151279605333,nonlinear-induced distortion
shallowconvnet,0.617,sleepedf_full,0,20,0.603,conv_nonlin_exp,true,0.07089852454374876,0.21703772332752555,0.2879362478712743,linear_filtering,45,reports/sleepedf_full_shallowconvnet_dynamics_true_seed45.json,-0.049243884557613894,0.05417062665403046,0.004926742096416564,nonlinear-induced distortion
shallowconvnet,0.617,sleepedf_full,0,20,0.603,conv_time_spat,true,0.4662254532435846,0.00038249664079303833,0.46660794988437765,linear_filtering,45,reports/sleepedf_full_shallowconvnet_dynamics_true_seed45.json,-0.5860248395143407,0.65715455350118,0.07112971398683927,nonlinear-induced distortion
shallowconvnet,0.617,sleepedf_full,0,20,0.603,final_layer.conv_classifier,true,-0.21593278644912928,0.9848550547932398,0.7689222683441105,linear_filtering,45,reports/sleepedf_full_shallowconvnet_dynamics_true_seed45.json,0.07705065133037692,0.003826755954509691,0.08087740728488661,nonlinear-induced distortion
shallowconvnet,0.617,sleepedf_full,0,20,0.603,logits,true,-0.21593278644912928,0.9848550547932398,0.7689222683441105,log_power,45,reports/sleepedf_full_shallowconvnet_dynamics_true_seed45.json,0.07705065133037692,0.003826755954509691,0.08087740728488661,nonlinear-induced distortion
shallowconvnet,0.617,sleepedf_full,0,20,0.603,pool,true,0.08323907916397089,0.5221002884551512,0.6053393676191221,pooling,45,reports/sleepedf_full_shallowconvnet_dynamics_true_seed45.json,-0.021663217044560472,0.054619193011944775,0.0329559759673843,nonlinear-induced distortion
shallowconvnet,0.617,sleepedf_full,0,20,0.603,pool_nonlin_exp,true,-0.1541286895960684,0.9790155070973721,0.8248868175013037,pooling,45,reports/sleepedf_full_shallowconvnet_dynamics_true_seed45.json,0.01736603470781775,0.04814995574350904,0.06551599045132679,nonlinear-induced distortion
shallowconvnet,0.622,sleepedf_full,0,20,0.611,bnorm,true,0.30619025395436517,0.00041872095279595143,0.3066089749071611,linear_filtering,46,reports/sleepedf_full_shallowconvnet_dynamics_true_seed46.json,-0.6187930383198627,0.675848160002861,0.057055121682998346,nonlinear-induced distortion
shallowconvnet,0.622,sleepedf_full,0,20,0.611,conv_nonlin_exp,true,0.06663770478037809,0.20975844028785026,0.27639614506822835,linear_filtering,46,reports/sleepedf_full_shallowconvnet_dynamics_true_seed46.json,-0.06628984201773835,0.04186181245976682,-0.024428029557971527,nonlinear-induced distortion
shallowconvnet,0.622,sleepedf_full,0,20,0.611,conv_time_spat,true,0.32381469442807925,0.00041872095276961475,0.3242334153808489,linear_filtering,46,reports/sleepedf_full_shallowconvnet_dynamics_true_seed46.json,-0.6047455475287891,0.675848160002861,0.07110261247407194,nonlinear-induced distortion
shallowconvnet,0.622,sleepedf_full,0,20,0.611,final_layer.conv_classifier,true,-0.34750886719745844,0.9876096079835494,0.6401007407860909,linear_filtering,46,reports/sleepedf_full_shallowconvnet_dynamics_true_seed46.json,0.03056009047993706,0.03399051614691366,0.06455060662685072,nonlinear-induced distortion
shallowconvnet,0.622,sleepedf_full,0,20,0.611,logits,true,-0.34750886719745844,0.9876096079835494,0.6401007407860909,log_power,46,reports/sleepedf_full_shallowconvnet_dynamics_true_seed46.json,0.03056009047993706,0.03399051614691366,0.06455060662685072,nonlinear-induced distortion
shallowconvnet,0.622,sleepedf_full,0,20,0.611,pool,true,0.08268881797253969,0.4994122489191418,0.5821010668916815,pooling,46,reports/sleepedf_full_shallowconvnet_dynamics_true_seed46.json,-0.02681620368714684,0.03699925345111222,0.01018304976396538,nonlinear-induced distortion
shallowconvnet,0.622,sleepedf_full,0,20,0.611,pool_nonlin_exp,true,-0.1586481395053193,0.9790431985388506,0.8203950590335313,pooling,46,reports/sleepedf_full_shallowconvnet_dynamics_true_seed46.json,0.01480666859142516,0.04475723750089406,0.05956390609231922,nonlinear-induced distortion
shallowconvnet,0.253,sleepedf_full,0,20,0.186,bnorm,shuffled,0.41745840485175467,0.0008096857482097701,0.41826809059996445,linear_filtering,41,reports/sleepedf_full_shallowconvnet_dynamics_shuffled_seed41.json,-0.7300705198126027,0.7985002413990414,0.06842972158643873,nonlinear-induced distortion
shallowconvnet,0.253,sleepedf_full,0,20,0.186,conv_nonlin_exp,shuffled,0.1766295799349174,0.22486953801722992,0.4014991179521473,linear_filtering,41,reports/sleepedf_full_shallowconvnet_dynamics_shuffled_seed41.json,-0.03289758198626708,-0.021165532687218363,-0.054063114673485436,nonlinear-induced distortion
shallowconvnet,0.253,sleepedf_full,0,20,0.186,conv_time_spat,shuffled,0.2633201417274488,0.0008096857477525727,0.26412982747520136,linear_filtering,41,reports/sleepedf_full_shallowconvnet_dynamics_shuffled_seed41.json,-0.7283024171196623,0.7985002413990414,0.07019782427937915,nonlinear-induced distortion
shallowconvnet,0.253,sleepedf_full,0,20,0.186,final_layer.conv_classifier,shuffled,-0.11693469068158735,0.966636627754646,0.8497019370730586,linear_filtering,41,reports/sleepedf_full_shallowconvnet_dynamics_shuffled_seed41.json,-0.09089174594091981,0.04919862223732207,-0.041693123703597734,nonlinear-induced distortion
shallowconvnet,0.253,sleepedf_full,0,20,0.186,logits,shuffled,-0.11693469068158735,0.966636627754646,0.8497019370730586,log_power,41,reports/sleepedf_full_shallowconvnet_dynamics_shuffled_seed41.json,-0.09089174594091981,0.04919862223732207,-0.041693123703597734,nonlinear-induced distortion
shallowconvnet,0.253,sleepedf_full,0,20,0.186,pool,shuffled,0.2316887548933656,0.5270424485490407,0.7587312034424063,pooling,41,reports/sleepedf_full_shallowconvnet_dynamics_shuffled_seed41.json,-0.036778820363350256,-0.01901739414204992,-0.05579621450540018,nonlinear-induced distortion
shallowconvnet,0.253,sleepedf_full,0,20,0.186,pool_nonlin_exp,shuffled,-0.1377520156575539,0.978139439615976,0.8403874239584221,pooling,41,reports/sleepedf_full_shallowconvnet_dynamics_shuffled_seed41.json,-0.009419273318021852,-0.01321787157570989,-0.022637144893731743,nonlinear-induced distortion
shallowconvnet,0.2355,sleepedf_full,0,20,0.1885,bnorm,shuffled,0.4087013933624851,0.0004930035862476011,0.4091943969487327,linear_filtering,42,reports/sleepedf_full_shallowconvnet_dynamics_shuffled_seed42.json,-0.6015801169779803,0.6780050195242932,0.07642490254631285,nonlinear-induced distortion
shallowconvnet,0.2355,sleepedf_full,0,20,0.1885,conv_nonlin_exp,shuffled,0.1656337485750768,0.20667529782065158,0.37230904639572837,linear_filtering,42,reports/sleepedf_full_shallowconvnet_dynamics_shuffled_seed42.json,-0.058490702811904896,0.048551695157714035,-0.009939007654190864,nonlinear-induced distortion
shallowconvnet,0.2355,sleepedf_full,0,20,0.1885,conv_time_spat,shuffled,0.26144839135456843,0.0004930035838834196,0.26194139493845187,linear_filtering,42,reports/sleepedf_full_shallowconvnet_dynamics_shuffled_seed42.json,-0.5984462377400742,0.6780029128706085,0.07955667513053429,nonlinear-induced distortion
shallowconvnet,0.2355,sleepedf_full,0,20,0.1885,final_layer.conv_classifier,shuffled,-0.13295599814952885,0.9472348979779515,0.8142788998284226,linear_filtering,42,reports/sleepedf_full_shallowconvnet_dynamics_shuffled_seed42.json,0.03778798011587153,-0.007625382215149129,0.030162597900722402,nonlinear-induced distortion
shallowconvnet,0.2355,sleepedf_full,0,20,0.1885,logits,shuffled,-0.13295599814952885,0.9472348979779515,0.8142788998284226,log_power,42,reports/sleepedf_full_shallowconvnet_dynamics_shuffled_seed42.json,0.03778798011587153,-0.007625382215149129,0.030162597900722402,nonlinear-induced distortion
shallowconvnet,0.2355,sleepedf_full,0,20,0.1885,pool,shuffled,0.23982921444037758,0.4919811618492735,0.7318103762896511,pooling,42,reports/sleepedf_full_shallowconvnet_dynamics_shuffled_seed42.json,-0.012986888455761385,0.041598285172734416,0.02861139671697303,nonlinear-induced distortion
shallowconvnet,0.2355,sleepedf_full,0,20,0.1885,pool_nonlin_exp,shuffled,-0.1221326764957329,0.9757473484747118,0.8536146719789789,pooling,42,reports/sleepedf_full_shallowconvnet_dynamics_shuffled_seed42.json,0.025364272086426415,0.06616760599811689,0.0915318780845433,nonlinear-induced distortion
shallowconvnet,0.2395,sleepedf_full,0,20,0.206,bnorm,shuffled,0.4218027858231884,0.0005937842544668854,0.4223965700776553,linear_filtering,43,reports/sleepedf_full_shallowconvnet_dynamics_shuffled_seed43.json,-0.7419926596809956,0.8072370538588083,0.06524439417781273,nonlinear-induced distortion
shallowconvnet,0.2395,sleepedf_full,0,20,0.206,conv_nonlin_exp,shuffled,0.20410889486384776,0.1990337727963613,0.40314266766020906,linear_filtering,43,reports/sleepedf_full_shallowconvnet_dynamics_shuffled_seed43.json,-0.08150136792790214,0.0300807457442243,-0.05142062218367784,nonlinear-induced distortion
shallowconvnet,0.2395,sleepedf_full,0,20,0.206,conv_time_spat,shuffled,0.2925796679394702,0.0005937842634149233,0.29317345220288515,linear_filtering,43,reports/sleepedf_full_shallowconvnet_dynamics_shuffled_seed43.json,-0.7366931237035976,0.8072370538588083,0.07054393015521063,nonlinear-induced distortion
shallowconvnet,0.2395,sleepedf_full,0,20,0.206,final_layer.conv_classifier,shuffled,-0.08443326315665689,0.9861785818536315,0.9017453186969746,linear_filtering,43,reports/sleepedf_full_shallowconvnet_dynamics_shuffled_seed43.json,-0.038695495225663394,0.002137029718904227,-0.03655846550675917,nonlinear-induced distortion
shallowconvnet,0.2395,sleepedf_full,0,20,0.206,logits,shuffled,-0.08443326315665689,0.9861785818536315,0.9017453186969746,log_power,43,reports/sleepedf_full_shallowconvnet_dynamics_shuffled_seed43.json,-0.038695495225663394,0.002137029718904227,-0.03655846550675917,nonlinear-induced distortion
shallowconvnet,0.2395,sleepedf_full,0,20,0.206,pool,shuffled,0.2732166993682924,0.4721317834515544,0.7453484828198468,pooling,43,reports/sleepedf_full_shallowconvnet_dynamics_shuffled_seed43.json,-0.06590421822473355,0.01991863958229025,-0.045985578642443306,nonlinear-induced distortion
shallowconvnet,0.2395,sleepedf_full,0,20,0.206,pool_nonlin_exp,shuffled,-0.14696585686308472,0.9797169462016796,0.8327510893385949,pooling,43,reports/sleepedf_full_shallowconvnet_dynamics_shuffled_seed43.json,0.00010594735712753014,0.0029095513554109145,0.0030154987125384446,nonlinear-induced distortion
shallowconvnet,0.2455,sleepedf_full,0,20,0.199,bnorm,shuffled,0.4475381140267024,0.0007044088590435487,0.44824252288574595,linear_filtering,44,reports/sleepedf_full_shallowconvnet_dynamics_shuffled_seed44.json,-0.5582083944281524,0.713254763160718,0.1550463687325656,nonlinear-induced distortion
shallowconvnet,0.2455,sleepedf_full,0,20,0.199,conv_nonlin_exp,shuffled,0.19713229842174332,0.2261346324119123,0.42326693083365563,linear_filtering,44,reports/sleepedf_full_shallowconvnet_dynamics_shuffled_seed44.json,0.024195604731942037,-0.030409193727201196,-0.006213588995259161,nonlinear-induced distortion
shallowconvnet,0.2455,sleepedf_full,0,20,0.199,conv_time_spat,shuffled,0.2764297983940783,0.0007044088622886393,0.2771342072563669,linear_filtering,44,reports/sleepedf_full_shallowconvnet_dynamics_shuffled_seed44.json,-0.5575144379335655,0.713254763160718,0.15574032522715253,nonlinear-induced distortion
shallowconvnet,0.2455,sleepedf_full,0,20,0.199,final_layer.conv_classifier,shuffled,-0.05098818723706522,0.9715625964337935,0.9205744091967283,linear_filtering,44,reports/sleepedf_full_shallowconvnet_dynamics_shuffled_seed44.json,0.014442167048136754,-0.022436174540447745,-0.007994007492310991,nonlinear-induced distortion
shallowconvnet,0.2455,sleepedf_full,0,20,0.199,logits,shuffled,-0.05098818723706522,0.9715625964337935,0.9205744091967283,log_power,44,reports/sleepedf_full_shallowconvnet_dynamics_shuffled_seed44.json,0.014442167048136754,-0.022436174540447745,-0.007994007492310991,nonlinear-induced distortion
shallowconvnet,0.2455,sleepedf_full,0,20,0.199,pool,shuffled,0.2211983043005421,0.538967192210417,0.7601654965109591,pooling,44,reports/sleepedf_full_shallowconvnet_dynamics_shuffled_seed44.json,0.014636191527787711,-0.018465350296831412,-0.0038291587690437016,nonlinear-induced distortion
shallowconvnet,0.2455,sleepedf_full,0,20,0.199,pool_nonlin_exp,shuffled,-0.124824664279096,0.9801468286554457,0.8553221643763497,pooling,44,reports/sleepedf_full_shallowconvnet_dynamics_shuffled_seed44.json,0.01650202730491381,-0.009906234353765824,0.0065957929511479855,nonlinear-induced distortion
shallowconvnet,0.2365,sleepedf_full,0,20,0.222,bnorm,shuffled,0.34494956888903394,0.0003824966387820086,0.3453320655278159,linear_filtering,45,reports/sleepedf_full_shallowconvnet_dynamics_shuffled_seed45.json,-0.5329134964415991,0.65715455350118,0.12424105705958084,nonlinear-induced distortion
shallowconvnet,0.2365,sleepedf_full,0,20,0.222,conv_nonlin_exp,shuffled,0.14446019614179803,0.21703772332752555,0.3614979194693236,linear_filtering,45,reports/sleepedf_full_shallowconvnet_dynamics_shuffled_seed45.json,-0.0390059500393391,0.05417062665403046,0.015164676614691364,nonlinear-induced distortion
shallowconvnet,0.2365,sleepedf_full,0,20,0.222,conv_time_spat,shuffled,0.17638114473393313,0.00038249664079303833,0.17676364137472617,linear_filtering,45,reports/sleepedf_full_shallowconvnet_dynamics_shuffled_seed45.json,-0.5252268420872306,0.65715455350118,0.13192771141394938,nonlinear-induced distortion
shallowconvnet,0.2365,sleepedf_full,0,20,0.222,final_layer.conv_classifier,shuffled,-0.09456554028147868,0.9848550547932398,0.8902895145117611,linear_filtering,45,reports/sleepedf_full_shallowconvnet_dynamics_shuffled_seed45.json,0.019608721210929114,0.003826755954509691,0.023435477165438805,nonlinear-induced distortion
shallowconvnet,0.2365,sleepedf_full,0,20,0.222,logits,shuffled,-0.09456554028147868,0.9848550547932398,0.8902895145117611,log_power,45,reports/sleepedf_full_shallowconvnet_dynamics_shuffled_seed45.json,0.019608721210929114,0.003826755954509691,0.023435477165438805,nonlinear-induced distortion
shallowconvnet,0.2365,sleepedf_full,0,20,0.222,pool,shuffled,0.19269132266088695,0.5221002884551512,0.7147916111160382,pooling,45,reports/sleepedf_full_shallowconvnet_dynamics_shuffled_seed45.json,-0.004423715667691869,0.054619193011944775,0.050195477344252906,nonlinear-induced distortion
shallowconvnet,0.2365,sleepedf_full,0,20,0.222,pool_nonlin_exp,shuffled,-0.13936621290464601,0.9790155070973721,0.839649294192726,pooling,45,reports/sleepedf_full_shallowconvnet_dynamics_shuffled_seed45.json,0.013814808937128956,0.04814995574350904,0.061964764680637996,nonlinear-induced distortion
shallowconvnet,0.2655,sleepedf_full,0,20,0.2,bnorm,shuffled,0.42109018527910647,0.00041872095279595143,0.4215089062319024,linear_filtering,46,reports/sleepedf_full_shallowconvnet_dynamics_shuffled_seed46.json,-0.6167899068378513,0.675848160002861,0.05905825316500964,nonlinear-induced distortion
shallowconvnet,0.2655,sleepedf_full,0,20,0.2,conv_nonlin_exp,shuffled,0.18121252197962864,0.20975844028785026,0.3909709622674789,linear_filtering,46,reports/sleepedf_full_shallowconvnet_dynamics_shuffled_seed46.json,-0.0740274971389743,0.04186181245976682,-0.03216568467920749,nonlinear-induced distortion
shallowconvnet,0.2655,sleepedf_full,0,20,0.2,conv_time_spat,shuffled,0.30546794107456776,0.00041872095276961475,0.3058866620273374,linear_filtering,46,reports/sleepedf_full_shallowconvnet_dynamics_shuffled_seed46.json,-0.6138551091660109,0.675848160002861,0.06199305083685,nonlinear-induced distortion
shallowconvnet,0.2655,sleepedf_full,0,20,0.2,final_layer.conv_classifier,shuffled,-0.09009034999326915,0.9876096079835494,0.8975192579902802,linear_filtering,46,reports/sleepedf_full_shallowconvnet_dynamics_shuffled_seed46.json,-0.05084075039339102,0.03399051614691366,-0.016850234246477358,nonlinear-induced distortion
shallowconvnet,0.2655,sleepedf_full,0,20,0.2,logits,shuffled,-0.09009034999326915,0.9876096079835494,0.8975192579902802,log_power,46,reports/sleepedf_full_shallowconvnet_dynamics_shuffled_seed46.json,-0.05084075039339102,0.03399051614691366,-0.016850234246477358,nonlinear-induced distortion
shallowconvnet,0.2655,sleepedf_full,0,20,0.2,pool,shuffled,0.24741648344442857,0.4994122489191418,0.7468287323635704,pooling,46,reports/sleepedf_full_shallowconvnet_dynamics_shuffled_seed46.json,-0.028865346273514052,0.03699925345111222,0.008133907177598168,nonlinear-induced distortion
shallowconvnet,0.2655,sleepedf_full,0,20,0.2,pool_nonlin_exp,shuffled,-0.14832279608541998,0.9790431985388506,0.8307204024534306,pooling,46,reports/sleepedf_full_shallowconvnet_dynamics_shuffled_seed46.json,0.0031216025320077237,0.04475723750089406,0.047878840032901784,nonlinear-induced distortion
eegconformer,0.684,sleepedf_full,0,20,0.6365,fc,true,-0.6282983001309901,0.9996649445643235,0.37136664443333345,classifier,41,reports/sleepedf_full_eegconformer_dynamics_true_seed41.json,-0.11173366980187396,0.1893513518346327,0.07761768203275873,architecture-induced collapse with training reorganization
eegconformer,0.684,sleepedf_full,0,20,0.6365,final_layer,true,-0.2727129392026232,0.9996575007000701,0.7269445614974469,classifier,41,reports/sleepedf_full_eegconformer_dynamics_true_seed41.json,0.004050575334382384,0.07477135263929617,0.07882192797367855,architecture-induced collapse with training reorganization
eegconformer,0.684,sleepedf_full,0,20,0.6365,logits,true,-0.2727129392026232,0.9996575007000701,0.7269445614974469,classifier,41,reports/sleepedf_full_eegconformer_dynamics_true_seed41.json,0.004050575334382384,0.07477135263929617,0.07882192797367855,architecture-induced collapse with training reorganization
eegconformer,0.684,sleepedf_full,0,20,0.6365,patch_embedding,true,-0.40430864156452995,0.9956760097203623,0.5913673681558324,patch_embedding,41,reports/sleepedf_full_eegconformer_dynamics_true_seed41.json,-0.0161138107073886,0.2780781283527644,0.2619643176453758,architecture-induced collapse with training reorganization
eegconformer,0.684,sleepedf_full,0,20,0.6365,patch_embedding.projection,true,-0.40430864156452995,0.9956760097203623,0.5913673681558324,patch_embedding,41,reports/sleepedf_full_eegconformer_dynamics_true_seed41.json,-0.0161138107073886,0.2780781283527644,0.2619643176453758,architecture-induced collapse with training reorganization
eegconformer,0.684,sleepedf_full,0,20,0.6365,patch_embedding.shallownet,true,-0.5828876091151126,0.972086470207813,0.3891988610927004,patch_embedding,41,reports/sleepedf_full_eegconformer_dynamics_true_seed41.json,0.03525298843072738,0.29515487536656887,0.33040786379729625,architecture-induced collapse with training reorganization
eegconformer,0.684,sleepedf_full,0,20,0.6365,transformer,true,-0.5592133888384095,0.9996836022314941,0.44047021339308456,transformer,41,reports/sleepedf_full_eegconformer_dynamics_true_seed41.json,-0.12688571767040982,0.25706343653887415,0.13017771886846433,architecture-induced collapse with training reorganization
eegconformer,0.684,sleepedf_full,0,20,0.6365,transformer.0,true,-0.5187500526364828,0.9991117517130352,0.4803616990765525,transformer,41,reports/sleepedf_full_eegconformer_dynamics_true_seed41.json,-0.18507398433588437,0.26984024077319213,0.08476625643730776,architecture-induced collapse with training reorganization
eegconformer,0.684,sleepedf_full,0,20,0.6365,transformer.2,true,-0.5529584106723102,0.9996166036516512,0.446658192979341,transformer,41,reports/sleepedf_full_eegconformer_dynamics_true_seed41.json,-0.1546948872577069,0.2566771310170946,0.10198224375938772,architecture-induced collapse with training reorganization
eegconformer,0.684,sleepedf_full,0,20,0.6365,transformer.5,true,-0.5592133888384095,0.9996836022314941,0.44047021339308456,transformer,41,reports/sleepedf_full_eegconformer_dynamics_true_seed41.json,-0.12688571767040982,0.25706343653887415,0.13017771886846433,architecture-induced collapse with training reorganization
eegconformer,0.668,sleepedf_full,0,20,0.6605,fc,true,-0.6206290803949087,0.9993228890996029,0.37869380870469416,classifier,42,reports/sleepedf_full_eegconformer_dynamics_true_seed42.json,-0.17660161558543735,0.22373427553465414,0.04713265994921679,architecture-induced collapse with training reorganization
eegconformer,0.668,sleepedf_full,0,20,0.6605,final_layer,true,-0.29620472796957986,0.9995725557565959,0.703367827787016,classifier,42,reports/sleepedf_full_eegconformer_dynamics_true_seed42.json,-0.06622991694084829,0.11850109076603961,0.05227117382519132,architecture-induced collapse with training reorganization
eegconformer,0.668,sleepedf_full,0,20,0.6605,logits,true,-0.29620472796957986,0.9995725557565959,0.703367827787016,classifier,42,reports/sleepedf_full_eegconformer_dynamics_true_seed42.json,-0.06622991694084829,0.11850109076603961,0.05227117382519132,architecture-induced collapse with training reorganization
eegconformer,0.668,sleepedf_full,0,20,0.6605,patch_embedding,true,-0.3416736353300843,0.9913127052777694,0.649639069947685,patch_embedding,42,reports/sleepedf_full_eegconformer_dynamics_true_seed42.json,-0.007169328016593923,0.3434091020849724,0.33623977406837846,architecture-induced collapse with training reorganization
eegconformer,0.668,sleepedf_full,0,20,0.6605,patch_embedding.projection,true,-0.3416736353300843,0.9913127052777694,0.649639069947685,patch_embedding,42,reports/sleepedf_full_eegconformer_dynamics_true_seed42.json,-0.007169328016593923,0.3434091020849724,0.33623977406837846,architecture-induced collapse with training reorganization
eegconformer,0.668,sleepedf_full,0,20,0.6605,patch_embedding.shallownet,true,-0.5439418645238306,0.9589823717704788,0.4150405072466482,patch_embedding,42,reports/sleepedf_full_eegconformer_dynamics_true_seed42.json,0.013688543827337085,0.33806358853086327,0.35175213235820035,architecture-induced collapse with training reorganization
eegconformer,0.668,sleepedf_full,0,20,0.6605,transformer,true,-0.5402966321436184,0.9992930097907425,0.4589963776471241,transformer,42,reports/sleepedf_full_eegconformer_dynamics_true_seed42.json,-0.20698506008153922,0.30388217715113364,0.09689711706959443,architecture-induced collapse with training reorganization
eegconformer,0.668,sleepedf_full,0,20,0.6605,transformer.0,true,-0.45938392023744434,0.9985760495508373,0.539192129313393,transformer,42,reports/sleepedf_full_eegconformer_dynamics_true_seed42.json,-0.2786789549209642,0.35020041708389954,0.0715214621629354,architecture-induced collapse with training reorganization
eegconformer,0.668,sleepedf_full,0,20,0.6605,transformer.2,true,-0.4969819642887382,0.9989653954306351,0.5019834311418969,transformer,42,reports/sleepedf_full_eegconformer_dynamics_true_seed42.json,-0.25519470620842566,0.3365137731564265,0.08131906694800084,architecture-induced collapse with training reorganization
eegconformer,0.668,sleepedf_full,0,20,0.6605,transformer.5,true,-0.5402966321436184,0.9992930097907425,0.4589963776471241,transformer,42,reports/sleepedf_full_eegconformer_dynamics_true_seed42.json,-0.20698506008153922,0.30388217715113364,0.09689711706959443,architecture-induced collapse with training reorganization
eegconformer,0.6645,sleepedf_full,0,20,0.6645,fc,true,-0.6570363696077308,0.99964533307272,0.3426089634649891,classifier,43,reports/sleepedf_full_eegconformer_dynamics_true_seed43.json,-0.09564072446534581,0.1582964715506759,0.06265574708533007,architecture-induced collapse with training reorganization
eegconformer,0.6645,sleepedf_full,0,20,0.6645,final_layer,true,-0.46472121269257805,0.9995952001922195,0.5348739874996414,classifier,43,reports/sleepedf_full_eegconformer_dynamics_true_seed43.json,-0.019482098472927534,0.08423083112795936,0.06474873265503182,architecture-induced collapse with training reorganization
eegconformer,0.6645,sleepedf_full,0,20,0.6645,logits,true,-0.46472121269257805,0.9995952001922195,0.5348739874996414,classifier,43,reports/sleepedf_full_eegconformer_dynamics_true_seed43.json,-0.019482098472927534,0.08423083112795936,0.06474873265503182,architecture-induced collapse with training reorganization
eegconformer,0.6645,sleepedf_full,0,20,0.6645,patch_embedding,true,-0.33871812552042413,0.9935014920447209,0.6547833665242968,patch_embedding,43,reports/sleepedf_full_eegconformer_dynamics_true_seed43.json,0.006079064891638619,0.34105062227308486,0.3471296871647235,architecture-induced collapse with training reorganization
eegconformer,0.6645,sleepedf_full,0,20,0.6645,patch_embedding.projection,true,-0.33871812552042413,0.9935014920447209,0.6547833665242968,patch_embedding,43,reports/sleepedf_full_eegconformer_dynamics_true_seed43.json,0.006079064891638619,0.34105062227308486,0.3471296871647235,architecture-induced collapse with training reorganization
eegconformer,0.6645,sleepedf_full,0,20,0.6645,patch_embedding.shallownet,true,-0.5182267160990257,0.9761603153304524,0.4579335992314267,patch_embedding,43,reports/sleepedf_full_eegconformer_dynamics_true_seed43.json,-0.004307117695443785,0.3424765865281453,0.3381694688327015,architecture-induced collapse with training reorganization
eegconformer,0.6645,sleepedf_full,0,20,0.6645,transformer,true,-0.5486327042904646,0.9996983477627555,0.4510656434722908,transformer,43,reports/sleepedf_full_eegconformer_dynamics_true_seed43.json,-0.12166063541592159,0.24372645241756666,0.12206581700164507,architecture-induced collapse with training reorganization
eegconformer,0.6645,sleepedf_full,0,20,0.6645,transformer.0,true,-0.46336161804333387,0.9994230799278799,0.5360614618845461,transformer,43,reports/sleepedf_full_eegconformer_dynamics_true_seed43.json,-0.181917378942851,0.2948854807417209,0.11296810179886987,architecture-induced collapse with training reorganization
eegconformer,0.6645,sleepedf_full,0,20,0.6645,transformer.2,true,-0.5161156874104118,0.9996040660812089,0.48348837867079714,transformer,43,reports/sleepedf_full_eegconformer_dynamics_true_seed43.json,-0.16401474545812172,0.27298126698733993,0.10896652152921821,architecture-induced collapse with training reorganization
eegconformer,0.6645,sleepedf_full,0,20,0.6645,transformer.5,true,-0.5486327042904646,0.9996983477627555,0.4510656434722908,transformer,43,reports/sleepedf_full_eegconformer_dynamics_true_seed43.json,-0.12166063541592159,0.24372645241756666,0.12206581700164507,architecture-induced collapse with training reorganization
eegconformer,0.67,sleepedf_full,0,20,0.651,fc,true,-0.5397921723645881,0.9995419840217339,0.4597498116571458,classifier,44,reports/sleepedf_full_eegconformer_dynamics_true_seed44.json,-0.20059943008221887,0.17867525620338331,-0.021924173878835558,architecture-induced collapse with training reorganization
eegconformer,0.67,sleepedf_full,0,20,0.651,final_layer,true,-0.3009281468692119,0.9996159246249139,0.698687777755702,classifier,44,reports/sleepedf_full_eegconformer_dynamics_true_seed44.json,-0.1503999736249195,0.1148030697911451,-0.0355969038337744,architecture-induced collapse with training reorganization
eegconformer,0.67,sleepedf_full,0,20,0.651,logits,true,-0.3009281468692119,0.9996159246249139,0.698687777755702,classifier,44,reports/sleepedf_full_eegconformer_dynamics_true_seed44.json,-0.1503999736249195,0.1148030697911451,-0.0355969038337744,architecture-induced collapse with training reorganization
eegconformer,0.67,sleepedf_full,0,20,0.651,patch_embedding,true,-0.34447768424864933,0.9931639098043635,0.6486862255557142,patch_embedding,44,reports/sleepedf_full_eegconformer_dynamics_true_seed44.json,0.0036236462669048675,0.2768908250482798,0.28051447131518464,architecture-induced collapse with training reorganization
eegconformer,0.67,sleepedf_full,0,20,0.651,patch_embedding.projection,true,-0.34447768424864933,0.9931639098043635,0.6486862255557142,patch_embedding,44,reports/sleepedf_full_eegconformer_dynamics_true_seed44.json,0.0036236462669048675,0.2768908250482798,0.28051447131518464,architecture-induced collapse with training reorganization
eegconformer,0.67,sleepedf_full,0,20,0.651,patch_embedding.shallownet,true,-0.5010002820749346,0.9795489941677132,0.4785487120927786,patch_embedding,44,reports/sleepedf_full_eegconformer_dynamics_true_seed44.json,0.015712305986696207,0.2872132268793362,0.3029255328660324,architecture-induced collapse with training reorganization
eegconformer,0.67,sleepedf_full,0,20,0.651,transformer,true,-0.48547065117622734,0.9997272696340843,0.514256618457857,transformer,44,reports/sleepedf_full_eegconformer_dynamics_true_seed44.json,-0.13766873345969527,0.21983059598741145,0.08216186252771618,architecture-induced collapse with training reorganization
eegconformer,0.67,sleepedf_full,0,20,0.651,transformer.0,true,-0.3975334459618972,0.9991982595298552,0.601664813567958,transformer,44,reports/sleepedf_full_eegconformer_dynamics_true_seed44.json,-0.23046624660253195,0.26970808597382157,0.039241839371289604,architecture-induced collapse with training reorganization
eegconformer,0.67,sleepedf_full,0,20,0.651,transformer.2,true,-0.41565463101831357,0.9995718255007578,0.5839171944824443,transformer,44,reports/sleepedf_full_eegconformer_dynamics_true_seed44.json,-0.19861299486803516,0.2517541998962878,0.05314120502825262,architecture-induced collapse with training reorganization
eegconformer,0.67,sleepedf_full,0,20,0.651,transformer.5,true,-0.48547065117622734,0.9997272696340843,0.514256618457857,transformer,44,reports/sleepedf_full_eegconformer_dynamics_true_seed44.json,-0.13766873345969527,0.21983059598741145,0.08216186252771618,architecture-induced collapse with training reorganization
eegconformer,0.652,sleepedf_full,0,20,0.6025,fc,true,-0.5857055881331834,0.9994476942405207,0.41374210610733725,classifier,45,reports/sleepedf_full_eegconformer_dynamics_true_seed45.json,-0.16793108727916456,0.22507995225663396,0.05714886497746941,architecture-induced collapse with training reorganization
eegconformer,0.652,sleepedf_full,0,20,0.6025,final_layer,true,-0.36325884095418903,0.9985646967858296,0.6353058558316406,classifier,45,reports/sleepedf_full_eegconformer_dynamics_true_seed45.json,-0.0441977505185609,0.12533297421500605,0.08113522369644516,architecture-induced collapse with training reorganization
eegconformer,0.652,sleepedf_full,0,20,0.6025,logits,true,-0.36325884095418903,0.9985646967858296,0.6353058558316406,classifier,45,reports/sleepedf_full_eegconformer_dynamics_true_seed45.json,-0.0441977505185609,0.12533297421500605,0.08113522369644516,architecture-induced collapse with training reorganization
eegconformer,0.652,sleepedf_full,0,20,0.6025,patch_embedding,true,-0.30978525139550206,0.9916167121431217,0.6818314607476197,patch_embedding,45,reports/sleepedf_full_eegconformer_dynamics_true_seed45.json,0.0006342983334525765,0.3152506750232458,0.31588497335669835,architecture-induced collapse with training reorganization
eegconformer,0.652,sleepedf_full,0,20,0.6025,patch_embedding.projection,true,-0.30978525139550206,0.9916167121431217,0.6818314607476197,patch_embedding,45,reports/sleepedf_full_eegconformer_dynamics_true_seed45.json,0.0006342983334525765,0.3152506750232458,0.31588497335669835,architecture-induced collapse with training reorganization
eegconformer,0.652,sleepedf_full,0,20,0.6025,patch_embedding.shallownet,true,-0.531530623685852,0.9638295947969552,0.43229897111110316,patch_embedding,45,reports/sleepedf_full_eegconformer_dynamics_true_seed45.json,-0.0030214554574064523,0.3189294734818682,0.3159080180244617,architecture-induced collapse with training reorganization
eegconformer,0.652,sleepedf_full,0,20,0.6025,transformer,true,-0.370788374892554,0.9992779575326043,0.6284895826400503,transformer,45,reports/sleepedf_full_eegconformer_dynamics_true_seed45.json,-0.15544187200486373,0.3129133176274944,0.15747144562263068,architecture-induced collapse with training reorganization
eegconformer,0.652,sleepedf_full,0,20,0.6025,transformer.0,true,-0.4108851370297196,0.9980459751425206,0.587160838112801,transformer,45,reports/sleepedf_full_eegconformer_dynamics_true_seed45.json,-0.21053574940991343,0.33030307873185033,0.1197673293219369,architecture-induced collapse with training reorganization
eegconformer,0.652,sleepedf_full,0,20,0.6025,transformer.2,true,-0.41726372471496864,0.999017178935829,0.5817534542208603,transformer,45,reports/sleepedf_full_eegconformer_dynamics_true_seed45.json,-0.1843703284815106,0.31686309768614546,0.13249276920463485,architecture-induced collapse with training reorganization
eegconformer,0.652,sleepedf_full,0,20,0.6025,transformer.5,true,-0.370788374892554,0.9992779575326043,0.6284895826400503,transformer,45,reports/sleepedf_full_eegconformer_dynamics_true_seed45.json,-0.15544187200486373,0.3129133176274944,0.15747144562263068,architecture-induced collapse with training reorganization
eegconformer,0.672,sleepedf_full,0,20,0.6605,fc,true,-0.6375838863693588,0.999423230663654,0.36183934429429526,classifier,46,reports/sleepedf_full_eegconformer_dynamics_true_seed46.json,-0.10409962627852083,0.12972871665116942,0.02562909037264859,architecture-induced collapse with training reorganization
eegconformer,0.672,sleepedf_full,0,20,0.6605,final_layer,true,-0.4073714340993986,0.9993100041826922,0.5919385700832936,classifier,46,reports/sleepedf_full_eegconformer_dynamics_true_seed46.json,0.00028770071883270007,0.016593010156641153,0.016880710875473853,architecture-induced collapse with training reorganization
eegconformer,0.672,sleepedf_full,0,20,0.6605,logits,true,-0.4073714340993986,0.9993100041826922,0.5919385700832936,classifier,46,reports/sleepedf_full_eegconformer_dynamics_true_seed46.json,0.00028770071883270007,0.016593010156641153,0.016880710875473853,architecture-induced collapse with training reorganization
eegconformer,0.672,sleepedf_full,0,20,0.6605,patch_embedding,true,-0.3840451172705568,0.9952200373756194,0.6111749201050626,patch_embedding,46,reports/sleepedf_full_eegconformer_dynamics_true_seed46.json,0.006096622201559265,0.2969384343036978,0.3030350565052571,architecture-induced collapse with training reorganization
eegconformer,0.672,sleepedf_full,0,20,0.6605,patch_embedding.projection,true,-0.3840451172705568,0.9952200373756194,0.6111749201050626,patch_embedding,46,reports/sleepedf_full_eegconformer_dynamics_true_seed46.json,0.006096622201559265,0.2969384343036978,0.3030350565052571,architecture-induced collapse with training reorganization
eegconformer,0.672,sleepedf_full,0,20,0.6605,patch_embedding.shallownet,true,-0.5505504330650817,0.9599412891666186,0.40939085610153697,patch_embedding,46,reports/sleepedf_full_eegconformer_dynamics_true_seed46.json,0.02055030131306551,0.3034937035083327,0.3240440048213982,architecture-induced collapse with training reorganization
eegconformer,0.672,sleepedf_full,0,20,0.6605,transformer,true,-0.5890988780686321,0.9994877341344336,0.41038885606580144,transformer,46,reports/sleepedf_full_eegconformer_dynamics_true_seed46.json,-0.08737037094986051,0.20037482789142405,0.11300445694156354,architecture-induced collapse with training reorganization
eegconformer,0.672,sleepedf_full,0,20,0.6605,transformer.0,true,-0.5742610940732723,0.999274058364813,0.4250129642915407,transformer,46,reports/sleepedf_full_eegconformer_dynamics_true_seed46.json,-0.18522711695958158,0.2486248978765403,0.06339778091695872,architecture-induced collapse with training reorganization
eegconformer,0.672,sleepedf_full,0,20,0.6605,transformer.2,true,-0.6069953941037591,0.999360543491253,0.3923651493874939,transformer,46,reports/sleepedf_full_eegconformer_dynamics_true_seed46.json,-0.13192859952793073,0.2103931898648165,0.07846459033688576,architecture-induced collapse with training reorganization
eegconformer,0.672,sleepedf_full,0,20,0.6605,transformer.5,true,-0.5890988780686321,0.9994877341344336,0.41038885606580144,transformer,46,reports/sleepedf_full_eegconformer_dynamics_true_seed46.json,-0.08737037094986051,0.20037482789142405,0.11300445694156354,architecture-induced collapse with training reorganization
eegconformer,0.22,sleepedf_full,0,20,0.211,fc,shuffled,-0.05428009386779842,0.9996649445643235,0.9453848506965251,classifier,41,reports/sleepedf_full_eegconformer_dynamics_shuffled_seed41.json,-0.13603937933624205,0.1893513518346327,0.05331197249839066,architecture-induced collapse with training reorganization
eegconformer,0.22,sleepedf_full,0,20,0.211,final_layer,shuffled,-0.03471740270941459,0.9996575007000701,0.9649400979906555,classifier,41,reports/sleepedf_full_eegconformer_dynamics_shuffled_seed41.json,-0.06340595048637435,0.07477135263929617,0.011365402152921821,architecture-induced collapse with training reorganization
eegconformer,0.22,sleepedf_full,0,20,0.211,logits,shuffled,-0.03471740270941459,0.9996575007000701,0.9649400979906555,classifier,41,reports/sleepedf_full_eegconformer_dynamics_shuffled_seed41.json,-0.06340595048637435,0.07477135263929617,0.011365402152921821,architecture-induced collapse with training reorganization
eegconformer,0.22,sleepedf_full,0,20,0.211,patch_embedding,shuffled,-0.26905986486935896,0.9956760097203623,0.7266161448510033,patch_embedding,41,reports/sleepedf_full_eegconformer_dynamics_shuffled_seed41.json,-0.013580930524860702,0.2780781283527644,0.2644971978279037,architecture-induced collapse with training reorganization
eegconformer,0.22,sleepedf_full,0,20,0.211,patch_embedding.projection,shuffled,-0.26905986486935896,0.9956760097203623,0.7266161448510033,patch_embedding,41,reports/sleepedf_full_eegconformer_dynamics_shuffled_seed41.json,-0.013580930524860702,0.2780781283527644,0.2644971978279037,architecture-induced collapse with training reorganization
eegconformer,0.22,sleepedf_full,0,20,0.211,patch_embedding.shallownet,shuffled,-0.308886808628687,0.972086470207813,0.663199661579126,patch_embedding,41,reports/sleepedf_full_eegconformer_dynamics_shuffled_seed41.json,-0.07258476906158357,0.29515487536656887,0.2225701063049853,architecture-induced collapse with training reorganization
eegconformer,0.22,sleepedf_full,0,20,0.211,transformer,shuffled,-0.33667835068053287,0.9996836022314941,0.6630052515509612,transformer,41,reports/sleepedf_full_eegconformer_dynamics_shuffled_seed41.json,-0.005394955654101974,0.25706343653887415,0.25166848088477217,architecture-induced collapse with training reorganization
eegconformer,0.22,sleepedf_full,0,20,0.211,transformer.0,shuffled,-0.2830189993143314,0.9991117517130352,0.7160927523987038,transformer,41,reports/sleepedf_full_eegconformer_dynamics_shuffled_seed41.json,0.00861060322938273,0.26984024077319213,0.27845084400257486,architecture-induced collapse with training reorganization
eegconformer,0.22,sleepedf_full,0,20,0.211,transformer.2,shuffled,-0.3264476596842707,0.9996166036516512,0.6731689439673805,transformer,41,reports/sleepedf_full_eegconformer_dynamics_shuffled_seed41.json,0.03882971756312137,0.2566771310170946,0.295506848580216,architecture-induced collapse with training reorganization
eegconformer,0.22,sleepedf_full,0,20,0.211,transformer.5,shuffled,-0.33667835068053287,0.9996836022314941,0.6630052515509612,transformer,41,reports/sleepedf_full_eegconformer_dynamics_shuffled_seed41.json,-0.005394955654101974,0.25706343653887415,0.25166848088477217,architecture-induced collapse with training reorganization
eegconformer,0.2355,sleepedf_full,0,20,0.1965,fc,shuffled,0.0006771108975406337,0.9993228890996029,0.9999999999971435,classifier,42,reports/sleepedf_full_eegconformer_dynamics_shuffled_seed42.json,-0.25035131510087816,0.22373427553465414,-0.02661703956622403,architecture-induced collapse with training reorganization
eegconformer,0.2355,sleepedf_full,0,20,0.1965,final_layer,shuffled,0.0004274442420454383,0.9995725557565959,0.9999999999986413,classifier,42,reports/sleepedf_full_eegconformer_dynamics_shuffled_seed42.json,-0.14420119280051374,0.11850109076603961,-0.02570010203447413,architecture-induced collapse with training reorganization
eegconformer,0.2355,sleepedf_full,0,20,0.1965,logits,shuffled,0.0004274442420454383,0.9995725557565959,0.9999999999986413,classifier,42,reports/sleepedf_full_eegconformer_dynamics_shuffled_seed42.json,-0.14420119280051374,0.11850109076603961,-0.02570010203447413,architecture-induced collapse with training reorganization
eegconformer,0.2355,sleepedf_full,0,20,0.1965,patch_embedding,shuffled,-0.1638176952213264,0.9913127052777694,0.827495010056443,patch_embedding,42,reports/sleepedf_full_eegconformer_dynamics_shuffled_seed42.json,-0.15776922698662466,0.3434091020849724,0.18563987509834773,architecture-induced collapse with training reorganization
eegconformer,0.2355,sleepedf_full,0,20,0.1965,patch_embedding.projection,shuffled,-0.1638176952213264,0.9913127052777694,0.827495010056443,patch_embedding,42,reports/sleepedf_full_eegconformer_dynamics_shuffled_seed42.json,-0.15776922698662466,0.3434091020849724,0.18563987509834773,architecture-induced collapse with training reorganization
eegconformer,0.2355,sleepedf_full,0,20,0.1965,patch_embedding.shallownet,shuffled,-0.32281943081833697,0.9589823717704788,0.6361629409521419,patch_embedding,42,reports/sleepedf_full_eegconformer_dynamics_shuffled_seed42.json,-0.09230695272334816,0.33806358853086327,0.2457566358075151,architecture-induced collapse with training reorganization
eegconformer,0.2355,sleepedf_full,0,20,0.1965,transformer,shuffled,-0.05945253402772788,0.9992930097907425,0.9398404757630147,transformer,42,reports/sleepedf_full_eegconformer_dynamics_shuffled_seed42.json,-0.19078719556898646,0.30388217715113364,0.11309498158214717,architecture-induced collapse with training reorganization
eegconformer,0.2355,sleepedf_full,0,20,0.1965,transformer.0,shuffled,-0.04744843280389788,0.9985760495508373,0.9511276167469395,transformer,42,reports/sleepedf_full_eegconformer_dynamics_shuffled_seed42.json,-0.1409484188362778,0.35020041708389954,0.20925199824762175,architecture-induced collapse with training reorganization
eegconformer,0.2355,sleepedf_full,0,20,0.1965,transformer.2,shuffled,-0.0455365645087481,0.9989653954306351,0.953428830921887,transformer,42,reports/sleepedf_full_eegconformer_dynamics_shuffled_seed42.json,-0.16089446168013727,0.3365137731564265,0.17561931147628923,architecture-induced collapse with training reorganization
eegconformer,0.2355,sleepedf_full,0,20,0.1965,transformer.5,shuffled,-0.05945253402772788,0.9992930097907425,0.9398404757630147,transformer,42,reports/sleepedf_full_eegconformer_dynamics_shuffled_seed42.json,-0.19078719556898646,0.30388217715113364,0.11309498158214717,architecture-induced collapse with training reorganization
eegconformer,0.2175,sleepedf_full,0,20,0.2,fc,shuffled,0.000354666927280034,0.99964533307272,1.0,classifier,43,reports/sleepedf_full_eegconformer_dynamics_shuffled_seed43.json,-0.06070256653331682,0.1582964715506759,0.09759390501735907,architecture-induced collapse with training reorganization
eegconformer,0.2175,sleepedf_full,0,20,0.2,final_layer,shuffled,0.0004047998077765236,0.9995952001922195,0.999999999999996,classifier,43,reports/sleepedf_full_eegconformer_dynamics_shuffled_seed43.json,0.0019576179335369648,0.08423083112795936,0.08618844906149632,architecture-induced collapse with training reorganization
eegconformer,0.2175,sleepedf_full,0,20,0.2,logits,shuffled,0.0004047998077765236,0.9995952001922195,0.999999999999996,classifier,43,reports/sleepedf_full_eegconformer_dynamics_shuffled_seed43.json,0.0019576179335369648,0.08423083112795936,0.08618844906149632,architecture-induced collapse with training reorganization
eegconformer,0.2175,sleepedf_full,0,20,0.2,patch_embedding,shuffled,-0.15260237480282257,0.9935014920447209,0.8408991172418984,patch_embedding,43,reports/sleepedf_full_eegconformer_dynamics_shuffled_seed43.json,-0.013761175881553567,0.34105062227308486,0.3272894463915313,architecture-induced collapse with training reorganization
eegconformer,0.2175,sleepedf_full,0,20,0.2,patch_embedding.projection,shuffled,-0.15260237480282257,0.9935014920447209,0.8408991172418984,patch_embedding,43,reports/sleepedf_full_eegconformer_dynamics_shuffled_seed43.json,-0.013761175881553567,0.34105062227308486,0.3272894463915313,architecture-induced collapse with training reorganization
eegconformer,0.2175,sleepedf_full,0,20,0.2,patch_embedding.shallownet,shuffled,-0.33425612447537456,0.9761603153304524,0.6419041908550779,patch_embedding,43,reports/sleepedf_full_eegconformer_dynamics_shuffled_seed43.json,-0.04806957880337598,0.3424765865281453,0.2944070077247693,architecture-induced collapse with training reorganization
eegconformer,0.2175,sleepedf_full,0,20,0.2,transformer,shuffled,-0.0146163992549867,0.9996983477627555,0.9850819485077688,transformer,43,reports/sleepedf_full_eegconformer_dynamics_shuffled_seed43.json,0.11728342360002494,0.24372645241756666,0.3610098760175916,architecture-induced collapse with training reorganization
eegconformer,0.2175,sleepedf_full,0,20,0.2,transformer.0,shuffled,-0.029951758209335932,0.9994230799278799,0.969471321718544,transformer,43,reports/sleepedf_full_eegconformer_dynamics_shuffled_seed43.json,0.049027559567205725,0.2948854807417209,0.3439130403089266,architecture-induced collapse with training reorganization
eegconformer,0.2175,sleepedf_full,0,20,0.2,transformer.2,shuffled,-0.026588790906867055,0.9996040660812089,0.9730152751743418,transformer,43,reports/sleepedf_full_eegconformer_dynamics_shuffled_seed43.json,0.102953103765825,0.27298126698733993,0.37593437075316494,architecture-induced collapse with training reorganization
eegconformer,0.2175,sleepedf_full,0,20,0.2,transformer.5,shuffled,-0.0146163992549867,0.9996983477627555,0.9850819485077688,transformer,43,reports/sleepedf_full_eegconformer_dynamics_shuffled_seed43.json,0.11728342360002494,0.24372645241756666,0.3610098760175916,architecture-induced collapse with training reorganization
eegconformer,0.2215,sleepedf_full,0,20,0.2105,fc,shuffled,-0.017389432623334034,0.9995419840217339,0.9821525513983999,classifier,44,reports/sleepedf_full_eegconformer_dynamics_shuffled_seed44.json,-0.2015707930033261,0.17867525620338331,-0.022895536799942776,architecture-induced collapse with training reorganization
eegconformer,0.2215,sleepedf_full,0,20,0.2105,final_layer,shuffled,-0.0010079079696629911,0.9996159246249139,0.9986080166552509,classifier,44,reports/sleepedf_full_eegconformer_dynamics_shuffled_seed44.json,-0.12970183865603316,0.1148030697911451,-0.01489876886488806,architecture-induced collapse with training reorganization
eegconformer,0.2215,sleepedf_full,0,20,0.2105,logits,shuffled,-0.0010079079696629911,0.9996159246249139,0.9986080166552509,classifier,44,reports/sleepedf_full_eegconformer_dynamics_shuffled_seed44.json,-0.12970183865603316,0.1148030697911451,-0.01489876886488806,architecture-induced collapse with training reorganization
eegconformer,0.2215,sleepedf_full,0,20,0.2105,patch_embedding,shuffled,-0.23666441635216917,0.9931639098043635,0.7564994934521944,patch_embedding,44,reports/sleepedf_full_eegconformer_dynamics_shuffled_seed44.json,-0.04844366908661757,0.2768908250482798,0.2284471559616622,architecture-induced collapse with training reorganization
eegconformer,0.2215,sleepedf_full,0,20,0.2105,patch_embedding.projection,shuffled,-0.23666441635216917,0.9931639098043635,0.7564994934521944,patch_embedding,44,reports/sleepedf_full_eegconformer_dynamics_shuffled_seed44.json,-0.04844366908661757,0.2768908250482798,0.2284471559616622,architecture-induced collapse with training reorganization
eegconformer,0.2215,sleepedf_full,0,20,0.2105,patch_embedding.shallownet,shuffled,-0.3065466825719103,0.9795489941677132,0.6730023115958029,patch_embedding,44,reports/sleepedf_full_eegconformer_dynamics_shuffled_seed44.json,-0.08105367328874902,0.2872132268793362,0.20615955359058719,architecture-induced collapse with training reorganization
eegconformer,0.2215,sleepedf_full,0,20,0.2105,transformer,shuffled,-0.12494196456358786,0.9997272696340843,0.8747853050704965,transformer,44,reports/sleepedf_full_eegconformer_dynamics_shuffled_seed44.json,0.06119569639153133,0.21983059598741145,0.2810262923789428,architecture-induced collapse with training reorganization
eegconformer,0.2215,sleepedf_full,0,20,0.2105,transformer.0,shuffled,-0.08808941514068802,0.9991982595298552,0.9111088443891672,transformer,44,reports/sleepedf_full_eegconformer_dynamics_shuffled_seed44.json,0.01850566170159501,0.26970808597382157,0.2882137476754166,architecture-induced collapse with training reorganization
eegconformer,0.2215,sleepedf_full,0,20,0.2105,transformer.2,shuffled,-0.11643211488737859,0.9995718255007578,0.8831397106133793,transformer,44,reports/sleepedf_full_eegconformer_dynamics_shuffled_seed44.json,0.07499799951720193,0.2517541998962878,0.3267521994134897,architecture-induced collapse with training reorganization
eegconformer,0.2215,sleepedf_full,0,20,0.2105,transformer.5,shuffled,-0.12494196456358786,0.9997272696340843,0.8747853050704965,transformer,44,reports/sleepedf_full_eegconformer_dynamics_shuffled_seed44.json,0.06119569639153133,0.21983059598741145,0.2810262923789428,architecture-induced collapse with training reorganization
eegconformer,0.2125,sleepedf_full,0,20,0.2,fc,shuffled,0.0005523056724997533,0.9994476942405207,0.9999999999130205,classifier,45,reports/sleepedf_full_eegconformer_dynamics_shuffled_seed45.json,-0.1600494756276375,0.22507995225663396,0.06503047662899648,architecture-induced collapse with training reorganization
eegconformer,0.2125,sleepedf_full,0,20,0.2,final_layer,shuffled,0.0014353031481204592,0.9985646967858296,0.9999999999339501,classifier,45,reports/sleepedf_full_eegconformer_dynamics_shuffled_seed45.json,-0.08106375306810203,0.12533297421500605,0.04426922114690403,architecture-induced collapse with training reorganization
eegconformer,0.2125,sleepedf_full,0,20,0.2,logits,shuffled,0.0014353031481204592,0.9985646967858296,0.9999999999339501,classifier,45,reports/sleepedf_full_eegconformer_dynamics_shuffled_seed45.json,-0.08106375306810203,0.12533297421500605,0.04426922114690403,architecture-induced collapse with training reorganization
eegconformer,0.2125,sleepedf_full,0,20,0.2,patch_embedding,shuffled,-0.1592060395574092,0.9916167121431217,0.8324106725857126,patch_embedding,45,reports/sleepedf_full_eegconformer_dynamics_shuffled_seed45.json,-0.11251654030469921,0.3152506750232458,0.20273413471854657,architecture-induced collapse with training reorganization
eegconformer,0.2125,sleepedf_full,0,20,0.2,patch_embedding.projection,shuffled,-0.1592060395574092,0.9916167121431217,0.8324106725857126,patch_embedding,45,reports/sleepedf_full_eegconformer_dynamics_shuffled_seed45.json,-0.11251654030469921,0.3152506750232458,0.20273413471854657,architecture-induced collapse with training reorganization
eegconformer,0.2125,sleepedf_full,0,20,0.2,patch_embedding.shallownet,shuffled,-0.3324835332630516,0.9638295947969552,0.6313460615339036,patch_embedding,45,reports/sleepedf_full_eegconformer_dynamics_shuffled_seed45.json,-0.06643535199556538,0.3189294734818682,0.2524941214863028,architecture-induced collapse with training reorganization
eegconformer,0.2125,sleepedf_full,0,20,0.2,transformer,shuffled,-0.08973653042091378,0.9992779575326043,0.9095414271116905,transformer,45,reports/sleepedf_full_eegconformer_dynamics_shuffled_seed45.json,0.024895192582790937,0.3129133176274944,0.33780851021028535,architecture-induced collapse with training reorganization
eegconformer,0.2125,sleepedf_full,0,20,0.2,transformer.0,shuffled,-0.09668681904745646,0.9980459751425206,0.9013591560950641,transformer,45,reports/sleepedf_full_eegconformer_dynamics_shuffled_seed45.json,-0.005468939989986432,0.33030307873185033,0.3248341387418639,architecture-induced collapse with training reorganization
eegconformer,0.2125,sleepedf_full,0,20,0.2,transformer.2,shuffled,-0.10368910119453445,0.999017178935829,0.8953280777412945,transformer,45,reports/sleepedf_full_eegconformer_dynamics_shuffled_seed45.json,0.06651422019168868,0.31686309768614546,0.38337731787783413,architecture-induced collapse with training reorganization
eegconformer,0.2125,sleepedf_full,0,20,0.2,transformer.5,shuffled,-0.08973653042091378,0.9992779575326043,0.9095414271116905,transformer,45,reports/sleepedf_full_eegconformer_dynamics_shuffled_seed45.json,0.024895192582790937,0.3129133176274944,0.33780851021028535,architecture-induced collapse with training reorganization
eegconformer,0.21,sleepedf_full,0,20,0.1885,fc,shuffled,-0.028698400981069683,0.999423230663654,0.9707248296825843,classifier,46,reports/sleepedf_full_eegconformer_dynamics_shuffled_seed46.json,-0.06941734541520633,0.12972871665116942,0.060311371235963085,architecture-induced collapse with training reorganization
eegconformer,0.21,sleepedf_full,0,20,0.1885,final_layer,shuffled,-0.00996927721035512,0.9993100041826922,0.9893407269723371,classifier,46,reports/sleepedf_full_eegconformer_dynamics_shuffled_seed46.json,0.031352326371504174,0.016593010156641153,0.04794533652814533,architecture-induced collapse with training reorganization
eegconformer,0.21,sleepedf_full,0,20,0.1885,logits,shuffled,-0.00996927721035512,0.9993100041826922,0.9893407269723371,classifier,46,reports/sleepedf_full_eegconformer_dynamics_shuffled_seed46.json,0.031352326371504174,0.016593010156641153,0.04794533652814533,architecture-induced collapse with training reorganization
eegconformer,0.21,sleepedf_full,0,20,0.1885,patch_embedding,shuffled,-0.29665706501220046,0.9952200373756194,0.6985629723634189,patch_embedding,46,reports/sleepedf_full_eegconformer_dynamics_shuffled_seed46.json,0.011866338691796041,0.2969384343036978,0.30880477299549386,architecture-induced collapse with training reorganization
eegconformer,0.21,sleepedf_full,0,20,0.1885,patch_embedding.projection,shuffled,-0.29665706501220046,0.9952200373756194,0.6985629723634189,patch_embedding,46,reports/sleepedf_full_eegconformer_dynamics_shuffled_seed46.json,0.011866338691796041,0.2969384343036978,0.30880477299549386,architecture-induced collapse with training reorganization
eegconformer,0.21,sleepedf_full,0,20,0.1885,patch_embedding.shallownet,shuffled,-0.2959340374322502,0.9599412891666186,0.6640072517343684,patch_embedding,46,reports/sleepedf_full_eegconformer_dynamics_shuffled_seed46.json,-0.036973493044131334,0.3034937035083327,0.2665202104642014,architecture-induced collapse with training reorganization
eegconformer,0.21,sleepedf_full,0,20,0.1885,transformer,shuffled,-0.1852073291596883,0.9994877341344336,0.8142804049747453,transformer,46,reports/sleepedf_full_eegconformer_dynamics_shuffled_seed46.json,0.04733510125186599,0.20037482789142405,0.24770992914329004,architecture-induced collapse with training reorganization
eegconformer,0.21,sleepedf_full,0,20,0.1885,transformer.0,shuffled,-0.14674293931821492,0.999274058364813,0.8525311190465981,transformer,46,reports/sleepedf_full_eegconformer_dynamics_shuffled_seed46.json,0.09503610857864886,0.2486248978765403,0.34366100645518916,architecture-induced collapse with training reorganization
eegconformer,0.21,sleepedf_full,0,20,0.1885,transformer.2,shuffled,-0.14217153163652618,0.999360543491253,0.8571890118547268,transformer,46,reports/sleepedf_full_eegconformer_dynamics_shuffled_seed46.json,0.1192583126206995,0.2103931898648165,0.329651502485516,architecture-induced collapse with training reorganization
eegconformer,0.21,sleepedf_full,0,20,0.1885,transformer.5,shuffled,-0.1852073291596883,0.9994877341344336,0.8142804049747453,transformer,46,reports/sleepedf_full_eegconformer_dynamics_shuffled_seed46.json,0.04733510125186599,0.20037482789142405,0.24770992914329004,architecture-induced collapse with training reorganization
tsception,0.638,sleepedf_full,0,20,0.6015,batch_spatial_lay,true,-0.4929636363567313,0.9624997547711137,0.4695361184143824,spatial_asymmetry,41,reports/sleepedf_full_tsception_dynamics_true_seed41.json,-0.1736115196516701,0.25705095307917886,0.08343943342750874,multi-branch fusion-induced reorganization
tsception,0.638,sleepedf_full,0,20,0.6015,batch_temporal_lay,true,-0.11174187240270339,0.6742595393447872,0.5625176669420838,temporal_multiscale,41,reports/sleepedf_full_tsception_dynamics_true_seed41.json,-0.12742390342250196,0.33777244564051206,0.2103485422180101,multi-branch fusion-induced reorganization
tsception,0.638,sleepedf_full,0,20,0.6015,dense_layer,true,-0.4860229332694969,0.963385902672386,0.4773629694028891,fusion_classifier,41,reports/sleepedf_full_tsception_dynamics_true_seed41.json,-0.10681829336368649,0.18316514376654028,0.07634685040285379,multi-branch fusion-induced reorganization
tsception,0.638,sleepedf_full,0,20,0.6015,final_layer,true,-0.3130032788120938,0.9906808928098794,0.6776776139977856,fusion_classifier,41,reports/sleepedf_full_tsception_dynamics_true_seed41.json,-0.047836159341248824,0.11959728828409982,0.071761128942851,multi-branch fusion-induced reorganization
tsception,0.638,sleepedf_full,0,20,0.6015,logits,true,-0.3130032788120938,0.9906808928098794,0.6776776139977856,fusion_classifier,41,reports/sleepedf_full_tsception_dynamics_true_seed41.json,-0.047836159341248824,0.11959728828409982,0.071761128942851,multi-branch fusion-induced reorganization
tsception,0.638,sleepedf_full,0,20,0.6015,spatial_block_1,true,-0.21756862460689597,0.9237248449483246,0.7061562203414287,spatial_asymmetry,41,reports/sleepedf_full_tsception_dynamics_true_seed41.json,-0.1910839487518775,0.2878412331914741,0.09675728443959658,multi-branch fusion-induced reorganization
tsception,0.638,sleepedf_full,0,20,0.6015,spatial_block_2,true,-0.21886394299923273,0.9723706416436069,0.7535066986443741,spatial_asymmetry,41,reports/sleepedf_full_tsception_dynamics_true_seed41.json,-0.09550509396681206,0.24801485051140829,0.15250975654459623,multi-branch fusion-induced reorganization
tsception,0.638,sleepedf_full,0,20,0.6015,temporal_blocks.0,true,-0.03555708396887136,0.6420132939619292,0.6064562099930578,temporal_multiscale,41,reports/sleepedf_full_tsception_dynamics_true_seed41.json,-0.16634575495315068,0.3130902765360131,0.14674452158286244,multi-branch fusion-induced reorganization
tsception,0.638,sleepedf_full,0,20,0.6015,temporal_blocks.1,true,-0.06782292159187964,0.7119826667870047,0.6441597451951251,temporal_multiscale,41,reports/sleepedf_full_tsception_dynamics_true_seed41.json,-0.014815184446749119,0.3195351839103068,0.30471999946355766,multi-branch fusion-induced reorganization
tsception,0.638,sleepedf_full,0,20,0.6015,temporal_blocks.2,true,-0.030310106848667084,0.7909203839859209,0.7606102771372538,temporal_multiscale,41,reports/sleepedf_full_tsception_dynamics_true_seed41.json,0.0022565781238824134,0.32770134468206846,0.3299579228059509,multi-branch fusion-induced reorganization
tsception,0.6375,sleepedf_full,0,20,0.613,batch_spatial_lay,true,-0.34475043892792734,0.9547576968800019,0.6100072579520746,spatial_asymmetry,42,reports/sleepedf_full_tsception_dynamics_true_seed42.json,-0.18552435514239338,0.3488318074529718,0.16330745231057844,multi-branch fusion-induced reorganization
tsception,0.6375,sleepedf_full,0,20,0.613,batch_temporal_lay,true,-0.15503236834640122,0.7077013642798199,0.5526689959334187,temporal_multiscale,42,reports/sleepedf_full_tsception_dynamics_true_seed42.json,-0.20671127333524064,0.3944248667834918,0.18771359344825117,multi-branch fusion-induced reorganization
tsception,0.6375,sleepedf_full,0,20,0.613,dense_layer,true,-0.32161361782607045,0.9662094062923353,0.6445957884662649,fusion_classifier,42,reports/sleepedf_full_tsception_dynamics_true_seed42.json,-0.14101808928188253,0.22179800935197766,0.08077992007009512,multi-branch fusion-induced reorganization
tsception,0.6375,sleepedf_full,0,20,0.613,final_layer,true,-0.25861610530535073,0.991161828658785,0.7325457233534343,fusion_classifier,42,reports/sleepedf_full_tsception_dynamics_true_seed42.json,-0.09115811190186679,0.15186759039052997,0.06070947848866318,multi-branch fusion-induced reorganization
tsception,0.6375,sleepedf_full,0,20,0.613,logits,true,-0.25861610530535073,0.991161828658785,0.7325457233534343,fusion_classifier,42,reports/sleepedf_full_tsception_dynamics_true_seed42.json,-0.09115811190186679,0.15186759039052997,0.06070947848866318,multi-branch fusion-induced reorganization
tsception,0.6375,sleepedf_full,0,20,0.613,spatial_block_1,true,-0.09703940505436559,0.9007030048637222,0.8036635998093566,spatial_asymmetry,42,reports/sleepedf_full_tsception_dynamics_true_seed42.json,-0.06959033638876622,0.24747600538230452,0.1778856689935383,multi-branch fusion-induced reorganization
tsception,0.6375,sleepedf_full,0,20,0.613,spatial_block_2,true,-0.13930333058873334,0.9700086213228941,0.8307052907341608,spatial_asymmetry,42,reports/sleepedf_full_tsception_dynamics_true_seed42.json,-0.25542117427222655,0.41128111365424497,0.15585993938201842,multi-branch fusion-induced reorganization
tsception,0.6375,sleepedf_full,0,20,0.613,temporal_blocks.0,true,-0.03932740296189485,0.6380190492775631,0.5986916463156683,temporal_multiscale,42,reports/sleepedf_full_tsception_dynamics_true_seed42.json,-0.13150901223088476,0.3293348897611043,0.19782587753021955,multi-branch fusion-induced reorganization
tsception,0.6375,sleepedf_full,0,20,0.613,temporal_blocks.1,true,-0.1412838580973006,0.7245369471466178,0.5832530890493172,temporal_multiscale,42,reports/sleepedf_full_tsception_dynamics_true_seed42.json,-0.14644459444961017,0.3562592536299263,0.2098146591803161,multi-branch fusion-induced reorganization
tsception,0.6375,sleepedf_full,0,20,0.613,temporal_blocks.2,true,-0.035659024584461685,0.7960011128770856,0.760342088292624,temporal_multiscale,42,reports/sleepedf_full_tsception_dynamics_true_seed42.json,-0.04927800576806318,0.4452682335772327,0.39599022780916954,multi-branch fusion-induced reorganization
tsception,0.6235,sleepedf_full,0,20,0.609,batch_spatial_lay,true,-0.32765596209179726,0.8962272911406939,0.5685713290488966,spatial_asymmetry,43,reports/sleepedf_full_tsception_dynamics_true_seed43.json,-0.1776627878907088,0.21752403932122163,0.039861251430512834,multi-branch fusion-induced reorganization
tsception,0.6235,sleepedf_full,0,20,0.609,batch_temporal_lay,true,-0.04216590016556887,0.655330828527102,0.6131649283615331,temporal_multiscale,43,reports/sleepedf_full_tsception_dynamics_true_seed43.json,-0.09616944523420956,0.3537787788834478,0.2576093336492382,multi-branch fusion-induced reorganization
tsception,0.6235,sleepedf_full,0,20,0.609,dense_layer,true,-0.29928674828165536,0.9072070802867704,0.6079203320051151,fusion_classifier,43,reports/sleepedf_full_tsception_dynamics_true_seed43.json,-0.08752430179294593,0.14532455877619624,0.05780025698325031,multi-branch fusion-induced reorganization
tsception,0.6235,sleepedf_full,0,20,0.609,final_layer,true,-0.3102716693959785,0.9878042626210711,0.6775325932250926,fusion_classifier,43,reports/sleepedf_full_tsception_dynamics_true_seed43.json,-0.01922379032258064,0.07553500062584935,0.05631121030326871,multi-branch fusion-induced reorganization
tsception,0.6235,sleepedf_full,0,20,0.609,logits,true,-0.3102716693959785,0.9878042626210711,0.6775325932250926,fusion_classifier,43,reports/sleepedf_full_tsception_dynamics_true_seed43.json,-0.01922379032258064,0.07553500062584935,0.05631121030326871,multi-branch fusion-induced reorganization
tsception,0.6235,sleepedf_full,0,20,0.609,spatial_block_1,true,-0.17576722908002784,0.9544704924018036,0.7787032633217758,spatial_asymmetry,43,reports/sleepedf_full_tsception_dynamics_true_seed43.json,-0.16511189292611397,0.24242274113082035,0.07731084820470638,multi-branch fusion-induced reorganization
tsception,0.6235,sleepedf_full,0,20,0.609,spatial_block_2,true,-0.0921187672312499,0.9011121336567965,0.8089933664255466,spatial_asymmetry,43,reports/sleepedf_full_tsception_dynamics_true_seed43.json,-0.058998841758390735,0.20942286630069376,0.15042402454230303,multi-branch fusion-induced reorganization
tsception,0.6235,sleepedf_full,0,20,0.609,temporal_blocks.0,true,-0.10593960987962414,0.7337578130154578,0.6278182031358337,temporal_multiscale,43,reports/sleepedf_full_tsception_dynamics_true_seed43.json,-0.23063711465560402,0.37456607404692077,0.14392895939131675,multi-branch fusion-induced reorganization
tsception,0.6235,sleepedf_full,0,20,0.609,temporal_blocks.1,true,-0.04347131070248034,0.7789140687864732,0.7354427580839928,temporal_multiscale,43,reports/sleepedf_full_tsception_dynamics_true_seed43.json,-0.27409920159502177,0.35439769821543515,0.0802984966204134,multi-branch fusion-induced reorganization
tsception,0.6235,sleepedf_full,0,20,0.609,temporal_blocks.2,true,0.02418333021983421,0.6911678634758649,0.7153511936956991,temporal_multiscale,43,reports/sleepedf_full_tsception_dynamics_true_seed43.json,0.006193338297827589,0.33230530030796623,0.3384986386057938,multi-branch fusion-induced reorganization
tsception,0.6105,sleepedf_full,0,20,0.5965,batch_spatial_lay,true,-0.4768736896380696,0.9523687976737768,0.4754951080357072,spatial_asymmetry,44,reports/sleepedf_full_tsception_dynamics_true_seed44.json,-0.193919515771404,0.24293707755167723,0.04901756178027322,multi-branch fusion-induced reorganization
tsception,0.6105,sleepedf_full,0,20,0.5965,batch_temporal_lay,true,-0.027839221972169148,0.646106201554796,0.6182669795826269,temporal_multiscale,44,reports/sleepedf_full_tsception_dynamics_true_seed44.json,0.04127303270761751,0.28069885100957004,0.32197188371718755,multi-branch fusion-induced reorganization
tsception,0.6105,sleepedf_full,0,20,0.5965,dense_layer,true,-0.45772151059752925,0.9554832138341157,0.4977617032365865,fusion_classifier,44,reports/sleepedf_full_tsception_dynamics_true_seed44.json,-0.20202810957728343,0.19007425255704166,-0.011953857020241754,multi-branch fusion-induced reorganization
tsception,0.6105,sleepedf_full,0,20,0.5965,final_layer,true,-0.30559951388381734,0.9856532717971216,0.6800537579133042,fusion_classifier,44,reports/sleepedf_full_tsception_dynamics_true_seed44.json,-0.14104493374937413,0.12423180342965451,-0.016813130319719618,multi-branch fusion-induced reorganization
tsception,0.6105,sleepedf_full,0,20,0.5965,logits,true,-0.30559951388381734,0.9856532717971216,0.6800537579133042,fusion_classifier,44,reports/sleepedf_full_tsception_dynamics_true_seed44.json,-0.14104493374937413,0.12423180342965451,-0.016813130319719618,multi-branch fusion-induced reorganization
tsception,0.6105,sleepedf_full,0,20,0.5965,spatial_block_1,true,0.12117914446709166,0.6367625604619046,0.7579417049289963,spatial_asymmetry,44,reports/sleepedf_full_tsception_dynamics_true_seed44.json,-0.09460788301981259,0.1864971881482011,0.09188930512838851,multi-branch fusion-induced reorganization
tsception,0.6105,sleepedf_full,0,20,0.5965,spatial_block_2,true,-0.220128180339624,0.976057429166529,0.755929248826905,spatial_asymmetry,44,reports/sleepedf_full_tsception_dynamics_true_seed44.json,-0.2840672944531864,0.31117245055789994,0.027105156104713535,multi-branch fusion-induced reorganization
tsception,0.6105,sleepedf_full,0,20,0.5965,temporal_blocks.0,true,-0.06920224452683821,0.7411455755750136,0.6719433310481754,temporal_multiscale,44,reports/sleepedf_full_tsception_dynamics_true_seed44.json,0.0021047705426806007,0.29145544704491655,0.29356021758759715,multi-branch fusion-induced reorganization
tsception,0.6105,sleepedf_full,0,20,0.5965,temporal_blocks.1,true,-0.118897560974489,0.6393699594064971,0.5204723984320081,temporal_multiscale,44,reports/sleepedf_full_tsception_dynamics_true_seed44.json,0.03791978846291397,0.23256237259495025,0.2704821610578642,multi-branch fusion-induced reorganization
tsception,0.6105,sleepedf_full,0,20,0.5965,temporal_blocks.2,true,-0.02837791061209094,0.7948443144996881,0.7664664038875971,temporal_multiscale,44,reports/sleepedf_full_tsception_dynamics_true_seed44.json,0.03651653359917029,0.3076065508547314,0.34412308445390166,multi-branch fusion-induced reorganization
tsception,0.621,sleepedf_full,0,20,0.621,batch_spatial_lay,true,-0.39936276266558435,0.9357182317675227,0.5363554691019383,spatial_asymmetry,45,reports/sleepedf_full_tsception_dynamics_true_seed45.json,-0.16500692904656317,0.3077971666905085,0.14279023764394533,multi-branch fusion-induced reorganization
tsception,0.621,sleepedf_full,0,20,0.621,batch_temporal_lay,true,-0.0988448031877609,0.6693380230658365,0.5704932198780756,temporal_multiscale,45,reports/sleepedf_full_tsception_dynamics_true_seed45.json,-0.09089985963092767,0.3829836809777555,0.2920838213468278,multi-branch fusion-induced reorganization
tsception,0.621,sleepedf_full,0,20,0.621,dense_layer,true,-0.3707890375267351,0.9448562182906385,0.5740671807639034,fusion_classifier,45,reports/sleepedf_full_tsception_dynamics_true_seed45.json,-0.11624112635004646,0.20253273415707027,0.0862916078070238,multi-branch fusion-induced reorganization
tsception,0.621,sleepedf_full,0,20,0.621,final_layer,true,-0.25306377144588876,0.9897607163855837,0.736696944939695,fusion_classifier,45,reports/sleepedf_full_tsception_dynamics_true_seed45.json,0.020302374651312495,0.0526410955046134,0.0729434701559259,multi-branch fusion-induced reorganization
tsception,0.621,sleepedf_full,0,20,0.621,logits,true,-0.25306377144588876,0.9897607163855837,0.736696944939695,fusion_classifier,45,reports/sleepedf_full_tsception_dynamics_true_seed45.json,0.020302374651312495,0.0526410955046134,0.0729434701559259,multi-branch fusion-induced reorganization
tsception,0.621,sleepedf_full,0,20,0.621,spatial_block_1,true,-0.1967289757074986,0.9002887314504576,0.703559755742959,spatial_asymmetry,45,reports/sleepedf_full_tsception_dynamics_true_seed45.json,-0.12620223428224017,0.30612194674915955,0.17991971246691937,multi-branch fusion-induced reorganization
tsception,0.621,sleepedf_full,0,20,0.621,spatial_block_2,true,-0.13543392606260607,0.9596647792809451,0.824230853218339,spatial_asymmetry,45,reports/sleepedf_full_tsception_dynamics_true_seed45.json,-0.1665136390458479,0.29883283563407476,0.13231919658822686,multi-branch fusion-induced reorganization
tsception,0.621,sleepedf_full,0,20,0.621,temporal_blocks.0,true,-0.1098092171235231,0.659575832176691,0.5497666150531679,temporal_multiscale,45,reports/sleepedf_full_tsception_dynamics_true_seed45.json,-0.0897808521386167,0.36390331074315135,0.27412245860453466,multi-branch fusion-induced reorganization
tsception,0.621,sleepedf_full,0,20,0.621,temporal_blocks.1,true,-0.04055360620001591,0.7188386962255734,0.6782850900255575,temporal_multiscale,45,reports/sleepedf_full_tsception_dynamics_true_seed45.json,-0.009671619072312454,0.35308651026392956,0.3434148911916171,multi-branch fusion-induced reorganization
tsception,0.621,sleepedf_full,0,20,0.621,temporal_blocks.2,true,-0.013751553108121595,0.788278967165096,0.7745274140569745,temporal_multiscale,45,reports/sleepedf_full_tsception_dynamics_true_seed45.json,-0.10330508815535366,0.40549182819540797,0.3021867400400543,multi-branch fusion-induced reorganization
tsception,0.6285,sleepedf_full,0,20,0.615,batch_spatial_lay,true,-0.4589171425426467,0.9259200651894509,0.4670029226468042,spatial_asymmetry,46,reports/sleepedf_full_tsception_dynamics_true_seed46.json,-0.14360420017097653,0.25831482306991077,0.11471062289893424,multi-branch fusion-induced reorganization
tsception,0.6285,sleepedf_full,0,20,0.615,batch_temporal_lay,true,-0.056373719263111965,0.6676069421269086,0.6112332228637967,temporal_multiscale,46,reports/sleepedf_full_tsception_dynamics_true_seed46.json,-0.09943891965414575,0.38591284600529285,0.2864739263511471,multi-branch fusion-induced reorganization
tsception,0.6285,sleepedf_full,0,20,0.615,dense_layer,true,-0.4170695518435873,0.933820101252041,0.5167505494084537,fusion_classifier,46,reports/sleepedf_full_tsception_dynamics_true_seed46.json,-0.17917615871539944,0.19833116148701807,0.01915500277161862,multi-branch fusion-induced reorganization
tsception,0.6285,sleepedf_full,0,20,0.615,final_layer,true,-0.293550454290083,0.9900943569485637,0.6965439026584808,fusion_classifier,46,reports/sleepedf_full_tsception_dynamics_true_seed46.json,-0.05419348129006978,0.06913195810385522,0.014938476813785441,multi-branch fusion-induced reorganization
tsception,0.6285,sleepedf_full,0,20,0.615,logits,true,-0.293550454290083,0.9900943569485637,0.6965439026584808,fusion_classifier,46,reports/sleepedf_full_tsception_dynamics_true_seed46.json,-0.05419348129006978,0.06913195810385522,0.014938476813785441,multi-branch fusion-induced reorganization
tsception,0.6285,sleepedf_full,0,20,0.615,spatial_block_1,true,-0.15500649605597683,0.8917908031895349,0.736784307133558,spatial_asymmetry,46,reports/sleepedf_full_tsception_dynamics_true_seed46.json,-0.11273990147342819,0.2221901375080466,0.1094502360346184,multi-branch fusion-induced reorganization
tsception,0.6285,sleepedf_full,0,20,0.615,spatial_block_2,true,-0.1496488457495535,0.9514986613566194,0.8018498156070659,spatial_asymmetry,46,reports/sleepedf_full_tsception_dynamics_true_seed46.json,-0.10922020286460193,0.2717904879836921,0.16257028511909016,multi-branch fusion-induced reorganization
tsception,0.6285,sleepedf_full,0,20,0.615,temporal_blocks.0,true,-0.07700923519773806,0.7175072547803525,0.6404980195826144,temporal_multiscale,46,reports/sleepedf_full_tsception_dynamics_true_seed46.json,-0.0663082385386477,0.3650261078791812,0.2987178693405335,multi-branch fusion-induced reorganization
tsception,0.6285,sleepedf_full,0,20,0.615,temporal_blocks.1,true,-0.09454345996988689,0.6956914738814297,0.6011480139115428,temporal_multiscale,46,reports/sleepedf_full_tsception_dynamics_true_seed46.json,-0.07085078633502609,0.2937519893069165,0.2229012029718904,multi-branch fusion-induced reorganization
tsception,0.6285,sleepedf_full,0,20,0.615,temporal_blocks.2,true,-0.06386904742887112,0.706012878795195,0.6421438313663239,temporal_multiscale,46,reports/sleepedf_full_tsception_dynamics_true_seed46.json,-0.018594464260926535,0.3748948908339889,0.3563004265730624,multi-branch fusion-induced reorganization
tsception,0.2335,sleepedf_full,0,20,0.2225,batch_spatial_lay,shuffled,-0.3168893378892915,0.9624997547711137,0.6456104168818222,spatial_asymmetry,41,reports/sleepedf_full_tsception_dynamics_shuffled_seed41.json,-0.13733564748587368,0.25705095307917886,0.11971530559330518,multi-branch fusion-induced reorganization
tsception,0.2335,sleepedf_full,0,20,0.2225,batch_temporal_lay,shuffled,-0.006127395886091902,0.6742595393447872,0.6681321434586953,temporal_multiscale,41,reports/sleepedf_full_tsception_dynamics_shuffled_seed41.json,-0.025064294846577517,0.33777244564051206,0.31270815079393455,multi-branch fusion-induced reorganization
tsception,0.2335,sleepedf_full,0,20,0.2225,dense_layer,shuffled,-0.397786151489923,0.963385902672386,0.565599751182463,fusion_classifier,41,reports/sleepedf_full_tsception_dynamics_shuffled_seed41.json,-0.1524976865925184,0.18316514376654028,0.030667457174021882,multi-branch fusion-induced reorganization
tsception,0.2335,sleepedf_full,0,20,0.2225,final_layer,shuffled,-0.46413436434159827,0.9906808928098794,0.5265465284682811,fusion_classifier,41,reports/sleepedf_full_tsception_dynamics_shuffled_seed41.json,-0.08021314641298904,0.11959728828409982,0.039384141871110785,multi-branch fusion-induced reorganization
tsception,0.2335,sleepedf_full,0,20,0.2225,logits,shuffled,-0.46413436434159827,0.9906808928098794,0.5265465284682811,fusion_classifier,41,reports/sleepedf_full_tsception_dynamics_shuffled_seed41.json,-0.08021314641298904,0.11959728828409982,0.039384141871110785,multi-branch fusion-induced reorganization
tsception,0.2335,sleepedf_full,0,20,0.2225,spatial_block_1,shuffled,-0.058921535265156866,0.9237248449483246,0.8648033096831678,spatial_asymmetry,41,reports/sleepedf_full_tsception_dynamics_shuffled_seed41.json,-0.204367780147294,0.2878412331914741,0.08347345304418008,multi-branch fusion-induced reorganization
tsception,0.2335,sleepedf_full,0,20,0.2225,spatial_block_2,shuffled,-0.17677324374870906,0.9723706416436069,0.7955973978948978,spatial_asymmetry,41,reports/sleepedf_full_tsception_dynamics_shuffled_seed41.json,-0.007265340015020383,0.24801485051140829,0.2407495104963879,multi-branch fusion-induced reorganization
tsception,0.2335,sleepedf_full,0,20,0.2225,temporal_blocks.0,shuffled,-0.08952051874247458,0.6420132939619292,0.5524927752194546,temporal_multiscale,41,reports/sleepedf_full_tsception_dynamics_shuffled_seed41.json,-0.09178155845433086,0.3130902765360131,0.22130871808168226,multi-branch fusion-induced reorganization
tsception,0.2335,sleepedf_full,0,20,0.2225,temporal_blocks.1,shuffled,-0.07760268345136834,0.7119826667870047,0.6343799833356364,temporal_multiscale,41,reports/sleepedf_full_tsception_dynamics_shuffled_seed41.json,-0.008199476074672751,0.3195351839103068,0.311335707835634,multi-branch fusion-induced reorganization
tsception,0.2335,sleepedf_full,0,20,0.2225,temporal_blocks.2,shuffled,-0.07184616623042384,0.7909203839859209,0.7190742177554971,temporal_multiscale,41,reports/sleepedf_full_tsception_dynamics_shuffled_seed41.json,-0.035575323206494536,0.32770134468206846,0.2921260214755739,multi-branch fusion-induced reorganization
tsception,0.216,sleepedf_full,0,20,0.202,batch_spatial_lay,shuffled,-0.2981114119637731,0.9547576968800019,0.6566462849162288,spatial_asymmetry,42,reports/sleepedf_full_tsception_dynamics_shuffled_seed42.json,-0.18434993203811786,0.3488318074529718,0.16448187541485396,multi-branch fusion-induced reorganization
tsception,0.216,sleepedf_full,0,20,0.202,batch_temporal_lay,shuffled,-0.08643924191477759,0.7077013642798199,0.6212621223650423,temporal_multiscale,42,reports/sleepedf_full_tsception_dynamics_shuffled_seed42.json,-0.03360605464559041,0.3944248667834918,0.3608188121379014,multi-branch fusion-induced reorganization
tsception,0.216,sleepedf_full,0,20,0.202,dense_layer,shuffled,-0.02224911989458045,0.9662094062923353,0.9439602863977549,fusion_classifier,42,reports/sleepedf_full_tsception_dynamics_shuffled_seed42.json,-0.201038328803376,0.22179800935197766,0.02075968054860167,multi-branch fusion-induced reorganization
tsception,0.216,sleepedf_full,0,20,0.202,final_layer,shuffled,-0.021674596553530434,0.991161828658785,0.9694872321052546,fusion_classifier,42,reports/sleepedf_full_tsception_dynamics_shuffled_seed42.json,-0.15810662685072593,0.15186759039052997,-0.006239036460195979,multi-branch fusion-induced reorganization
tsception,0.216,sleepedf_full,0,20,0.202,logits,shuffled,-0.021674596553530434,0.991161828658785,0.9694872321052546,fusion_classifier,42,reports/sleepedf_full_tsception_dynamics_shuffled_seed42.json,-0.15810662685072593,0.15186759039052997,-0.006239036460195979,multi-branch fusion-induced reorganization
tsception,0.216,sleepedf_full,0,20,0.202,spatial_block_1,shuffled,-0.09011490641312603,0.9007030048637222,0.8105880984505962,spatial_asymmetry,42,reports/sleepedf_full_tsception_dynamics_shuffled_seed42.json,0.0024742842965453093,0.24747600538230452,0.24995028967884983,multi-branch fusion-induced reorganization
tsception,0.216,sleepedf_full,0,20,0.202,spatial_block_2,shuffled,-0.13843509548237942,0.9700086213228941,0.8315735258405147,spatial_asymmetry,42,reports/sleepedf_full_tsception_dynamics_shuffled_seed42.json,-0.26128244358414987,0.41128111365424497,0.1499986700700951,multi-branch fusion-induced reorganization
tsception,0.216,sleepedf_full,0,20,0.202,temporal_blocks.0,shuffled,-0.08456179220901483,0.6380190492775631,0.5534572570685483,temporal_multiscale,42,reports/sleepedf_full_tsception_dynamics_shuffled_seed42.json,-0.01732625974536872,0.3293348897611043,0.3120086300157356,multi-branch fusion-induced reorganization
tsception,0.216,sleepedf_full,0,20,0.202,temporal_blocks.1,shuffled,-0.0928951485992624,0.7245369471466178,0.6316417985473554,temporal_multiscale,42,reports/sleepedf_full_tsception_dynamics_shuffled_seed42.json,-0.04956655460982762,0.3562592536299263,0.30669269902009866,multi-branch fusion-induced reorganization
tsception,0.216,sleepedf_full,0,20,0.202,temporal_blocks.2,shuffled,-0.008520141123827485,0.7960011128770856,0.7874809717532582,temporal_multiscale,42,reports/sleepedf_full_tsception_dynamics_shuffled_seed42.json,-0.02589311064253569,0.4452682335772327,0.41937512293469703,multi-branch fusion-induced reorganization
tsception,0.227,sleepedf_full,0,20,0.197,batch_spatial_lay,shuffled,-0.2798213262765271,0.8962272911406939,0.6164059648641668,spatial_asymmetry,43,reports/sleepedf_full_tsception_dynamics_shuffled_seed43.json,-0.1257603175738502,0.21752403932122163,0.09176372174737142,multi-branch fusion-induced reorganization
tsception,0.227,sleepedf_full,0,20,0.197,batch_temporal_lay,shuffled,-0.06409937055946735,0.655330828527102,0.5912314579676347,temporal_multiscale,43,reports/sleepedf_full_tsception_dynamics_shuffled_seed43.json,-0.06097699655385769,0.3537787788834478,0.2928017823295901,multi-branch fusion-induced reorganization
tsception,0.227,sleepedf_full,0,20,0.197,dense_layer,shuffled,-0.29671904320399767,0.9072070802867704,0.6104880370827728,fusion_classifier,43,reports/sleepedf_full_tsception_dynamics_shuffled_seed43.json,-0.10865310510693081,0.14532455877619624,0.03667145366926543,multi-branch fusion-induced reorganization
tsception,0.227,sleepedf_full,0,20,0.197,final_layer,shuffled,-0.38943586103878103,0.9878042626210711,0.5983684015822901,fusion_classifier,43,reports/sleepedf_full_tsception_dynamics_shuffled_seed43.json,-0.031885505328660316,0.07553500062584935,0.043649495297189034,multi-branch fusion-induced reorganization
tsception,0.227,sleepedf_full,0,20,0.197,logits,shuffled,-0.38943586103878103,0.9878042626210711,0.5983684015822901,fusion_classifier,43,reports/sleepedf_full_tsception_dynamics_shuffled_seed43.json,-0.031885505328660316,0.07553500062584935,0.043649495297189034,multi-branch fusion-induced reorganization
tsception,0.227,sleepedf_full,0,20,0.197,spatial_block_1,shuffled,-0.0756927219136374,0.9544704924018036,0.8787777704881662,spatial_asymmetry,43,reports/sleepedf_full_tsception_dynamics_shuffled_seed43.json,-0.16443446642995246,0.24242274113082035,0.07798827470086789,multi-branch fusion-induced reorganization
tsception,0.227,sleepedf_full,0,20,0.197,spatial_block_2,shuffled,-0.06639586849074752,0.9011121336567965,0.834716265166049,spatial_asymmetry,43,reports/sleepedf_full_tsception_dynamics_shuffled_seed43.json,-0.057673214988198246,0.20942286630069376,0.15174965131249551,multi-branch fusion-induced reorganization
tsception,0.227,sleepedf_full,0,20,0.197,temporal_blocks.0,shuffled,-0.09065565375439832,0.7337578130154578,0.6431021592610595,temporal_multiscale,43,reports/sleepedf_full_tsception_dynamics_shuffled_seed43.json,-0.20726760266360794,0.37456607404692077,0.16729847138331283,multi-branch fusion-induced reorganization
tsception,0.227,sleepedf_full,0,20,0.197,temporal_blocks.1,shuffled,-0.05586423099078697,0.7789140687864732,0.7230498377956862,temporal_multiscale,43,reports/sleepedf_full_tsception_dynamics_shuffled_seed43.json,-0.0191769186753451,0.35439769821543515,0.33522077954009005,multi-branch fusion-induced reorganization
tsception,0.227,sleepedf_full,0,20,0.197,temporal_blocks.2,shuffled,-0.04723853991893623,0.6911678634758649,0.6439293235569287,temporal_multiscale,43,reports/sleepedf_full_tsception_dynamics_shuffled_seed43.json,-0.012419204892759939,0.33230530030796623,0.3198860954152063,multi-branch fusion-induced reorganization
tsception,0.231,sleepedf_full,0,20,0.2245,batch_spatial_lay,shuffled,-0.31985333811936856,0.9523687976737768,0.6325154595544082,spatial_asymmetry,44,reports/sleepedf_full_tsception_dynamics_shuffled_seed44.json,-0.17690110685930904,0.24293707755167723,0.0660359706923682,multi-branch fusion-induced reorganization
tsception,0.231,sleepedf_full,0,20,0.2245,batch_temporal_lay,shuffled,-0.01234099162064628,0.646106201554796,0.6337652099341498,temporal_multiscale,44,reports/sleepedf_full_tsception_dynamics_shuffled_seed44.json,0.00695556614585513,0.28069885100957004,0.28765441715542517,multi-branch fusion-induced reorganization
tsception,0.231,sleepedf_full,0,20,0.2245,dense_layer,shuffled,-0.31006489676937254,0.9554832138341157,0.6454183170647432,fusion_classifier,44,reports/sleepedf_full_tsception_dynamics_shuffled_seed44.json,-0.192938385129819,0.19007425255704166,-0.00286413257277734,multi-branch fusion-induced reorganization
tsception,0.231,sleepedf_full,0,20,0.2245,final_layer,shuffled,-0.23044898400191138,0.9856532717971216,0.7552042877952102,fusion_classifier,44,reports/sleepedf_full_tsception_dynamics_shuffled_seed44.json,-0.137485080198126,0.12423180342965451,-0.013253276768471494,multi-branch fusion-induced reorganization
tsception,0.231,sleepedf_full,0,20,0.2245,logits,shuffled,-0.23044898400191138,0.9856532717971216,0.7552042877952102,fusion_classifier,44,reports/sleepedf_full_tsception_dynamics_shuffled_seed44.json,-0.137485080198126,0.12423180342965451,-0.013253276768471494,multi-branch fusion-induced reorganization
tsception,0.231,sleepedf_full,0,20,0.2245,spatial_block_1,shuffled,0.1319120693927095,0.6367625604619046,0.7686746298546141,spatial_asymmetry,44,reports/sleepedf_full_tsception_dynamics_shuffled_seed44.json,-0.14984485072192744,0.1864971881482011,0.036652337426273655,multi-branch fusion-induced reorganization
tsception,0.231,sleepedf_full,0,20,0.2245,spatial_block_2,shuffled,-0.13290003188392718,0.976057429166529,0.8431573972826019,spatial_asymmetry,44,reports/sleepedf_full_tsception_dynamics_shuffled_seed44.json,-0.2454594963700736,0.31117245055789994,0.06571295418782633,multi-branch fusion-induced reorganization
tsception,0.231,sleepedf_full,0,20,0.2245,temporal_blocks.0,shuffled,-0.12704299242467476,0.7411455755750136,0.6141025831503388,temporal_multiscale,44,reports/sleepedf_full_tsception_dynamics_shuffled_seed44.json,-0.02226341857771108,0.29145544704491655,0.26919202846720547,multi-branch fusion-induced reorganization
tsception,0.231,sleepedf_full,0,20,0.2245,temporal_blocks.1,shuffled,-0.026306476053109096,0.6393699594064971,0.613063483353388,temporal_multiscale,44,reports/sleepedf_full_tsception_dynamics_shuffled_seed44.json,0.014205830680924125,0.23256237259495025,0.24676820327587437,multi-branch fusion-induced reorganization
tsception,0.231,sleepedf_full,0,20,0.2245,temporal_blocks.2,shuffled,-0.062076381768294664,0.7948443144996881,0.7327679327313934,temporal_multiscale,44,reports/sleepedf_full_tsception_dynamics_shuffled_seed44.json,-0.023661653862985632,0.3076065508547314,0.28394489699174574,multi-branch fusion-induced reorganization
tsception,0.2305,sleepedf_full,0,20,0.2025,batch_spatial_lay,shuffled,-0.3170230910699098,0.9357182317675227,0.6186951406976129,spatial_asymmetry,45,reports/sleepedf_full_tsception_dynamics_shuffled_seed45.json,-0.1243550286996638,0.3077971666905085,0.1834421379908447,multi-branch fusion-induced reorganization
tsception,0.2305,sleepedf_full,0,20,0.2025,batch_temporal_lay,shuffled,-0.06875456660550905,0.6693380230658365,0.6005834564603274,temporal_multiscale,45,reports/sleepedf_full_tsception_dynamics_shuffled_seed45.json,-0.05686914383806596,0.3829836809777555,0.3261145371396895,multi-branch fusion-induced reorganization
tsception,0.2305,sleepedf_full,0,20,0.2025,dense_layer,shuffled,-0.033444192114909455,0.9448562182906385,0.911412026175729,fusion_classifier,45,reports/sleepedf_full_tsception_dynamics_shuffled_seed45.json,-0.1395202194049066,0.20253273415707027,0.06301251475216364,multi-branch fusion-induced reorganization
tsception,0.2305,sleepedf_full,0,20,0.2025,final_layer,shuffled,-0.04634820188532962,0.9897607163855837,0.9434125145002541,fusion_classifier,45,reports/sleepedf_full_tsception_dynamics_shuffled_seed45.json,-0.016283739986410126,0.0526410955046134,0.03635735551820327,multi-branch fusion-induced reorganization
tsception,0.2305,sleepedf_full,0,20,0.2025,logits,shuffled,-0.04634820188532962,0.9897607163855837,0.9434125145002541,fusion_classifier,45,reports/sleepedf_full_tsception_dynamics_shuffled_seed45.json,-0.016283739986410126,0.0526410955046134,0.03635735551820327,multi-branch fusion-induced reorganization
tsception,0.2305,sleepedf_full,0,20,0.2025,spatial_block_1,shuffled,-0.06402759995107088,0.9002887314504576,0.8362611314993867,spatial_asymmetry,45,reports/sleepedf_full_tsception_dynamics_shuffled_seed45.json,-0.11796009986767755,0.30612194674915955,0.188161846881482,multi-branch fusion-induced reorganization
tsception,0.2305,sleepedf_full,0,20,0.2025,spatial_block_2,shuffled,-0.12626176040293768,0.9596647792809451,0.8334030188780074,spatial_asymmetry,45,reports/sleepedf_full_tsception_dynamics_shuffled_seed45.json,-0.12855416502753733,0.29883283563407476,0.17027867060653742,multi-branch fusion-induced reorganization
tsception,0.2305,sleepedf_full,0,20,0.2025,temporal_blocks.0,shuffled,-0.0950468565299698,0.659575832176691,0.5645289756467212,temporal_multiscale,45,reports/sleepedf_full_tsception_dynamics_shuffled_seed45.json,-0.1190920043273013,0.36390331074315135,0.24481130641585006,multi-branch fusion-induced reorganization
tsception,0.2305,sleepedf_full,0,20,0.2025,temporal_blocks.1,shuffled,-0.0843187450066003,0.7188386962255734,0.6345199512189731,temporal_multiscale,45,reports/sleepedf_full_tsception_dynamics_shuffled_seed45.json,-0.0006823769758958487,0.35308651026392956,0.3524041332880337,multi-branch fusion-induced reorganization
tsception,0.2305,sleepedf_full,0,20,0.2025,temporal_blocks.2,shuffled,-0.04621988200106997,0.788278967165096,0.7420590851640261,temporal_multiscale,45,reports/sleepedf_full_tsception_dynamics_shuffled_seed45.json,0.020018205511050713,0.40549182819540797,0.4255100337064587,multi-branch fusion-induced reorganization
tsception,0.2235,sleepedf_full,0,20,0.2125,batch_spatial_lay,shuffled,-0.3390200553632361,0.9259200651894509,0.5869000098262148,spatial_asymmetry,46,reports/sleepedf_full_tsception_dynamics_shuffled_seed46.json,-0.1322661677519793,0.25831482306991077,0.12604865531793147,multi-branch fusion-induced reorganization
tsception,0.2235,sleepedf_full,0,20,0.2125,batch_temporal_lay,shuffled,-0.043159568790691494,0.6676069421269086,0.6244473733362171,temporal_multiscale,46,reports/sleepedf_full_tsception_dynamics_shuffled_seed46.json,-0.05709012454402407,0.38591284600529285,0.3288227214612688,multi-branch fusion-induced reorganization
tsception,0.2235,sleepedf_full,0,20,0.2125,dense_layer,shuffled,-0.304529744167261,0.933820101252041,0.62929035708478,fusion_classifier,46,reports/sleepedf_full_tsception_dynamics_shuffled_seed46.json,-0.2326186208068092,0.19833116148701807,-0.03428745931979114,multi-branch fusion-induced reorganization
tsception,0.2235,sleepedf_full,0,20,0.2125,final_layer,shuffled,-0.15903811440361515,0.9900943569485637,0.8310562425449486,fusion_classifier,46,reports/sleepedf_full_tsception_dynamics_shuffled_seed46.json,-0.11857014653815892,0.06913195810385522,-0.04943818843430369,multi-branch fusion-induced reorganization
tsception,0.2235,sleepedf_full,0,20,0.2125,logits,shuffled,-0.15903811440361515,0.9900943569485637,0.8310562425449486,fusion_classifier,46,reports/sleepedf_full_tsception_dynamics_shuffled_seed46.json,-0.11857014653815892,0.06913195810385522,-0.04943818843430369,multi-branch fusion-induced reorganization
tsception,0.2235,sleepedf_full,0,20,0.2125,spatial_block_1,shuffled,-0.10600440012169965,0.8917908031895349,0.7857864030678352,spatial_asymmetry,46,reports/sleepedf_full_tsception_dynamics_shuffled_seed46.json,-0.09950771359344822,0.2221901375080466,0.12268242391459837,multi-branch fusion-induced reorganization
tsception,0.2235,sleepedf_full,0,20,0.2125,spatial_block_2,shuffled,-0.13722478055035203,0.9514986613566194,0.8142738808062674,spatial_asymmetry,46,reports/sleepedf_full_tsception_dynamics_shuffled_seed46.json,-0.07003749508261209,0.2717904879836921,0.20175299290108,multi-branch fusion-induced reorganization
tsception,0.2235,sleepedf_full,0,20,0.2125,temporal_blocks.0,shuffled,-0.11270563641005904,0.7175072547803525,0.6048016183702934,temporal_multiscale,46,reports/sleepedf_full_tsception_dynamics_shuffled_seed46.json,-0.023084030238096964,0.3650261078791812,0.34194207764108425,multi-branch fusion-induced reorganization
tsception,0.2235,sleepedf_full,0,20,0.2125,temporal_blocks.1,shuffled,-0.08117970357731075,0.6956914738814297,0.614511770304119,temporal_multiscale,46,reports/sleepedf_full_tsception_dynamics_shuffled_seed46.json,-0.010439547421500606,0.2937519893069165,0.2833124418854159,multi-branch fusion-induced reorganization
tsception,0.2235,sleepedf_full,0,20,0.2125,temporal_blocks.2,shuffled,-0.038435171201441576,0.706012878795195,0.6675777075937535,temporal_multiscale,46,reports/sleepedf_full_tsception_dynamics_shuffled_seed46.json,-0.07339980375151989,0.3748948908339889,0.301495087082469,multi-branch fusion-induced reorganization
atcnet,0.6815,sleepedf_full,0,20,0.6675,attention_blocks.0,true,-0.09201186791227456,0.8658728603323541,0.7738609924200796,attention,41,reports/sleepedf_full_atcnet_dynamics_true_seed41.json,-0.26737295332553146,0.347186036929544,0.07981308360401249,hybrid convolutional collapse with attention/TCN reorganization
atcnet,0.6815,sleepedf_full,0,20,0.6675,attention_blocks.2,true,-0.13811393578365738,0.8917860674293654,0.753672131645708,attention,41,reports/sleepedf_full_atcnet_dynamics_true_seed41.json,-0.27412421321793856,0.3390782132894642,0.06495400007152563,hybrid convolutional collapse with attention/TCN reorganization
atcnet,0.6815,sleepedf_full,0,20,0.6675,attention_blocks.4,true,-0.21384784418126324,0.904117694124704,0.6902698499434408,attention,41,reports/sleepedf_full_atcnet_dynamics_true_seed41.json,-0.32061015842929685,0.36963107297403613,0.04902091454473928,hybrid convolutional collapse with attention/TCN reorganization
atcnet,0.6815,sleepedf_full,0,20,0.6675,conv_block,true,0.5111734952713686,0.1469906229979074,0.658164118269276,conv_projection,41,reports/sleepedf_full_atcnet_dynamics_true_seed41.json,-0.16690210151276727,0.33822637642157205,0.17132427490880478,hybrid convolutional collapse with attention/TCN reorganization
atcnet,0.6815,sleepedf_full,0,20,0.6675,final_layer.0,true,-0.032140337211074566,0.9287387763669297,0.8965984391558551,classifier,41,reports/sleepedf_full_atcnet_dynamics_true_seed41.json,-0.013339912202274512,0.0765977599063014,0.06325784770402688,hybrid convolutional collapse with attention/TCN reorganization
atcnet,0.6815,sleepedf_full,0,20,0.6675,final_layer.4,true,-0.1001125781237272,0.9282504339722379,0.8281378558485107,classifier,41,reports/sleepedf_full_atcnet_dynamics_true_seed41.json,-0.08691877592804519,0.11984969556898646,0.032930919640941275,hybrid convolutional collapse with attention/TCN reorganization
atcnet,0.6815,sleepedf_full,0,20,0.6675,logits,true,-0.13663171775816252,0.8658438871723345,0.729212169414172,classifier,41,reports/sleepedf_full_atcnet_dynamics_true_seed41.json,-0.09045617713325227,0.13990636846434445,0.049450191331092186,hybrid convolutional collapse with attention/TCN reorganization
atcnet,0.6815,sleepedf_full,0,20,0.6675,temporal_conv_nets.0,true,-0.20180838236009657,0.8612196103475132,0.6594112279874166,tcn,41,reports/sleepedf_full_atcnet_dynamics_true_seed41.json,-0.2720068083470424,0.337223419283313,0.06521661093627064,hybrid convolutional collapse with attention/TCN reorganization
atcnet,0.6815,sleepedf_full,0,20,0.6675,temporal_conv_nets.2,true,-0.10429337877721956,0.8917095466865487,0.7874161679093291,tcn,41,reports/sleepedf_full_atcnet_dynamics_true_seed41.json,-0.3108743786209856,0.35991378924969597,0.04903941062871039,hybrid convolutional collapse with attention/TCN reorganization
atcnet,0.6815,sleepedf_full,0,20,0.6675,temporal_conv_nets.4,true,-0.3126820854678857,0.9251337815504428,0.6124516960825571,tcn,41,reports/sleepedf_full_atcnet_dynamics_true_seed41.json,-0.29912813595236387,0.3350680834704241,0.03593994751806022,hybrid convolutional collapse with attention/TCN reorganization
atcnet,0.676,sleepedf_full,0,20,0.676,attention_blocks.0,true,-0.19293204907637873,0.8595189273282772,0.6665868782518984,attention,42,reports/sleepedf_full_atcnet_dynamics_true_seed42.json,-0.2836138554109148,0.3193244961912595,0.03571064078034475,hybrid convolutional collapse with attention/TCN reorganization
atcnet,0.676,sleepedf_full,0,20,0.676,attention_blocks.2,true,-0.16439487795060959,0.9056101836062294,0.7412153056556198,attention,42,reports/sleepedf_full_atcnet_dynamics_true_seed42.json,-0.3123448841499189,0.3846644329804734,0.0723195488305545,hybrid convolutional collapse with attention/TCN reorganization
atcnet,0.676,sleepedf_full,0,20,0.676,attention_blocks.4,true,-0.13242691313624522,0.8617193216414315,0.7292924085051863,attention,42,reports/sleepedf_full_atcnet_dynamics_true_seed42.json,-0.289048105464559,0.3557101155139117,0.06666201004935268,hybrid convolutional collapse with attention/TCN reorganization
atcnet,0.676,sleepedf_full,0,20,0.676,conv_block,true,0.4979357299422159,0.20022021678267068,0.6981559467248866,conv_projection,42,reports/sleepedf_full_atcnet_dynamics_true_seed42.json,-0.17385100761748087,0.334628748390673,0.16077774077319215,hybrid convolutional collapse with attention/TCN reorganization
atcnet,0.676,sleepedf_full,0,20,0.676,final_layer.0,true,-0.13023964551393852,0.9370907353232327,0.8068510898092942,classifier,42,reports/sleepedf_full_atcnet_dynamics_true_seed42.json,-0.052114409734639856,0.087147423288749,0.03503301355410914,hybrid convolutional collapse with attention/TCN reorganization
atcnet,0.676,sleepedf_full,0,20,0.676,final_layer.4,true,-0.12436535330337228,0.7724682406208291,0.6481028873174568,classifier,42,reports/sleepedf_full_atcnet_dynamics_true_seed42.json,-0.08528610256777054,0.14088673914598382,0.05560063657821328,hybrid convolutional collapse with attention/TCN reorganization
atcnet,0.676,sleepedf_full,0,20,0.676,logits,true,-0.04255517452721724,0.7891301706466702,0.746574996119453,classifier,42,reports/sleepedf_full_atcnet_dynamics_true_seed42.json,-0.07808167110721692,0.12291369760746726,0.04483202650025033,hybrid convolutional collapse with attention/TCN reorganization
atcnet,0.676,sleepedf_full,0,20,0.676,temporal_conv_nets.0,true,-0.28741618959901805,0.9225404777450602,0.6351242881460422,tcn,42,reports/sleepedf_full_atcnet_dynamics_true_seed42.json,-0.19524645054001855,0.2400761636327873,0.04482971309276875,hybrid convolutional collapse with attention/TCN reorganization
atcnet,0.676,sleepedf_full,0,20,0.676,temporal_conv_nets.2,true,-0.18217988349176795,0.9382992037526494,0.7561193202608815,tcn,42,reports/sleepedf_full_atcnet_dynamics_true_seed42.json,-0.29523463763321645,0.34658096255632637,0.05134632492310993,hybrid convolutional collapse with attention/TCN reorganization
atcnet,0.676,sleepedf_full,0,20,0.676,temporal_conv_nets.4,true,-0.15426172838954755,0.8120714479814944,0.6578097195919469,tcn,42,reports/sleepedf_full_atcnet_dynamics_true_seed42.json,-0.2878884065875116,0.3413499347328517,0.053461528145340095,hybrid convolutional collapse with attention/TCN reorganization
atcnet,0.692,sleepedf_full,0,20,0.659,attention_blocks.0,true,-0.10097516800678663,0.9232907354687057,0.822315567461919,attention,43,reports/sleepedf_full_atcnet_dynamics_true_seed43.json,-0.2868943007474429,0.35152730714898783,0.06463300640154494,hybrid convolutional collapse with attention/TCN reorganization
atcnet,0.692,sleepedf_full,0,20,0.659,attention_blocks.2,true,-0.37054434619701837,0.9007066029378249,0.5301622567408065,attention,43,reports/sleepedf_full_atcnet_dynamics_true_seed43.json,-0.2565520617266289,0.33407565401258843,0.07752359228595951,hybrid convolutional collapse with attention/TCN reorganization
atcnet,0.692,sleepedf_full,0,20,0.659,attention_blocks.4,true,-0.09666422008754605,0.858424763065391,0.7617605429778449,attention,43,reports/sleepedf_full_atcnet_dynamics_true_seed43.json,-0.2317628388527287,0.2822521301230241,0.050489291270295396,hybrid convolutional collapse with attention/TCN reorganization
atcnet,0.692,sleepedf_full,0,20,0.659,conv_block,true,0.5323339652313328,0.16828764274903177,0.7006216079803645,conv_projection,43,reports/sleepedf_full_atcnet_dynamics_true_seed43.json,-0.11210678778342031,0.3528128129246834,0.2407060251412631,hybrid convolutional collapse with attention/TCN reorganization
atcnet,0.692,sleepedf_full,0,20,0.659,final_layer.0,true,-0.020405554119523606,0.9543015843537097,0.9338960302341861,classifier,43,reports/sleepedf_full_atcnet_dynamics_true_seed43.json,-0.04128063309133823,0.07429632179386308,0.03301568870252485,hybrid convolutional collapse with attention/TCN reorganization
atcnet,0.692,sleepedf_full,0,20,0.659,final_layer.4,true,0.019362512572437707,0.927182742820308,0.9465452553927457,classifier,43,reports/sleepedf_full_atcnet_dynamics_true_seed43.json,-0.0650694357520921,0.0838673020527859,0.018797866300693796,hybrid convolutional collapse with attention/TCN reorganization
atcnet,0.692,sleepedf_full,0,20,0.659,logits,true,-0.14694972616917523,0.8691612317506031,0.7222115055814279,classifier,43,reports/sleepedf_full_atcnet_dynamics_true_seed43.json,-0.046187817395036114,0.0829316796008869,0.03674386220585079,hybrid convolutional collapse with attention/TCN reorganization
atcnet,0.692,sleepedf_full,0,20,0.659,temporal_conv_nets.0,true,-0.1061128389950966,0.9085204973181912,0.8024076583230946,tcn,43,reports/sleepedf_full_atcnet_dynamics_true_seed43.json,-0.32719140038266215,0.36272828973249405,0.03553688934983191,hybrid convolutional collapse with attention/TCN reorganization
atcnet,0.692,sleepedf_full,0,20,0.659,temporal_conv_nets.2,true,-0.3382929460094978,0.8547215689471355,0.5164286229376377,tcn,43,reports/sleepedf_full_atcnet_dynamics_true_seed43.json,-0.3237559008654602,0.36360855804305836,0.039852657177598165,hybrid convolutional collapse with attention/TCN reorganization
atcnet,0.692,sleepedf_full,0,20,0.659,temporal_conv_nets.4,true,-0.17728778700726278,0.8535537878407469,0.6762660008334841,tcn,43,reports/sleepedf_full_atcnet_dynamics_true_seed43.json,-0.298137114655604,0.3239745905156998,0.02583747586009584,hybrid convolutional collapse with attention/TCN reorganization
atcnet,0.6835,sleepedf_full,0,20,0.67,attention_blocks.0,true,-0.29332153024435215,0.8882084103949542,0.5948868801506021,attention,44,reports/sleepedf_full_atcnet_dynamics_true_seed44.json,-0.2671493343644946,0.32881212672555604,0.06166279236106143,hybrid convolutional collapse with attention/TCN reorganization
atcnet,0.6835,sleepedf_full,0,20,0.67,attention_blocks.2,true,-0.09980329323661608,0.8581570891527488,0.7583537959161327,attention,44,reports/sleepedf_full_atcnet_dynamics_true_seed44.json,-0.28846432199803607,0.33058801900793927,0.04212369700990322,hybrid convolutional collapse with attention/TCN reorganization
atcnet,0.6835,sleepedf_full,0,20,0.67,attention_blocks.4,true,0.004121784437595255,0.8832975007774738,0.8874192852150691,attention,44,reports/sleepedf_full_atcnet_dynamics_true_seed44.json,-0.2700487268435734,0.34901753942851005,0.07896881258493668,hybrid convolutional collapse with attention/TCN reorganization
atcnet,0.6835,sleepedf_full,0,20,0.67,conv_block,true,0.5140247588706615,0.18800019146895525,0.7020249503396166,conv_projection,44,reports/sleepedf_full_atcnet_dynamics_true_seed44.json,-0.13475817627494455,0.323239619841213,0.18848144356626848,hybrid convolutional collapse with attention/TCN reorganization
atcnet,0.6835,sleepedf_full,0,20,0.67,final_layer.0,true,-0.04283133959696006,0.8729436971601295,0.8301123575631695,classifier,44,reports/sleepedf_full_atcnet_dynamics_true_seed44.json,-0.11401452194049065,0.13530507921464843,0.02129055727415778,hybrid convolutional collapse with attention/TCN reorganization
atcnet,0.6835,sleepedf_full,0,20,0.67,final_layer.4,true,-0.005611315975256437,0.9154065987031418,0.9097952827278853,classifier,44,reports/sleepedf_full_atcnet_dynamics_true_seed44.json,-0.10007424138116013,0.12697966213074885,0.026905420749588724,hybrid convolutional collapse with attention/TCN reorganization
atcnet,0.6835,sleepedf_full,0,20,0.67,logits,true,-0.11084169652935949,0.8220345426488648,0.7111928461195053,classifier,44,reports/sleepedf_full_atcnet_dynamics_true_seed44.json,-0.10160809759673842,0.1310102326371504,0.029402135040411982,hybrid convolutional collapse with attention/TCN reorganization
atcnet,0.6835,sleepedf_full,0,20,0.67,temporal_conv_nets.0,true,-0.27461993776434857,0.9040095088439799,0.6293895710796313,tcn,44,reports/sleepedf_full_atcnet_dynamics_true_seed44.json,-0.2816970017344968,0.309295371843931,0.027598370109434226,hybrid convolutional collapse with attention/TCN reorganization
atcnet,0.6835,sleepedf_full,0,20,0.67,temporal_conv_nets.2,true,-0.1482560831529256,0.8506960087761865,0.7024399256232609,tcn,44,reports/sleepedf_full_atcnet_dynamics_true_seed44.json,-0.28274982565624773,0.2986504005435948,0.01590057488734711,hybrid convolutional collapse with attention/TCN reorganization
atcnet,0.6835,sleepedf_full,0,20,0.67,temporal_conv_nets.4,true,-0.048338612874460396,0.8543134017180762,0.8059747888436158,tcn,44,reports/sleepedf_full_atcnet_dynamics_true_seed44.json,-0.2471136162470495,0.2931668648522995,0.04605324860524997,hybrid convolutional collapse with attention/TCN reorganization
atcnet,0.6735,sleepedf_full,0,20,0.659,attention_blocks.0,true,-0.09677587643979724,0.8433683014438225,0.7465924250040252,attention,45,reports/sleepedf_full_atcnet_dynamics_true_seed45.json,-0.3347265382894825,0.3864293404509617,0.051702802161479204,hybrid convolutional collapse with attention/TCN reorganization
atcnet,0.6735,sleepedf_full,0,20,0.659,attention_blocks.2,true,-0.1936296175769937,0.8597212781990401,0.6660916606220464,attention,45,reports/sleepedf_full_atcnet_dynamics_true_seed45.json,-0.34532635809312634,0.405082053322366,0.05975569522923967,hybrid convolutional collapse with attention/TCN reorganization
atcnet,0.6735,sleepedf_full,0,20,0.659,attention_blocks.4,true,-0.13067747469907587,0.926142082227372,0.7954646075282962,attention,45,reports/sleepedf_full_atcnet_dynamics_true_seed45.json,-0.2967658004613404,0.41319889492883194,0.11643309446749157,hybrid convolutional collapse with attention/TCN reorganization
atcnet,0.6735,sleepedf_full,0,20,0.659,conv_block,true,0.4882288591403304,0.19462366504289846,0.6828525241832288,conv_projection,45,reports/sleepedf_full_atcnet_dynamics_true_seed45.json,-0.0996865835777126,0.380117223821615,0.2804306402439024,hybrid convolutional collapse with attention/TCN reorganization
atcnet,0.6735,sleepedf_full,0,20,0.659,final_layer.0,true,-0.1063492705692134,0.973477254501027,0.8671279839318136,classifier,45,reports/sleepedf_full_atcnet_dynamics_true_seed45.json,-0.12310452053701237,0.12167603053272083,-0.0014284900042915382,hybrid convolutional collapse with attention/TCN reorganization
atcnet,0.6735,sleepedf_full,0,20,0.659,final_layer.4,true,-0.13265260759476583,0.9506034988105447,0.8179508912157789,classifier,45,reports/sleepedf_full_atcnet_dynamics_true_seed45.json,-0.056208258082397544,0.13908092902868177,0.08287267094628423,hybrid convolutional collapse with attention/TCN reorganization
atcnet,0.6735,sleepedf_full,0,20,0.659,logits,true,-0.16690449438901567,0.9375611274757539,0.7706566330867383,classifier,45,reports/sleepedf_full_atcnet_dynamics_true_seed45.json,-0.05213368813031971,0.11159282016665473,0.059459132036335016,hybrid convolutional collapse with attention/TCN reorganization
atcnet,0.6735,sleepedf_full,0,20,0.659,temporal_conv_nets.0,true,-0.12613903187644016,0.9049439647048171,0.7788049328283769,tcn,45,reports/sleepedf_full_atcnet_dynamics_true_seed45.json,-0.3451009629139546,0.3466033590229597,0.001502396109005078,hybrid convolutional collapse with attention/TCN reorganization
atcnet,0.6735,sleepedf_full,0,20,0.659,temporal_conv_nets.2,true,-0.28318891036832516,0.8785865355157245,0.5953976251473994,tcn,45,reports/sleepedf_full_atcnet_dynamics_true_seed45.json,-0.35442996298548024,0.371522121539947,0.017092158554466774,hybrid convolutional collapse with attention/TCN reorganization
atcnet,0.6735,sleepedf_full,0,20,0.659,temporal_conv_nets.4,true,-0.02462328984300466,0.8820163073153565,0.8573930174723519,tcn,45,reports/sleepedf_full_atcnet_dynamics_true_seed45.json,-0.3030191532258064,0.38357026947285594,0.08055111624704955,hybrid convolutional collapse with attention/TCN reorganization
atcnet,0.6875,sleepedf_full,0,20,0.6875,attention_blocks.0,true,-0.2959201750602747,0.8963986305181365,0.6004784554578618,attention,46,reports/sleepedf_full_atcnet_dynamics_true_seed46.json,-0.277126345576139,0.288598656212002,0.011472310635862955,hybrid convolutional collapse with attention/TCN reorganization
atcnet,0.6875,sleepedf_full,0,20,0.6875,attention_blocks.2,true,-0.24142817856827403,0.893308126228335,0.651879947660061,attention,46,reports/sleepedf_full_atcnet_dynamics_true_seed46.json,-0.26340079840497815,0.2747753536048923,0.011374555199914167,hybrid convolutional collapse with attention/TCN reorganization
atcnet,0.6875,sleepedf_full,0,20,0.6875,attention_blocks.4,true,-0.10684957960108044,0.8864292564919367,0.7795796768908563,attention,46,reports/sleepedf_full_atcnet_dynamics_true_seed46.json,-0.2390950776947285,0.279859418585938,0.04076434089120949,hybrid convolutional collapse with attention/TCN reorganization
atcnet,0.6875,sleepedf_full,0,20,0.6875,conv_block,true,0.5302542142625242,0.15959982969875025,0.6898540439612745,conv_projection,46,reports/sleepedf_full_atcnet_dynamics_true_seed46.json,-0.08875396743795153,0.31582904924540445,0.22707508180745292,hybrid convolutional collapse with attention/TCN reorganization
atcnet,0.6875,sleepedf_full,0,20,0.6875,final_layer.0,true,-0.18645957158621107,0.8325631689973181,0.646103597411107,classifier,46,reports/sleepedf_full_atcnet_dynamics_true_seed46.json,-0.06705240594378084,0.05547272861383305,-0.011579677329947784,hybrid convolutional collapse with attention/TCN reorganization
atcnet,0.6875,sleepedf_full,0,20,0.6875,final_layer.4,true,-0.056089109764145384,0.8839721669694824,0.8278830572053371,classifier,46,reports/sleepedf_full_atcnet_dynamics_true_seed46.json,-0.05946458586653314,0.06782681630427007,0.008362230437736927,hybrid convolutional collapse with attention/TCN reorganization
atcnet,0.6875,sleepedf_full,0,20,0.6875,logits,true,0.09387128266291478,0.6084757235109522,0.702347006173867,classifier,46,reports/sleepedf_full_atcnet_dynamics_true_seed46.json,-0.08060853792647163,0.09383746244903797,0.013228924522566337,hybrid convolutional collapse with attention/TCN reorganization
atcnet,0.6875,sleepedf_full,0,20,0.6875,temporal_conv_nets.0,true,-0.3865094451465454,0.8932836212386426,0.5067741760920972,tcn,46,reports/sleepedf_full_atcnet_dynamics_true_seed46.json,-0.31148648165367276,0.30250223517631064,-0.008984246477362132,hybrid convolutional collapse with attention/TCN reorganization
atcnet,0.6875,sleepedf_full,0,20,0.6875,temporal_conv_nets.2,true,-0.23862734667919916,0.9050434791768733,0.6664161324976742,tcn,46,reports/sleepedf_full_atcnet_dynamics_true_seed46.json,-0.2761983674272226,0.26525231787783415,-0.010946049549388454,hybrid convolutional collapse with attention/TCN reorganization
atcnet,0.6875,sleepedf_full,0,20,0.6875,temporal_conv_nets.4,true,-0.1060679344891633,0.8795355232511798,0.7734675887620165,tcn,46,reports/sleepedf_full_atcnet_dynamics_true_seed46.json,-0.3087775820756741,0.30196286478077383,-0.00681471729490022,hybrid convolutional collapse with attention/TCN reorganization
atcnet,0.2495,sleepedf_full,0,20,0.222,attention_blocks.0,shuffled,-0.05123572258625675,0.8658728603323541,0.8146371377460974,attention,41,reports/sleepedf_full_atcnet_dynamics_shuffled_seed41.json,-0.0726483719735323,0.347186036929544,0.2745376649560117,hybrid convolutional collapse with attention/TCN reorganization
atcnet,0.2495,sleepedf_full,0,20,0.222,attention_blocks.2,shuffled,-0.04498826185524396,0.8917860674293654,0.8467978055741214,attention,41,reports/sleepedf_full_atcnet_dynamics_shuffled_seed41.json,-0.04675397637865669,0.3390782132894642,0.2923242369108075,hybrid convolutional collapse with attention/TCN reorganization
atcnet,0.2495,sleepedf_full,0,20,0.222,attention_blocks.4,shuffled,-0.14326342736764852,0.904117694124704,0.7608542667570555,attention,41,reports/sleepedf_full_atcnet_dynamics_shuffled_seed41.json,-0.05827370541002802,0.36963107297403613,0.3113573675640081,hybrid convolutional collapse with attention/TCN reorganization
atcnet,0.2495,sleepedf_full,0,20,0.222,conv_block,shuffled,0.562086751697987,0.1469906229979074,0.7090773746958945,conv_projection,41,reports/sleepedf_full_atcnet_dynamics_shuffled_seed41.json,-0.04687194898433583,0.33822637642157205,0.2913544274372362,hybrid convolutional collapse with attention/TCN reorganization
atcnet,0.2495,sleepedf_full,0,20,0.222,final_layer.0,shuffled,-0.09754500446794967,0.9287387763669297,0.83119377189898,classifier,41,reports/sleepedf_full_atcnet_dynamics_shuffled_seed41.json,-0.004525460893355274,0.0765977599063014,0.07207229901294612,hybrid convolutional collapse with attention/TCN reorganization
atcnet,0.2495,sleepedf_full,0,20,0.222,final_layer.4,shuffled,-0.11246537425338887,0.9282504339722379,0.8157850597188491,classifier,41,reports/sleepedf_full_atcnet_dynamics_shuffled_seed41.json,-0.03599894499678134,0.11984969556898646,0.08385075057220512,hybrid convolutional collapse with attention/TCN reorganization
atcnet,0.2495,sleepedf_full,0,20,0.222,logits,shuffled,-0.024405581520172914,0.8658438871723345,0.8414383056521616,classifier,41,reports/sleepedf_full_atcnet_dynamics_shuffled_seed41.json,-0.07477966749517202,0.13990636846434445,0.06512670096917243,hybrid convolutional collapse with attention/TCN reorganization
atcnet,0.2495,sleepedf_full,0,20,0.222,temporal_conv_nets.0,shuffled,-0.005472993653579894,0.8612196103475132,0.8557466166939333,tcn,41,reports/sleepedf_full_atcnet_dynamics_shuffled_seed41.json,-0.048230589728917805,0.337223419283313,0.2889928295543952,hybrid convolutional collapse with attention/TCN reorganization
atcnet,0.2495,sleepedf_full,0,20,0.222,temporal_conv_nets.2,shuffled,-0.055283110748985176,0.8917095466865487,0.8364264359375635,tcn,41,reports/sleepedf_full_atcnet_dynamics_shuffled_seed41.json,-0.06265738993991848,0.35991378924969597,0.2972563993097775,hybrid convolutional collapse with attention/TCN reorganization
atcnet,0.2495,sleepedf_full,0,20,0.222,temporal_conv_nets.4,shuffled,-0.17610769699951867,0.9251337815504428,0.7490260845509241,tcn,41,reports/sleepedf_full_atcnet_dynamics_shuffled_seed41.json,0.02243009127062051,0.3350680834704241,0.3574981747410446,hybrid convolutional collapse with attention/TCN reorganization
atcnet,0.221,sleepedf_full,0,20,0.204,attention_blocks.0,shuffled,0.014272178061696339,0.8595189273282772,0.8737911053899735,attention,42,reports/sleepedf_full_atcnet_dynamics_shuffled_seed42.json,-0.04525374839067303,0.3193244961912595,0.2740707478005865,hybrid convolutional collapse with attention/TCN reorganization
atcnet,0.221,sleepedf_full,0,20,0.204,attention_blocks.2,shuffled,-0.11036240319336621,0.9056101836062294,0.7952477804128631,attention,42,reports/sleepedf_full_atcnet_dynamics_shuffled_seed42.json,-0.11036794354838708,0.3846644329804734,0.27429648943208634,hybrid convolutional collapse with attention/TCN reorganization
atcnet,0.221,sleepedf_full,0,20,0.204,attention_blocks.4,shuffled,-0.059925070449411866,0.8617193216414315,0.8017942511920196,attention,42,reports/sleepedf_full_atcnet_dynamics_shuffled_seed42.json,-0.07200395849724628,0.3557101155139117,0.2837061570166654,hybrid convolutional collapse with attention/TCN reorganization
atcnet,0.221,sleepedf_full,0,20,0.204,conv_block,shuffled,0.5055850263006673,0.20022021678267068,0.7058052430833379,conv_projection,42,reports/sleepedf_full_atcnet_dynamics_shuffled_seed42.json,-0.05584459489664545,0.334628748390673,0.2787841534940276,hybrid convolutional collapse with attention/TCN reorganization
atcnet,0.221,sleepedf_full,0,20,0.204,final_layer.0,shuffled,-0.07118814164341736,0.9370907353232327,0.8659025936798154,classifier,42,reports/sleepedf_full_atcnet_dynamics_shuffled_seed42.json,-0.007140471890422717,0.087147423288749,0.08000695139832628,hybrid convolutional collapse with attention/TCN reorganization
atcnet,0.221,sleepedf_full,0,20,0.204,final_layer.4,shuffled,0.03542588586812434,0.7724682406208291,0.8078941264889534,classifier,42,reports/sleepedf_full_atcnet_dynamics_shuffled_seed42.json,-0.06868179359487876,0.14088673914598382,0.07220494555110506,hybrid convolutional collapse with attention/TCN reorganization
atcnet,0.221,sleepedf_full,0,20,0.204,logits,shuffled,0.06065461104386438,0.7891301706466702,0.8497847816905346,classifier,42,reports/sleepedf_full_atcnet_dynamics_shuffled_seed42.json,-0.03978468546598955,0.12291369760746726,0.0831290121414777,hybrid convolutional collapse with attention/TCN reorganization
atcnet,0.221,sleepedf_full,0,20,0.204,temporal_conv_nets.0,shuffled,-0.0846468921849669,0.9225404777450602,0.8378935855600933,tcn,42,reports/sleepedf_full_atcnet_dynamics_shuffled_seed42.json,0.03997450781417641,0.2400761636327873,0.2800506714469637,hybrid convolutional collapse with attention/TCN reorganization
atcnet,0.221,sleepedf_full,0,20,0.204,temporal_conv_nets.2,shuffled,-0.08384507837942545,0.9382992037526494,0.854454125373224,tcn,42,reports/sleepedf_full_atcnet_dynamics_shuffled_seed42.json,-0.0938176189651263,0.34658096255632637,0.25276334359120006,hybrid convolutional collapse with attention/TCN reorganization
atcnet,0.221,sleepedf_full,0,20,0.204,temporal_conv_nets.4,shuffled,-0.04778333154514369,0.8120714479814944,0.7642881164363508,tcn,42,reports/sleepedf_full_atcnet_dynamics_shuffled_seed42.json,-0.029055392139331948,0.3413499347328517,0.31229454259351974,hybrid convolutional collapse with attention/TCN reorganization
atcnet,0.21,sleepedf_full,0,20,0.195,attention_blocks.0,shuffled,-0.20591632329825071,0.9232907354687057,0.717374412170455,attention,43,reports/sleepedf_full_atcnet_dynamics_shuffled_seed43.json,-0.0004626032651455225,0.35152730714898783,0.3510647038838423,hybrid convolutional collapse with attention/TCN reorganization
atcnet,0.21,sleepedf_full,0,20,0.195,attention_blocks.2,shuffled,-0.1268423143805526,0.9007066029378249,0.7738642885572723,attention,43,reports/sleepedf_full_atcnet_dynamics_shuffled_seed43.json,0.032627818557327826,0.33407565401258843,0.36670347256991626,hybrid convolutional collapse with attention/TCN reorganization
atcnet,0.21,sleepedf_full,0,20,0.195,attention_blocks.4,shuffled,-0.10944739116844149,0.858424763065391,0.7489773718969495,attention,43,reports/sleepedf_full_atcnet_dynamics_shuffled_seed43.json,0.07216742811672983,0.2822521301230241,0.3544195582397539,hybrid convolutional collapse with attention/TCN reorganization
atcnet,0.21,sleepedf_full,0,20,0.195,conv_block,shuffled,0.537681009742931,0.16828764274903177,0.7059686524919627,conv_projection,43,reports/sleepedf_full_atcnet_dynamics_shuffled_seed43.json,-0.010763770921250249,0.3528128129246834,0.34204904200343317,hybrid convolutional collapse with attention/TCN reorganization
atcnet,0.21,sleepedf_full,0,20,0.195,final_layer.0,shuffled,-0.1356108077295155,0.9543015843537097,0.8186907766241942,classifier,43,reports/sleepedf_full_atcnet_dynamics_shuffled_seed43.json,-0.03361216785280022,0.07429632179386308,0.04068415394106287,hybrid convolutional collapse with attention/TCN reorganization
atcnet,0.21,sleepedf_full,0,20,0.195,final_layer.4,shuffled,-0.19173313356108135,0.927182742820308,0.7354496092592266,classifier,43,reports/sleepedf_full_atcnet_dynamics_shuffled_seed43.json,-0.02824550953079178,0.0838673020527859,0.055621792521994125,hybrid convolutional collapse with attention/TCN reorganization
atcnet,0.21,sleepedf_full,0,20,0.195,logits,shuffled,-0.11835878447283954,0.8691612317506031,0.7508024472777636,classifier,43,reports/sleepedf_full_atcnet_dynamics_shuffled_seed43.json,-0.00804135970245333,0.0829316796008869,0.07489031989843357,hybrid convolutional collapse with attention/TCN reorganization
atcnet,0.21,sleepedf_full,0,20,0.195,temporal_conv_nets.0,shuffled,-0.13952966661523347,0.9085204973181912,0.7689908307029577,tcn,43,reports/sleepedf_full_atcnet_dynamics_shuffled_seed43.json,0.001170762999785413,0.36272828973249405,0.36389905273227946,hybrid convolutional collapse with attention/TCN reorganization
atcnet,0.21,sleepedf_full,0,20,0.195,temporal_conv_nets.2,shuffled,-0.03407209005257428,0.8547215689471355,0.8206494788945612,tcn,43,reports/sleepedf_full_atcnet_dynamics_shuffled_seed43.json,-0.01453902841356125,0.36360855804305836,0.3490695296294971,hybrid convolutional collapse with attention/TCN reorganization
atcnet,0.21,sleepedf_full,0,20,0.195,temporal_conv_nets.4,shuffled,-0.11030995995866433,0.8535537878407469,0.7432438278820825,tcn,43,reports/sleepedf_full_atcnet_dynamics_shuffled_seed43.json,-0.009421614601959782,0.3239745905156998,0.31455297591374004,hybrid convolutional collapse with attention/TCN reorganization
atcnet,0.217,sleepedf_full,0,20,0.196,attention_blocks.0,shuffled,-0.08712736757789497,0.8882084103949542,0.8010810428170593,attention,44,reports/sleepedf_full_atcnet_dynamics_shuffled_seed44.json,-0.11717395483155707,0.32881212672555604,0.21163817189399897,hybrid convolutional collapse with attention/TCN reorganization
atcnet,0.217,sleepedf_full,0,20,0.196,attention_blocks.2,shuffled,-0.06762280963947653,0.8581570891527488,0.7905342795132723,attention,44,reports/sleepedf_full_atcnet_dynamics_shuffled_seed44.json,-0.1126702198519419,0.33058801900793927,0.21791779915599738,hybrid convolutional collapse with attention/TCN reorganization
atcnet,0.217,sleepedf_full,0,20,0.196,attention_blocks.4,shuffled,-0.09779294664234217,0.8832975007774738,0.7855045541351316,attention,44,reports/sleepedf_full_atcnet_dynamics_shuffled_seed44.json,-0.14189320551105067,0.34901753942851005,0.20712433391745938,hybrid convolutional collapse with attention/TCN reorganization
atcnet,0.217,sleepedf_full,0,20,0.196,conv_block,shuffled,0.5408231504951808,0.18800019146895525,0.728823341964136,conv_projection,44,reports/sleepedf_full_atcnet_dynamics_shuffled_seed44.json,-0.10850596345039695,0.323239619841213,0.21473365639081607,hybrid convolutional collapse with attention/TCN reorganization
atcnet,0.217,sleepedf_full,0,20,0.196,final_layer.0,shuffled,-0.018484322041962264,0.8729436971601295,0.8544593751181673,classifier,44,reports/sleepedf_full_atcnet_dynamics_shuffled_seed44.json,-0.04797072813103498,0.13530507921464843,0.08733435108361345,hybrid convolutional collapse with attention/TCN reorganization
atcnet,0.217,sleepedf_full,0,20,0.196,final_layer.4,shuffled,-0.025841568053333486,0.9154065987031418,0.8895650306498083,classifier,44,reports/sleepedf_full_atcnet_dynamics_shuffled_seed44.json,-0.02579859496817108,0.12697966213074885,0.10118106716257777,hybrid convolutional collapse with attention/TCN reorganization
atcnet,0.217,sleepedf_full,0,20,0.196,logits,shuffled,-0.002035225251276973,0.8220345426488648,0.8199993173975878,classifier,44,reports/sleepedf_full_atcnet_dynamics_shuffled_seed44.json,-0.06420452310278234,0.1310102326371504,0.06680570953436805,hybrid convolutional collapse with attention/TCN reorganization
atcnet,0.217,sleepedf_full,0,20,0.196,temporal_conv_nets.0,shuffled,-0.03292451083565562,0.9040095088439799,0.8710849980083243,tcn,44,reports/sleepedf_full_atcnet_dynamics_shuffled_seed44.json,-0.11629679341606466,0.309295371843931,0.19299857842786636,hybrid convolutional collapse with attention/TCN reorganization
atcnet,0.217,sleepedf_full,0,20,0.196,temporal_conv_nets.2,shuffled,-0.02796462653064069,0.8506960087761865,0.8227313822455458,tcn,44,reports/sleepedf_full_atcnet_dynamics_shuffled_seed44.json,-0.10380951156927257,0.2986504005435948,0.19484088897432225,hybrid convolutional collapse with attention/TCN reorganization
atcnet,0.217,sleepedf_full,0,20,0.196,temporal_conv_nets.4,shuffled,-0.05480526457293733,0.8543134017180762,0.7995081371451389,tcn,44,reports/sleepedf_full_atcnet_dynamics_shuffled_seed44.json,-0.05921565428080963,0.2931668648522995,0.23395121057148985,hybrid convolutional collapse with attention/TCN reorganization
atcnet,0.2425,sleepedf_full,0,20,0.2425,attention_blocks.0,shuffled,-0.041689867341689335,0.8433683014438225,0.8016784341021331,attention,45,reports/sleepedf_full_atcnet_dynamics_shuffled_seed45.json,-0.055365418878828176,0.3864293404509617,0.33106392157213355,hybrid convolutional collapse with attention/TCN reorganization
atcnet,0.2425,sleepedf_full,0,20,0.2425,attention_blocks.2,shuffled,-0.03225372896401835,0.8597212781990401,0.8274675492350217,attention,45,reports/sleepedf_full_atcnet_dynamics_shuffled_seed45.json,-0.05361980097990132,0.405082053322366,0.3514622523424647,hybrid convolutional collapse with attention/TCN reorganization
atcnet,0.2425,sleepedf_full,0,20,0.2425,attention_blocks.4,shuffled,-0.20814956508181293,0.926142082227372,0.7179925171455591,attention,45,reports/sleepedf_full_atcnet_dynamics_shuffled_seed45.json,-0.060868969494313696,0.41319889492883194,0.35232992543451824,hybrid convolutional collapse with attention/TCN reorganization
atcnet,0.2425,sleepedf_full,0,20,0.2425,conv_block,shuffled,0.5178276414850844,0.19462366504289846,0.7124513065279829,conv_projection,45,reports/sleepedf_full_atcnet_dynamics_shuffled_seed45.json,-0.0306404897718332,0.380117223821615,0.3494767340497818,hybrid convolutional collapse with attention/TCN reorganization
atcnet,0.2425,sleepedf_full,0,20,0.2425,final_layer.0,shuffled,-0.15469610527098798,0.973477254501027,0.818781149230039,classifier,45,reports/sleepedf_full_atcnet_dynamics_shuffled_seed45.json,-0.03170874233802805,0.12167603053272083,0.08996728819469278,hybrid convolutional collapse with attention/TCN reorganization
atcnet,0.2425,sleepedf_full,0,20,0.2425,final_layer.4,shuffled,-0.13346562927517214,0.9506034988105447,0.8171378695353726,classifier,45,reports/sleepedf_full_atcnet_dynamics_shuffled_seed45.json,-0.08287071516701237,0.13908092902868177,0.0562102138616694,hybrid convolutional collapse with attention/TCN reorganization
atcnet,0.2425,sleepedf_full,0,20,0.2425,logits,shuffled,-0.0418213127498791,0.9375611274757539,0.8957398147258748,classifier,45,reports/sleepedf_full_atcnet_dynamics_shuffled_seed45.json,-0.020545919462127166,0.11159282016665473,0.09104690070452756,hybrid convolutional collapse with attention/TCN reorganization
atcnet,0.2425,sleepedf_full,0,20,0.2425,temporal_conv_nets.0,shuffled,-0.13644609959597342,0.9049439647048171,0.7684978651088437,tcn,45,reports/sleepedf_full_atcnet_dynamics_shuffled_seed45.json,-0.021675063479007217,0.3466033590229597,0.3249282955439525,hybrid convolutional collapse with attention/TCN reorganization
atcnet,0.2425,sleepedf_full,0,20,0.2425,temporal_conv_nets.2,shuffled,-0.004400784056432405,0.8785865355157245,0.8741857514592921,tcn,45,reports/sleepedf_full_atcnet_dynamics_shuffled_seed45.json,0.005384863833059139,0.371522121539947,0.37690698537300615,hybrid convolutional collapse with attention/TCN reorganization
atcnet,0.2425,sleepedf_full,0,20,0.2425,temporal_conv_nets.4,shuffled,-0.18941046949477525,0.8820163073153565,0.6926058378205813,tcn,45,reports/sleepedf_full_atcnet_dynamics_shuffled_seed45.json,0.020051364351620082,0.38357026947285594,0.403621633824476,hybrid convolutional collapse with attention/TCN reorganization
atcnet,0.2395,sleepedf_full,0,20,0.2155,attention_blocks.0,shuffled,-0.12291020374502215,0.8963986305181365,0.7734884267731144,attention,46,reports/sleepedf_full_atcnet_dynamics_shuffled_seed46.json,0.038958486070381215,0.288598656212002,0.3275571422823832,hybrid convolutional collapse with attention/TCN reorganization
atcnet,0.2395,sleepedf_full,0,20,0.2155,attention_blocks.2,shuffled,-0.11275309992028992,0.893308126228335,0.7805550263080451,attention,46,reports/sleepedf_full_atcnet_dynamics_shuffled_seed46.json,0.049180496767688375,0.2747753536048923,0.3239558503725807,hybrid convolutional collapse with attention/TCN reorganization
atcnet,0.2395,sleepedf_full,0,20,0.2155,attention_blocks.4,shuffled,-0.05205931028416044,0.8864292564919367,0.8343699462077763,attention,46,reports/sleepedf_full_atcnet_dynamics_shuffled_seed46.json,0.048458366288170684,0.279859418585938,0.3283177848741087,hybrid convolutional collapse with attention/TCN reorganization
atcnet,0.2395,sleepedf_full,0,20,0.2155,conv_block,shuffled,0.5504982784401804,0.15959982969875025,0.7100981081389307,conv_projection,46,reports/sleepedf_full_atcnet_dynamics_shuffled_seed46.json,0.0123192524676346,0.31582904924540445,0.32814830171303905,hybrid convolutional collapse with attention/TCN reorganization
atcnet,0.2395,sleepedf_full,0,20,0.2155,final_layer.0,shuffled,-0.02560335684232662,0.8325631689973181,0.8069598121549915,classifier,46,reports/sleepedf_full_atcnet_dynamics_shuffled_seed46.json,0.00927521055360847,0.05547272861383305,0.06474793916744152,hybrid convolutional collapse with attention/TCN reorganization
atcnet,0.2395,sleepedf_full,0,20,0.2155,final_layer.4,shuffled,-0.089073930755463,0.8839721669694824,0.7948982362140194,classifier,46,reports/sleepedf_full_atcnet_dynamics_shuffled_seed46.json,-0.02076257510192403,0.06782681630427007,0.047064241202346035,hybrid convolutional collapse with attention/TCN reorganization
atcnet,0.2395,sleepedf_full,0,20,0.2155,logits,shuffled,0.20419353230878012,0.6084757235109522,0.8126692558197324,classifier,46,reports/sleepedf_full_atcnet_dynamics_shuffled_seed46.json,-0.02779614968528718,0.09383746244903797,0.06604131276375079,hybrid convolutional collapse with attention/TCN reorganization
atcnet,0.2395,sleepedf_full,0,20,0.2155,temporal_conv_nets.0,shuffled,-0.17002678566712126,0.8932836212386426,0.7232568355715213,tcn,46,reports/sleepedf_full_atcnet_dynamics_shuffled_seed46.json,0.04107570191123766,0.30250223517631064,0.3435779370875483,hybrid convolutional collapse with attention/TCN reorganization
atcnet,0.2395,sleepedf_full,0,20,0.2155,temporal_conv_nets.2,shuffled,-0.14752916348237788,0.9050434791768733,0.7575143156944955,tcn,46,reports/sleepedf_full_atcnet_dynamics_shuffled_seed46.json,0.08107243759387739,0.26525231787783415,0.34632475547171154,hybrid convolutional collapse with attention/TCN reorganization
atcnet,0.2395,sleepedf_full,0,20,0.2155,temporal_conv_nets.4,shuffled,-0.057120111014874575,0.8795355232511798,0.8224154122363052,tcn,46,reports/sleepedf_full_atcnet_dynamics_shuffled_seed46.json,-0.0013076116694084594,0.30196286478077383,0.3006552531113654,hybrid convolutional collapse with attention/TCN reorganization
eegnet,0.35375,seediv,0,20,0.35375,bnorm_1,true,0.3557302116735869,0.007191129239110003,0.36292134091269695,early_filtering,41,reports/seediv_eegnet_dynamics_true_seed41.json,-0.1758203767613189,0.5019517336027465,0.3261313568414276,progressive collapse
eegnet,0.35375,seediv,0,20,0.35375,bnorm_2,true,0.5158347959255267,0.017823535478782328,0.5336583314043091,separable_body,41,reports/seediv_eegnet_dynamics_true_seed41.json,-0.1411840055630339,0.2944412506258493,0.1532572450628154,progressive collapse
eegnet,0.35375,seediv,0,20,0.35375,bnorm_temporal,true,0.005567311320867367,0.005207018653682627,0.010774329974549994,early_filtering,41,reports/seediv_eegnet_dynamics_true_seed41.json,-0.21219469726772044,0.8680739038695371,0.6558792066018166,progressive collapse
eegnet,0.35375,seediv,0,20,0.35375,conv_separable_depth,true,0.44040801408418295,0.014745044199557722,0.4551530582837407,separable_body,41,reports/seediv_eegnet_dynamics_true_seed41.json,0.017972818020885517,0.3453517608718975,0.363324578892783,progressive collapse
eegnet,0.35375,seediv,0,20,0.35375,conv_separable_point,true,0.4686848563448609,0.017823535512399107,0.48650839185726,separable_body,41,reports/seediv_eegnet_dynamics_true_seed41.json,-0.12423763723982545,0.2944412506258493,0.17020361338602386,progressive collapse
eegnet,0.35375,seediv,0,20,0.35375,conv_spatial,true,0.005817083160357019,0.0071911292458164905,0.01300821240617351,early_filtering,41,reports/seediv_eegnet_dynamics_true_seed41.json,-0.07961518087046704,0.5019517336027465,0.42233655273227944,progressive collapse
eegnet,0.35375,seediv,0,20,0.35375,conv_temporal,true,0.0019522101723498777,0.005207018657030199,0.007159228829380077,early_filtering,41,reports/seediv_eegnet_dynamics_true_seed41.json,-0.07364731600028607,0.8680739038695371,0.794426587869251,progressive collapse
eegnet,0.35375,seediv,0,20,0.35375,elu_1,true,0.33113974410159286,0.007141653680422672,0.33828139778201555,other,41,reports/seediv_eegnet_dynamics_true_seed41.json,-0.19509746074737744,0.526952545326449,0.33185508457907154,progressive collapse
eegnet,0.35375,seediv,0,20,0.35375,elu_2,true,0.4714795583843931,0.017834232836223016,0.48931379122061613,other,41,reports/seediv_eegnet_dynamics_true_seed41.json,-0.14886672090694514,0.2994642058865603,0.15059748497961517,progressive collapse
eegnet,0.35375,seediv,0,20,0.35375,final_layer.conv_classifier,true,0.45885201818402493,0.4480958247927515,0.9069478429767764,classifier,41,reports/seediv_eegnet_dynamics_true_seed41.json,-0.07438392952936126,0.09766436369000785,0.02328043416064659,progressive collapse
eegnet,0.35375,seediv,0,20,0.35375,logits,true,0.45885201818402493,0.4480958247927515,0.9069478429767764,classifier,41,reports/seediv_eegnet_dynamics_true_seed41.json,-0.07438392952936126,0.09766436369000785,0.02328043416064659,progressive collapse
eegnet,0.35375,seediv,0,20,0.35375,pool_1,true,0.39660291836386347,0.011016386741133156,0.4076193051049966,other,41,reports/seediv_eegnet_dynamics_true_seed41.json,-0.07166668284687039,0.4577815999665327,0.38611491711966234,progressive collapse
eegnet,0.35375,seediv,0,20,0.35375,pool_2,true,0.5919553975178894,0.10138991054482056,0.69334530806271,separable_body,41,reports/seediv_eegnet_dynamics_true_seed41.json,-0.14121213611329658,0.33106444683856656,0.18985231072526998,progressive collapse
eegnet,0.35,seediv,0,20,0.325,bnorm_1,true,0.30695173900973244,0.005860419641907828,0.31281215865164025,early_filtering,42,reports/seediv_eegnet_dynamics_true_seed42.json,-0.21705604928116723,0.5265033348830555,0.3094472856018882,progressive collapse
eegnet,0.35,seediv,0,20,0.325,bnorm_2,true,0.4573592293560751,0.01222522556038576,0.46958445491646084,separable_body,42,reports/seediv_eegnet_dynamics_true_seed42.json,-0.20836753454256898,0.4112552146977796,0.2028876801552106,progressive collapse
eegnet,0.35,seediv,0,20,0.325,bnorm_temporal,true,0.016345163737890918,0.004263310772454847,0.020608474510345764,early_filtering,42,reports/seediv_eegnet_dynamics_true_seed42.json,-0.2766216986445891,0.8992002762677919,0.6225785776232028,progressive collapse
eegnet,0.35,seediv,0,20,0.325,conv_separable_depth,true,0.48222139059295677,0.011102659574319083,0.4933240501672759,separable_body,42,reports/seediv_eegnet_dynamics_true_seed42.json,-0.08627937021672266,0.43552334418138894,0.3492439739646663,progressive collapse
eegnet,0.35,seediv,0,20,0.325,conv_separable_point,true,0.3246711288469744,0.012225225539817612,0.336896354386792,separable_body,42,reports/seediv_eegnet_dynamics_true_seed42.json,-0.21241223580216007,0.41125369921679417,0.1988414634146341,progressive collapse
eegnet,0.35,seediv,0,20,0.325,conv_spatial,true,0.0067864984496563575,0.0058604195926133685,0.012646918042269726,early_filtering,42,reports/seediv_eegnet_dynamics_true_seed42.json,-0.21577631026035327,0.5265033348830555,0.3107270246227022,progressive collapse
eegnet,0.35,seediv,0,20,0.325,conv_temporal,true,0.004093491440387397,0.004263310775695531,0.008356802216082928,early_filtering,42,reports/seediv_eegnet_dynamics_true_seed42.json,-0.2209097502861025,0.8992002762677919,0.6782905259816894,progressive collapse
eegnet,0.35,seediv,0,20,0.325,elu_1,true,0.2818692537764348,0.0061324205766528726,0.28800167435308766,other,42,reports/seediv_eegnet_dynamics_true_seed42.json,-0.24138252360346174,0.549330765860811,0.30794824225734924,progressive collapse
eegnet,0.35,seediv,0,20,0.325,elu_2,true,0.44372471499589067,0.012230905325792664,0.45595562032168335,other,42,reports/seediv_eegnet_dynamics_true_seed42.json,-0.1962506593770116,0.4168543134432443,0.2206036540662327,progressive collapse
eegnet,0.35,seediv,0,20,0.325,final_layer.conv_classifier,true,0.3874848330696981,0.4592955420261719,0.84678037509587,classifier,42,reports/seediv_eegnet_dynamics_true_seed42.json,-0.1050601038909949,0.1157418214898791,0.010681717598884198,progressive collapse
eegnet,0.35,seediv,0,20,0.325,logits,true,0.3874848330696981,0.4592955420261719,0.84678037509587,classifier,42,reports/seediv_eegnet_dynamics_true_seed42.json,-0.1050601038909949,0.1157418214898791,0.010681717598884198,progressive collapse
eegnet,0.35,seediv,0,20,0.325,pool_1,true,0.34767258707930176,0.010087417603832171,0.35776000468313396,other,42,reports/seediv_eegnet_dynamics_true_seed42.json,-0.09125318512624275,0.491484648809098,0.4002314636828552,progressive collapse
eegnet,0.35,seediv,0,20,0.325,pool_2,true,0.5930741301395248,0.11337913204203781,0.7064532621815627,separable_body,42,reports/seediv_eegnet_dynamics_true_seed42.json,-0.12921508431085044,0.41108239530434154,0.2818673109934911,progressive collapse
eegnet,0.34625,seediv,0,20,0.33,bnorm_1,true,0.36275957221431804,0.005406462834890014,0.36816603504920803,early_filtering,43,reports/seediv_eegnet_dynamics_true_seed43.json,-0.07771608109536021,0.36273229729949436,0.28501621620413414,progressive collapse
eegnet,0.34625,seediv,0,20,0.33,bnorm_2,true,0.4020497165546026,0.013031884140029298,0.4150816006946319,separable_body,43,reports/seediv_eegnet_dynamics_true_seed43.json,-0.22504028905300047,0.38239274506473064,0.15735245601173017,progressive collapse
eegnet,0.34625,seediv,0,20,0.33,bnorm_temporal,true,0.032598809805219245,0.0038983775901555023,0.03649718739537475,early_filtering,43,reports/seediv_eegnet_dynamics_true_seed43.json,-0.2748661017631071,0.7781715251949073,0.5033054234318002,progressive collapse
eegnet,0.34625,seediv,0,20,0.33,conv_separable_depth,true,0.47989438510158294,0.011575490866542066,0.491469875968125,separable_body,43,reports/seediv_eegnet_dynamics_true_seed43.json,-0.09271573921750947,0.41132538132107854,0.31860964210356907,progressive collapse
eegnet,0.34625,seediv,0,20,0.33,conv_separable_point,true,0.4003673334887653,0.01303188412663419,0.4133992176153995,separable_body,43,reports/seediv_eegnet_dynamics_true_seed43.json,-0.2251483486517416,0.38239274506473064,0.15724439641298904,progressive collapse
eegnet,0.34625,seediv,0,20,0.33,conv_spatial,true,0.020295250194845176,0.005406462824155752,0.025701713019000927,early_filtering,43,reports/seediv_eegnet_dynamics_true_seed43.json,-0.04407676245177783,0.3627303034180892,0.3186535409663114,progressive collapse
eegnet,0.34625,seediv,0,20,0.33,conv_temporal,true,0.0031473999437022938,0.0038983775902705032,0.007045777533972797,early_filtering,43,reports/seediv_eegnet_dynamics_true_seed43.json,-0.08166102657177599,0.7781715251949073,0.6965104986231313,progressive collapse
eegnet,0.34625,seediv,0,20,0.33,elu_1,true,0.33683427066324906,0.005566920699178516,0.3424011913624276,other,43,reports/seediv_eegnet_dynamics_true_seed43.json,-0.10686915608204733,0.3822874469768331,0.27541829089478576,progressive collapse
eegnet,0.34625,seediv,0,20,0.33,elu_2,true,0.407518608666678,0.013028574048393768,0.42054718271507174,other,43,reports/seediv_eegnet_dynamics_true_seed43.json,-0.21879716222015588,0.38697875688434297,0.16818159466418708,progressive collapse
eegnet,0.34625,seediv,0,20,0.33,final_layer.conv_classifier,true,0.3361899616680678,0.435361233056609,0.7715511947246768,classifier,43,reports/seediv_eegnet_dynamics_true_seed43.json,-0.1778733303232959,0.1945757411844646,0.016702410861168727,progressive collapse
eegnet,0.34625,seediv,0,20,0.33,logits,true,0.3361899616680678,0.435361233056609,0.7715511947246768,classifier,43,reports/seediv_eegnet_dynamics_true_seed43.json,-0.1778733303232959,0.1945757411844646,0.016702410861168727,progressive collapse
eegnet,0.34625,seediv,0,20,0.33,pool_1,true,0.4091209558700067,0.01009458963178344,0.41921554550179013,other,43,reports/seediv_eegnet_dynamics_true_seed43.json,-0.0690627235176311,0.41162084927759096,0.34255812575995986,progressive collapse
eegnet,0.34625,seediv,0,20,0.33,pool_2,true,0.5509272635457827,0.10993160709457758,0.6608588706403603,separable_body,43,reports/seediv_eegnet_dynamics_true_seed43.json,-0.16709650597239106,0.3844115004291538,0.21731499445676272,progressive collapse
eegnet,0.31875,seediv,0,20,0.3125,bnorm_1,true,0.39160456979102476,0.0048163999264785205,0.3964209697175033,early_filtering,44,reports/seediv_eegnet_dynamics_true_seed44.json,-0.2622084547779129,0.4914067417387883,0.22919828696087544,progressive collapse
eegnet,0.31875,seediv,0,20,0.3125,bnorm_2,true,0.540008490643334,0.01203474011049557,0.5520432307538296,separable_body,44,reports/seediv_eegnet_dynamics_true_seed44.json,-0.24216376242758025,0.32327584087332806,0.08111207844574779,progressive collapse
eegnet,0.31875,seediv,0,20,0.3125,bnorm_temporal,true,0.01487982854831596,0.0034914389848021694,0.01837126753311813,early_filtering,44,reports/seediv_eegnet_dynamics_true_seed44.json,-0.16331870274457438,0.8466404653152059,0.6833217625706315,progressive collapse
eegnet,0.31875,seediv,0,20,0.3125,conv_separable_depth,true,0.5417490068242946,0.010741104988530885,0.5524901118128255,separable_body,44,reports/seediv_eegnet_dynamics_true_seed44.json,-0.08403196749159575,0.33487218144267217,0.2508402139510764,progressive collapse
eegnet,0.31875,seediv,0,20,0.3125,conv_separable_point,true,0.4442107754600696,0.012034740086488471,0.45624551554655807,separable_body,44,reports/seediv_eegnet_dynamics_true_seed44.json,-0.24092304958515126,0.32327584087332806,0.0823527912881768,progressive collapse
eegnet,0.31875,seediv,0,20,0.3125,conv_spatial,true,0.006091746543557477,0.004816399941419053,0.01090814648497653,early_filtering,44,reports/seediv_eegnet_dynamics_true_seed44.json,-0.18725057667548817,0.4914067417387883,0.3041561650633001,progressive collapse
eegnet,0.31875,seediv,0,20,0.3125,conv_temporal,true,0.0037868982075200184,0.0034914389853410934,0.007278337192861112,early_filtering,44,reports/seediv_eegnet_dynamics_true_seed44.json,-0.027434107002360264,0.8466413011408338,0.8192071941384735,progressive collapse
eegnet,0.31875,seediv,0,20,0.3125,elu_1,true,0.36655454845560487,0.004928293538044671,0.37148284199364956,other,44,reports/seediv_eegnet_dynamics_true_seed44.json,-0.30149172314212136,0.5245528976825691,0.22306117454044772,progressive collapse
eegnet,0.31875,seediv,0,20,0.3125,elu_2,true,0.5222455112358187,0.012053440840757311,0.5342989520765761,other,44,reports/seediv_eegnet_dynamics_true_seed44.json,-0.23324245851512765,0.32964624982118584,0.09640379130605821,progressive collapse
eegnet,0.31875,seediv,0,20,0.3125,final_layer.conv_classifier,true,0.3926646490075061,0.45350322024733347,0.8461678692548396,classifier,44,reports/seediv_eegnet_dynamics_true_seed44.json,-0.08204272763035547,0.10530820846148342,0.023265480831127956,progressive collapse
eegnet,0.31875,seediv,0,20,0.3125,logits,true,0.3926646490075061,0.45350322024733347,0.8461678692548396,classifier,44,reports/seediv_eegnet_dynamics_true_seed44.json,-0.08204272763035547,0.10530820846148342,0.023265480831127956,progressive collapse
eegnet,0.31875,seediv,0,20,0.3125,pool_1,true,0.4466929021517004,0.008760258641900309,0.4554531607936007,other,44,reports/seediv_eegnet_dynamics_true_seed44.json,-0.18332675378049001,0.4218887754527595,0.23856202167226948,progressive collapse
eegnet,0.31875,seediv,0,20,0.3125,pool_2,true,0.5724700910053263,0.1034580282649633,0.6759281192702896,separable_body,44,reports/seediv_eegnet_dynamics_true_seed44.json,-0.2178653395679851,0.3298403972355339,0.1119750576675488,progressive collapse
eegnet,0.34875,seediv,0,20,0.32875,bnorm_1,true,0.34334183639947596,0.004132543062486024,0.34747437946196197,early_filtering,45,reports/seediv_eegnet_dynamics_true_seed45.json,-0.39382637597453685,0.5092199346434446,0.11539355866890778,progressive collapse
eegnet,0.34875,seediv,0,20,0.32875,bnorm_2,true,0.3567473316071746,0.014395653688169375,0.37114298529534395,separable_body,45,reports/seediv_eegnet_dynamics_true_seed45.json,-0.28955690982404686,0.3606639032436878,0.07110699341964093,progressive collapse
eegnet,0.34875,seediv,0,20,0.32875,bnorm_temporal,true,0.006896472080359688,0.003149555462793738,0.010046027543153426,early_filtering,45,reports/seediv_eegnet_dynamics_true_seed45.json,-0.4707655333768896,0.8068426871927825,0.3360771538158929,progressive collapse
eegnet,0.34875,seediv,0,20,0.32875,conv_separable_depth,true,0.4422569928641576,0.012563191985756882,0.4548201848499145,separable_body,45,reports/seediv_eegnet_dynamics_true_seed45.json,-0.2606324654888777,0.3843675456870037,0.12373508019812601,progressive collapse
eegnet,0.34875,seediv,0,20,0.32875,conv_separable_point,true,0.3299257217869812,0.014395653660614323,0.34432137544759556,separable_body,45,reports/seediv_eegnet_dynamics_true_seed45.json,-0.2861899697599155,0.3606625016782332,0.07447253191831771,progressive collapse
eegnet,0.34875,seediv,0,20,0.32875,conv_spatial,true,0.0020400128694341027,0.00413254308673156,0.006172555956165663,early_filtering,45,reports/seediv_eegnet_dynamics_true_seed45.json,-0.3913808248694657,0.5092199346434446,0.11783910977397895,progressive collapse
eegnet,0.34875,seediv,0,20,0.32875,conv_temporal,true,0.0027804284809894567,0.0031495554674610834,0.00592998394845054,early_filtering,45,reports/seediv_eegnet_dynamics_true_seed45.json,-0.4112051947854584,0.8068404777018809,0.3956352829164225,progressive collapse
eegnet,0.34875,seediv,0,20,0.32875,elu_1,true,0.31301604926669807,0.004578926369937851,0.3175949756366359,other,45,reports/seediv_eegnet_dynamics_true_seed45.json,-0.42643116103998274,0.5321038373506901,0.10567267631070737,progressive collapse
eegnet,0.34875,seediv,0,20,0.32875,elu_2,true,0.338572148369877,0.01442397834143861,0.3529961267113156,other,45,reports/seediv_eegnet_dynamics_true_seed45.json,-0.29178679994277945,0.3675491068235462,0.07576230688076674,progressive collapse
eegnet,0.34875,seediv,0,20,0.32875,final_layer.conv_classifier,true,0.3508972239724898,0.4249946947787613,0.7758919187512511,classifier,45,reports/seediv_eegnet_dynamics_true_seed45.json,-0.25439673708962157,0.20457955216007434,-0.04981718492954723,progressive collapse
eegnet,0.34875,seediv,0,20,0.32875,logits,true,0.3508972239724898,0.4249946947787613,0.7758919187512511,classifier,45,reports/seediv_eegnet_dynamics_true_seed45.json,-0.25439673708962157,0.20457955216007434,-0.04981718492954723,progressive collapse
eegnet,0.34875,seediv,0,20,0.32875,pool_1,true,0.37830994477607566,0.009846710440044058,0.3881566552161197,other,45,reports/seediv_eegnet_dynamics_true_seed45.json,-0.34193545034332307,0.5223975059902725,0.1804620556469494,progressive collapse
eegnet,0.34875,seediv,0,20,0.32875,pool_2,true,0.4913608841533964,0.11655779168726374,0.6079186758406602,separable_body,45,reports/seediv_eegnet_dynamics_true_seed45.json,-0.2682452591674948,0.3915710562313672,0.12332579706387238,progressive collapse
eegnet,0.3275,seediv,0,20,0.3175,bnorm_1,true,0.3600092351810623,0.0055235362306075945,0.3655327714116699,early_filtering,46,reports/seediv_eegnet_dynamics_true_seed46.json,-0.13937816277447967,0.5105601687111079,0.3711820059366282,progressive collapse
eegnet,0.3275,seediv,0,20,0.3175,bnorm_2,true,0.46286812182003206,0.01610453614521701,0.47897265796524907,separable_body,46,reports/seediv_eegnet_dynamics_true_seed46.json,-0.14287236919748228,0.30088535333667116,0.15801298413918888,progressive collapse
eegnet,0.3275,seediv,0,20,0.3175,bnorm_temporal,true,0.008661490742056285,0.005418707543957668,0.014080198286013952,early_filtering,46,reports/seediv_eegnet_dynamics_true_seed46.json,-0.17426008068442211,0.8140519410663689,0.6397918603819468,progressive collapse
eegnet,0.3275,seediv,0,20,0.3175,conv_separable_depth,true,0.5649315812911416,0.01428268622738531,0.5792142675185269,separable_body,46,reports/seediv_eegnet_dynamics_true_seed46.json,-0.10978922287390028,0.35546569898433583,0.24567647611043555,progressive collapse
eegnet,0.3275,seediv,0,20,0.3175,conv_separable_point,true,0.4411539062021772,0.01610453613621728,0.45725844233839447,separable_body,46,reports/seediv_eegnet_dynamics_true_seed46.json,-0.1394172113046277,0.30088535333667116,0.16146814203204346,progressive collapse
eegnet,0.3275,seediv,0,20,0.3175,conv_spatial,true,0.0027428970909016363,0.005523536272948106,0.008266433363849742,early_filtering,46,reports/seediv_eegnet_dynamics_true_seed46.json,-0.16370080376940133,0.5105601687111079,0.34685936494170655,progressive collapse
eegnet,0.3275,seediv,0,20,0.3175,conv_temporal,true,0.0012637698877754257,0.005418707550598414,0.00668247743837384,early_filtering,46,reports/seediv_eegnet_dynamics_true_seed46.json,-0.03312220053421322,0.8140502032167825,0.7809280026825692,progressive collapse
eegnet,0.3275,seediv,0,20,0.3175,elu_1,true,0.33927713552232125,0.006034670363500414,0.34531180588582167,other,46,reports/seediv_eegnet_dynamics_true_seed46.json,-0.18831587288105284,0.5432835745833631,0.35496770170231023,progressive collapse
eegnet,0.3275,seediv,0,20,0.3175,elu_2,true,0.44001373612401745,0.016114191056411473,0.45612792718042894,other,46,reports/seediv_eegnet_dynamics_true_seed46.json,-0.14165349402760888,0.30497411665832197,0.1633206226307131,progressive collapse
eegnet,0.3275,seediv,0,20,0.3175,final_layer.conv_classifier,true,0.4821374241125453,0.4207554355408248,0.9028928596533701,classifier,46,reports/seediv_eegnet_dynamics_true_seed46.json,-0.17167261596094696,0.14009424620914096,-0.031578369751806015,progressive collapse
eegnet,0.3275,seediv,0,20,0.3175,logits,true,0.4821374241125453,0.4207554355408248,0.9028928596533701,classifier,46,reports/seediv_eegnet_dynamics_true_seed46.json,-0.17167261596094696,0.14009424620914096,-0.031578369751806015,progressive collapse
eegnet,0.3275,seediv,0,20,0.3175,pool_1,true,0.4148049875021168,0.011531065904144024,0.42633605340626085,other,46,reports/seediv_eegnet_dynamics_true_seed46.json,-0.09563340426292827,0.5008212373041985,0.4051878330412702,progressive collapse
eegnet,0.3275,seediv,0,20,0.3175,pool_2,true,0.6598258272546031,0.08208642190095822,0.7419122491555614,separable_body,46,reports/seediv_eegnet_dynamics_true_seed46.json,-0.025900356156338455,0.31270307694370925,0.2868027207873708,progressive collapse
eegnet,0.30625,seediv,0,20,0.27,bnorm_1,shuffled,0.12350264169152617,0.007191129239110003,0.13069377093063617,early_filtering,41,reports/seediv_eegnet_dynamics_shuffled_seed41.json,-0.24567213986839276,0.5019517336027465,0.2562795937343537,progressive collapse
eegnet,0.30625,seediv,0,20,0.27,bnorm_2,shuffled,0.31140217651345437,0.017823535478782328,0.3292257119922367,separable_body,41,reports/seediv_eegnet_dynamics_shuffled_seed41.json,-0.18062736338095586,0.2944412506258493,0.11381388724489343,progressive collapse
eegnet,0.30625,seediv,0,20,0.27,bnorm_temporal,shuffled,0.01900188468961809,0.005207018653682627,0.024208903343300715,early_filtering,41,reports/seediv_eegnet_dynamics_shuffled_seed41.json,-0.39773251421572126,0.8680739038695371,0.47034138965381583,progressive collapse
eegnet,0.30625,seediv,0,20,0.27,conv_separable_depth,shuffled,0.11578113851188504,0.014745044199557722,0.13052618271144276,separable_body,41,reports/seediv_eegnet_dynamics_shuffled_seed41.json,-0.1803645460803948,0.3453517608718975,0.16498721479150272,progressive collapse
eegnet,0.30625,seediv,0,20,0.27,conv_separable_point,shuffled,0.12446801533833411,0.017823535512399107,0.14229155085073322,separable_body,41,reports/seediv_eegnet_dynamics_shuffled_seed41.json,-0.17806714246119731,0.2944412506258493,0.116374108164652,progressive collapse
eegnet,0.30625,seediv,0,20,0.27,conv_spatial,shuffled,0.016015168899634818,0.0071911292458164905,0.023206298145451307,early_filtering,41,reports/seediv_eegnet_dynamics_shuffled_seed41.json,-0.15632611892926107,0.5019517336027465,0.3456256146734854,progressive collapse
eegnet,0.30625,seediv,0,20,0.27,conv_temporal,shuffled,0.005671176715235965,0.005207018657030199,0.010878195372266164,early_filtering,41,reports/seediv_eegnet_dynamics_shuffled_seed41.json,-0.3801852961161576,0.8680739038695371,0.4878886077533795,progressive collapse
eegnet,0.30625,seediv,0,20,0.27,elu_1,shuffled,0.10224812362005554,0.007141653680422672,0.10938977730047822,other,41,reports/seediv_eegnet_dynamics_shuffled_seed41.json,-0.2522116916679124,0.526952545326449,0.27474085365853657,progressive collapse
eegnet,0.30625,seediv,0,20,0.27,elu_2,shuffled,0.2677914244588267,0.017834232836223016,0.28562565729504974,other,41,reports/seediv_eegnet_dynamics_shuffled_seed41.json,-0.1892569715149131,0.2994642058865603,0.11020723437164721,progressive collapse
eegnet,0.30625,seediv,0,20,0.27,final_layer.conv_classifier,shuffled,0.2563612319989846,0.4480958247927515,0.7044570567917361,classifier,41,reports/seediv_eegnet_dynamics_shuffled_seed41.json,-0.0548297242686503,0.09766436369000785,0.04283463942135755,progressive collapse
eegnet,0.30625,seediv,0,20,0.27,logits,shuffled,0.2563612319989846,0.4480958247927515,0.7044570567917361,classifier,41,reports/seediv_eegnet_dynamics_shuffled_seed41.json,-0.0548297242686503,0.09766436369000785,0.04283463942135755,progressive collapse
eegnet,0.30625,seediv,0,20,0.27,pool_1,shuffled,0.1468319508980463,0.011016386741133156,0.15784833763917944,other,41,reports/seediv_eegnet_dynamics_shuffled_seed41.json,-0.191828599018818,0.4577815999665327,0.26595300094771473,progressive collapse
eegnet,0.30625,seediv,0,20,0.27,pool_2,shuffled,0.41021080595289355,0.10138991054482056,0.5116007164977141,separable_body,41,reports/seediv_eegnet_dynamics_shuffled_seed41.json,-0.16489551668335595,0.33106444683856656,0.16616893015521061,progressive collapse
eegnet,0.2875,seediv,0,20,0.25875,bnorm_1,shuffled,0.161739902587437,0.005860419641907828,0.16760032222934484,early_filtering,42,reports/seediv_eegnet_dynamics_shuffled_seed42.json,-0.20140062853157847,0.5265033348830555,0.325102706351477,progressive collapse
eegnet,0.2875,seediv,0,20,0.25875,bnorm_2,shuffled,0.331405831882928,0.01222522556038576,0.34363105744331374,separable_body,42,reports/seediv_eegnet_dynamics_shuffled_seed42.json,-0.18704776351403027,0.4112552146977796,0.22420745118374932,progressive collapse
eegnet,0.2875,seediv,0,20,0.25875,bnorm_temporal,shuffled,0.01323022519735683,0.004263310772454847,0.017493535969811676,early_filtering,42,reports/seediv_eegnet_dynamics_shuffled_seed42.json,-0.3743700490844717,0.8992002762677919,0.5248302271833202,progressive collapse
eegnet,0.2875,seediv,0,20,0.25875,conv_separable_depth,shuffled,0.16961173964650356,0.011102659574319083,0.18071439922082264,separable_body,42,reports/seediv_eegnet_dynamics_shuffled_seed42.json,-0.14445306353265142,0.43552334418138894,0.2910702806487375,progressive collapse
eegnet,0.2875,seediv,0,20,0.25875,conv_separable_point,shuffled,0.14533466307866744,0.012225225539817612,0.15755988861848505,separable_body,42,reports/seediv_eegnet_dynamics_shuffled_seed42.json,-0.17540789732494097,0.41125369921679417,0.2358458018918532,progressive collapse
eegnet,0.2875,seediv,0,20,0.25875,conv_spatial,shuffled,0.013688932788557083,0.0058604195926133685,0.019549352381170452,early_filtering,42,reports/seediv_eegnet_dynamics_shuffled_seed42.json,-0.13749834596953003,0.5265033348830555,0.3890049889135254,progressive collapse
eegnet,0.2875,seediv,0,20,0.25875,conv_temporal,shuffled,0.003140584318553785,0.004263310775695531,0.0074038950942493156,early_filtering,42,reports/seediv_eegnet_dynamics_shuffled_seed42.json,-0.25666969905586146,0.8992002762677919,0.6425305772119304,progressive collapse
eegnet,0.2875,seediv,0,20,0.25875,elu_1,shuffled,0.15363093362771713,0.0061324205766528726,0.15976335420437,other,42,reports/seediv_eegnet_dynamics_shuffled_seed42.json,-0.21750534114427206,0.549330765860811,0.3318254247165389,progressive collapse
eegnet,0.2875,seediv,0,20,0.25875,elu_2,shuffled,0.30269958252694784,0.012230905325792664,0.3149304878527405,other,42,reports/seediv_eegnet_dynamics_shuffled_seed42.json,-0.1862788002467634,0.4168543134432443,0.2305755131964809,progressive collapse
eegnet,0.2875,seediv,0,20,0.25875,final_layer.conv_classifier,shuffled,0.30809304516701813,0.4592955420261719,0.76738858719319,classifier,42,reports/seediv_eegnet_dynamics_shuffled_seed42.json,-0.07412924236463772,0.1157418214898791,0.04161257912524139,progressive collapse
eegnet,0.2875,seediv,0,20,0.25875,logits,shuffled,0.30809304516701813,0.4592955420261719,0.76738858719319,classifier,42,reports/seediv_eegnet_dynamics_shuffled_seed42.json,-0.07412924236463772,0.1157418214898791,0.04161257912524139,progressive collapse
eegnet,0.2875,seediv,0,20,0.25875,pool_1,shuffled,0.2077798718855076,0.010087417603832171,0.21786728948933975,other,42,reports/seediv_eegnet_dynamics_shuffled_seed42.json,-0.14518313917101777,0.491484648809098,0.3463015096380802,progressive collapse
eegnet,0.2875,seediv,0,20,0.25875,pool_2,shuffled,0.4989573137633831,0.11337913204203781,0.6123364458054209,separable_body,42,reports/seediv_eegnet_dynamics_shuffled_seed42.json,-0.13787396734854446,0.41108239530434154,0.2732084279557971,progressive collapse
eegnet,0.28125,seediv,0,20,0.255,bnorm_1,shuffled,0.10052870447632573,0.005406462834890014,0.10593516731121574,early_filtering,43,reports/seediv_eegnet_dynamics_shuffled_seed43.json,-0.1705287487335835,0.36273229729949436,0.19220354856591085,progressive collapse
eegnet,0.28125,seediv,0,20,0.255,bnorm_2,shuffled,0.24882448088541206,0.013031884140029298,0.26185636502544135,separable_body,43,reports/seediv_eegnet_dynamics_shuffled_seed43.json,-0.30846131580359054,0.38239274506473064,0.0739314292611401,progressive collapse
eegnet,0.28125,seediv,0,20,0.255,bnorm_temporal,shuffled,0.01126131328781733,0.0038983775901555023,0.015159690877972832,early_filtering,43,reports/seediv_eegnet_dynamics_shuffled_seed43.json,-0.4481147284426833,0.7781715251949073,0.330056796752224,progressive collapse
eegnet,0.28125,seediv,0,20,0.255,conv_separable_depth,shuffled,0.10831648306796508,0.011575490866542066,0.11989197393450715,separable_body,43,reports/seediv_eegnet_dynamics_shuffled_seed43.json,-0.2897400378191831,0.41132538132107854,0.12158534350189541,progressive collapse
eegnet,0.28125,seediv,0,20,0.255,conv_separable_point,shuffled,0.10827305150823005,0.01303188412663419,0.12130493563486425,separable_body,43,reports/seediv_eegnet_dynamics_shuffled_seed43.json,-0.3104170056684071,0.38239274506473064,0.07197573939632357,progressive collapse
eegnet,0.28125,seediv,0,20,0.255,conv_spatial,shuffled,0.007618444028023069,0.005406462824155752,0.013024906852178822,early_filtering,43,reports/seediv_eegnet_dynamics_shuffled_seed43.json,-0.13638616896776382,0.3627303034180892,0.2263441344503254,progressive collapse
eegnet,0.28125,seediv,0,20,0.255,conv_temporal,shuffled,0.00655560092438021,0.0038983775902705032,0.010453978514650714,early_filtering,43,reports/seediv_eegnet_dynamics_shuffled_seed43.json,-0.41540380593873005,0.7781715251949073,0.36276771925617723,progressive collapse
eegnet,0.28125,seediv,0,20,0.255,elu_1,shuffled,0.08807686786253247,0.005566920699178516,0.09364378856171097,other,43,reports/seediv_eegnet_dynamics_shuffled_seed43.json,-0.18329258285600933,0.3822874469768331,0.19899486412082376,progressive collapse
eegnet,0.28125,seediv,0,20,0.255,elu_2,shuffled,0.20893670352617427,0.013028574048393768,0.22196527757456805,other,43,reports/seediv_eegnet_dynamics_shuffled_seed43.json,-0.3038904808311279,0.38697875688434297,0.08308827605321506,progressive collapse
eegnet,0.28125,seediv,0,20,0.255,final_layer.conv_classifier,shuffled,0.19680486017400667,0.435361233056609,0.6321660932306157,classifier,43,reports/seediv_eegnet_dynamics_shuffled_seed43.json,-0.1550323541770975,0.1945757411844646,0.039543387007367134,progressive collapse
eegnet,0.28125,seediv,0,20,0.255,logits,shuffled,0.19680486017400667,0.435361233056609,0.6321660932306157,classifier,43,reports/seediv_eegnet_dynamics_shuffled_seed43.json,-0.1550323541770975,0.1945757411844646,0.039543387007367134,progressive collapse
eegnet,0.28125,seediv,0,20,0.255,pool_1,shuffled,0.13212984782019524,0.01009458963178344,0.14222443745197869,other,43,reports/seediv_eegnet_dynamics_shuffled_seed43.json,-0.18448365192046348,0.41162084927759096,0.22713719735712748,progressive collapse
eegnet,0.28125,seediv,0,20,0.255,pool_2,shuffled,0.3959833380862523,0.10993160709457758,0.5059149451808299,separable_body,43,reports/seediv_eegnet_dynamics_shuffled_seed43.json,-0.2096824647771723,0.3844115004291538,0.17472903565198147,progressive collapse
eegnet,0.2475,seediv,0,20,0.2225,bnorm_1,shuffled,0.17564184188534415,0.0048163999264785205,0.18045824181182268,early_filtering,44,reports/seediv_eegnet_dynamics_shuffled_seed44.json,-0.2284862268435734,0.4914067417387883,0.2629205148952149,progressive collapse
eegnet,0.2475,seediv,0,20,0.2225,bnorm_2,shuffled,0.39457363529485445,0.01203474011049557,0.40660837540535,separable_body,44,reports/seediv_eegnet_dynamics_shuffled_seed44.json,-0.18824642595307917,0.32327584087332806,0.1350294149202489,progressive collapse
eegnet,0.2475,seediv,0,20,0.2225,bnorm_temporal,shuffled,0.04206649362209714,0.0034914389848021694,0.04555793260689931,early_filtering,44,reports/seediv_eegnet_dynamics_shuffled_seed44.json,-0.39852768055374393,0.8466404653152059,0.44811278476146194,progressive collapse
eegnet,0.2475,seediv,0,20,0.2225,conv_separable_depth,shuffled,0.1720140255653405,0.010741104988530885,0.1827551305538714,separable_body,44,reports/seediv_eegnet_dynamics_shuffled_seed44.json,-0.1925976548530148,0.33487218144267217,0.14227452658965736,progressive collapse
eegnet,0.2475,seediv,0,20,0.2225,conv_separable_point,shuffled,0.1541866993984443,0.012034740086488471,0.16622143948493276,separable_body,44,reports/seediv_eegnet_dynamics_shuffled_seed44.json,-0.19846399801516343,0.32327584087332806,0.12481184285816463,progressive collapse
eegnet,0.2475,seediv,0,20,0.2225,conv_spatial,shuffled,0.03222237330762314,0.004816399941419053,0.037038773249042194,early_filtering,44,reports/seediv_eegnet_dynamics_shuffled_seed44.json,-0.1945223587567379,0.4914067417387883,0.2968843829820504,progressive collapse
eegnet,0.2475,seediv,0,20,0.2225,conv_temporal,shuffled,0.006336263199443573,0.0034914389853410934,0.009827702184784666,early_filtering,44,reports/seediv_eegnet_dynamics_shuffled_seed44.json,-0.27018225627637504,0.8466413011408338,0.5764590448644588,progressive collapse
eegnet,0.2475,seediv,0,20,0.2225,elu_1,shuffled,0.15629560543908516,0.004928293538044671,0.16122389897712983,other,44,reports/seediv_eegnet_dynamics_shuffled_seed44.json,-0.27124240040054354,0.5245528976825691,0.25331049728202554,progressive collapse
eegnet,0.2475,seediv,0,20,0.2225,elu_2,shuffled,0.365258757672253,0.012053440840757311,0.37731219851301034,other,44,reports/seediv_eegnet_dynamics_shuffled_seed44.json,-0.19347981188756166,0.32964624982118584,0.13616643793362418,progressive collapse
eegnet,0.2475,seediv,0,20,0.2225,final_layer.conv_classifier,shuffled,0.21069583293427174,0.45350322024733347,0.6641990531816052,classifier,44,reports/seediv_eegnet_dynamics_shuffled_seed44.json,-0.12023921974465343,0.10530820846148342,-0.014931011283170014,progressive collapse
eegnet,0.2475,seediv,0,20,0.2225,logits,shuffled,0.21069583293427174,0.45350322024733347,0.6641990531816052,classifier,44,reports/seediv_eegnet_dynamics_shuffled_seed44.json,-0.12023921974465343,0.10530820846148342,-0.014931011283170014,progressive collapse
eegnet,0.2475,seediv,0,20,0.2225,pool_1,shuffled,0.21483751722075947,0.008760258641900309,0.22359777586265978,other,44,reports/seediv_eegnet_dynamics_shuffled_seed44.json,-0.1683345098422882,0.4218887754527595,0.2535542656104713,progressive collapse
eegnet,0.2475,seediv,0,20,0.2225,pool_2,shuffled,0.48859221238633865,0.1034580282649633,0.592050240651302,separable_body,44,reports/seediv_eegnet_dynamics_shuffled_seed44.json,-0.13637037542021313,0.3298403972355339,0.19347002181532075,progressive collapse
eegnet,0.2575,seediv,0,20,0.23,bnorm_1,shuffled,0.11573080535188458,0.004132543062486024,0.1198633484143706,early_filtering,45,reports/seediv_eegnet_dynamics_shuffled_seed45.json,-0.3664119325367686,0.5092199346434446,0.14280800210667602,progressive collapse
eegnet,0.2575,seediv,0,20,0.23,bnorm_2,shuffled,0.25882033042564156,0.014395653688169375,0.27321598411381093,separable_body,45,reports/seediv_eegnet_dynamics_shuffled_seed45.json,-0.29226811163364563,0.3606639032436878,0.0683957916100422,progressive collapse
eegnet,0.2575,seediv,0,20,0.23,bnorm_temporal,shuffled,0.017080347835105997,0.003149555462793738,0.020229903297899737,early_filtering,45,reports/seediv_eegnet_dynamics_shuffled_seed45.json,-0.5060105087005431,0.8068426871927825,0.3008321784922394,progressive collapse
eegnet,0.2575,seediv,0,20,0.23,conv_separable_depth,shuffled,0.08217792578855604,0.012563191985756882,0.09474111777431292,separable_body,45,reports/seediv_eegnet_dynamics_shuffled_seed45.json,-0.31556041458050205,0.3843675456870037,0.06880713110650168,progressive collapse
eegnet,0.2575,seediv,0,20,0.23,conv_separable_point,shuffled,0.09927666963146986,0.014395653660614323,0.11367232329208418,separable_body,45,reports/seediv_eegnet_dynamics_shuffled_seed45.json,-0.2897524719950918,0.3606625016782332,0.07091002968314139,progressive collapse
eegnet,0.2575,seediv,0,20,0.23,conv_spatial,shuffled,0.014113327821411626,0.00413254308673156,0.018245870908143186,early_filtering,45,reports/seediv_eegnet_dynamics_shuffled_seed45.json,-0.387820032544167,0.5092199346434446,0.12139990209927758,progressive collapse
eegnet,0.2575,seediv,0,20,0.23,conv_temporal,shuffled,0.00521267266664434,0.0031495554674610834,0.008362228134105424,early_filtering,45,reports/seediv_eegnet_dynamics_shuffled_seed45.json,-0.48224853148916375,0.8068404777018809,0.3245919462127172,progressive collapse
eegnet,0.2575,seediv,0,20,0.23,elu_1,shuffled,0.10102487756628581,0.004578926369937851,0.10560380393622366,other,45,reports/seediv_eegnet_dynamics_shuffled_seed45.json,-0.3856956986267076,0.5321038373506901,0.14640813872398253,progressive collapse
eegnet,0.2575,seediv,0,20,0.23,elu_2,shuffled,0.2533927171178095,0.01442397834143861,0.2678166954592481,other,45,reports/seediv_eegnet_dynamics_shuffled_seed45.json,-0.2886336702489092,0.3675491068235462,0.078915436574637,progressive collapse
eegnet,0.2575,seediv,0,20,0.23,final_layer.conv_classifier,shuffled,0.06253081462623805,0.4249946947787613,0.48752550940499934,classifier,45,reports/seediv_eegnet_dynamics_shuffled_seed45.json,-0.19498231975538227,0.20457955216007434,0.009597232404692081,progressive collapse
eegnet,0.2575,seediv,0,20,0.23,logits,shuffled,0.06253081462623805,0.4249946947787613,0.48752550940499934,classifier,45,reports/seediv_eegnet_dynamics_shuffled_seed45.json,-0.19498231975538227,0.20457955216007434,0.009597232404692081,progressive collapse
eegnet,0.2575,seediv,0,20,0.23,pool_1,shuffled,0.14178920977488374,0.009846710440044058,0.1516359202149278,other,45,reports/seediv_eegnet_dynamics_shuffled_seed45.json,-0.33120325128746153,0.5223975059902725,0.19119425470281093,progressive collapse
eegnet,0.2575,seediv,0,20,0.23,pool_2,shuffled,0.43935828207829686,0.11655779168726374,0.5559160737655606,separable_body,45,reports/seediv_eegnet_dynamics_shuffled_seed45.json,-0.22156099793796902,0.3915710562313672,0.17001005829339816,progressive collapse
eegnet,0.25625,seediv,0,20,0.24375,bnorm_1,shuffled,0.13688235130824658,0.0055235362306075945,0.14240588753885416,early_filtering,46,reports/seediv_eegnet_dynamics_shuffled_seed46.json,-0.2983010871897575,0.5105601687111079,0.21225908152135037,progressive collapse
eegnet,0.25625,seediv,0,20,0.24375,bnorm_2,shuffled,0.2795878327991221,0.01610453614521701,0.2956923689443391,separable_body,46,reports/seediv_eegnet_dynamics_shuffled_seed46.json,-0.3035507340319004,0.30088535333667116,-0.0026653806952292394,progressive collapse
eegnet,0.25625,seediv,0,20,0.24375,bnorm_temporal,shuffled,0.006803555430190394,0.005418707543957668,0.012222262974148062,early_filtering,46,reports/seediv_eegnet_dynamics_shuffled_seed46.json,-0.14035764536569062,0.8140519410663689,0.6736942957006783,progressive collapse
eegnet,0.25625,seediv,0,20,0.24375,conv_separable_depth,shuffled,0.0911161012726477,0.01428268622738531,0.10539878750003301,separable_body,46,reports/seediv_eegnet_dynamics_shuffled_seed46.json,-0.29297098517631065,0.35546569898433583,0.06249471380802517,progressive collapse
eegnet,0.25625,seediv,0,20,0.24375,conv_separable_point,shuffled,0.07150520340213871,0.01610453613621728,0.08760973953835599,separable_body,46,reports/seediv_eegnet_dynamics_shuffled_seed46.json,-0.30364253272298114,0.30088535333667116,-0.0027571793863099916,progressive collapse
eegnet,0.25625,seediv,0,20,0.24375,conv_spatial,shuffled,0.005965132985451252,0.005523536272948106,0.011488669258399357,early_filtering,46,reports/seediv_eegnet_dynamics_shuffled_seed46.json,-0.2798535400722409,0.5105601687111079,0.23070662863886698,progressive collapse
eegnet,0.25625,seediv,0,20,0.24375,conv_temporal,shuffled,0.00037109107749431006,0.005418707550598414,0.005789798628092724,early_filtering,46,reports/seediv_eegnet_dynamics_shuffled_seed46.json,-0.05509794211242669,0.8140502032167825,0.7589522611043558,progressive collapse
eegnet,0.25625,seediv,0,20,0.24375,elu_1,shuffled,0.12302865143518435,0.006034670363500414,0.12906332179868477,other,46,reports/seediv_eegnet_dynamics_shuffled_seed46.json,-0.3358792066018167,0.5432835745833631,0.20740436798154635,progressive collapse
eegnet,0.25625,seediv,0,20,0.24375,elu_2,shuffled,0.2437354364383354,0.016114191056411473,0.2598496274947469,other,46,reports/seediv_eegnet_dynamics_shuffled_seed46.json,-0.29626488627422926,0.30497411665832197,0.008709230384092695,progressive collapse
eegnet,0.25625,seediv,0,20,0.24375,final_layer.conv_classifier,shuffled,0.25250251369950455,0.4207554355408248,0.6732579492403293,classifier,46,reports/seediv_eegnet_dynamics_shuffled_seed46.json,-0.10282634691724482,0.14009424620914096,0.03726789929189614,progressive collapse
eegnet,0.25625,seediv,0,20,0.24375,logits,shuffled,0.25250251369950455,0.4207554355408248,0.6732579492403293,classifier,46,reports/seediv_eegnet_dynamics_shuffled_seed46.json,-0.10282634691724482,0.14009424620914096,0.03726789929189614,progressive collapse
eegnet,0.25625,seediv,0,20,0.24375,pool_1,shuffled,0.16999274391098287,0.011531065904144024,0.1815238098151269,other,46,reports/seediv_eegnet_dynamics_shuffled_seed46.json,-0.27691466320363345,0.5008212373041985,0.22390657410056503,progressive collapse
eegnet,0.25625,seediv,0,20,0.24375,pool_2,shuffled,0.4849638620442989,0.08208642190095822,0.5670502839452571,separable_body,46,reports/seediv_eegnet_dynamics_shuffled_seed46.json,-0.18584588012302405,0.31270307694370925,0.1268571968206852,progressive collapse
shallowconvnet,0.37875,seediv,0,20,0.37875,bnorm,true,0.0248078898904643,0.009416691884141536,0.034224581774605835,linear_filtering,41,reports/seediv_shallowconvnet_dynamics_true_seed41.json,-0.6112210656426578,0.8243857959015806,0.2131647302589228,nonlinear-induced distortion
shallowconvnet,0.37875,seediv,0,20,0.37875,conv_nonlin_exp,true,0.001472054416763735,0.27392762145471294,0.2753996758714767,linear_filtering,41,reports/seediv_shallowconvnet_dynamics_true_seed41.json,0.01474688863457549,-0.02313029736785637,-0.00838340873328088,nonlinear-induced distortion
shallowconvnet,0.37875,seediv,0,20,0.37875,conv_time_spat,true,0.2071768677020209,0.009416691872236788,0.2165935595742577,linear_filtering,41,reports/seediv_shallowconvnet_dynamics_true_seed41.json,-0.6039212368571631,0.8243857959015806,0.2204645590444174,nonlinear-induced distortion
shallowconvnet,0.37875,seediv,0,20,0.37875,final_layer.conv_classifier,true,-0.3323270061731548,0.9852431396819885,0.6529161335088337,linear_filtering,41,reports/seediv_shallowconvnet_dynamics_true_seed41.json,-0.03439717294900221,0.00017828883842357481,-0.034218884110578635,nonlinear-induced distortion
shallowconvnet,0.37875,seediv,0,20,0.37875,logits,true,-0.3323270061731548,0.9852431396819885,0.6529161335088337,log_power,41,reports/seediv_shallowconvnet_dynamics_true_seed41.json,-0.03439717294900221,0.00017828883842357481,-0.034218884110578635,nonlinear-induced distortion
shallowconvnet,0.37875,seediv,0,20,0.37875,pool,true,0.008893106587071653,0.579137660634166,0.5880307672212377,pooling,41,reports/seediv_shallowconvnet_dynamics_true_seed41.json,-0.0007393404441742336,-0.027102786817824187,-0.02784212726199842,nonlinear-induced distortion
shallowconvnet,0.37875,seediv,0,20,0.37875,pool_nonlin_exp,true,-0.128034141644504,0.979953600585149,0.851919458940645,pooling,41,reports/seediv_shallowconvnet_dynamics_true_seed41.json,-0.007598448340605107,-0.023194100475645515,-0.030792548816250622,nonlinear-induced distortion
shallowconvnet,0.3425,seediv,0,20,0.3425,bnorm,true,0.028945815568431482,0.010452578871859429,0.03939839444029091,linear_filtering,42,reports/seediv_shallowconvnet_dynamics_true_seed42.json,-0.5136116090587224,0.7926579152063513,0.2790463061476289,nonlinear-induced distortion
shallowconvnet,0.3425,seediv,0,20,0.3425,conv_nonlin_exp,true,-0.0059683120496180075,0.27682413979503373,0.2708558277454157,linear_filtering,42,reports/seediv_shallowconvnet_dynamics_true_seed42.json,-0.018991013541422696,-0.005268332916100421,-0.024259346457523118,nonlinear-induced distortion
shallowconvnet,0.3425,seediv,0,20,0.3425,conv_time_spat,true,0.2643540722161941,0.010452578887201497,0.27480665110339564,linear_filtering,42,reports/seediv_shallowconvnet_dynamics_true_seed42.json,-0.49695960142336015,0.7926579152063513,0.29569831378299116,nonlinear-induced distortion
shallowconvnet,0.3425,seediv,0,20,0.3425,final_layer.conv_classifier,true,-0.30581003038972787,0.9733536940036284,0.6675436636139005,linear_filtering,42,reports/seediv_shallowconvnet_dynamics_true_seed42.json,0.00543585938058794,-0.00369442234103426,0.0017414370395536798,nonlinear-induced distortion
shallowconvnet,0.3425,seediv,0,20,0.3425,logits,true,-0.30581003038972787,0.9733536940036284,0.6675436636139005,log_power,42,reports/seediv_shallowconvnet_dynamics_true_seed42.json,0.00543585938058794,-0.00369442234103426,0.0017414370395536798,nonlinear-induced distortion
shallowconvnet,0.3425,seediv,0,20,0.3425,pool,true,-0.02369263304154723,0.5927112431539606,0.5690186101124134,pooling,42,reports/seediv_shallowconvnet_dynamics_true_seed42.json,-0.033968443860790856,0.005354890118732565,-0.02861355374205829,nonlinear-induced distortion
shallowconvnet,0.3425,seediv,0,20,0.3425,pool_nonlin_exp,true,-0.1118859642579274,0.9830934239206569,0.8712074596627295,pooling,42,reports/seediv_shallowconvnet_dynamics_true_seed42.json,0.006155183820899791,-0.023887664508976465,-0.017732480688076674,nonlinear-induced distortion
shallowconvnet,0.34,seediv,0,20,0.32375,bnorm,true,0.025106054562597294,0.0108556882348597,0.035961742797456994,linear_filtering,43,reports/seediv_shallowconvnet_dynamics_true_seed43.json,-0.2971930448906444,0.5917721053119304,0.29457906042128595,nonlinear-induced distortion
shallowconvnet,0.34,seediv,0,20,0.32375,conv_nonlin_exp,true,-0.017422729571589024,0.28350624098031013,0.2660835114087211,linear_filtering,43,reports/seediv_shallowconvnet_dynamics_true_seed43.json,-0.04240501618267648,0.04189763116014591,-0.0005073850225305771,nonlinear-induced distortion
shallowconvnet,0.34,seediv,0,20,0.32375,conv_time_spat,true,0.11304487398948597,0.01085568823193515,0.12390056222142112,linear_filtering,43,reports/seediv_shallowconvnet_dynamics_true_seed43.json,-0.2904990925184178,0.59177011435162,0.30127102183320215,nonlinear-induced distortion
shallowconvnet,0.34,seediv,0,20,0.32375,final_layer.conv_classifier,true,-0.5052431162615567,0.9717278163455045,0.4664847000839479,linear_filtering,43,reports/seediv_shallowconvnet_dynamics_true_seed43.json,-0.0240964858558043,0.0002445394642729418,-0.02385194639153136,nonlinear-induced distortion
shallowconvnet,0.34,seediv,0,20,0.32375,logits,true,-0.5052431162615567,0.9717278163455045,0.4664847000839479,log_power,43,reports/seediv_shallowconvnet_dynamics_true_seed43.json,-0.0240964858558043,0.0002445394642729418,-0.02385194639153136,nonlinear-induced distortion
shallowconvnet,0.34,seediv,0,20,0.32375,pool,true,-0.03173013937614344,0.608082762685805,0.5763526233096615,pooling,43,reports/seediv_shallowconvnet_dynamics_true_seed43.json,0.003030407338530862,0.020812341302481937,0.0238427486410128,nonlinear-induced distortion
shallowconvnet,0.34,seediv,0,20,0.32375,pool_nonlin_exp,true,-0.1157972796971416,0.983404717984057,0.8676074382869154,pooling,43,reports/seediv_shallowconvnet_dynamics_true_seed43.json,-0.004396122416136183,0.020385232637150415,0.015989110221014232,nonlinear-induced distortion
shallowconvnet,0.35875,seediv,0,20,0.34875,bnorm,true,0.02207673715382024,0.008333215256142062,0.0304099524099623,linear_filtering,44,reports/seediv_shallowconvnet_dynamics_true_seed44.json,-0.381972394267543,0.7329156610224246,0.3509432667548816,nonlinear-induced distortion
shallowconvnet,0.35875,seediv,0,20,0.34875,conv_nonlin_exp,true,-0.0016681581975737103,0.2808404376976971,0.2791722795001234,linear_filtering,44,reports/seediv_shallowconvnet_dynamics_true_seed44.json,0.0429796911880409,-0.034631899989271145,0.008347791198769758,nonlinear-induced distortion
shallowconvnet,0.35875,seediv,0,20,0.34875,conv_time_spat,true,0.11238459998151121,0.008333215251143862,0.12071781523265507,linear_filtering,44,reports/seediv_shallowconvnet_dynamics_true_seed44.json,-0.3671204558865603,0.732919307900007,0.36579885201344675,nonlinear-induced distortion
shallowconvnet,0.35875,seediv,0,20,0.34875,final_layer.conv_classifier,true,-0.5207054797782056,0.968196361943039,0.4474908821648335,linear_filtering,44,reports/seediv_shallowconvnet_dynamics_true_seed44.json,0.003312665403046991,-0.04611926453758672,-0.04280659913453973,nonlinear-induced distortion
shallowconvnet,0.35875,seediv,0,20,0.34875,logits,true,-0.5207054797782056,0.968196361943039,0.4474908821648335,log_power,44,reports/seediv_shallowconvnet_dynamics_true_seed44.json,0.003312665403046991,-0.04611926453758672,-0.04280659913453973,nonlinear-induced distortion
shallowconvnet,0.35875,seediv,0,20,0.34875,pool,true,0.0025659744920399907,0.5930202281487253,0.5955862026407653,pooling,44,reports/seediv_shallowconvnet_dynamics_true_seed44.json,-0.0019796621307488736,-0.013396294524712107,-0.01537595665546098,nonlinear-induced distortion
shallowconvnet,0.35875,seediv,0,20,0.34875,pool_nonlin_exp,true,-0.09496816456125745,0.9819959905809855,0.8870278260197281,pooling,44,reports/seediv_shallowconvnet_dynamics_true_seed44.json,-0.006727154262928262,-0.03132816411558543,-0.03805531837851369,nonlinear-induced distortion
shallowconvnet,0.365,seediv,0,20,0.3375,bnorm,true,0.028784601760792918,0.006755985297323231,0.03554058705811615,linear_filtering,45,reports/seediv_shallowconvnet_dynamics_true_seed45.json,-0.5393991532704873,0.7839918594431501,0.24459270617266285,nonlinear-induced distortion
shallowconvnet,0.365,seediv,0,20,0.3375,conv_nonlin_exp,true,-0.0038471344112804284,0.28098751633625496,0.27714038192497453,linear_filtering,45,reports/seediv_shallowconvnet_dynamics_true_seed45.json,-0.03475062137901437,-0.009128594163507616,-0.043879215542521985,nonlinear-induced distortion
shallowconvnet,0.365,seediv,0,20,0.3375,conv_time_spat,true,0.16893408090212203,0.0067559852897593475,0.17569006619188138,linear_filtering,45,reports/seediv_shallowconvnet_dynamics_true_seed45.json,-0.5408643650311136,0.7839938130319718,0.24312944800085826,nonlinear-induced distortion
shallowconvnet,0.365,seediv,0,20,0.3375,final_layer.conv_classifier,true,-0.260963531164907,0.9785576251639581,0.717594093999051,linear_filtering,45,reports/seediv_shallowconvnet_dynamics_true_seed45.json,0.050813972981188754,-0.013990516146913667,0.036823456834275084,nonlinear-induced distortion
shallowconvnet,0.365,seediv,0,20,0.3375,logits,true,-0.260963531164907,0.9785576251639581,0.717594093999051,log_power,45,reports/seediv_shallowconvnet_dynamics_true_seed45.json,0.050813972981188754,-0.013990516146913667,0.036823456834275084,nonlinear-induced distortion
shallowconvnet,0.365,seediv,0,20,0.3375,pool,true,-0.012628778021587572,0.6012906100865364,0.5886618320649488,pooling,45,reports/seediv_shallowconvnet_dynamics_true_seed45.json,-0.01084170034332308,0.010735004202131462,-0.00010669614119161718,nonlinear-induced distortion
shallowconvnet,0.365,seediv,0,20,0.3375,pool_nonlin_exp,true,-0.11984376447110368,0.9820261316339678,0.8621823671628641,pooling,45,reports/seediv_shallowconvnet_dynamics_true_seed45.json,-0.017016274318718258,0.04670167325298619,0.02968539893426793,nonlinear-induced distortion
shallowconvnet,0.37375,seediv,0,20,0.33875,bnorm,true,0.014679715374022576,0.010116861031675518,0.024796576405698094,linear_filtering,46,reports/seediv_shallowconvnet_dynamics_true_seed46.json,-0.44891824172090683,0.8067056630427006,0.3577874213217938,nonlinear-induced distortion
shallowconvnet,0.37375,seediv,0,20,0.33875,conv_nonlin_exp,true,-0.014304382866457854,0.275061064873467,0.26075668200700913,linear_filtering,46,reports/seediv_shallowconvnet_dynamics_true_seed46.json,-0.036467270313282306,0.024034862044918098,-0.012432408268364207,nonlinear-induced distortion
shallowconvnet,0.37375,seediv,0,20,0.33875,conv_time_spat,true,0.20175032046179697,0.01011686102746337,0.21186718148926034,linear_filtering,46,reports/seediv_shallowconvnet_dynamics_true_seed46.json,-0.43955632867820604,0.8067056630427006,0.3671493343644946,nonlinear-induced distortion
shallowconvnet,0.37375,seediv,0,20,0.33875,final_layer.conv_classifier,true,-0.24900376158559545,0.996768128495748,0.7477643669101526,linear_filtering,46,reports/seediv_shallowconvnet_dynamics_true_seed46.json,-0.07776642754231682,0.04080976537580513,-0.03695666216651169,nonlinear-induced distortion
shallowconvnet,0.37375,seediv,0,20,0.33875,logits,true,-0.24900376158559545,0.996768128495748,0.7477643669101526,log_power,46,reports/seediv_shallowconvnet_dynamics_true_seed46.json,-0.07776642754231682,0.04080976537580513,-0.03695666216651169,nonlinear-induced distortion
shallowconvnet,0.37375,seediv,0,20,0.33875,pool,true,-0.030032116982910084,0.5899545490117006,0.5599224320287906,pooling,46,reports/seediv_shallowconvnet_dynamics_true_seed46.json,-0.017958904048351328,0.020227160968457187,0.0022682569201058576,nonlinear-induced distortion
shallowconvnet,0.37375,seediv,0,20,0.33875,pool_nonlin_exp,true,-0.10599477470563257,0.9830186098025621,0.8770238350969295,pooling,46,reports/seediv_shallowconvnet_dynamics_true_seed46.json,-0.02381150087618911,0.022377545865817892,-0.0014339550103712178,nonlinear-induced distortion
shallowconvnet,0.255,seediv,0,20,0.255,bnorm,shuffled,0.032631362259713546,0.009416691884141536,0.04204805414385508,linear_filtering,41,reports/seediv_shallowconvnet_dynamics_shuffled_seed41.json,-0.4923441188040912,0.8243857959015806,0.3320416770974894,nonlinear-induced distortion
shallowconvnet,0.255,seediv,0,20,0.255,conv_nonlin_exp,shuffled,0.015192876226792384,0.27392762145471294,0.28912049768150533,linear_filtering,41,reports/seediv_shallowconvnet_dynamics_shuffled_seed41.json,0.031059853551248115,-0.02313029736785637,0.007929556183391745,nonlinear-induced distortion
shallowconvnet,0.255,seediv,0,20,0.255,conv_time_spat,shuffled,0.16905667384828765,0.009416691872236788,0.17847336572052444,linear_filtering,41,reports/seediv_shallowconvnet_dynamics_shuffled_seed41.json,-0.4800092201022816,0.8243857959015806,0.344376575799299,nonlinear-induced distortion
shallowconvnet,0.255,seediv,0,20,0.255,final_layer.conv_classifier,shuffled,-0.16808550639208408,0.9852431396819885,0.8171576332899044,linear_filtering,41,reports/seediv_shallowconvnet_dynamics_shuffled_seed41.json,0.0053851432300979895,0.00017828883842357481,0.005563432068521564,nonlinear-induced distortion
shallowconvnet,0.255,seediv,0,20,0.255,logits,shuffled,-0.16808550639208408,0.9852431396819885,0.8171576332899044,log_power,41,reports/seediv_shallowconvnet_dynamics_shuffled_seed41.json,0.0053851432300979895,0.00017828883842357481,0.005563432068521564,nonlinear-induced distortion
shallowconvnet,0.255,seediv,0,20,0.255,pool,shuffled,0.03394697344164166,0.579137660634166,0.6130846340758077,pooling,41,reports/seediv_shallowconvnet_dynamics_shuffled_seed41.json,0.008760443810063814,-0.027102786817824187,-0.018342343007760373,nonlinear-induced distortion
shallowconvnet,0.255,seediv,0,20,0.255,pool_nonlin_exp,shuffled,-0.13795492065714987,0.979953600585149,0.8419986799279991,pooling,41,reports/seediv_shallowconvnet_dynamics_shuffled_seed41.json,-0.0026166650275373723,-0.023194100475645515,-0.025810765503182887,nonlinear-induced distortion
shallowconvnet,0.2625,seediv,0,20,0.24375,bnorm,shuffled,0.02049911315901353,0.010452578871859429,0.03095169203087296,linear_filtering,42,reports/seediv_shallowconvnet_dynamics_shuffled_seed42.json,-0.4909247147915026,0.7926579152063513,0.3017332004148487,nonlinear-induced distortion
shallowconvnet,0.2625,seediv,0,20,0.24375,conv_nonlin_exp,shuffled,0.012975727755007105,0.27682413979503373,0.28979986755004083,linear_filtering,42,reports/seediv_shallowconvnet_dynamics_shuffled_seed42.json,-0.012241418089476767,-0.005268332916100421,-0.01750975100557719,nonlinear-induced distortion
shallowconvnet,0.2625,seediv,0,20,0.24375,conv_time_spat,shuffled,0.28416158869752095,0.010452578887201497,0.2946141675847225,linear_filtering,42,reports/seediv_shallowconvnet_dynamics_shuffled_seed42.json,-0.48524700933409615,0.7926579152063513,0.30741090587225517,nonlinear-induced distortion
shallowconvnet,0.2625,seediv,0,20,0.24375,final_layer.conv_classifier,shuffled,-0.27580495977013353,0.9733536940036284,0.6975487342334948,linear_filtering,42,reports/seediv_shallowconvnet_dynamics_shuffled_seed42.json,-0.031680986696230595,-0.00369442234103426,-0.035375409037264854,nonlinear-induced distortion
shallowconvnet,0.2625,seediv,0,20,0.24375,logits,shuffled,-0.27580495977013353,0.9733536940036284,0.6975487342334948,log_power,42,reports/seediv_shallowconvnet_dynamics_shuffled_seed42.json,-0.031680986696230595,-0.00369442234103426,-0.035375409037264854,nonlinear-induced distortion
shallowconvnet,0.2625,seediv,0,20,0.24375,pool,shuffled,0.02186139830324474,0.5927112431539606,0.6145726414572054,pooling,42,reports/seediv_shallowconvnet_dynamics_shuffled_seed42.json,-0.02373244269007939,0.005354890118732565,-0.018377552571346826,nonlinear-induced distortion
shallowconvnet,0.2625,seediv,0,20,0.24375,pool_nonlin_exp,shuffled,-0.10818622297901048,0.9830934239206569,0.8749072009416464,pooling,42,reports/seediv_shallowconvnet_dynamics_shuffled_seed42.json,0.009074402313854516,-0.023887664508976465,-0.014813262195121949,nonlinear-induced distortion
shallowconvnet,0.28625,seediv,0,20,0.23875,bnorm,shuffled,0.018292011930076322,0.0108556882348597,0.029147700164936022,linear_filtering,43,reports/seediv_shallowconvnet_dynamics_shuffled_seed43.json,-0.16837502847550956,0.5917721053119304,0.4233970768364208,nonlinear-induced distortion
shallowconvnet,0.28625,seediv,0,20,0.23875,conv_nonlin_exp,shuffled,-0.002720560170202335,0.28350624098031013,0.2807856808101078,linear_filtering,43,reports/seediv_shallowconvnet_dynamics_shuffled_seed43.json,-0.039663673020527854,0.04189763116014591,0.0022339581396180527,nonlinear-induced distortion
shallowconvnet,0.28625,seediv,0,20,0.23875,conv_time_spat,shuffled,0.13490693112634475,0.01085568823193515,0.1457626193582799,linear_filtering,43,reports/seediv_shallowconvnet_dynamics_shuffled_seed43.json,-0.1614845749636628,0.59177011435162,0.43028553938795716,nonlinear-induced distortion
shallowconvnet,0.28625,seediv,0,20,0.23875,final_layer.conv_classifier,shuffled,-0.3069301186001503,0.9717278163455045,0.6647976977453542,linear_filtering,43,reports/seediv_shallowconvnet_dynamics_shuffled_seed43.json,-0.0162490612259495,0.0002445394642729418,-0.01600452176167656,nonlinear-induced distortion
shallowconvnet,0.28625,seediv,0,20,0.23875,logits,shuffled,-0.3069301186001503,0.9717278163455045,0.6647976977453542,log_power,43,reports/seediv_shallowconvnet_dynamics_shuffled_seed43.json,-0.0162490612259495,0.0002445394642729418,-0.01600452176167656,nonlinear-induced distortion
shallowconvnet,0.28625,seediv,0,20,0.23875,pool,shuffled,-0.0023820496815395442,0.608082762685805,0.6057007130042654,pooling,43,reports/seediv_shallowconvnet_dynamics_shuffled_seed43.json,-0.005738625187754809,0.020812341302481937,0.015073716114727128,nonlinear-induced distortion
shallowconvnet,0.28625,seediv,0,20,0.23875,pool_nonlin_exp,shuffled,-0.11225679584140691,0.983404717984057,0.8711479221426501,pooling,43,reports/seediv_shallowconvnet_dynamics_shuffled_seed43.json,-0.018797575727773404,0.020385232637150415,0.0015876569093770114,nonlinear-induced distortion
shallowconvnet,0.29,seediv,0,20,0.27625,bnorm,shuffled,0.022467163408001117,0.008333215256142062,0.03080037866414318,linear_filtering,44,reports/seediv_shallowconvnet_dynamics_shuffled_seed44.json,-0.3304271945321879,0.7329156610224246,0.4024884664902367,nonlinear-induced distortion
shallowconvnet,0.29,seediv,0,20,0.27625,conv_nonlin_exp,shuffled,0.00977988246357242,0.2808404376976971,0.29062032016126954,linear_filtering,44,reports/seediv_shallowconvnet_dynamics_shuffled_seed44.json,0.03650268668192546,-0.034631899989271145,0.0018707866926543162,nonlinear-induced distortion
shallowconvnet,0.29,seediv,0,20,0.27625,conv_time_spat,shuffled,0.17972758517660378,0.008333215251143862,0.18806080042774764,linear_filtering,44,reports/seediv_shallowconvnet_dynamics_shuffled_seed44.json,-0.3137651209677419,0.732919307900007,0.41915418693226514,nonlinear-induced distortion
shallowconvnet,0.29,seediv,0,20,0.27625,final_layer.conv_classifier,shuffled,-0.2811271593470127,0.968196361943039,0.6870692025960263,linear_filtering,44,reports/seediv_shallowconvnet_dynamics_shuffled_seed44.json,-0.0426741425863672,-0.04611926453758672,-0.08879340712395392,nonlinear-induced distortion
shallowconvnet,0.29,seediv,0,20,0.27625,logits,shuffled,-0.2811271593470127,0.968196361943039,0.6870692025960263,log_power,44,reports/seediv_shallowconvnet_dynamics_shuffled_seed44.json,-0.0426741425863672,-0.04611926453758672,-0.08879340712395392,nonlinear-induced distortion
shallowconvnet,0.29,seediv,0,20,0.27625,pool,shuffled,0.03454745149731031,0.5930202281487253,0.6275676796460357,pooling,44,reports/seediv_shallowconvnet_dynamics_shuffled_seed44.json,-0.018914967187611754,-0.013396294524712107,-0.03231126171232386,nonlinear-induced distortion
shallowconvnet,0.29,seediv,0,20,0.27625,pool_nonlin_exp,shuffled,-0.09907262548249829,0.9819959905809855,0.8829233650984872,pooling,44,reports/seediv_shallowconvnet_dynamics_shuffled_seed44.json,-0.00994897092482655,-0.03132816411558543,-0.04127713504041198,nonlinear-induced distortion
shallowconvnet,0.275,seediv,0,20,0.25625,bnorm,shuffled,0.032574348039327336,0.006755985297323231,0.03933033333665057,linear_filtering,45,reports/seediv_shallowconvnet_dynamics_shuffled_seed45.json,-0.4723785874132524,0.7839918594431501,0.3116132720298977,nonlinear-induced distortion
shallowconvnet,0.275,seediv,0,20,0.25625,conv_nonlin_exp,shuffled,0.016762004353830462,0.28098751633625496,0.2977495206900854,linear_filtering,45,reports/seediv_shallowconvnet_dynamics_shuffled_seed45.json,-0.02470814185322938,-0.009128594163507616,-0.03383673601673699,nonlinear-induced distortion
shallowconvnet,0.275,seediv,0,20,0.25625,conv_time_spat,shuffled,0.15825487416323744,0.0067559852897593475,0.1650108594529968,linear_filtering,45,reports/seediv_shallowconvnet_dynamics_shuffled_seed45.json,-0.4710073716114726,0.7839938130319718,0.3129864414204992,nonlinear-induced distortion
shallowconvnet,0.275,seediv,0,20,0.25625,final_layer.conv_classifier,shuffled,-0.408594905390821,0.9785576251639581,0.5699627197731371,linear_filtering,45,reports/seediv_shallowconvnet_dynamics_shuffled_seed45.json,-0.005510626028181101,-0.013990516146913667,-0.019501142175094768,nonlinear-induced distortion
shallowconvnet,0.275,seediv,0,20,0.25625,logits,shuffled,-0.408594905390821,0.9785576251639581,0.5699627197731371,log_power,45,reports/seediv_shallowconvnet_dynamics_shuffled_seed45.json,-0.005510626028181101,-0.013990516146913667,-0.019501142175094768,nonlinear-induced distortion
shallowconvnet,0.275,seediv,0,20,0.25625,pool,shuffled,0.034345430644312724,0.6012906100865364,0.6356360407308491,pooling,45,reports/seediv_shallowconvnet_dynamics_shuffled_seed45.json,0.0006123377261998426,0.010735004202131462,0.011347341928331305,nonlinear-induced distortion
shallowconvnet,0.275,seediv,0,20,0.25625,pool_nonlin_exp,shuffled,-0.11224121948187071,0.9820261316339678,0.8697849121520971,pooling,45,reports/seediv_shallowconvnet_dynamics_shuffled_seed45.json,-0.02621020268578785,0.04670167325298619,0.020491470567198338,nonlinear-induced distortion
shallowconvnet,0.265,seediv,0,20,0.24,bnorm,shuffled,0.03206491798538599,0.010116861031675518,0.042181779017061515,linear_filtering,46,reports/seediv_shallowconvnet_dynamics_shuffled_seed46.json,-0.3926978354552606,0.8067056630427006,0.41400782758744004,nonlinear-induced distortion
shallowconvnet,0.265,seediv,0,20,0.24,conv_nonlin_exp,shuffled,0.008011421407300268,0.275061064873467,0.28307248628076725,linear_filtering,46,reports/seediv_shallowconvnet_dynamics_shuffled_seed46.json,-0.053953389868392806,0.024034862044918098,-0.029918527823474712,nonlinear-induced distortion
shallowconvnet,0.265,seediv,0,20,0.24,conv_time_spat,shuffled,0.35148262497886806,0.01011686102746337,0.3615994860063314,linear_filtering,46,reports/seediv_shallowconvnet_dynamics_shuffled_seed46.json,-0.3795604972820255,0.8067056630427006,0.4271451657606751,nonlinear-induced distortion
shallowconvnet,0.265,seediv,0,20,0.24,final_layer.conv_classifier,shuffled,-0.04324065193618054,0.996768128495748,0.9535274765595675,linear_filtering,46,reports/seediv_shallowconvnet_dynamics_shuffled_seed46.json,-0.06677703792426375,0.04080976537580513,-0.02596727254845862,nonlinear-induced distortion
shallowconvnet,0.265,seediv,0,20,0.24,logits,shuffled,-0.04324065193618054,0.996768128495748,0.9535274765595675,log_power,46,reports/seediv_shallowconvnet_dynamics_shuffled_seed46.json,-0.06677703792426375,0.04080976537580513,-0.02596727254845862,nonlinear-induced distortion
shallowconvnet,0.265,seediv,0,20,0.24,pool,shuffled,0.022325950868033573,0.5899545490117006,0.6122804998797342,pooling,46,reports/seediv_shallowconvnet_dynamics_shuffled_seed46.json,-0.036089626099706736,0.020227160968457187,-0.01586246513124955,nonlinear-induced distortion
shallowconvnet,0.265,seediv,0,20,0.24,pool_nonlin_exp,shuffled,-0.09364462681079899,0.9830186098025621,0.8893739829917631,pooling,46,reports/seediv_shallowconvnet_dynamics_shuffled_seed46.json,-0.03801965614047635,0.022377545865817892,-0.015642110274658463,nonlinear-induced distortion
eegconformer,0.33375,seediv,0,20,0.33375,fc,true,-0.18410795921680556,0.9943549991914604,0.8102470399746549,classifier,41,reports/seediv_eegconformer_dynamics_true_seed41.json,-0.12791251296402256,0.200759546438023,0.07284703347400041,architecture-induced collapse with training reorganization
eegconformer,0.33375,seediv,0,20,0.33375,final_layer,true,-0.1177191873816823,0.9986526357778739,0.8809334483961916,classifier,41,reports/seediv_eegconformer_dynamics_true_seed41.json,-0.04526154906672408,0.07721368509047992,0.03195213602375584,architecture-induced collapse with training reorganization
eegconformer,0.33375,seediv,0,20,0.33375,logits,true,-0.1177191873816823,0.9986526357778739,0.8809334483961916,classifier,41,reports/seediv_eegconformer_dynamics_true_seed41.json,-0.04526154906672408,0.07721368509047992,0.03195213602375584,architecture-induced collapse with training reorganization
eegconformer,0.33375,seediv,0,20,0.33375,patch_embedding,true,-0.2988814950830867,0.9629499213240503,0.6640684262409636,patch_embedding,41,reports/seediv_eegconformer_dynamics_true_seed41.json,0.0008227726193972829,0.4898100504976901,0.4906328231170874,architecture-induced collapse with training reorganization
eegconformer,0.33375,seediv,0,20,0.33375,patch_embedding.projection,true,-0.2988814950830867,0.9629499213240503,0.6640684262409636,patch_embedding,41,reports/seediv_eegconformer_dynamics_true_seed41.json,0.0008227726193972829,0.4898100504976901,0.4906328231170874,architecture-induced collapse with training reorganization
eegconformer,0.33375,seediv,0,20,0.33375,patch_embedding.shallownet,true,-0.3802632695632391,0.8987787440390693,0.5185154744758302,patch_embedding,41,reports/seediv_eegconformer_dynamics_true_seed41.json,-0.018830902206566025,0.5439645322223016,0.5251336300157355,architecture-induced collapse with training reorganization
eegconformer,0.33375,seediv,0,20,0.33375,transformer,true,-0.22275122817114978,0.9956793997886666,0.7729281716175168,transformer,41,reports/seediv_eegconformer_dynamics_true_seed41.json,0.17250648201130103,0.27849394937772687,0.4510004313890279,architecture-induced collapse with training reorganization
eegconformer,0.33375,seediv,0,20,0.33375,transformer.0,true,-0.2604217384785229,0.9955020791985185,0.7350803407199956,transformer,41,reports/seediv_eegconformer_dynamics_true_seed41.json,0.07767256678706813,0.42088468278377794,0.4985572495708461,architecture-induced collapse with training reorganization
eegconformer,0.33375,seediv,0,20,0.33375,transformer.2,true,-0.27800798998781706,0.9954431021551287,0.7174351121673116,transformer,41,reports/seediv_eegconformer_dynamics_true_seed41.json,0.08652568664616261,0.318998316912238,0.4055240035584006,architecture-induced collapse with training reorganization
eegconformer,0.33375,seediv,0,20,0.33375,transformer.5,true,-0.22275122817114978,0.9956793997886666,0.7729281716175168,transformer,41,reports/seediv_eegconformer_dynamics_true_seed41.json,0.17250648201130103,0.27849394937772687,0.4510004313890279,architecture-induced collapse with training reorganization
eegconformer,0.33,seediv,0,20,0.33,fc,true,-0.06748007289313074,0.9978656152236453,0.9303855423305145,classifier,42,reports/seediv_eegconformer_dynamics_true_seed42.json,-0.18748283384593376,0.1971066983763679,0.00962386453043416,architecture-induced collapse with training reorganization
eegconformer,0.33,seediv,0,20,0.33,final_layer,true,-0.05486610118185886,0.9989278170584036,0.9440617158765447,classifier,42,reports/seediv_eegconformer_dynamics_true_seed42.json,-0.12278843832701522,0.14400403896359343,0.02121560063657821,architecture-induced collapse with training reorganization
eegconformer,0.33,seediv,0,20,0.33,logits,true,-0.05486610118185886,0.9989278170584036,0.9440617158765447,classifier,42,reports/seediv_eegconformer_dynamics_true_seed42.json,-0.12278843832701522,0.14400403896359343,0.02121560063657821,architecture-induced collapse with training reorganization
eegconformer,0.33,seediv,0,20,0.33,patch_embedding,true,-0.2609338075333123,0.9681326018541115,0.7071987943207992,patch_embedding,42,reports/seediv_eegconformer_dynamics_true_seed42.json,0.11400427365710608,0.4302378674629854,0.5442421411200915,architecture-induced collapse with training reorganization
eegconformer,0.33,seediv,0,20,0.33,patch_embedding.projection,true,-0.2609338075333123,0.9681326018541115,0.7071987943207992,patch_embedding,42,reports/seediv_eegconformer_dynamics_true_seed42.json,0.11400427365710608,0.4302378674629854,0.5442421411200915,architecture-induced collapse with training reorganization
eegconformer,0.33,seediv,0,20,0.33,patch_embedding.shallownet,true,-0.29098017250848185,0.8239498236894893,0.5329696511810075,patch_embedding,42,reports/seediv_eegconformer_dynamics_true_seed42.json,0.027772657982261695,0.529205931263858,0.5569785892461196,architecture-induced collapse with training reorganization
eegconformer,0.33,seediv,0,20,0.33,transformer,true,-0.13732966387254797,0.9978857162211058,0.8605560523485578,transformer,42,reports/seediv_eegconformer_dynamics_true_seed42.json,0.11838657150776052,0.24597112822759457,0.3643576997353551,architecture-induced collapse with training reorganization
eegconformer,0.33,seediv,0,20,0.33,transformer.0,true,-0.13164877588645163,0.9946456684115926,0.862996892525141,transformer,42,reports/seediv_eegconformer_dynamics_true_seed42.json,0.11084765708819105,0.40452614262213,0.515373799710321,architecture-induced collapse with training reorganization
eegconformer,0.33,seediv,0,20,0.33,transformer.2,true,-0.11118797269323555,0.9971305496563345,0.885942576963099,transformer,42,reports/seediv_eegconformer_dynamics_true_seed42.json,0.10911615540733849,0.279936543344539,0.3890526987518775,architecture-induced collapse with training reorganization
eegconformer,0.33,seediv,0,20,0.33,transformer.5,true,-0.13732966387254797,0.9978857162211058,0.8605560523485578,transformer,42,reports/seediv_eegconformer_dynamics_true_seed42.json,0.11838657150776052,0.24597112822759457,0.3643576997353551,architecture-induced collapse with training reorganization
eegconformer,0.335,seediv,0,20,0.31125,fc,true,-0.26156015035184477,0.996301098346419,0.7347409479945742,classifier,43,reports/seediv_eegconformer_dynamics_true_seed43.json,-0.1908148446999499,0.2008807935769973,0.010065948877047419,architecture-induced collapse with training reorganization
eegconformer,0.335,seediv,0,20,0.31125,final_layer,true,-0.20793415055119246,0.9963428333837546,0.7884086828325622,classifier,43,reports/seediv_eegconformer_dynamics_true_seed43.json,-0.08696103193619911,0.07567661022101423,-0.011284421715184892,architecture-induced collapse with training reorganization
eegconformer,0.335,seediv,0,20,0.31125,logits,true,-0.20793415055119246,0.9963428333837546,0.7884086828325622,classifier,43,reports/seediv_eegconformer_dynamics_true_seed43.json,-0.08696103193619911,0.07567661022101423,-0.011284421715184892,architecture-induced collapse with training reorganization
eegconformer,0.335,seediv,0,20,0.31125,patch_embedding,true,-0.2512146646583432,0.9593149872712364,0.7081003226128932,patch_embedding,43,reports/seediv_eegconformer_dynamics_true_seed43.json,0.007152481651618581,0.449712254577641,0.4568647362292596,architecture-induced collapse with training reorganization
eegconformer,0.335,seediv,0,20,0.31125,patch_embedding.projection,true,-0.2512146646583432,0.9593149872712364,0.7081003226128932,patch_embedding,43,reports/seediv_eegconformer_dynamics_true_seed43.json,0.007152481651618581,0.449712254577641,0.4568647362292596,architecture-induced collapse with training reorganization
eegconformer,0.335,seediv,0,20,0.31125,patch_embedding.shallownet,true,-0.2848978918315279,0.8634894469719597,0.5785915551404318,patch_embedding,43,reports/seediv_eegconformer_dynamics_true_seed43.json,-0.00869389709889179,0.5359111878842022,0.5272172907853104,architecture-induced collapse with training reorganization
eegconformer,0.335,seediv,0,20,0.31125,transformer,true,-0.2447356384888444,0.9976279711614257,0.7528923326725813,transformer,43,reports/seediv_eegconformer_dynamics_true_seed43.json,0.12270734613046277,0.24568515977040264,0.3683925059008654,architecture-induced collapse with training reorganization
eegconformer,0.335,seediv,0,20,0.31125,transformer.0,true,-0.2332557502511412,0.9919448109845016,0.7586890607333604,transformer,43,reports/seediv_eegconformer_dynamics_true_seed43.json,0.0007330819505042552,0.4200578128352764,0.42079089478578063,architecture-induced collapse with training reorganization
eegconformer,0.335,seediv,0,20,0.31125,transformer.2,true,-0.21152206871665846,0.995022664421033,0.7835005957043746,transformer,43,reports/seediv_eegconformer_dynamics_true_seed43.json,0.06540517040984195,0.29543314364137035,0.3608383140512123,architecture-induced collapse with training reorganization
eegconformer,0.335,seediv,0,20,0.31125,transformer.5,true,-0.2447356384888444,0.9976279711614257,0.7528923326725813,transformer,43,reports/seediv_eegconformer_dynamics_true_seed43.json,0.12270734613046277,0.24568515977040264,0.3683925059008654,architecture-induced collapse with training reorganization
eegconformer,0.33875,seediv,0,20,0.31,fc,true,-0.20179210323257524,0.9984382573239352,0.79664615409136,classifier,44,reports/seediv_eegconformer_dynamics_true_seed44.json,-0.1180652202095701,0.18767071159073023,0.06960549138116014,architecture-induced collapse with training reorganization
eegconformer,0.33875,seediv,0,20,0.31,final_layer,true,-0.19303116344762483,0.9997277747959967,0.8066966113483719,classifier,44,reports/seediv_eegconformer_dynamics_true_seed44.json,-0.04238514546527429,0.10243978435018952,0.06005463888491523,architecture-induced collapse with training reorganization
eegconformer,0.33875,seediv,0,20,0.31,logits,true,-0.19303116344762483,0.9997277747959967,0.8066966113483719,classifier,44,reports/seediv_eegconformer_dynamics_true_seed44.json,-0.04238514546527429,0.10243978435018952,0.06005463888491523,architecture-induced collapse with training reorganization
eegconformer,0.33875,seediv,0,20,0.31,patch_embedding,true,-0.2559600264410923,0.9731235906644372,0.7171635642233449,patch_embedding,44,reports/seediv_eegconformer_dynamics_true_seed44.json,-0.026070213593448244,0.49018558668907797,0.4641153730956297,architecture-induced collapse with training reorganization
eegconformer,0.33875,seediv,0,20,0.31,patch_embedding.projection,true,-0.2559600264410923,0.9731235906644372,0.7171635642233449,patch_embedding,44,reports/seediv_eegconformer_dynamics_true_seed44.json,-0.026070213593448244,0.49018558668907797,0.4641153730956297,architecture-induced collapse with training reorganization
eegconformer,0.33875,seediv,0,20,0.31,patch_embedding.shallownet,true,-0.330685176746609,0.9030517399554226,0.5723665632088136,patch_embedding,44,reports/seediv_eegconformer_dynamics_true_seed44.json,0.011014669462127258,0.5030775025033973,0.5140921719655246,architecture-induced collapse with training reorganization
eegconformer,0.33875,seediv,0,20,0.31,transformer,true,-0.18045655060686983,0.9981766482473585,0.8177200976404887,transformer,44,reports/seediv_eegconformer_dynamics_true_seed44.json,0.1922892669417273,0.22752536988682567,0.41981463682855297,architecture-induced collapse with training reorganization
eegconformer,0.33875,seediv,0,20,0.31,transformer.0,true,-0.21910422626095816,0.9964778313580851,0.7773736050971269,transformer,44,reports/seediv_eegconformer_dynamics_true_seed44.json,0.017803235194192135,0.47544379425649086,0.493247029450683,architecture-induced collapse with training reorganization
eegconformer,0.33875,seediv,0,20,0.31,transformer.2,true,-0.17505501740634877,0.9966728134668779,0.8216177960605291,transformer,44,reports/seediv_eegconformer_dynamics_true_seed44.json,0.08085683248694658,0.3482289692260925,0.42908580171303906,architecture-induced collapse with training reorganization
eegconformer,0.33875,seediv,0,20,0.31,transformer.5,true,-0.18045655060686983,0.9981766482473585,0.8177200976404887,transformer,44,reports/seediv_eegconformer_dynamics_true_seed44.json,0.1922892669417273,0.22752536988682567,0.41981463682855297,architecture-induced collapse with training reorganization
eegconformer,0.32125,seediv,0,20,0.27875,fc,true,-0.2455872132129857,0.9965735128698671,0.7509862996568814,classifier,45,reports/seediv_eegconformer_dynamics_true_seed45.json,-0.1699642930584364,0.2830244729454259,0.11306017988698946,architecture-induced collapse with training reorganization
eegconformer,0.32125,seediv,0,20,0.27875,final_layer,true,-0.20432747493603742,0.9926052437045799,0.7882777687685425,classifier,45,reports/seediv_eegconformer_dynamics_true_seed45.json,0.015809234407410055,0.07592774345540375,0.0917369778628138,architecture-induced collapse with training reorganization
eegconformer,0.32125,seediv,0,20,0.27875,logits,true,-0.20432747493603742,0.9926052437045799,0.7882777687685425,classifier,45,reports/seediv_eegconformer_dynamics_true_seed45.json,0.015809234407410055,0.07592774345540375,0.0917369778628138,architecture-induced collapse with training reorganization
eegconformer,0.32125,seediv,0,20,0.27875,patch_embedding,true,-0.2540406076057662,0.9557048823000801,0.7016642746943139,patch_embedding,45,reports/seediv_eegconformer_dynamics_true_seed45.json,-0.08579047010228169,0.5657448613296616,0.47995439122737993,architecture-induced collapse with training reorganization
eegconformer,0.32125,seediv,0,20,0.27875,patch_embedding.projection,true,-0.2540406076057662,0.9557048823000801,0.7016642746943139,patch_embedding,45,reports/seediv_eegconformer_dynamics_true_seed45.json,-0.08579047010228169,0.5657448613296616,0.47995439122737993,architecture-induced collapse with training reorganization
eegconformer,0.32125,seediv,0,20,0.27875,patch_embedding.shallownet,true,-0.26676834701640306,0.8404765362444874,0.5737081892280843,patch_embedding,45,reports/seediv_eegconformer_dynamics_true_seed45.json,-0.0811183928188256,0.6005587493741505,0.519440356555325,architecture-induced collapse with training reorganization
eegconformer,0.32125,seediv,0,20,0.27875,transformer,true,-0.2382134275041411,0.9967893417473093,0.7585759142431682,transformer,45,reports/seediv_eegconformer_dynamics_true_seed45.json,0.18246152143981115,0.3163504599992847,0.49881198143909583,architecture-induced collapse with training reorganization
eegconformer,0.32125,seediv,0,20,0.27875,transformer.0,true,-0.21061742186864485,0.992296883888065,0.7816794620194202,transformer,45,reports/seediv_eegconformer_dynamics_true_seed45.json,-0.020547148809098026,0.5483040711501322,0.5277569223410342,architecture-induced collapse with training reorganization
eegconformer,0.32125,seediv,0,20,0.27875,transformer.2,true,-0.2353872176307561,0.9959660665290174,0.7605788488982613,transformer,45,reports/seediv_eegconformer_dynamics_true_seed45.json,0.1073052379121665,0.40644537676131887,0.5137506146734854,architecture-induced collapse with training reorganization
eegconformer,0.32125,seediv,0,20,0.27875,transformer.5,true,-0.2382134275041411,0.9967893417473093,0.7585759142431682,transformer,45,reports/seediv_eegconformer_dynamics_true_seed45.json,0.18246152143981115,0.3163504599992847,0.49881198143909583,architecture-induced collapse with training reorganization
eegconformer,0.3275,seediv,0,20,0.31875,fc,true,-0.2315633740905002,0.998918638187884,0.7673552640973837,classifier,46,reports/seediv_eegconformer_dynamics_true_seed46.json,-0.17503607574565477,0.2725970625312924,0.09756098678563764,architecture-induced collapse with training reorganization
eegconformer,0.3275,seediv,0,20,0.31875,final_layer,true,-0.15156595035594467,0.9996446007140402,0.8480786503580955,classifier,46,reports/seediv_eegconformer_dynamics_true_seed46.json,-0.07164313398540877,0.14082342777698303,0.06918029379157427,architecture-induced collapse with training reorganization
eegconformer,0.3275,seediv,0,20,0.31875,logits,true,-0.15156595035594467,0.9996446007140402,0.8480786503580955,classifier,46,reports/seediv_eegconformer_dynamics_true_seed46.json,-0.07164313398540877,0.14082342777698303,0.06918029379157427,architecture-induced collapse with training reorganization
eegconformer,0.3275,seediv,0,20,0.31875,patch_embedding,true,-0.2636125285935298,0.9785393053073314,0.7149267767138016,patch_embedding,46,reports/seediv_eegconformer_dynamics_true_seed46.json,-0.010512045365138445,0.505295277966526,0.4947832326013875,architecture-induced collapse with training reorganization
eegconformer,0.3275,seediv,0,20,0.31875,patch_embedding.projection,true,-0.2636125285935298,0.9785393053073314,0.7149267767138016,patch_embedding,46,reports/seediv_eegconformer_dynamics_true_seed46.json,-0.010512045365138445,0.505295277966526,0.4947832326013875,architecture-induced collapse with training reorganization
eegconformer,0.3275,seediv,0,20,0.31875,patch_embedding.shallownet,true,-0.32701627882105744,0.8891894988430173,0.5621732200219599,patch_embedding,46,reports/seediv_eegconformer_dynamics_true_seed46.json,0.02553217162264121,0.5387226094194874,0.5642547810421286,architecture-induced collapse with training reorganization
eegconformer,0.3275,seediv,0,20,0.31875,transformer,true,-0.2763728579323128,0.9990018334354714,0.7226289755031586,transformer,46,reports/seediv_eegconformer_dynamics_true_seed46.json,0.16192621906515986,0.3279540648916386,0.48988028395679845,architecture-induced collapse with training reorganization
eegconformer,0.3275,seediv,0,20,0.31875,transformer.0,true,-0.2738428713669939,0.9976506000857364,0.7238077287187424,transformer,46,reports/seediv_eegconformer_dynamics_true_seed46.json,0.02026238734711394,0.4838648545347256,0.5041272418818395,architecture-induced collapse with training reorganization
eegconformer,0.3275,seediv,0,20,0.31875,transformer.2,true,-0.26398745014690717,0.9988335845723193,0.7348461344254121,transformer,46,reports/seediv_eegconformer_dynamics_true_seed46.json,0.06707631115442386,0.37515275194907366,0.4422290631034975,architecture-induced collapse with training reorganization
eegconformer,0.3275,seediv,0,20,0.31875,transformer.5,true,-0.2763728579323128,0.9990018334354714,0.7226289755031586,transformer,46,reports/seediv_eegconformer_dynamics_true_seed46.json,0.16192621906515986,0.3279540648916386,0.48988028395679845,architecture-induced collapse with training reorganization
eegconformer,0.26625,seediv,0,20,0.25625,fc,shuffled,-0.2093768490654485,0.9943549991914604,0.7849781501260119,classifier,41,reports/seediv_eegconformer_dynamics_shuffled_seed41.json,-0.1270306688541592,0.200759546438023,0.0737288775838638,architecture-induced collapse with training reorganization
eegconformer,0.26625,seediv,0,20,0.25625,final_layer,shuffled,-0.14026061172942206,0.9986526357778739,0.8583920240484518,classifier,41,reports/seediv_eegconformer_dynamics_shuffled_seed41.json,-0.06497694412216594,0.07721368509047992,0.012236740968313975,architecture-induced collapse with training reorganization
eegconformer,0.26625,seediv,0,20,0.25625,logits,shuffled,-0.14026061172942206,0.9986526357778739,0.8583920240484518,classifier,41,reports/seediv_eegconformer_dynamics_shuffled_seed41.json,-0.06497694412216594,0.07721368509047992,0.012236740968313975,architecture-induced collapse with training reorganization
eegconformer,0.26625,seediv,0,20,0.25625,patch_embedding,shuffled,-0.31243304030361674,0.9629499213240503,0.6505168810204336,patch_embedding,41,reports/seediv_eegconformer_dynamics_shuffled_seed41.json,-0.0062370317579720225,0.4898100504976901,0.4835730187397181,architecture-induced collapse with training reorganization
eegconformer,0.26625,seediv,0,20,0.25625,patch_embedding.projection,shuffled,-0.31243304030361674,0.9629499213240503,0.6505168810204336,patch_embedding,41,reports/seediv_eegconformer_dynamics_shuffled_seed41.json,-0.0062370317579720225,0.4898100504976901,0.4835730187397181,architecture-induced collapse with training reorganization
eegconformer,0.26625,seediv,0,20,0.25625,patch_embedding.shallownet,shuffled,-0.38977141363530654,0.8987787440390693,0.5090073304037628,patch_embedding,41,reports/seediv_eegconformer_dynamics_shuffled_seed41.json,-0.02819849259709606,0.5439645322223016,0.5157660396252055,architecture-induced collapse with training reorganization
eegconformer,0.26625,seediv,0,20,0.25625,transformer,shuffled,-0.29784547238524284,0.9956793997886666,0.6978339274034238,transformer,41,reports/seediv_eegconformer_dynamics_shuffled_seed41.json,0.28998248739360555,0.27849394937772687,0.5684764367713324,architecture-induced collapse with training reorganization
eegconformer,0.26625,seediv,0,20,0.25625,transformer.0,shuffled,-0.3046598196061908,0.9955020791985185,0.6908422595923277,transformer,41,reports/seediv_eegconformer_dynamics_shuffled_seed41.json,0.13060165358343462,0.42088468278377794,0.5514863363672126,architecture-induced collapse with training reorganization
eegconformer,0.26625,seediv,0,20,0.25625,transformer.2,shuffled,-0.32103053599577014,0.9954431021551287,0.6744125661593585,transformer,41,reports/seediv_eegconformer_dynamics_shuffled_seed41.json,0.26599607279522197,0.318998316912238,0.58499438970746,architecture-induced collapse with training reorganization
eegconformer,0.26625,seediv,0,20,0.25625,transformer.5,shuffled,-0.29784547238524284,0.9956793997886666,0.6978339274034238,transformer,41,reports/seediv_eegconformer_dynamics_shuffled_seed41.json,0.28998248739360555,0.27849394937772687,0.5684764367713324,architecture-induced collapse with training reorganization
eegconformer,0.2625,seediv,0,20,0.2575,fc,shuffled,-0.11417373778612838,0.9978656152236453,0.8836918774375169,classifier,42,reports/seediv_eegconformer_dynamics_shuffled_seed42.json,-0.12375263750804663,0.1971066983763679,0.07335406086832127,architecture-induced collapse with training reorganization
eegconformer,0.2625,seediv,0,20,0.2575,final_layer,shuffled,-0.07815441880539598,0.9989278170584036,0.9207733982530076,classifier,42,reports/seediv_eegconformer_dynamics_shuffled_seed42.json,-0.11523774452828837,0.14400403896359343,0.028766294435305054,architecture-induced collapse with training reorganization
eegconformer,0.2625,seediv,0,20,0.2575,logits,shuffled,-0.07815441880539598,0.9989278170584036,0.9207733982530076,classifier,42,reports/seediv_eegconformer_dynamics_shuffled_seed42.json,-0.11523774452828837,0.14400403896359343,0.028766294435305054,architecture-induced collapse with training reorganization
eegconformer,0.2625,seediv,0,20,0.2575,patch_embedding,shuffled,-0.2536973464698812,0.9681326018541115,0.7144352553842304,patch_embedding,42,reports/seediv_eegconformer_dynamics_shuffled_seed42.json,0.10479301149774689,0.4302378674629854,0.5350308789607323,architecture-induced collapse with training reorganization
eegconformer,0.2625,seediv,0,20,0.2575,patch_embedding.projection,shuffled,-0.2536973464698812,0.9681326018541115,0.7144352553842304,patch_embedding,42,reports/seediv_eegconformer_dynamics_shuffled_seed42.json,0.10479301149774689,0.4302378674629854,0.5350308789607323,architecture-induced collapse with training reorganization
eegconformer,0.2625,seediv,0,20,0.2575,patch_embedding.shallownet,shuffled,-0.2551560838687098,0.8239498236894893,0.5687937398207795,patch_embedding,42,reports/seediv_eegconformer_dynamics_shuffled_seed42.json,0.025478763589872,0.529205931263858,0.55468469485373,architecture-induced collapse with training reorganization
eegconformer,0.2625,seediv,0,20,0.2575,transformer,shuffled,-0.1921439866004525,0.9978857162211058,0.8057417296206533,transformer,42,reports/seediv_eegconformer_dynamics_shuffled_seed42.json,0.19415119179600884,0.24597112822759457,0.4401223200236034,architecture-induced collapse with training reorganization
eegconformer,0.2625,seediv,0,20,0.2575,transformer.0,shuffled,-0.204314857498067,0.9946456684115926,0.7903308109135256,transformer,42,reports/seediv_eegconformer_dynamics_shuffled_seed42.json,0.14934799907016666,0.40452614262213,0.5538741416922967,architecture-induced collapse with training reorganization
eegconformer,0.2625,seediv,0,20,0.2575,transformer.2,shuffled,-0.21729772832271432,0.9971305496563345,0.7798328213336202,transformer,42,reports/seediv_eegconformer_dynamics_shuffled_seed42.json,0.21079074949932047,0.279936543344539,0.49072729284385946,architecture-induced collapse with training reorganization
eegconformer,0.2625,seediv,0,20,0.2575,transformer.5,shuffled,-0.1921439866004525,0.9978857162211058,0.8057417296206533,transformer,42,reports/seediv_eegconformer_dynamics_shuffled_seed42.json,0.19415119179600884,0.24597112822759457,0.4401223200236034,architecture-induced collapse with training reorganization
eegconformer,0.27375,seediv,0,20,0.24625,fc,shuffled,-0.05097746027703676,0.996301098346419,0.9453236380693822,classifier,43,reports/seediv_eegconformer_dynamics_shuffled_seed43.json,-0.12539215029691897,0.2008807935769973,0.07548864328007833,architecture-induced collapse with training reorganization
eegconformer,0.27375,seediv,0,20,0.24625,final_layer,shuffled,-0.006276253157986189,0.9963428333837546,0.9900665802257684,classifier,43,reports/seediv_eegconformer_dynamics_shuffled_seed43.json,-0.051496238198269075,0.07567661022101423,0.02418037202274515,architecture-induced collapse with training reorganization
eegconformer,0.27375,seediv,0,20,0.24625,logits,shuffled,-0.006276253157986189,0.9963428333837546,0.9900665802257684,classifier,43,reports/seediv_eegconformer_dynamics_shuffled_seed43.json,-0.051496238198269075,0.07567661022101423,0.02418037202274515,architecture-induced collapse with training reorganization
eegconformer,0.27375,seediv,0,20,0.24625,patch_embedding,shuffled,-0.25511922190565484,0.9593149872712364,0.7041957653655816,patch_embedding,43,reports/seediv_eegconformer_dynamics_shuffled_seed43.json,0.05587419980688074,0.449712254577641,0.5055864543845218,architecture-induced collapse with training reorganization
eegconformer,0.27375,seediv,0,20,0.24625,patch_embedding.projection,shuffled,-0.25511922190565484,0.9593149872712364,0.7041957653655816,patch_embedding,43,reports/seediv_eegconformer_dynamics_shuffled_seed43.json,0.05587419980688074,0.449712254577641,0.5055864543845218,architecture-induced collapse with training reorganization
eegconformer,0.27375,seediv,0,20,0.24625,patch_embedding.shallownet,shuffled,-0.3544535030671455,0.8634894469719597,0.5090359439048142,patch_embedding,43,reports/seediv_eegconformer_dynamics_shuffled_seed43.json,0.029952316604031748,0.5359111878842022,0.565863504488234,architecture-induced collapse with training reorganization
eegconformer,0.27375,seediv,0,20,0.24625,transformer,shuffled,-0.08222267628736968,0.9976279711614257,0.915405294874056,transformer,43,reports/seediv_eegconformer_dynamics_shuffled_seed43.json,0.14851427830627276,0.24568515977040264,0.3941994380766754,architecture-induced collapse with training reorganization
eegconformer,0.27375,seediv,0,20,0.24625,transformer.0,shuffled,-0.15089700487774405,0.9919448109845016,0.8410478061067576,transformer,43,reports/seediv_eegconformer_dynamics_shuffled_seed43.json,0.08146174942779488,0.4200578128352764,0.5015195622630713,architecture-induced collapse with training reorganization
eegconformer,0.27375,seediv,0,20,0.24625,transformer.2,shuffled,-0.0990258197535826,0.995022664421033,0.8959968446674504,transformer,43,reports/seediv_eegconformer_dynamics_shuffled_seed43.json,0.1413742310993491,0.29543314364137035,0.43680737474071946,architecture-induced collapse with training reorganization
eegconformer,0.27375,seediv,0,20,0.24625,transformer.5,shuffled,-0.08222267628736968,0.9976279711614257,0.915405294874056,transformer,43,reports/seediv_eegconformer_dynamics_shuffled_seed43.json,0.14851427830627276,0.24568515977040264,0.3941994380766754,architecture-induced collapse with training reorganization
eegconformer,0.28875,seediv,0,20,0.28,fc,shuffled,-0.17766664427835044,0.9984382573239352,0.8207716130455848,classifier,44,reports/seediv_eegconformer_dynamics_shuffled_seed44.json,-0.05981544149202486,0.18767071159073023,0.12785527009870537,architecture-induced collapse with training reorganization
eegconformer,0.28875,seediv,0,20,0.28,final_layer,shuffled,-0.21705885466112096,0.9997277747959967,0.7826689201348758,classifier,44,reports/seediv_eegconformer_dynamics_shuffled_seed44.json,-0.06185747621772404,0.10243978435018952,0.04058230813246548,architecture-induced collapse with training reorganization
eegconformer,0.28875,seediv,0,20,0.28,logits,shuffled,-0.21705885466112096,0.9997277747959967,0.7826689201348758,classifier,44,reports/seediv_eegconformer_dynamics_shuffled_seed44.json,-0.06185747621772404,0.10243978435018952,0.04058230813246548,architecture-induced collapse with training reorganization
eegconformer,0.28875,seediv,0,20,0.28,patch_embedding,shuffled,-0.291014430846428,0.9731235906644372,0.6821091598180092,patch_embedding,44,reports/seediv_eegconformer_dynamics_shuffled_seed44.json,0.013734208479364796,0.49018558668907797,0.5039197951684428,architecture-induced collapse with training reorganization
eegconformer,0.28875,seediv,0,20,0.28,patch_embedding.projection,shuffled,-0.291014430846428,0.9731235906644372,0.6821091598180092,patch_embedding,44,reports/seediv_eegconformer_dynamics_shuffled_seed44.json,0.013734208479364796,0.49018558668907797,0.5039197951684428,architecture-induced collapse with training reorganization
eegconformer,0.28875,seediv,0,20,0.28,patch_embedding.shallownet,shuffled,-0.3707115357208395,0.9030517399554226,0.5323402042345832,patch_embedding,44,reports/seediv_eegconformer_dynamics_shuffled_seed44.json,0.05703955367999436,0.5030775025033973,0.5601170561833917,architecture-induced collapse with training reorganization
eegconformer,0.28875,seediv,0,20,0.28,transformer,shuffled,-0.20505547113061384,0.9981766482473585,0.7931211771167447,transformer,44,reports/seediv_eegconformer_dynamics_shuffled_seed44.json,0.33417644865262064,0.22752536988682567,0.5617018185394463,architecture-induced collapse with training reorganization
eegconformer,0.28875,seediv,0,20,0.28,transformer.0,shuffled,-0.2524902904755436,0.9964778313580851,0.7439875408825415,transformer,44,reports/seediv_eegconformer_dynamics_shuffled_seed44.json,0.06729476611115082,0.47544379425649086,0.5427385603676417,architecture-induced collapse with training reorganization
eegconformer,0.28875,seediv,0,20,0.28,transformer.2,shuffled,-0.24709306417954957,0.9966728134668779,0.7495797492873283,transformer,44,reports/seediv_eegconformer_dynamics_shuffled_seed44.json,0.1986319156355053,0.3482289692260925,0.5468608848615978,architecture-induced collapse with training reorganization
eegconformer,0.28875,seediv,0,20,0.28,transformer.5,shuffled,-0.20505547113061384,0.9981766482473585,0.7931211771167447,transformer,44,reports/seediv_eegconformer_dynamics_shuffled_seed44.json,0.33417644865262064,0.22752536988682567,0.5617018185394463,architecture-induced collapse with training reorganization
eegconformer,0.26625,seediv,0,20,0.2275,fc,shuffled,-0.18946966290365974,0.9965735128698671,0.8071038499662073,classifier,45,reports/seediv_eegconformer_dynamics_shuffled_seed45.json,-0.17841986445890848,0.2830244729454259,0.1046046084865174,architecture-induced collapse with training reorganization
eegconformer,0.26625,seediv,0,20,0.2275,final_layer,shuffled,-0.07608537281818639,0.9926052437045799,0.9165198708863935,classifier,45,reports/seediv_eegconformer_dynamics_shuffled_seed45.json,-0.022220904709963518,0.07592774345540375,0.05370683874544023,architecture-induced collapse with training reorganization
eegconformer,0.26625,seediv,0,20,0.2275,logits,shuffled,-0.07608537281818639,0.9926052437045799,0.9165198708863935,classifier,45,reports/seediv_eegconformer_dynamics_shuffled_seed45.json,-0.022220904709963518,0.07592774345540375,0.05370683874544023,architecture-induced collapse with training reorganization
eegconformer,0.26625,seediv,0,20,0.2275,patch_embedding,shuffled,-0.2826251506217825,0.9557048823000801,0.6730797316782976,patch_embedding,45,reports/seediv_eegconformer_dynamics_shuffled_seed45.json,-0.036234670799013435,0.5657448613296616,0.5295101905306482,architecture-induced collapse with training reorganization
eegconformer,0.26625,seediv,0,20,0.2275,patch_embedding.projection,shuffled,-0.2826251506217825,0.9557048823000801,0.6730797316782976,patch_embedding,45,reports/seediv_eegconformer_dynamics_shuffled_seed45.json,-0.036234670799013435,0.5657448613296616,0.5295101905306482,architecture-induced collapse with training reorganization
eegconformer,0.26625,seediv,0,20,0.2275,patch_embedding.shallownet,shuffled,-0.28904180976730753,0.8404765362444874,0.5514347264771798,patch_embedding,45,reports/seediv_eegconformer_dynamics_shuffled_seed45.json,-0.005486754345182754,0.6005587493741505,0.5950719950289678,architecture-induced collapse with training reorganization
eegconformer,0.26625,seediv,0,20,0.2275,transformer,shuffled,-0.18774034414894036,0.9967893417473093,0.8090489975983689,transformer,45,reports/seediv_eegconformer_dynamics_shuffled_seed45.json,0.18279946892210858,0.3163504599992847,0.49914992892139326,architecture-induced collapse with training reorganization
eegconformer,0.26625,seediv,0,20,0.2275,transformer.0,shuffled,-0.2336507773074984,0.992296883888065,0.7586461065805666,transformer,45,reports/seediv_eegconformer_dynamics_shuffled_seed45.json,0.00940839353408196,0.5483040711501322,0.5577124646842142,architecture-induced collapse with training reorganization
eegconformer,0.26625,seediv,0,20,0.2275,transformer.2,shuffled,-0.19909864699016222,0.9959660665290174,0.7968674195388552,transformer,45,reports/seediv_eegconformer_dynamics_shuffled_seed45.json,0.10382421902939698,0.40644537676131887,0.5102695957907158,architecture-induced collapse with training reorganization
eegconformer,0.26625,seediv,0,20,0.2275,transformer.5,shuffled,-0.18774034414894036,0.9967893417473093,0.8090489975983689,transformer,45,reports/seediv_eegconformer_dynamics_shuffled_seed45.json,0.18279946892210858,0.3163504599992847,0.49914992892139326,architecture-induced collapse with training reorganization
eegconformer,0.27375,seediv,0,20,0.27375,fc,shuffled,-0.09266394704079384,0.998918638187884,0.9062546911470901,classifier,46,reports/seediv_eegconformer_dynamics_shuffled_seed46.json,-0.18084612599241823,0.2725970625312924,0.09175093653887417,architecture-induced collapse with training reorganization
eegconformer,0.27375,seediv,0,20,0.27375,final_layer,shuffled,-0.033972183548279467,0.9996446007140402,0.9656724171657607,classifier,46,reports/seediv_eegconformer_dynamics_shuffled_seed46.json,-0.04788632787354266,0.14082342777698303,0.09293709990344037,architecture-induced collapse with training reorganization
eegconformer,0.27375,seediv,0,20,0.27375,logits,shuffled,-0.033972183548279467,0.9996446007140402,0.9656724171657607,classifier,46,reports/seediv_eegconformer_dynamics_shuffled_seed46.json,-0.04788632787354266,0.14082342777698303,0.09293709990344037,architecture-induced collapse with training reorganization
eegconformer,0.27375,seediv,0,20,0.27375,patch_embedding,shuffled,-0.2529502716021844,0.9785393053073314,0.7255890337051469,patch_embedding,46,reports/seediv_eegconformer_dynamics_shuffled_seed46.json,-0.07635453919605184,0.505295277966526,0.4289407387704741,architecture-induced collapse with training reorganization
eegconformer,0.27375,seediv,0,20,0.27375,patch_embedding.projection,shuffled,-0.2529502716021844,0.9785393053073314,0.7255890337051469,patch_embedding,46,reports/seediv_eegconformer_dynamics_shuffled_seed46.json,-0.07635453919605184,0.505295277966526,0.4289407387704741,architecture-induced collapse with training reorganization
eegconformer,0.27375,seediv,0,20,0.27375,patch_embedding.shallownet,shuffled,-0.33541487411761917,0.8891894988430173,0.5537746247253982,patch_embedding,46,reports/seediv_eegconformer_dynamics_shuffled_seed46.json,-0.042991364516440256,0.5387226094194874,0.4957312449030471,architecture-induced collapse with training reorganization
eegconformer,0.27375,seediv,0,20,0.27375,transformer,shuffled,-0.15019572122043912,0.9990018334354714,0.8488061122150323,transformer,46,reports/seediv_eegconformer_dynamics_shuffled_seed46.json,0.07379996736642586,0.3279540648916386,0.40175403225806444,architecture-induced collapse with training reorganization
eegconformer,0.27375,seediv,0,20,0.27375,transformer.0,shuffled,-0.1867949900327197,0.9976506000857364,0.8108556100530167,transformer,46,reports/seediv_eegconformer_dynamics_shuffled_seed46.json,-0.017864076693369535,0.4838648545347256,0.4660007778413561,architecture-induced collapse with training reorganization
eegconformer,0.27375,seediv,0,20,0.27375,transformer.2,shuffled,-0.17113548466409723,0.9988335845723193,0.8276980999082221,transformer,46,reports/seediv_eegconformer_dynamics_shuffled_seed46.json,0.06648504119887544,0.37515275194907366,0.4416377931479491,architecture-induced collapse with training reorganization
eegconformer,0.27375,seediv,0,20,0.27375,transformer.5,shuffled,-0.15019572122043912,0.9990018334354714,0.8488061122150323,transformer,46,reports/seediv_eegconformer_dynamics_shuffled_seed46.json,0.07379996736642586,0.3279540648916386,0.40175403225806444,architecture-induced collapse with training reorganization
tsception,0.35125,seediv,0,20,0.31125,batch_spatial_lay,true,-0.1374774025987937,0.72399112933413,0.5865137267353363,spatial_asymmetry,41,reports/seediv_tsception_dynamics_true_seed41.json,-0.2901010858486517,0.37600929386309984,0.08590820801444816,multi-branch fusion-induced reorganization
tsception,0.35125,seediv,0,20,0.31125,batch_temporal_lay,true,0.06655728207299694,0.5122279340364669,0.5787852161094639,temporal_multiscale,41,reports/seediv_tsception_dynamics_true_seed41.json,-0.20352762385398765,0.5530265532045348,0.3494989293505471,multi-branch fusion-induced reorganization
tsception,0.35125,seediv,0,20,0.31125,dense_layer,true,-0.23856121819501042,0.804974854190977,0.5664136359959666,fusion_classifier,41,reports/seediv_tsception_dynamics_true_seed41.json,-0.30381460777126096,0.2813527957585294,-0.02246181201273156,multi-branch fusion-induced reorganization
tsception,0.35125,seediv,0,20,0.31125,final_layer,true,-0.25563894145012,0.9674897841116803,0.7118508426615603,fusion_classifier,41,reports/seediv_tsception_dynamics_true_seed41.json,-0.12897972024533294,0.07115540733853085,-0.05782431290680208,multi-branch fusion-induced reorganization
tsception,0.35125,seediv,0,20,0.31125,logits,true,-0.25563894145012,0.9674897841116803,0.7118508426615603,fusion_classifier,41,reports/seediv_tsception_dynamics_true_seed41.json,-0.12897972024533294,0.07115540733853085,-0.05782431290680208,multi-branch fusion-induced reorganization
tsception,0.35125,seediv,0,20,0.31125,spatial_block_1,true,0.0341053662703209,0.736609356862306,0.7707147231326269,spatial_asymmetry,41,reports/seediv_tsception_dynamics_true_seed41.json,-0.33435886202703663,0.41901097918603813,0.08465211715900149,multi-branch fusion-induced reorganization
tsception,0.35125,seediv,0,20,0.31125,spatial_block_2,true,-0.13850487372738507,0.8592721145424259,0.7207672408150408,spatial_asymmetry,41,reports/seediv_tsception_dynamics_true_seed41.json,-0.1935831552642872,0.2882059692618553,0.09462281399756811,multi-branch fusion-induced reorganization
tsception,0.35125,seediv,0,20,0.31125,temporal_blocks.0,true,-0.042044144334893785,0.5558547280409992,0.5138105837061054,temporal_multiscale,41,reports/seediv_tsception_dynamics_true_seed41.json,0.0046774528824833905,0.4237465801802445,0.4284240330627279,multi-branch fusion-induced reorganization
tsception,0.35125,seediv,0,20,0.31125,temporal_blocks.1,true,-0.031640453710576666,0.6104653176753049,0.5788248639647282,temporal_multiscale,41,reports/seediv_tsception_dynamics_true_seed41.json,-0.19943300282526283,0.5957954880730991,0.3963624852478363,multi-branch fusion-induced reorganization
tsception,0.35125,seediv,0,20,0.31125,temporal_blocks.2,true,-0.05786307790556744,0.6405663357059855,0.5827032578004181,temporal_multiscale,41,reports/seediv_tsception_dynamics_true_seed41.json,-0.0827475122487662,0.5904171509548672,0.507669638706101,multi-branch fusion-induced reorganization
tsception,0.3325,seediv,0,20,0.30625,batch_spatial_lay,true,-0.04916170504989936,0.6697053503053582,0.6205436452554588,spatial_asymmetry,42,reports/seediv_tsception_dynamics_true_seed42.json,-0.30227401249910585,0.46128724921321784,0.159013236714112,multi-branch fusion-induced reorganization
tsception,0.3325,seediv,0,20,0.30625,batch_temporal_lay,true,0.10555101910394504,0.5207619027236076,0.6263129218275526,temporal_multiscale,42,reports/seediv_tsception_dynamics_true_seed42.json,-0.26102191143337383,0.5949584816000285,0.3339365701666547,multi-branch fusion-induced reorganization
tsception,0.3325,seediv,0,20,0.30625,dense_layer,true,-0.18778386114769874,0.7814738158067002,0.5936899546590014,fusion_classifier,42,reports/seediv_tsception_dynamics_true_seed42.json,-0.27333662649309776,0.31603070685215645,0.042694080359058716,multi-branch fusion-induced reorganization
tsception,0.3325,seediv,0,20,0.30625,final_layer,true,-0.30699371193155556,0.9885539349745687,0.6815602230430131,fusion_classifier,42,reports/seediv_tsception_dynamics_true_seed42.json,-0.024173409448537294,0.03585168040555038,0.011678270957013088,multi-branch fusion-induced reorganization
tsception,0.3325,seediv,0,20,0.30625,logits,true,-0.30699371193155556,0.9885539349745687,0.6815602230430131,fusion_classifier,42,reports/seediv_tsception_dynamics_true_seed42.json,-0.024173409448537294,0.03585168040555038,0.011678270957013088,multi-branch fusion-induced reorganization
tsception,0.3325,seediv,0,20,0.30625,spatial_block_1,true,0.10825131068319427,0.6461255062765755,0.7543768169597698,spatial_asymmetry,42,reports/seediv_tsception_dynamics_true_seed42.json,-0.11311721041055717,0.24575818298047347,0.1326409725699163,multi-branch fusion-induced reorganization
tsception,0.3325,seediv,0,20,0.30625,spatial_block_2,true,-0.05386861909823093,0.8170620242939141,0.7631934051956831,spatial_asymmetry,42,reports/seediv_tsception_dynamics_true_seed42.json,-0.33166677097489444,0.45521977371075023,0.12355300273585579,multi-branch fusion-induced reorganization
tsception,0.3325,seediv,0,20,0.30625,temporal_blocks.0,true,-0.1269532437447159,0.5933858961260869,0.46643265238137105,temporal_multiscale,42,reports/seediv_tsception_dynamics_true_seed42.json,-0.2942164302385565,0.5683857668442885,0.27416933660573206,multi-branch fusion-induced reorganization
tsception,0.3325,seediv,0,20,0.30625,temporal_blocks.1,true,-0.019660966793932533,0.505506029598466,0.4858450628045335,temporal_multiscale,42,reports/seediv_tsception_dynamics_true_seed42.json,-0.18847733244503906,0.5738007177536721,0.3853233853086331,multi-branch fusion-induced reorganization
tsception,0.3325,seediv,0,20,0.30625,temporal_blocks.2,true,-0.10343382888158159,0.6449215419518092,0.5414877130702276,temporal_multiscale,42,reports/seediv_tsception_dynamics_true_seed42.json,-0.05043994975323651,0.5669893851477004,0.5165494353944639,multi-branch fusion-induced reorganization
tsception,0.35625,seediv,0,20,0.31625,batch_spatial_lay,true,-0.047240507759304995,0.6619790668077918,0.6147385590484868,spatial_asymmetry,43,reports/seediv_tsception_dynamics_true_seed43.json,-0.15689595477791285,0.3026678282132894,0.14577187343537656,multi-branch fusion-induced reorganization
tsception,0.35625,seediv,0,20,0.31625,batch_temporal_lay,true,0.08552570853653219,0.5136975211044011,0.5992232296409333,temporal_multiscale,43,reports/seediv_tsception_dynamics_true_seed43.json,-0.1952003393981127,0.5247230016538154,0.32952266225570265,multi-branch fusion-induced reorganization
tsception,0.35625,seediv,0,20,0.31625,dense_layer,true,-0.1581900612281263,0.8010920649178803,0.642902003689754,fusion_classifier,43,reports/seediv_tsception_dynamics_true_seed43.json,-0.15574445899792572,0.20430488251913306,0.048560423521207347,multi-branch fusion-induced reorganization
tsception,0.35625,seediv,0,20,0.31625,final_layer,true,-0.3078752407235962,0.987383516658051,0.6795082759344548,fusion_classifier,43,reports/seediv_tsception_dynamics_true_seed43.json,-0.09147505990272511,0.09425065714183534,0.0027755972391102206,multi-branch fusion-induced reorganization
tsception,0.35625,seediv,0,20,0.31625,logits,true,-0.3078752407235962,0.987383516658051,0.6795082759344548,fusion_classifier,43,reports/seediv_tsception_dynamics_true_seed43.json,-0.09147505990272511,0.09425065714183534,0.0027755972391102206,multi-branch fusion-induced reorganization
tsception,0.35625,seediv,0,20,0.31625,spatial_block_1,true,0.2673118014422356,0.4726736168545315,0.7399854182967671,spatial_asymmetry,43,reports/seediv_tsception_dynamics_true_seed43.json,-0.1358217290429869,0.2588298740254631,0.1230081449824762,multi-branch fusion-induced reorganization
tsception,0.35625,seediv,0,20,0.31625,spatial_block_2,true,-0.010172661409383221,0.7639987389342532,0.75382607752487,spatial_asymmetry,43,reports/seediv_tsception_dynamics_true_seed43.json,-0.1740468314140619,0.3002289938130319,0.12618216239897,multi-branch fusion-induced reorganization
tsception,0.35625,seediv,0,20,0.31625,temporal_blocks.0,true,-0.07846501094449598,0.5387557714838355,0.4602907605393395,temporal_multiscale,43,reports/seediv_tsception_dynamics_true_seed43.json,0.02072324717473717,0.31072998623131387,0.33145323340605104,multi-branch fusion-induced reorganization
tsception,0.35625,seediv,0,20,0.31625,temporal_blocks.1,true,-0.013635021269490899,0.5630548881583703,0.5494198668888794,temporal_multiscale,43,reports/seediv_tsception_dynamics_true_seed43.json,-0.025158853980401963,0.5034146900257491,0.47825583604534716,multi-branch fusion-induced reorganization
tsception,0.35625,seediv,0,20,0.31625,temporal_blocks.2,true,-0.014496293201644028,0.6763319956985263,0.6618357024968823,temporal_multiscale,43,reports/seediv_tsception_dynamics_true_seed43.json,-0.01858017130391243,0.5880418626171231,0.5694616913132107,multi-branch fusion-induced reorganization
tsception,0.35125,seediv,0,20,0.315,batch_spatial_lay,true,-0.10990271163952436,0.7737596237350778,0.6638569120955534,spatial_asymmetry,44,reports/seediv_tsception_dynamics_true_seed44.json,-0.3382344007045275,0.44303395009298324,0.10479954938845575,multi-branch fusion-induced reorganization
tsception,0.35125,seediv,0,20,0.315,batch_temporal_lay,true,0.0005630062223992427,0.6128575013514884,0.6134205075738877,temporal_multiscale,44,reports/seediv_tsception_dynamics_true_seed44.json,-0.33844181389027966,0.5745073559652385,0.23606554207495883,multi-branch fusion-induced reorganization
tsception,0.35125,seediv,0,20,0.315,dense_layer,true,-0.17386885966542476,0.822879427172037,0.6490105675066122,fusion_classifier,44,reports/seediv_tsception_dynamics_true_seed44.json,-0.3287194227880695,0.32658782454760027,-0.0021315982404692077,multi-branch fusion-induced reorganization
tsception,0.35125,seediv,0,20,0.315,final_layer,true,-0.170680434189169,0.9817396475983151,0.8110592134091461,fusion_classifier,44,reports/seediv_tsception_dynamics_true_seed44.json,-0.1214854534725699,0.08097633618839853,-0.04050911728417137,multi-branch fusion-induced reorganization
tsception,0.35125,seediv,0,20,0.315,logits,true,-0.170680434189169,0.9817396475983151,0.8110592134091461,fusion_classifier,44,reports/seediv_tsception_dynamics_true_seed44.json,-0.1214854534725699,0.08097633618839853,-0.04050911728417137,multi-branch fusion-induced reorganization
tsception,0.35125,seediv,0,20,0.315,spatial_block_1,true,-0.027987055614152156,0.8264342198865459,0.7984471642723937,spatial_asymmetry,44,reports/seediv_tsception_dynamics_true_seed44.json,-0.30228922287390025,0.384262280058651,0.08197305718475072,multi-branch fusion-induced reorganization
tsception,0.35125,seediv,0,20,0.315,spatial_block_2,true,-0.10107123141357077,0.8531812295710369,0.7521099981574662,spatial_asymmetry,44,reports/seediv_tsception_dynamics_true_seed44.json,-0.2993510165581861,0.40295984282240177,0.1036088262642157,multi-branch fusion-induced reorganization
tsception,0.35125,seediv,0,20,0.315,temporal_blocks.0,true,-0.1679360109167371,0.6042760426878137,0.43634003177107655,temporal_multiscale,44,reports/seediv_tsception_dynamics_true_seed44.json,-0.031693850859228295,0.25888947572511767,0.22719562486588937,multi-branch fusion-induced reorganization
tsception,0.35125,seediv,0,20,0.315,temporal_blocks.1,true,-0.07711529764268243,0.632087691135271,0.5549723934925885,temporal_multiscale,44,reports/seediv_tsception_dynamics_true_seed44.json,-0.0915636175881554,0.5515654057292039,0.4600017881410485,multi-branch fusion-induced reorganization
tsception,0.35125,seediv,0,20,0.315,temporal_blocks.2,true,-0.0708286524392685,0.7304196263882311,0.6595909739489626,temporal_multiscale,44,reports/seediv_tsception_dynamics_true_seed44.json,-0.04049071060725262,0.5513930959874114,0.5109023853801588,multi-branch fusion-induced reorganization
tsception,0.325,seediv,0,20,0.295,batch_spatial_lay,true,-0.0121814674587859,0.6622979048226055,0.6501164373638196,spatial_asymmetry,45,reports/seediv_tsception_dynamics_true_seed45.json,-0.3509117465025446,0.473013125159293,0.12210137865674843,multi-branch fusion-induced reorganization
tsception,0.325,seediv,0,20,0.295,batch_temporal_lay,true,0.0403754102291225,0.5523777159956619,0.5927531262247844,temporal_multiscale,45,reports/seediv_tsception_dynamics_true_seed45.json,-0.3113495994564051,0.5911369447822044,0.27978734532579924,multi-branch fusion-induced reorganization
tsception,0.325,seediv,0,20,0.295,dense_layer,true,-0.12098829067390127,0.7410047038337491,0.6200164131598478,fusion_classifier,45,reports/seediv_tsception_dynamics_true_seed45.json,-0.3348287966704813,0.3325159368070953,-0.0023128598633860237,multi-branch fusion-induced reorganization
tsception,0.325,seediv,0,20,0.295,final_layer,true,-0.22720495313851485,0.9837201083934856,0.7565151552549707,fusion_classifier,45,reports/seediv_tsception_dynamics_true_seed45.json,-0.16346596497031685,0.1351850837744081,-0.028280881195908728,multi-branch fusion-induced reorganization
tsception,0.325,seediv,0,20,0.295,logits,true,-0.22720495313851485,0.9837201083934856,0.7565151552549707,fusion_classifier,45,reports/seediv_tsception_dynamics_true_seed45.json,-0.16346596497031685,0.1351850837744081,-0.028280881195908728,multi-branch fusion-induced reorganization
tsception,0.325,seediv,0,20,0.295,spatial_block_1,true,-0.031060519044352364,0.7506581398956842,0.7195976208513318,spatial_asymmetry,45,reports/seediv_tsception_dynamics_true_seed45.json,-0.3598713208997925,0.42197921509548664,0.062107894195694145,multi-branch fusion-induced reorganization
tsception,0.325,seediv,0,20,0.295,spatial_block_2,true,0.04635804882926087,0.7595882932237105,0.8059463420529713,spatial_asymmetry,45,reports/seediv_tsception_dynamics_true_seed45.json,-0.2671665452220871,0.3886025901223088,0.12143604490022171,multi-branch fusion-induced reorganization
tsception,0.325,seediv,0,20,0.295,temporal_blocks.0,true,-0.02152062509888819,0.5262012713817467,0.5046806462828585,temporal_multiscale,45,reports/seediv_tsception_dynamics_true_seed45.json,-0.38944687209427076,0.526656869143838,0.13720999704956724,multi-branch fusion-induced reorganization
tsception,0.325,seediv,0,20,0.295,temporal_blocks.1,true,-0.08256421200776443,0.6630177059082423,0.5804534939004778,temporal_multiscale,45,reports/seediv_tsception_dynamics_true_seed45.json,-0.14372251204020597,0.45836902537372143,0.31464651333351545,multi-branch fusion-induced reorganization
tsception,0.325,seediv,0,20,0.295,temporal_blocks.2,true,-0.05127902572778442,0.6672987147557689,0.6160196890279844,temporal_multiscale,45,reports/seediv_tsception_dynamics_true_seed45.json,-0.005225618696802825,0.5404599769329804,0.5352343582361776,multi-branch fusion-induced reorganization
tsception,0.32,seediv,0,20,0.295,batch_spatial_lay,true,-0.032592127954753525,0.5132341631802421,0.48064203522548854,spatial_asymmetry,46,reports/seediv_tsception_dynamics_true_seed46.json,-0.20921434670266786,0.2972014586760603,0.08798711197339244,multi-branch fusion-induced reorganization
tsception,0.32,seediv,0,20,0.295,batch_temporal_lay,true,0.07143162931463132,0.5226408290956349,0.5940724584102662,temporal_multiscale,46,reports/seediv_tsception_dynamics_true_seed46.json,-0.21931024694227874,0.554949507367141,0.33563926042486225,multi-branch fusion-induced reorganization
tsception,0.32,seediv,0,20,0.295,dense_layer,true,-0.31725143500704306,0.6918832647468646,0.3746318297398215,fusion_classifier,46,reports/seediv_tsception_dynamics_true_seed46.json,-0.22289370395536795,0.23390410423074168,0.01101040027537372,multi-branch fusion-induced reorganization
tsception,0.32,seediv,0,20,0.295,final_layer,true,-0.5029395594172987,0.9822825525388821,0.4793429931215834,fusion_classifier,46,reports/seediv_tsception_dynamics_true_seed46.json,-0.08317648728631713,0.08303628585222801,-0.00014020143408912094,multi-branch fusion-induced reorganization
tsception,0.32,seediv,0,20,0.295,logits,true,-0.5029395594172987,0.9822825525388821,0.4793429931215834,fusion_classifier,46,reports/seediv_tsception_dynamics_true_seed46.json,-0.08317648728631713,0.08303628585222801,-0.00014020143408912094,multi-branch fusion-induced reorganization
tsception,0.32,seediv,0,20,0.295,spatial_block_1,true,-0.001688665339003581,0.6795030722661587,0.6778144069271551,spatial_asymmetry,46,reports/seediv_tsception_dynamics_true_seed46.json,-0.2672944755382304,0.3045625089407052,0.03726803340247478,multi-branch fusion-induced reorganization
tsception,0.32,seediv,0,20,0.295,spatial_block_2,true,0.12019496698307475,0.6054870019445251,0.7256819689275998,spatial_asymmetry,46,reports/seediv_tsception_dynamics_true_seed46.json,-0.12805459194621271,0.24200584722122878,0.11395125527501608,multi-branch fusion-induced reorganization
tsception,0.32,seediv,0,20,0.295,temporal_blocks.0,true,-0.11843764300247595,0.575908357879379,0.45747071487690305,temporal_multiscale,46,reports/seediv_tsception_dynamics_true_seed46.json,-0.0815787050282526,0.42721654611615756,0.34563784108790496,multi-branch fusion-induced reorganization
tsception,0.32,seediv,0,20,0.295,temporal_blocks.1,true,-0.009215462960952991,0.5564047883231111,0.5471893253621581,temporal_multiscale,46,reports/seediv_tsception_dynamics_true_seed46.json,-0.0498429077430701,0.5447900681750849,0.4949471604320148,multi-branch fusion-induced reorganization
tsception,0.32,seediv,0,20,0.295,temporal_blocks.2,true,-0.030348834559967286,0.6740078407211577,0.6436590061611904,temporal_multiscale,46,reports/seediv_tsception_dynamics_true_seed46.json,-0.023769699064161376,0.5629706011813203,0.5392009021171589,multi-branch fusion-induced reorganization
tsception,0.29,seediv,0,20,0.26375,batch_spatial_lay,shuffled,-0.02968164083814928,0.72399112933413,0.6943094884959807,spatial_asymmetry,41,reports/seediv_tsception_dynamics_shuffled_seed41.json,-0.272427580287533,0.37600929386309984,0.10358171357556682,multi-branch fusion-induced reorganization
tsception,0.29,seediv,0,20,0.26375,batch_temporal_lay,shuffled,0.0682087720912008,0.5122279340364669,0.5804367061276677,temporal_multiscale,41,reports/seediv_tsception_dynamics_shuffled_seed41.json,-0.2061304307883986,0.5530265532045348,0.34689612241613615,multi-branch fusion-induced reorganization
tsception,0.29,seediv,0,20,0.26375,dense_layer,shuffled,-0.2039253311021968,0.804974854190977,0.6010495230887802,fusion_classifier,41,reports/seediv_tsception_dynamics_shuffled_seed41.json,-0.26298404978184675,0.2813527957585294,0.018368745976682636,multi-branch fusion-induced reorganization
tsception,0.29,seediv,0,20,0.26375,final_layer,shuffled,-0.3128902349719114,0.9674897841116803,0.6545995491397689,fusion_classifier,41,reports/seediv_tsception_dynamics_shuffled_seed41.json,-0.11771886846434444,0.07115540733853085,-0.046563461125813596,multi-branch fusion-induced reorganization
tsception,0.29,seediv,0,20,0.26375,logits,shuffled,-0.3128902349719114,0.9674897841116803,0.6545995491397689,fusion_classifier,41,reports/seediv_tsception_dynamics_shuffled_seed41.json,-0.11771886846434444,0.07115540733853085,-0.046563461125813596,multi-branch fusion-induced reorganization
tsception,0.29,seediv,0,20,0.26375,spatial_block_1,shuffled,0.09541531082984078,0.736609356862306,0.8320246676921468,spatial_asymmetry,41,reports/seediv_tsception_dynamics_shuffled_seed41.json,-0.31696783804806516,0.41901097918603813,0.10204314113797294,multi-branch fusion-induced reorganization
tsception,0.29,seediv,0,20,0.26375,spatial_block_2,shuffled,-0.18106215406568904,0.8592721145424259,0.6782099604767369,spatial_asymmetry,41,reports/seediv_tsception_dynamics_shuffled_seed41.json,-0.20238084275087614,0.2882059692618553,0.08582512651097918,multi-branch fusion-induced reorganization
tsception,0.29,seediv,0,20,0.26375,temporal_blocks.0,shuffled,-0.024652323001459808,0.5558547280409992,0.5312024050395394,temporal_multiscale,41,reports/seediv_tsception_dynamics_shuffled_seed41.json,-0.02645904486445888,0.4237465801802445,0.39728753531578564,multi-branch fusion-induced reorganization
tsception,0.29,seediv,0,20,0.26375,temporal_blocks.1,shuffled,-0.022845891310508404,0.6104653176753049,0.5876194263647965,temporal_multiscale,41,reports/seediv_tsception_dynamics_shuffled_seed41.json,-0.07984858915671267,0.5957954880730991,0.5159468989163865,multi-branch fusion-induced reorganization
tsception,0.29,seediv,0,20,0.26375,temporal_blocks.2,shuffled,-0.03854853976475103,0.6405663357059855,0.6020177959412345,temporal_multiscale,41,reports/seediv_tsception_dynamics_shuffled_seed41.json,-0.10972074824762179,0.5904171509548672,0.48069640270724545,multi-branch fusion-induced reorganization
tsception,0.25875,seediv,0,20,0.25125,batch_spatial_lay,shuffled,-0.0783567659426716,0.6697053503053582,0.5913485843626866,spatial_asymmetry,42,reports/seediv_tsception_dynamics_shuffled_seed42.json,-0.2679130717581002,0.46128724921321784,0.19337417745511762,multi-branch fusion-induced reorganization
tsception,0.25875,seediv,0,20,0.25125,batch_temporal_lay,shuffled,0.10790132631108817,0.5207619027236076,0.6286632290346957,temporal_multiscale,42,reports/seediv_tsception_dynamics_shuffled_seed42.json,-0.22026275615120516,0.5949584816000285,0.37469572544882335,multi-branch fusion-induced reorganization
tsception,0.25875,seediv,0,20,0.25125,dense_layer,shuffled,-0.14610126050549188,0.7814738158067002,0.6353725553012083,fusion_classifier,42,reports/seediv_tsception_dynamics_shuffled_seed42.json,-0.283000064820113,0.31603070685215645,0.033030642032043485,multi-branch fusion-induced reorganization
tsception,0.25875,seediv,0,20,0.25125,final_layer,shuffled,-0.2743902527696729,0.9885539349745687,0.7141636822048958,fusion_classifier,42,reports/seediv_tsception_dynamics_shuffled_seed42.json,-0.04777323912810241,0.03585168040555038,-0.011921558722552033,multi-branch fusion-induced reorganization
tsception,0.25875,seediv,0,20,0.25125,logits,shuffled,-0.2743902527696729,0.9885539349745687,0.7141636822048958,fusion_classifier,42,reports/seediv_tsception_dynamics_shuffled_seed42.json,-0.04777323912810241,0.03585168040555038,-0.011921558722552033,multi-branch fusion-induced reorganization
tsception,0.25875,seediv,0,20,0.25125,spatial_block_1,shuffled,0.10253925976789047,0.6461255062765755,0.748664766044466,spatial_asymmetry,42,reports/seediv_tsception_dynamics_shuffled_seed42.json,-0.16638002020599385,0.24575818298047347,0.07937816277447964,multi-branch fusion-induced reorganization
tsception,0.25875,seediv,0,20,0.25125,spatial_block_2,shuffled,-0.08913211954142586,0.8170620242939141,0.7279299047524882,spatial_asymmetry,42,reports/seediv_tsception_dynamics_shuffled_seed42.json,-0.30491031355053283,0.45521977371075023,0.1503094601602174,multi-branch fusion-induced reorganization
tsception,0.25875,seediv,0,20,0.25125,temporal_blocks.0,shuffled,-0.05162994932509768,0.5933858961260869,0.5417559468009893,temporal_multiscale,42,reports/seediv_tsception_dynamics_shuffled_seed42.json,-0.1865532687218367,0.5683857668442885,0.38183249812245185,multi-branch fusion-induced reorganization
tsception,0.25875,seediv,0,20,0.25125,temporal_blocks.1,shuffled,-0.00888789506783405,0.505506029598466,0.49661813453063197,temporal_multiscale,42,reports/seediv_tsception_dynamics_shuffled_seed42.json,-0.14545520643473936,0.5738007177536721,0.4283455113189328,multi-branch fusion-induced reorganization
tsception,0.25875,seediv,0,20,0.25125,temporal_blocks.2,shuffled,-0.10567995092231519,0.6449215419518092,0.539241591029494,temporal_multiscale,42,reports/seediv_tsception_dynamics_shuffled_seed42.json,-0.12710173628495813,0.5669893851477004,0.43988764886274223,multi-branch fusion-induced reorganization
tsception,0.27125,seediv,0,20,0.26,batch_spatial_lay,shuffled,-0.007068954303701691,0.6619790668077918,0.6549101125040901,spatial_asymmetry,43,reports/seediv_tsception_dynamics_shuffled_seed43.json,-0.18190733182533436,0.3026678282132894,0.12076049638795507,multi-branch fusion-induced reorganization
tsception,0.27125,seediv,0,20,0.26,batch_temporal_lay,shuffled,0.056153085287698024,0.5136975211044011,0.5698506063920992,temporal_multiscale,43,reports/seediv_tsception_dynamics_shuffled_seed43.json,-0.18118080599542186,0.5247230016538154,0.3435421956583935,multi-branch fusion-induced reorganization
tsception,0.27125,seediv,0,20,0.26,dense_layer,shuffled,-0.1211348757014048,0.8010920649178803,0.6799571892164755,fusion_classifier,43,reports/seediv_tsception_dynamics_shuffled_seed43.json,-0.18228360140547883,0.20430488251913306,0.022021281113654242,multi-branch fusion-induced reorganization
tsception,0.27125,seediv,0,20,0.26,final_layer,shuffled,-0.27990759008644994,0.987383516658051,0.7074759265716011,fusion_classifier,43,reports/seediv_tsception_dynamics_shuffled_seed43.json,-0.11353869760746726,0.09425065714183534,-0.019288040465631925,multi-branch fusion-induced reorganization
tsception,0.27125,seediv,0,20,0.26,logits,shuffled,-0.27990759008644994,0.987383516658051,0.7074759265716011,fusion_classifier,43,reports/seediv_tsception_dynamics_shuffled_seed43.json,-0.11353869760746726,0.09425065714183534,-0.019288040465631925,multi-branch fusion-induced reorganization
tsception,0.27125,seediv,0,20,0.26,spatial_block_1,shuffled,0.3110456827452634,0.4726736168545315,0.7837192995997949,spatial_asymmetry,43,reports/seediv_tsception_dynamics_shuffled_seed43.json,-0.18794168201487732,0.2588298740254631,0.07088819201058578,multi-branch fusion-induced reorganization
tsception,0.27125,seediv,0,20,0.26,spatial_block_2,shuffled,-0.056126270875096695,0.7639987389342532,0.7078724680591565,spatial_asymmetry,43,reports/seediv_tsception_dynamics_shuffled_seed43.json,-0.18735604346970886,0.3002289938130319,0.11287295034332306,multi-branch fusion-induced reorganization
tsception,0.27125,seediv,0,20,0.26,temporal_blocks.0,shuffled,-0.12687281833149533,0.5387557714838355,0.41188295315234014,temporal_multiscale,43,reports/seediv_tsception_dynamics_shuffled_seed43.json,0.11189949753236533,0.31072998623131387,0.4226294837636792,multi-branch fusion-induced reorganization
tsception,0.27125,seediv,0,20,0.26,temporal_blocks.1,shuffled,-0.00876313590802813,0.5630548881583703,0.5542917522503422,temporal_multiscale,43,reports/seediv_tsception_dynamics_shuffled_seed43.json,-0.08229003871325369,0.5034146900257491,0.42112465131249543,multi-branch fusion-induced reorganization
tsception,0.27125,seediv,0,20,0.26,temporal_blocks.2,shuffled,-0.06425979689616923,0.6763319956985263,0.6120721988023571,temporal_multiscale,43,reports/seediv_tsception_dynamics_shuffled_seed43.json,-0.09339155595093335,0.5880418626171231,0.49465030666618975,multi-branch fusion-induced reorganization
tsception,0.26375,seediv,0,20,0.24375,batch_spatial_lay,shuffled,-0.14644396099084012,0.7737596237350778,0.6273156627442377,spatial_asymmetry,44,reports/seediv_tsception_dynamics_shuffled_seed44.json,-0.29684805494957434,0.44303395009298324,0.14618589514340888,multi-branch fusion-induced reorganization
tsception,0.26375,seediv,0,20,0.24375,batch_temporal_lay,shuffled,0.004960430700032825,0.6128575013514884,0.6178179320515212,temporal_multiscale,44,reports/seediv_tsception_dynamics_shuffled_seed44.json,-0.19926547636077535,0.5745073559652385,0.37524187960446315,multi-branch fusion-induced reorganization
tsception,0.26375,seediv,0,20,0.24375,dense_layer,shuffled,-0.1649095218690495,0.822879427172037,0.6579699053029875,fusion_classifier,44,reports/seediv_tsception_dynamics_shuffled_seed44.json,-0.30064345138044485,0.32658782454760027,0.02594437316715542,multi-branch fusion-induced reorganization
tsception,0.26375,seediv,0,20,0.24375,final_layer,shuffled,-0.2250867577737793,0.9817396475983151,0.7566528898245358,fusion_classifier,44,reports/seediv_tsception_dynamics_shuffled_seed44.json,-0.07509845951648665,0.08097633618839853,0.005877876671911879,multi-branch fusion-induced reorganization
tsception,0.26375,seediv,0,20,0.24375,logits,shuffled,-0.2250867577737793,0.9817396475983151,0.7566528898245358,fusion_classifier,44,reports/seediv_tsception_dynamics_shuffled_seed44.json,-0.07509845951648665,0.08097633618839853,0.005877876671911879,multi-branch fusion-induced reorganization
tsception,0.26375,seediv,0,20,0.24375,spatial_block_1,shuffled,-0.03898225924301135,0.8264342198865459,0.7874519606435345,spatial_asymmetry,44,reports/seediv_tsception_dynamics_shuffled_seed44.json,-0.2621164933540061,0.384262280058651,0.12214578670464485,multi-branch fusion-induced reorganization
tsception,0.26375,seediv,0,20,0.24375,spatial_block_2,shuffled,-0.10741745399741698,0.8531812295710369,0.74576377557362,spatial_asymmetry,44,reports/seediv_tsception_dynamics_shuffled_seed44.json,-0.21963718618124595,0.40295984282240177,0.18332265664115582,multi-branch fusion-induced reorganization
tsception,0.26375,seediv,0,20,0.24375,temporal_blocks.0,shuffled,-0.05978672653941819,0.6042760426878137,0.5444893161483955,temporal_multiscale,44,reports/seediv_tsception_dynamics_shuffled_seed44.json,0.029760500134978107,0.25888947572511767,0.2886499758600958,multi-branch fusion-induced reorganization
tsception,0.26375,seediv,0,20,0.24375,temporal_blocks.1,shuffled,-0.06932695451604265,0.632087691135271,0.5627607366192283,temporal_multiscale,44,reports/seediv_tsception_dynamics_shuffled_seed44.json,-0.04152938586295696,0.5515654057292039,0.5100360198662469,multi-branch fusion-induced reorganization
tsception,0.26375,seediv,0,20,0.24375,temporal_blocks.2,shuffled,-0.005429851693016907,0.7304196263882311,0.7249897746952142,temporal_multiscale,44,reports/seediv_tsception_dynamics_shuffled_seed44.json,0.005231195461698035,0.5513930959874114,0.5566242914491094,multi-branch fusion-induced reorganization
tsception,0.26875,seediv,0,20,0.265,batch_spatial_lay,shuffled,-0.055568322352359534,0.6622979048226055,0.606729582470246,spatial_asymmetry,45,reports/seediv_tsception_dynamics_shuffled_seed45.json,-0.36047771996653144,0.473013125159293,0.11253540519276159,multi-branch fusion-induced reorganization
tsception,0.26875,seediv,0,20,0.265,batch_temporal_lay,shuffled,0.031063999482671467,0.5523777159956619,0.5834417154783333,temporal_multiscale,45,reports/seediv_tsception_dynamics_shuffled_seed45.json,-0.3342884092697232,0.5911369447822044,0.25684853551248116,multi-branch fusion-induced reorganization
tsception,0.26875,seediv,0,20,0.265,dense_layer,shuffled,-0.22974459331187325,0.7410047038337491,0.5112601105218758,fusion_classifier,45,reports/seediv_tsception_dynamics_shuffled_seed45.json,-0.3158577042057077,0.3325159368070953,0.016658232601387594,multi-branch fusion-induced reorganization
tsception,0.26875,seediv,0,20,0.265,final_layer,shuffled,-0.2914655274591056,0.9837201083934856,0.69225458093438,fusion_classifier,45,reports/seediv_tsception_dynamics_shuffled_seed45.json,-0.13361292781274584,0.1351850837744081,0.0015721559616622557,multi-branch fusion-induced reorganization
tsception,0.26875,seediv,0,20,0.265,logits,shuffled,-0.2914655274591056,0.9837201083934856,0.69225458093438,fusion_classifier,45,reports/seediv_tsception_dynamics_shuffled_seed45.json,-0.13361292781274584,0.1351850837744081,0.0015721559616622557,multi-branch fusion-induced reorganization
tsception,0.26875,seediv,0,20,0.265,spatial_block_1,shuffled,0.02479177939101873,0.7506581398956842,0.7754499192867029,spatial_asymmetry,45,reports/seediv_tsception_dynamics_shuffled_seed45.json,-0.2957586635433802,0.42197921509548664,0.1262205515521064,multi-branch fusion-induced reorganization
tsception,0.26875,seediv,0,20,0.265,spatial_block_2,shuffled,0.031480989493183675,0.7595882932237105,0.7910692827168941,spatial_asymmetry,45,reports/seediv_tsception_dynamics_shuffled_seed45.json,-0.31371514242543447,0.3886025901223088,0.07488744769687432,multi-branch fusion-induced reorganization
tsception,0.26875,seediv,0,20,0.265,temporal_blocks.0,shuffled,-0.05110827683157937,0.5262012713817467,0.4750929945501673,temporal_multiscale,45,reports/seediv_tsception_dynamics_shuffled_seed45.json,-0.4123512043129962,0.526656869143838,0.11430566483084184,multi-branch fusion-induced reorganization
tsception,0.26875,seediv,0,20,0.265,temporal_blocks.1,shuffled,-0.09508044739317756,0.6630177059082423,0.5679372585150647,temporal_multiscale,45,reports/seediv_tsception_dynamics_shuffled_seed45.json,-0.1380458188791932,0.45836902537372143,0.3203232064945282,multi-branch fusion-induced reorganization
tsception,0.26875,seediv,0,20,0.265,temporal_blocks.2,shuffled,-0.055202235234076746,0.6672987147557689,0.6120964795216921,temporal_multiscale,45,reports/seediv_tsception_dynamics_shuffled_seed45.json,0.01616097292754448,0.5404599769329804,0.5566209498605249,multi-branch fusion-induced reorganization
tsception,0.27125,seediv,0,20,0.25625,batch_spatial_lay,shuffled,0.1472804364397693,0.5132341631802421,0.6605145996200114,spatial_asymmetry,46,reports/seediv_tsception_dynamics_shuffled_seed46.json,-0.1666192287747657,0.2972014586760603,0.1305822299012946,multi-branch fusion-induced reorganization
tsception,0.27125,seediv,0,20,0.25625,batch_temporal_lay,shuffled,0.09425235312757085,0.5226408290956349,0.6168931822232058,temporal_multiscale,46,reports/seediv_tsception_dynamics_shuffled_seed46.json,-0.14433886837493737,0.554949507367141,0.4106106389922036,multi-branch fusion-induced reorganization
tsception,0.27125,seediv,0,20,0.25625,dense_layer,shuffled,-0.010640721128864161,0.6918832647468646,0.6812425436180004,fusion_classifier,46,reports/seediv_tsception_dynamics_shuffled_seed46.json,-0.24725521466633282,0.23390410423074168,-0.013351110435591158,multi-branch fusion-induced reorganization
tsception,0.27125,seediv,0,20,0.25625,final_layer,shuffled,-0.24486716331448866,0.9822825525388821,0.7374153892243934,fusion_classifier,46,reports/seediv_tsception_dynamics_shuffled_seed46.json,-0.1391742252878907,0.08303628585222801,-0.05613793943566268,multi-branch fusion-induced reorganization
tsception,0.27125,seediv,0,20,0.25625,logits,shuffled,-0.24486716331448866,0.9822825525388821,0.7374153892243934,fusion_classifier,46,reports/seediv_tsception_dynamics_shuffled_seed46.json,-0.1391742252878907,0.08303628585222801,-0.05613793943566268,multi-branch fusion-induced reorganization
tsception,0.27125,seediv,0,20,0.25625,spatial_block_1,shuffled,0.14864743703997285,0.6795030722661587,0.8281505093061315,spatial_asymmetry,46,reports/seediv_tsception_dynamics_shuffled_seed46.json,-0.13093260496387954,0.3045625089407052,0.17362990397682565,multi-branch fusion-induced reorganization
tsception,0.27125,seediv,0,20,0.25625,spatial_block_2,shuffled,0.14796641798917576,0.6054870019445251,0.7534534199337009,spatial_asymmetry,46,reports/seediv_tsception_dynamics_shuffled_seed46.json,-0.15368754917387883,0.24200584722122878,0.08831829804734996,multi-branch fusion-induced reorganization
tsception,0.27125,seediv,0,20,0.25625,temporal_blocks.0,shuffled,0.025278721060754905,0.575908357879379,0.6011870789401339,temporal_multiscale,46,reports/seediv_tsception_dynamics_shuffled_seed46.json,-0.028262059896705494,0.42721654611615756,0.39895448621945206,multi-branch fusion-induced reorganization
tsception,0.27125,seediv,0,20,0.25625,temporal_blocks.1,shuffled,-0.046817963517327366,0.5564047883231111,0.5095868248057838,temporal_multiscale,46,reports/seediv_tsception_dynamics_shuffled_seed46.json,-0.02702437276703118,0.5447900681750849,0.5177656954080537,multi-branch fusion-induced reorganization
tsception,0.27125,seediv,0,20,0.25625,temporal_blocks.2,shuffled,-0.044885955959379165,0.6740078407211577,0.6291218847617785,temporal_multiscale,46,reports/seediv_tsception_dynamics_shuffled_seed46.json,-0.08233068137944638,0.5629706011813203,0.48063991980187387,multi-branch fusion-induced reorganization
atcnet,0.35375,seediv,0,20,0.35375,attention_blocks.0,true,-0.05475826347370294,0.8364951829500943,0.7817369194763913,attention,41,reports/seediv_atcnet_dynamics_true_seed41.json,-0.04296797886417281,0.42762062128960726,0.38465264242543445,hybrid convolutional collapse with attention/TCN reorganization
atcnet,0.35375,seediv,0,20,0.35375,attention_blocks.2,true,-0.028463196116857548,0.8432220696315581,0.8147588735147006,attention,41,reports/seediv_atcnet_dynamics_true_seed41.json,-0.03546445846148344,0.3927639407946498,0.3572994823331664,hybrid convolutional collapse with attention/TCN reorganization
atcnet,0.35375,seediv,0,20,0.35375,attention_blocks.4,true,0.00945007633939654,0.8335324700100486,0.8429825463494451,attention,41,reports/seediv_atcnet_dynamics_true_seed41.json,-0.04283485176310703,0.4087923118875616,0.36595746012445457,hybrid convolutional collapse with attention/TCN reorganization
atcnet,0.35375,seediv,0,20,0.35375,conv_block,true,0.6014786584658456,0.13784101480940825,0.7393196732752538,conv_projection,41,reports/seediv_atcnet_dynamics_true_seed41.json,-0.04165486866104001,0.46418161254559753,0.4225267438845575,hybrid convolutional collapse with attention/TCN reorganization
atcnet,0.35375,seediv,0,20,0.35375,final_layer.0,true,0.032888524241352246,0.894211356910208,0.9270998811515603,classifier,41,reports/seediv_atcnet_dynamics_true_seed41.json,-0.10538457297611947,0.20703892783062725,0.10165435485450777,hybrid convolutional collapse with attention/TCN reorganization
atcnet,0.35375,seediv,0,20,0.35375,final_layer.4,true,0.16805355412489498,0.7953036738677118,0.9633572279926068,classifier,41,reports/seediv_atcnet_dynamics_true_seed41.json,-0.15165797555611185,0.26425769794721404,0.11259972239110219,hybrid convolutional collapse with attention/TCN reorganization
atcnet,0.35375,seediv,0,20,0.35375,logits,true,0.0842946724475665,0.8550157429450919,0.9393104153926584,classifier,41,reports/seediv_atcnet_dynamics_true_seed41.json,-0.1682002583863815,0.20734132483370285,0.039141066447321356,hybrid convolutional collapse with attention/TCN reorganization
atcnet,0.35375,seediv,0,20,0.35375,temporal_conv_nets.0,true,-0.035571636411205976,0.8746862968284189,0.8391146604172129,tcn,41,reports/seediv_atcnet_dynamics_true_seed41.json,-0.12912775597239107,0.40622932461912586,0.2771015686467348,hybrid convolutional collapse with attention/TCN reorganization
atcnet,0.35375,seediv,0,20,0.35375,temporal_conv_nets.2,true,-0.019452832392554575,0.8070015923386609,0.7875487599461063,tcn,41,reports/seediv_atcnet_dynamics_true_seed41.json,-0.0689781444460339,0.37727627002717967,0.3082981255811458,hybrid convolutional collapse with attention/TCN reorganization
atcnet,0.35375,seediv,0,20,0.35375,temporal_conv_nets.4,true,0.08606454951580533,0.8015952159421044,0.8876597654579097,tcn,41,reports/seediv_atcnet_dynamics_true_seed41.json,-0.11328335106573206,0.39068748435376577,0.2774041332880337,hybrid convolutional collapse with attention/TCN reorganization
atcnet,0.32125,seediv,0,20,0.3025,attention_blocks.0,true,-0.056920361410500386,0.8448581065314122,0.7879377451209119,attention,42,reports/seediv_atcnet_dynamics_true_seed42.json,-0.06787162041341821,0.4638362778055932,0.395964657392175,hybrid convolutional collapse with attention/TCN reorganization
atcnet,0.32125,seediv,0,20,0.3025,attention_blocks.2,true,0.09103891082084581,0.7692939280299486,0.8603328388507944,attention,42,reports/seediv_atcnet_dynamics_true_seed42.json,-0.0379795950944436,0.43118492284171367,0.3932053277472701,hybrid convolutional collapse with attention/TCN reorganization
atcnet,0.32125,seediv,0,20,0.3025,attention_blocks.4,true,-0.07426266826490702,0.8323746777765975,0.7581120095116904,attention,42,reports/seediv_atcnet_dynamics_true_seed42.json,0.006657349706744864,0.40759761014948853,0.4142549598562334,hybrid convolutional collapse with attention/TCN reorganization
atcnet,0.32125,seediv,0,20,0.3025,conv_block,true,0.5932139758651324,0.13410901173484088,0.7273229875999733,conv_projection,42,reports/seediv_atcnet_dynamics_true_seed42.json,-0.06801067775503356,0.5137439496955242,0.4457332719404906,hybrid convolutional collapse with attention/TCN reorganization
atcnet,0.32125,seediv,0,20,0.3025,final_layer.0,true,0.03120169809657314,0.8977993656082484,0.9290010637048215,classifier,42,reports/seediv_atcnet_dynamics_true_seed42.json,-0.07830705511050712,0.19670816644016878,0.11840111132966166,hybrid convolutional collapse with attention/TCN reorganization
atcnet,0.32125,seediv,0,20,0.3025,final_layer.4,true,-0.007722918244556287,0.8436982630423098,0.8359753447977535,classifier,42,reports/seediv_atcnet_dynamics_true_seed42.json,0.000327285691295337,0.22468163266218436,0.2250089183534797,hybrid convolutional collapse with attention/TCN reorganization
atcnet,0.32125,seediv,0,20,0.3025,logits,true,0.01549038044239337,0.9224133457503502,0.9379037261927435,classifier,42,reports/seediv_atcnet_dynamics_true_seed42.json,-0.1556727657177598,0.21978335553608466,0.06411058981832486,hybrid convolutional collapse with attention/TCN reorganization
atcnet,0.32125,seediv,0,20,0.3025,temporal_conv_nets.0,true,-0.013698887547580751,0.8872166386169049,0.8735177510693242,tcn,42,reports/seediv_atcnet_dynamics_true_seed42.json,-0.18122735766397252,0.474439205439525,0.2932118477755525,hybrid convolutional collapse with attention/TCN reorganization
atcnet,0.32125,seediv,0,20,0.3025,temporal_conv_nets.2,true,0.060799547040989665,0.8181085446233515,0.8789080916643411,tcn,42,reports/seediv_atcnet_dynamics_true_seed42.json,-0.0981971626671912,0.4070539929189614,0.3088568302517702,hybrid convolutional collapse with attention/TCN reorganization
atcnet,0.32125,seediv,0,20,0.3025,temporal_conv_nets.4,true,-0.022566251831659834,0.8051586867859346,0.7825924349542748,tcn,42,reports/seediv_atcnet_dynamics_true_seed42.json,0.020751209230384093,0.3225940003397467,0.3433452095701308,hybrid convolutional collapse with attention/TCN reorganization
atcnet,0.36875,seediv,0,20,0.36875,attention_blocks.0,true,-0.00186039057456433,0.8410890777448211,0.8392286871702568,attention,43,reports/seediv_atcnet_dynamics_true_seed43.json,-0.14973924433159286,0.44247107681853937,0.2927318324869465,hybrid convolutional collapse with attention/TCN reorganization
atcnet,0.36875,seediv,0,20,0.36875,attention_blocks.2,true,-0.06040488832263091,0.8715758478584549,0.811170959535824,attention,43,reports/seediv_atcnet_dynamics_true_seed43.json,-0.11537716365066875,0.4359334208032329,0.32055625715256414,hybrid convolutional collapse with attention/TCN reorganization
atcnet,0.36875,seediv,0,20,0.36875,attention_blocks.4,true,-0.07067986790788405,0.8761211346687843,0.8054412667609002,attention,43,reports/seediv_atcnet_dynamics_true_seed43.json,-0.17229767184035472,0.4767202699198912,0.3044225980795365,hybrid convolutional collapse with attention/TCN reorganization
atcnet,0.36875,seediv,0,20,0.36875,conv_block,true,0.6220377182351216,0.1357591746906484,0.7577968929257699,conv_projection,43,reports/seediv_atcnet_dynamics_true_seed43.json,-0.18856344100922673,0.5473761265288605,0.35881268551963375,hybrid convolutional collapse with attention/TCN reorganization
atcnet,0.36875,seediv,0,20,0.36875,final_layer.0,true,0.0466040449879217,0.8820014244184892,0.9286054694064109,classifier,43,reports/seediv_atcnet_dynamics_true_seed43.json,-0.0708521833202203,0.1519380654996066,0.0810858821793863,hybrid convolutional collapse with attention/TCN reorganization
atcnet,0.36875,seediv,0,20,0.36875,final_layer.4,true,-0.084331991004994,0.8726319243886869,0.7882999333836929,classifier,43,reports/seediv_atcnet_dynamics_true_seed43.json,-0.053511786084686354,0.09758167334239323,0.04406988725770688,hybrid convolutional collapse with attention/TCN reorganization
atcnet,0.36875,seediv,0,20,0.36875,logits,true,0.09542795782066416,0.7085754004567766,0.8040033582774407,classifier,43,reports/seediv_atcnet_dynamics_true_seed43.json,-0.12346875894070522,0.14791838030183818,0.02444962136113296,hybrid convolutional collapse with attention/TCN reorganization
atcnet,0.36875,seediv,0,20,0.36875,temporal_conv_nets.0,true,0.04569766029142708,0.8333598196218515,0.8790574799132785,tcn,43,reports/seediv_atcnet_dynamics_true_seed43.json,-0.22581745985623344,0.46632367141120085,0.2405062115549674,hybrid convolutional collapse with attention/TCN reorganization
atcnet,0.36875,seediv,0,20,0.36875,temporal_conv_nets.2,true,-0.02782892402475723,0.8559101470618077,0.8280812230370505,tcn,43,reports/seediv_atcnet_dynamics_true_seed43.json,-0.09145971541735212,0.33561432703311633,0.2441546116157642,hybrid convolutional collapse with attention/TCN reorganization
atcnet,0.36875,seediv,0,20,0.36875,temporal_conv_nets.4,true,-0.04037206523001213,0.8403668727229845,0.7999948074929724,tcn,43,reports/seediv_atcnet_dynamics_true_seed43.json,-0.22992800497103208,0.43091656757385016,0.20098856260281808,hybrid convolutional collapse with attention/TCN reorganization
atcnet,0.33125,seediv,0,20,0.315,attention_blocks.0,true,-0.06926070288514619,0.8221956342813264,0.7529349313961802,attention,44,reports/seediv_atcnet_dynamics_true_seed44.json,-0.17072556058221872,0.458317895715614,0.28759233513339527,hybrid convolutional collapse with attention/TCN reorganization
atcnet,0.33125,seediv,0,20,0.315,attention_blocks.2,true,-0.10008169496255948,0.8390033071841299,0.7389216122215704,attention,44,reports/seediv_atcnet_dynamics_true_seed44.json,-0.10249922886417279,0.38261468689650235,0.28011545803232957,hybrid convolutional collapse with attention/TCN reorganization
atcnet,0.33125,seediv,0,20,0.315,attention_blocks.4,true,-0.08115673316998029,0.8400753780923094,0.7589186449223291,attention,44,reports/seediv_atcnet_dynamics_true_seed44.json,-0.16290418693226516,0.4482876984836563,0.28538351155139113,hybrid convolutional collapse with attention/TCN reorganization
atcnet,0.33125,seediv,0,20,0.315,conv_block,true,0.6098524396956636,0.12006538356140102,0.7299178232570647,conv_projection,44,reports/seediv_atcnet_dynamics_true_seed44.json,-0.18240468090622985,0.5062060005543236,0.3238013196480938,hybrid convolutional collapse with attention/TCN reorganization
atcnet,0.33125,seediv,0,20,0.315,final_layer.0,true,-0.3273850774766932,0.9353529140700608,0.6079678365933676,classifier,44,reports/seediv_atcnet_dynamics_true_seed44.json,-0.05997577068879192,0.1171954572276661,0.05721968653887418,hybrid convolutional collapse with attention/TCN reorganization
atcnet,0.33125,seediv,0,20,0.315,final_layer.4,true,-0.16884525603491196,0.9667565053677869,0.7979112493328749,classifier,44,reports/seediv_atcnet_dynamics_true_seed44.json,-0.05400351369716043,0.16314184205350116,0.10913832835634073,hybrid convolutional collapse with attention/TCN reorganization
atcnet,0.33125,seediv,0,20,0.315,logits,true,-0.014513933044894456,0.815013519979297,0.8004995869344026,classifier,44,reports/seediv_atcnet_dynamics_true_seed44.json,-0.04348724384879478,0.14593693003004074,0.10244968618124596,hybrid convolutional collapse with attention/TCN reorganization
atcnet,0.33125,seediv,0,20,0.315,temporal_conv_nets.0,true,-0.1035869620945955,0.8922207716322,0.7886338095376045,tcn,44,reports/seediv_atcnet_dynamics_true_seed44.json,-0.22440925407696155,0.4512631093090622,0.22685385523210067,hybrid convolutional collapse with attention/TCN reorganization
atcnet,0.33125,seediv,0,20,0.315,temporal_conv_nets.2,true,-0.0640309924753234,0.77676117901821,0.7127301865428866,tcn,44,reports/seediv_atcnet_dynamics_true_seed44.json,-0.11118661039982833,0.34234122425076885,0.23115461385094052,hybrid convolutional collapse with attention/TCN reorganization
atcnet,0.33125,seediv,0,20,0.315,temporal_conv_nets.4,true,-0.030533543353696846,0.8859910994140867,0.8554575560603899,tcn,44,reports/seediv_atcnet_dynamics_true_seed44.json,-0.15840389412416844,0.40897022074601236,0.2505663266218439,hybrid convolutional collapse with attention/TCN reorganization
atcnet,0.345,seediv,0,20,0.3075,attention_blocks.0,true,-0.025152286960503423,0.8350837156997775,0.809931428739274,attention,45,reports/seediv_atcnet_dynamics_true_seed45.json,-0.10904310984550458,0.4665141531363993,0.35747104329089474,hybrid convolutional collapse with attention/TCN reorganization
atcnet,0.345,seediv,0,20,0.3075,attention_blocks.2,true,-0.11689018684026753,0.8584571018031648,0.7415669149628973,attention,45,reports/seediv_atcnet_dynamics_true_seed45.json,-0.16740835777126095,0.5076516567126814,0.34024329894142047,hybrid convolutional collapse with attention/TCN reorganization
atcnet,0.345,seediv,0,20,0.3075,attention_blocks.4,true,-0.04197392743806594,0.881721029282193,0.839747101844127,attention,45,reports/seediv_atcnet_dynamics_true_seed45.json,-0.19403476146198406,0.5030575535548243,0.3090227920928402,hybrid convolutional collapse with attention/TCN reorganization
atcnet,0.345,seediv,0,20,0.3075,conv_block,true,0.5923139116136416,0.12573631751137554,0.718050229125017,conv_projection,45,reports/seediv_atcnet_dynamics_true_seed45.json,-0.15482164410628713,0.5319009951004935,0.37707935099420636,hybrid convolutional collapse with attention/TCN reorganization
atcnet,0.345,seediv,0,20,0.3075,final_layer.0,true,-0.19499330906092227,0.9824564114996385,0.7874631024387162,classifier,45,reports/seediv_atcnet_dynamics_true_seed45.json,-0.2161481541914026,0.3027063738287676,0.08655821963736499,hybrid convolutional collapse with attention/TCN reorganization
atcnet,0.345,seediv,0,20,0.3075,final_layer.4,true,-0.01665160532778709,0.9438281718365719,0.9271765665087848,classifier,45,reports/seediv_atcnet_dynamics_true_seed45.json,-0.21383294739289033,0.27170239968528714,0.05786945229239682,hybrid convolutional collapse with attention/TCN reorganization
atcnet,0.345,seediv,0,20,0.3075,logits,true,-0.09247805475242221,0.9635567558613165,0.8710787011088943,classifier,45,reports/seediv_atcnet_dynamics_true_seed45.json,-0.19261317815249263,0.2553496262785208,0.06273644812602817,hybrid convolutional collapse with attention/TCN reorganization
atcnet,0.345,seediv,0,20,0.3075,temporal_conv_nets.0,true,-0.10936795389444742,0.8509811612649236,0.7416132073704762,tcn,45,reports/seediv_atcnet_dynamics_true_seed45.json,-0.19188799755024671,0.4758813076675487,0.283993310117302,hybrid convolutional collapse with attention/TCN reorganization
atcnet,0.345,seediv,0,20,0.3075,temporal_conv_nets.2,true,-0.12892707264426473,0.8329866534953586,0.7040595808510939,tcn,45,reports/seediv_atcnet_dynamics_true_seed45.json,-0.1703505762284529,0.4741908102961161,0.3038402340676632,hybrid convolutional collapse with attention/TCN reorganization
atcnet,0.345,seediv,0,20,0.3075,temporal_conv_nets.4,true,0.009857920438387291,0.8646612501730007,0.874519170611388,tcn,45,reports/seediv_atcnet_dynamics_true_seed45.json,-0.2794899774694227,0.4520976906158357,0.17260771314641296,hybrid convolutional collapse with attention/TCN reorganization
atcnet,0.355,seediv,0,20,0.34375,attention_blocks.0,true,-0.06565078935178759,0.8343226938507947,0.7686719044990071,attention,46,reports/seediv_atcnet_dynamics_true_seed46.json,-0.0025482574565481864,0.4106355500321865,0.4080872925756383,hybrid convolutional collapse with attention/TCN reorganization
atcnet,0.355,seediv,0,20,0.34375,attention_blocks.2,true,0.00017635159717388493,0.830407987111349,0.8305843387085229,attention,46,reports/seediv_atcnet_dynamics_true_seed46.json,-0.031469628424290075,0.4179329424755024,0.3864633140512123,hybrid convolutional collapse with attention/TCN reorganization
atcnet,0.355,seediv,0,20,0.34375,attention_blocks.4,true,-0.029548413599156054,0.8833432416957491,0.853794828096593,attention,46,reports/seediv_atcnet_dynamics_true_seed46.json,-0.010328414455332224,0.4428353993813031,0.4325069849259709,hybrid convolutional collapse with attention/TCN reorganization
atcnet,0.355,seediv,0,20,0.34375,conv_block,true,0.6445608897845374,0.13316759235398207,0.7777284821385195,conv_projection,46,reports/seediv_atcnet_dynamics_true_seed46.json,-0.04965987322079962,0.5158551561047134,0.4661952828839138,hybrid convolutional collapse with attention/TCN reorganization
atcnet,0.355,seediv,0,20,0.34375,final_layer.0,true,0.0032907997850251114,0.8461709880060916,0.8494617877911167,classifier,46,reports/seediv_atcnet_dynamics_true_seed46.json,-0.023956597346398684,0.11460019401330375,0.09064359666690507,hybrid convolutional collapse with attention/TCN reorganization
atcnet,0.355,seediv,0,20,0.34375,final_layer.4,true,0.05745081447013778,0.8225209148558817,0.8799717293260195,classifier,46,reports/seediv_atcnet_dynamics_true_seed46.json,0.1091211845540376,0.07138802213718617,0.18050920669122378,hybrid convolutional collapse with attention/TCN reorganization
atcnet,0.355,seediv,0,20,0.34375,logits,true,-0.03819759846252979,0.9297558981359779,0.8915582996734481,classifier,46,reports/seediv_atcnet_dynamics_true_seed46.json,0.03983517262220594,0.0752896958240472,0.11512486844625314,hybrid convolutional collapse with attention/TCN reorganization
atcnet,0.355,seediv,0,20,0.34375,temporal_conv_nets.0,true,0.040922572125715595,0.7325279502737541,0.7734505223994697,tcn,46,reports/seediv_atcnet_dynamics_true_seed46.json,-0.05883794301194478,0.362879208836993,0.3040412658250482,hybrid convolutional collapse with attention/TCN reorganization
atcnet,0.355,seediv,0,20,0.34375,temporal_conv_nets.2,true,0.10979234497248747,0.6974001538559323,0.8071924988284198,tcn,46,reports/seediv_atcnet_dynamics_true_seed46.json,-0.00615242337815608,0.3341391777233388,0.3279867543451827,hybrid convolutional collapse with attention/TCN reorganization
atcnet,0.355,seediv,0,20,0.34375,temporal_conv_nets.4,true,-0.016651371379103108,0.8833962281182608,0.8667448567391577,tcn,46,reports/seediv_atcnet_dynamics_true_seed46.json,0.07870383243330231,0.27776456664401683,0.35646839907731914,hybrid convolutional collapse with attention/TCN reorganization
atcnet,0.2775,seediv,0,20,0.2425,attention_blocks.0,shuffled,-0.0013930912547951424,0.8364951829500943,0.8351020916952991,attention,41,reports/seediv_atcnet_dynamics_shuffled_seed41.json,-0.08235735104785064,0.42762062128960726,0.3452632702417566,hybrid convolutional collapse with attention/TCN reorganization
atcnet,0.2775,seediv,0,20,0.2425,attention_blocks.2,shuffled,-0.06393654437460794,0.8432220696315581,0.7792855252569502,attention,41,reports/seediv_atcnet_dynamics_shuffled_seed41.json,-0.06179514832629995,0.3927639407946498,0.33096879246834987,hybrid convolutional collapse with attention/TCN reorganization
atcnet,0.2775,seediv,0,20,0.2425,attention_blocks.4,shuffled,-0.0219531384776529,0.8335324700100486,0.8115793315323957,attention,41,reports/seediv_atcnet_dynamics_shuffled_seed41.json,-0.10127638625634788,0.4087923118875616,0.3075159256312137,hybrid convolutional collapse with attention/TCN reorganization
atcnet,0.2775,seediv,0,20,0.2425,conv_block,shuffled,0.578731051212715,0.13784101480940825,0.7165720660221232,conv_projection,41,reports/seediv_atcnet_dynamics_shuffled_seed41.json,-0.11539707907159719,0.46418161254559753,0.34878453347400035,hybrid convolutional collapse with attention/TCN reorganization
atcnet,0.2775,seediv,0,20,0.2425,final_layer.0,shuffled,-0.07826558833888986,0.894211356910208,0.8159457685713182,classifier,41,reports/seediv_atcnet_dynamics_shuffled_seed41.json,-0.11978402608897788,0.20703892783062725,0.08725490174164936,hybrid convolutional collapse with attention/TCN reorganization
atcnet,0.2775,seediv,0,20,0.2425,final_layer.4,shuffled,0.039130674408063726,0.7953036738677118,0.8344343482757756,classifier,41,reports/seediv_atcnet_dynamics_shuffled_seed41.json,-0.21081791806737712,0.26425769794721404,0.05343977987983691,hybrid convolutional collapse with attention/TCN reorganization
atcnet,0.2775,seediv,0,20,0.2425,logits,shuffled,-0.024071787427081492,0.8550157429450919,0.8309439555180104,classifier,41,reports/seediv_atcnet_dynamics_shuffled_seed41.json,-0.12879554171733065,0.20734132483370285,0.07854578311637221,hybrid convolutional collapse with attention/TCN reorganization
atcnet,0.2775,seediv,0,20,0.2425,temporal_conv_nets.0,shuffled,-0.05711133772788335,0.8746862968284189,0.8175749591005356,tcn,41,reports/seediv_atcnet_dynamics_shuffled_seed41.json,-0.10816228274086254,0.40622932461912586,0.29806704187826333,hybrid convolutional collapse with attention/TCN reorganization
atcnet,0.2775,seediv,0,20,0.2425,temporal_conv_nets.2,shuffled,0.05076499753768948,0.8070015923386609,0.8577665898763503,tcn,41,reports/seediv_atcnet_dynamics_shuffled_seed41.json,-0.11490803367069591,0.37727627002717967,0.26236823635648376,hybrid convolutional collapse with attention/TCN reorganization
atcnet,0.2775,seediv,0,20,0.2425,temporal_conv_nets.4,shuffled,0.06044826010908466,0.8015952159421044,0.862043476051189,tcn,41,reports/seediv_atcnet_dynamics_shuffled_seed41.json,-0.1338588866139761,0.39068748435376577,0.25682859773978967,hybrid convolutional collapse with attention/TCN reorganization
atcnet,0.265,seediv,0,20,0.2575,attention_blocks.0,shuffled,-0.04569688791413207,0.8448581065314122,0.7991612186172802,attention,42,reports/seediv_atcnet_dynamics_shuffled_seed42.json,-0.07178416243473285,0.4638362778055932,0.3920521153708604,hybrid convolutional collapse with attention/TCN reorganization
atcnet,0.265,seediv,0,20,0.2575,attention_blocks.2,shuffled,0.03438261550029198,0.7692939280299486,0.8036765435302405,attention,42,reports/seediv_atcnet_dynamics_shuffled_seed42.json,-0.04293888804448892,0.43118492284171367,0.38824603479722475,hybrid convolutional collapse with attention/TCN reorganization
atcnet,0.265,seediv,0,20,0.2575,attention_blocks.4,shuffled,-0.03413935381111022,0.8323746777765975,0.7982353239654872,attention,42,reports/seediv_atcnet_dynamics_shuffled_seed42.json,-0.05181895295400901,0.40759761014948853,0.3557786571954795,hybrid convolutional collapse with attention/TCN reorganization
atcnet,0.265,seediv,0,20,0.2575,conv_block,shuffled,0.6064047518810671,0.13410901173484088,0.740513763615908,conv_projection,42,reports/seediv_atcnet_dynamics_shuffled_seed42.json,-0.10924989302933441,0.5137439496955242,0.40449405666618976,hybrid convolutional collapse with attention/TCN reorganization
atcnet,0.265,seediv,0,20,0.2575,final_layer.0,shuffled,-0.1390950145677411,0.8977993656082484,0.7587043510405073,classifier,42,reports/seediv_atcnet_dynamics_shuffled_seed42.json,0.005587963128531576,0.19670816644016878,0.20229612956870036,hybrid convolutional collapse with attention/TCN reorganization
atcnet,0.265,seediv,0,20,0.2575,final_layer.4,shuffled,0.015250116705502581,0.8436982630423098,0.8589483797478124,classifier,42,reports/seediv_atcnet_dynamics_shuffled_seed42.json,-0.13751555682712252,0.22468163266218436,0.08716607583506185,hybrid convolutional collapse with attention/TCN reorganization
atcnet,0.265,seediv,0,20,0.2575,logits,shuffled,-0.10156316619508132,0.9224133457503502,0.8208501795552688,classifier,42,reports/seediv_atcnet_dynamics_shuffled_seed42.json,-0.13413661844646305,0.21978335553608466,0.08564673708962162,hybrid convolutional collapse with attention/TCN reorganization
atcnet,0.265,seediv,0,20,0.2575,temporal_conv_nets.0,shuffled,-0.04967213639426793,0.8872166386169049,0.837544502222637,tcn,42,reports/seediv_atcnet_dynamics_shuffled_seed42.json,-0.08553620762105713,0.474439205439525,0.3889029978184679,hybrid convolutional collapse with attention/TCN reorganization
atcnet,0.265,seediv,0,20,0.2575,temporal_conv_nets.2,shuffled,0.0005837114047260172,0.8181085446233515,0.8186922560280775,tcn,42,reports/seediv_atcnet_dynamics_shuffled_seed42.json,-0.06090443056648309,0.4070539929189614,0.3461495623524783,hybrid convolutional collapse with attention/TCN reorganization
atcnet,0.265,seediv,0,20,0.2575,temporal_conv_nets.4,shuffled,0.04471205966024716,0.8051586867859346,0.8498707464461818,tcn,42,reports/seediv_atcnet_dynamics_shuffled_seed42.json,-0.00021424164938127488,0.3225940003397467,0.32237975869036545,hybrid convolutional collapse with attention/TCN reorganization
atcnet,0.29875,seediv,0,20,0.2975,attention_blocks.0,shuffled,-0.09539027428938751,0.8410890777448211,0.7456988034554336,attention,43,reports/seediv_atcnet_dynamics_shuffled_seed43.json,-0.03141388312710103,0.44247107681853937,0.41105719369143834,hybrid convolutional collapse with attention/TCN reorganization
atcnet,0.29875,seediv,0,20,0.2975,attention_blocks.2,shuffled,-0.10086172284419181,0.8715758478584549,0.7707141250142631,attention,43,reports/seediv_atcnet_dynamics_shuffled_seed43.json,-0.009237491953365262,0.4359334208032329,0.4266959288498676,hybrid convolutional collapse with attention/TCN reorganization
atcnet,0.29875,seediv,0,20,0.2975,attention_blocks.4,shuffled,-0.07749881080401821,0.8761211346687843,0.7986223238647661,attention,43,reports/seediv_atcnet_dynamics_shuffled_seed43.json,-0.04733555807882123,0.4767202699198912,0.42938471184106997,hybrid convolutional collapse with attention/TCN reorganization
atcnet,0.29875,seediv,0,20,0.2975,conv_block,shuffled,0.554525841582798,0.1357591746906484,0.6902850162734464,conv_projection,43,reports/seediv_atcnet_dynamics_shuffled_seed43.json,-0.08745098258350614,0.5473761265288605,0.45992514394535433,hybrid convolutional collapse with attention/TCN reorganization
atcnet,0.29875,seediv,0,20,0.2975,final_layer.0,shuffled,-0.024516133889029956,0.8820014244184892,0.8574852905294592,classifier,43,reports/seediv_atcnet_dynamics_shuffled_seed43.json,-0.019404459623775128,0.1519380654996066,0.13253360587583146,hybrid convolutional collapse with attention/TCN reorganization
atcnet,0.29875,seediv,0,20,0.2975,final_layer.4,shuffled,-0.07169714508703373,0.8726319243886869,0.8009347793016531,classifier,43,reports/seediv_atcnet_dynamics_shuffled_seed43.json,-0.021787984586224163,0.09758167334239323,0.07579368875616907,hybrid convolutional collapse with attention/TCN reorganization
atcnet,0.29875,seediv,0,20,0.2975,logits,shuffled,0.07565597513237976,0.7085754004567766,0.7842313755891563,classifier,43,reports/seediv_atcnet_dynamics_shuffled_seed43.json,-0.10525245198841282,0.14791838030183818,0.042665928313425354,hybrid convolutional collapse with attention/TCN reorganization
atcnet,0.29875,seediv,0,20,0.2975,temporal_conv_nets.0,shuffled,0.0018512963531519544,0.8333598196218515,0.8352111159750034,tcn,43,reports/seediv_atcnet_dynamics_shuffled_seed43.json,-0.10892961876832846,0.46632367141120085,0.3573940526428724,hybrid convolutional collapse with attention/TCN reorganization
atcnet,0.29875,seediv,0,20,0.2975,temporal_conv_nets.2,shuffled,-0.029692192830132913,0.8559101470618077,0.8262179542316748,tcn,43,reports/seediv_atcnet_dynamics_shuffled_seed43.json,0.0033236848222587545,0.33561432703311633,0.3389380118553751,hybrid convolutional collapse with attention/TCN reorganization
atcnet,0.29875,seediv,0,20,0.2975,temporal_conv_nets.4,shuffled,-0.03774304851714638,0.8403668727229845,0.8026238242058381,tcn,43,reports/seediv_atcnet_dynamics_shuffled_seed43.json,-0.05421871647235532,0.43091656757385016,0.37669785110149484,hybrid convolutional collapse with attention/TCN reorganization
atcnet,0.27375,seediv,0,20,0.26125,attention_blocks.0,shuffled,-0.054604080145916,0.8221956342813264,0.7675915541354104,attention,44,reports/seediv_atcnet_dynamics_shuffled_seed44.json,-0.09336972945425936,0.458317895715614,0.3649481662613546,hybrid convolutional collapse with attention/TCN reorganization
atcnet,0.27375,seediv,0,20,0.26125,attention_blocks.2,shuffled,-0.05774769741538177,0.8390033071841299,0.7812556097687481,attention,44,reports/seediv_atcnet_dynamics_shuffled_seed44.json,-0.03930881642943995,0.38261468689650235,0.3433058704670624,hybrid convolutional collapse with attention/TCN reorganization
atcnet,0.27375,seediv,0,20,0.26125,attention_blocks.4,shuffled,-0.014461584860241739,0.8400753780923094,0.8256137932320676,attention,44,reports/seediv_atcnet_dynamics_shuffled_seed44.json,-0.09929102442600668,0.4482876984836563,0.3489966740576496,hybrid convolutional collapse with attention/TCN reorganization
atcnet,0.27375,seediv,0,20,0.26125,conv_block,shuffled,0.5602422587617,0.12006538356140102,0.680307642323101,conv_projection,44,reports/seediv_atcnet_dynamics_shuffled_seed44.json,-0.11379973267291321,0.5062060005543236,0.3924062678814104,hybrid convolutional collapse with attention/TCN reorganization
atcnet,0.27375,seediv,0,20,0.26125,final_layer.0,shuffled,-0.06168050942510128,0.9353529140700608,0.8736724046449595,classifier,44,reports/seediv_atcnet_dynamics_shuffled_seed44.json,0.018447602996924398,0.1171954572276661,0.1356430602245905,hybrid convolutional collapse with attention/TCN reorganization
atcnet,0.27375,seediv,0,20,0.26125,final_layer.4,shuffled,-0.08648276210635464,0.9667565053677869,0.8802737432614323,classifier,44,reports/seediv_atcnet_dynamics_shuffled_seed44.json,-0.08682011524569057,0.16314184205350116,0.07632172680781059,hybrid convolutional collapse with attention/TCN reorganization
atcnet,0.27375,seediv,0,20,0.26125,logits,shuffled,0.023850886681247574,0.815013519979297,0.8388644066605446,classifier,44,reports/seediv_atcnet_dynamics_shuffled_seed44.json,-0.08538059464630568,0.14593693003004074,0.06055633538373506,hybrid convolutional collapse with attention/TCN reorganization
atcnet,0.27375,seediv,0,20,0.26125,temporal_conv_nets.0,shuffled,-0.0837066667001587,0.8922207716322,0.8085141049320413,tcn,44,reports/seediv_atcnet_dynamics_shuffled_seed44.json,-0.14061491848689678,0.4512631093090622,0.31064819082216544,hybrid convolutional collapse with attention/TCN reorganization
atcnet,0.27375,seediv,0,20,0.26125,temporal_conv_nets.2,shuffled,-0.011339075715804836,0.77676117901821,0.7654221033024051,tcn,44,reports/seediv_atcnet_dynamics_shuffled_seed44.json,-0.025671715184893806,0.34234122425076885,0.31666950906587504,hybrid convolutional collapse with attention/TCN reorganization
atcnet,0.27375,seediv,0,20,0.26125,temporal_conv_nets.4,shuffled,-0.03421720377399762,0.8859910994140867,0.8517738956400891,tcn,44,reports/seediv_atcnet_dynamics_shuffled_seed44.json,-0.15412268212216573,0.40897022074601236,0.2548475386238466,hybrid convolutional collapse with attention/TCN reorganization
atcnet,0.24875,seediv,0,20,0.20875,attention_blocks.0,shuffled,-0.11281701183740378,0.8350837156997775,0.7222667038623737,attention,45,reports/seediv_atcnet_dynamics_shuffled_seed45.json,-0.06949732002360343,0.4665141531363993,0.3970168331127959,hybrid convolutional collapse with attention/TCN reorganization
atcnet,0.24875,seediv,0,20,0.20875,attention_blocks.2,shuffled,-0.12545303010179754,0.8584571018031648,0.7330040717013673,attention,45,reports/seediv_atcnet_dynamics_shuffled_seed45.json,-0.13554724939203205,0.5076516567126814,0.37210440732064937,hybrid convolutional collapse with attention/TCN reorganization
atcnet,0.24875,seediv,0,20,0.20875,attention_blocks.4,shuffled,-0.11325938733327323,0.881721029282193,0.7684616419489197,attention,45,reports/seediv_atcnet_dynamics_shuffled_seed45.json,-0.15520532329590153,0.5030575535548243,0.34785223025892276,hybrid convolutional collapse with attention/TCN reorganization
atcnet,0.24875,seediv,0,20,0.20875,conv_block,shuffled,0.574707112686293,0.12573631751137554,0.7004434301976686,conv_projection,45,reports/seediv_atcnet_dynamics_shuffled_seed45.json,-0.12953956485587587,0.5319009951004935,0.4023614302446176,hybrid convolutional collapse with attention/TCN reorganization
atcnet,0.24875,seediv,0,20,0.20875,final_layer.0,shuffled,-0.1662396615032663,0.9824564114996385,0.8162167499963722,classifier,45,reports/seediv_atcnet_dynamics_shuffled_seed45.json,-0.21181799182819538,0.3027063738287676,0.09088838200057218,hybrid convolutional collapse with attention/TCN reorganization
atcnet,0.24875,seediv,0,20,0.20875,final_layer.4,shuffled,-0.06487337613017086,0.9438281718365719,0.878954795706401,classifier,45,reports/seediv_atcnet_dynamics_shuffled_seed45.json,-0.13986425774265074,0.27170239968528714,0.1318381419426364,hybrid convolutional collapse with attention/TCN reorganization
atcnet,0.24875,seediv,0,20,0.20875,logits,shuffled,-0.15627305327424168,0.9635567558613165,0.8072837025870748,classifier,45,reports/seediv_atcnet_dynamics_shuffled_seed45.json,-0.17074847113940345,0.2553496262785208,0.08460115513911735,hybrid convolutional collapse with attention/TCN reorganization
atcnet,0.24875,seediv,0,20,0.20875,temporal_conv_nets.0,shuffled,-0.10604090368212626,0.8509811612649236,0.7449402575827974,tcn,45,reports/seediv_atcnet_dynamics_shuffled_seed45.json,-0.11021121298548026,0.4758813076675487,0.36567009468206846,hybrid convolutional collapse with attention/TCN reorganization
atcnet,0.24875,seediv,0,20,0.20875,temporal_conv_nets.2,shuffled,-0.032224631771551215,0.8329866534953586,0.8007620217238074,tcn,45,reports/seediv_atcnet_dynamics_shuffled_seed45.json,-0.16726807810600097,0.4741908102961161,0.3069227321901151,hybrid convolutional collapse with attention/TCN reorganization
atcnet,0.24875,seediv,0,20,0.20875,temporal_conv_nets.4,shuffled,-0.050093734574701565,0.8646612501730007,0.8145675155982991,tcn,45,reports/seediv_atcnet_dynamics_shuffled_seed45.json,-0.14139109550461337,0.4520976906158357,0.31070659511122234,hybrid convolutional collapse with attention/TCN reorganization
atcnet,0.2775,seediv,0,20,0.27125,attention_blocks.0,shuffled,0.04103639287449057,0.8343226938507947,0.8753590867252853,attention,46,reports/seediv_atcnet_dynamics_shuffled_seed46.json,-0.008864540487505845,0.4106355500321865,0.40177100954468065,hybrid convolutional collapse with attention/TCN reorganization
atcnet,0.2775,seediv,0,20,0.27125,attention_blocks.2,shuffled,-0.013799560158090807,0.830407987111349,0.8166084269532582,attention,46,reports/seediv_atcnet_dynamics_shuffled_seed46.json,-0.03214248354910232,0.4179329424755024,0.38579045892640007,hybrid convolutional collapse with attention/TCN reorganization
atcnet,0.2775,seediv,0,20,0.27125,attention_blocks.4,shuffled,-0.059769089323730595,0.8833432416957491,0.8235741523720185,attention,46,reports/seediv_atcnet_dynamics_shuffled_seed46.json,-0.01619004139546526,0.4428353993813031,0.42664535798583786,hybrid convolutional collapse with attention/TCN reorganization
atcnet,0.2775,seediv,0,20,0.27125,conv_block,shuffled,0.6035032326415564,0.13316759235398207,0.7366708249955385,conv_projection,46,reports/seediv_atcnet_dynamics_shuffled_seed46.json,-0.07735807748015161,0.5158551561047134,0.43849707862456183,hybrid convolutional collapse with attention/TCN reorganization
atcnet,0.2775,seediv,0,20,0.27125,final_layer.0,shuffled,0.09109665951418033,0.8461709880060916,0.9372676475202719,classifier,46,reports/seediv_atcnet_dynamics_shuffled_seed46.json,0.0937213003361705,0.11460019401330375,0.20832149434947425,hybrid convolutional collapse with attention/TCN reorganization
atcnet,0.2775,seediv,0,20,0.27125,final_layer.4,shuffled,0.07767122753649791,0.8225209148558817,0.9001921423923797,classifier,46,reports/seediv_atcnet_dynamics_shuffled_seed46.json,0.058664191581431935,0.07138802213718617,0.1300522137186181,hybrid convolutional collapse with attention/TCN reorganization
atcnet,0.2775,seediv,0,20,0.27125,logits,shuffled,-0.06075956811970251,0.9297558981359779,0.8689963300162754,classifier,46,reports/seediv_atcnet_dynamics_shuffled_seed46.json,0.007122126470495385,0.0752896958240472,0.08241182229454258,hybrid convolutional collapse with attention/TCN reorganization
atcnet,0.2775,seediv,0,20,0.27125,temporal_conv_nets.0,shuffled,0.15889968388167508,0.7325279502737541,0.8914276341554291,tcn,46,reports/seediv_atcnet_dynamics_shuffled_seed46.json,-0.01611496182318861,0.362879208836993,0.34676424701380437,hybrid convolutional collapse with attention/TCN reorganization
atcnet,0.2775,seediv,0,20,0.27125,temporal_conv_nets.2,shuffled,0.15578833306681317,0.6974001538559323,0.8531884869227455,tcn,46,reports/seediv_atcnet_dynamics_shuffled_seed46.json,0.014712623381732348,0.3341391777233388,0.34885180110507114,hybrid convolutional collapse with attention/TCN reorganization
atcnet,0.2775,seediv,0,20,0.27125,temporal_conv_nets.4,shuffled,-0.0038608569231084466,0.8833962281182608,0.8795353711951523,tcn,46,reports/seediv_atcnet_dynamics_shuffled_seed46.json,0.0888830823975395,0.27776456664401683,0.36664764904155633,hybrid convolutional collapse with attention/TCN reorganization
eegnet,0.7847222222222222,p300,0,20,0.7430555555555556,bnorm_1,true,0.0912428132793031,0.009608970200316147,0.10085178347961925,early_filtering,41,reports/p300_eegnet_dynamics_true_seed41.json,-0.2580169404012588,0.8544643623489019,0.5964474219476431,progressive collapse
eegnet,0.7847222222222222,p300,0,20,0.7430555555555556,bnorm_2,true,0.6552193825916028,0.02285042522029983,0.6780698078119026,separable_body,41,reports/p300_eegnet_dynamics_true_seed41.json,-0.4403309625563263,0.7164965287711893,0.276165566214863,progressive collapse
eegnet,0.7847222222222222,p300,0,20,0.7430555555555556,bnorm_temporal,true,0.004641718677856035,0.007610611030629136,0.012252329708485171,early_filtering,41,reports/p300_eegnet_dynamics_true_seed41.json,-0.14305812352478353,0.9262542803626348,0.7831961568378513,progressive collapse
eegnet,0.7847222222222222,p300,0,20,0.7430555555555556,conv_separable_depth,true,0.2026546667852087,0.021671705635973666,0.22432637242118236,separable_body,41,reports/p300_eegnet_dynamics_true_seed41.json,-0.2530373252092124,0.7203901388491523,0.46735281363993986,progressive collapse
eegnet,0.7847222222222222,p300,0,20,0.7430555555555556,conv_separable_point,true,0.263915639936433,0.02285042526579918,0.2867660652022322,separable_body,41,reports/p300_eegnet_dynamics_true_seed41.json,-0.4402511667620341,0.7164965287711893,0.2762453620091552,progressive collapse
eegnet,0.7847222222222222,p300,0,20,0.7430555555555556,conv_spatial,true,0.00376682354503427,0.00960897021974283,0.0133757937647771,early_filtering,41,reports/p300_eegnet_dynamics_true_seed41.json,-0.25013117132179374,0.8544643623489019,0.6043331910271081,progressive collapse
eegnet,0.7847222222222222,p300,0,20,0.7430555555555556,conv_temporal,true,0.004751241997591912,0.00761061105475698,0.012361853052348892,early_filtering,41,reports/p300_eegnet_dynamics_true_seed41.json,-0.1551939208967068,0.9262555067095956,0.7710615858128888,progressive collapse
eegnet,0.7847222222222222,p300,0,20,0.7430555555555556,elu_1,true,0.08234980702170859,0.009707002703238597,0.09205680972494719,other,41,reports/p300_eegnet_dynamics_true_seed41.json,-0.2763196113923807,0.8640479570042825,0.5877283456119018,progressive collapse
eegnet,0.7847222222222222,p300,0,20,0.7430555555555556,elu_2,true,0.657374427114321,0.02290121467978348,0.6802756417941045,other,41,reports/p300_eegnet_dynamics_true_seed41.json,-0.45024663975531276,0.7275194907374293,0.2772728509821165,progressive collapse
eegnet,0.7847222222222222,p300,0,20,0.7430555555555556,final_layer.conv_classifier,true,0.36306762286655025,0.6164480392194898,0.97951566208604,classifier,41,reports/p300_eegnet_dynamics_true_seed41.json,-0.16319849259709604,0.21221659081968383,0.04901809822258779,progressive collapse
eegnet,0.7847222222222222,p300,0,20,0.7430555555555556,logits,true,0.36306762286655025,0.6164480392194898,0.97951566208604,classifier,41,reports/p300_eegnet_dynamics_true_seed41.json,-0.16319849259709604,0.21221659081968383,0.04901809822258779,progressive collapse
eegnet,0.7847222222222222,p300,0,20,0.7430555555555556,pool_1,true,0.10068325498374218,0.015333462692883604,0.11601671767662579,other,41,reports/p300_eegnet_dynamics_true_seed41.json,-0.24216521923771595,0.8300049956190543,0.5878397763813383,progressive collapse
eegnet,0.7847222222222222,p300,0,20,0.7430555555555556,pool_2,true,0.6709440734509656,0.14430445022353663,0.8152485236745023,separable_body,41,reports/p300_eegnet_dynamics_true_seed41.json,-0.3325572205135541,0.5654922752306701,0.23293505471711604,progressive collapse
eegnet,0.7916666666666666,p300,0,20,0.7638888888888888,bnorm_1,true,0.04579849698907432,0.008529873673085218,0.054328370662159536,early_filtering,42,reports/p300_eegnet_dynamics_true_seed42.json,-0.09562670651671179,0.7855397581582252,0.6899130516415134,progressive collapse
eegnet,0.7916666666666666,p300,0,20,0.7638888888888888,bnorm_2,true,0.4034189288222101,0.021089815060974633,0.4245087438831847,separable_body,42,reports/p300_eegnet_dynamics_true_seed42.json,-0.4672009781131535,0.7879916382054215,0.32079066009226803,progressive collapse
eegnet,0.7916666666666666,p300,0,20,0.7638888888888888,bnorm_temporal,true,0.004173889737190826,0.006564808548755125,0.01073869828594595,early_filtering,42,reports/p300_eegnet_dynamics_true_seed42.json,-0.13265590354767187,0.9146749159573706,0.7820190124096987,progressive collapse
eegnet,0.7916666666666666,p300,0,20,0.7638888888888888,conv_separable_depth,true,0.066613714161155,0.02006943183932531,0.08668314600048031,separable_body,42,reports/p300_eegnet_dynamics_true_seed42.json,-0.3007557578141763,0.7650621379014375,0.4643063800872612,progressive collapse
eegnet,0.7916666666666666,p300,0,20,0.7638888888888888,conv_separable_point,true,0.07724317928604348,0.021089815066853326,0.0983329943528968,separable_body,42,reports/p300_eegnet_dynamics_true_seed42.json,-0.4760054717116085,0.7879916382054215,0.311986166493813,progressive collapse
eegnet,0.7916666666666666,p300,0,20,0.7638888888888888,conv_spatial,true,0.0022374493321145536,0.00852987370138521,0.010767323033499764,early_filtering,42,reports/p300_eegnet_dynamics_true_seed42.json,-0.02823733656821026,0.7855397581582252,0.7573024215900149,progressive collapse
eegnet,0.7916666666666666,p300,0,20,0.7638888888888888,conv_temporal,true,0.004877359267141137,0.00656480855266991,0.011442167819811047,early_filtering,42,reports/p300_eegnet_dynamics_true_seed42.json,-0.16067574967813458,0.9146749159573706,0.753999166279236,progressive collapse
eegnet,0.7916666666666666,p300,0,20,0.7638888888888888,elu_1,true,0.03639056336163431,0.008652556547738183,0.04504311990937249,other,42,reports/p300_eegnet_dynamics_true_seed42.json,-0.1218886010478506,0.7883391410664472,0.6664505400185966,progressive collapse
eegnet,0.7916666666666666,p300,0,20,0.7638888888888888,elu_2,true,0.4110238212155827,0.021107031917892562,0.4321308531334752,other,42,reports/p300_eegnet_dynamics_true_seed42.json,-0.46397086894714246,0.792026991989128,0.3280561230419855,progressive collapse
eegnet,0.7916666666666666,p300,0,20,0.7638888888888888,final_layer.conv_classifier,true,0.2251174220528369,0.6807147718181438,0.9058321938709807,classifier,42,reports/p300_eegnet_dynamics_true_seed42.json,-0.22433552678635285,0.27014992445104064,0.045814397664687784,progressive collapse
eegnet,0.7916666666666666,p300,0,20,0.7638888888888888,logits,true,0.2251174220528369,0.6807147718181438,0.9058321938709807,classifier,42,reports/p300_eegnet_dynamics_true_seed42.json,-0.22433552678635285,0.27014992445104064,0.045814397664687784,progressive collapse
eegnet,0.7916666666666666,p300,0,20,0.7638888888888888,pool_1,true,0.05043070765649295,0.013653801669087366,0.06408450932558031,other,42,reports/p300_eegnet_dynamics_true_seed42.json,-0.15031511515628349,0.8062283523174306,0.6559132371611471,progressive collapse
eegnet,0.7916666666666666,p300,0,20,0.7638888888888888,pool_2,true,0.5375217003140227,0.1517192031692462,0.6892409034832688,separable_body,42,reports/p300_eegnet_dynamics_true_seed42.json,-0.3803980513732923,0.603110080198126,0.22271202882483365,progressive collapse
eegnet,0.8333333333333334,p300,0,20,0.8333333333333334,bnorm_1,true,0.09477290993321785,0.010380723009994909,0.10515363294321277,early_filtering,43,reports/p300_eegnet_dynamics_true_seed43.json,-0.16150668632375442,0.763102836903112,0.6015961505793576,progressive collapse
eegnet,0.8333333333333334,p300,0,20,0.8333333333333334,bnorm_2,true,0.616150452200772,0.022869308164323768,0.6390197603650958,separable_body,43,reports/p300_eegnet_dynamics_true_seed43.json,-0.3592561892032043,0.6683597829196766,0.3091035937164723,progressive collapse
eegnet,0.8333333333333334,p300,0,20,0.8333333333333334,bnorm_temporal,true,0.0006945993638526639,0.008010636428139085,0.008705235791991749,early_filtering,43,reports/p300_eegnet_dynamics_true_seed43.json,-0.1402915087547426,0.9478413978899974,0.8075498891352548,progressive collapse
eegnet,0.8333333333333334,p300,0,20,0.8333333333333334,conv_separable_depth,true,0.0997347722661232,0.01962756011091558,0.11936233237703879,separable_body,43,reports/p300_eegnet_dynamics_true_seed43.json,-0.3761015284135612,0.7369456986267076,0.36084417021314635,progressive collapse
eegnet,0.8333333333333334,p300,0,20,0.8333333333333334,conv_separable_point,true,0.12852354316976194,0.022869308230641604,0.15139285140040354,separable_body,43,reports/p300_eegnet_dynamics_true_seed43.json,-0.35235907213360984,0.6683597829196766,0.31600071078606673,progressive collapse
eegnet,0.8333333333333334,p300,0,20,0.8333333333333334,conv_spatial,true,0.00023353473970721787,0.010380723011633211,0.01061425775134043,early_filtering,43,reports/p300_eegnet_dynamics_true_seed43.json,-0.1158279002616931,0.763103488560098,0.6472755882984049,progressive collapse
eegnet,0.8333333333333334,p300,0,20,0.8333333333333334,conv_temporal,true,0.0011361643183805635,0.008010636429812281,0.009146800748192845,early_filtering,43,reports/p300_eegnet_dynamics_true_seed43.json,-0.15680321437308176,0.9478413978899974,0.7910381835169157,progressive collapse
eegnet,0.8333333333333334,p300,0,20,0.8333333333333334,elu_1,true,0.07369433242738606,0.010302158795710158,0.08399649122309621,other,43,reports/p300_eegnet_dynamics_true_seed43.json,-0.1943421429082326,0.7739452091230955,0.5796030662148629,progressive collapse
eegnet,0.8333333333333334,p300,0,20,0.8333333333333334,elu_2,true,0.6236389483380541,0.022837637506106585,0.6464765858441607,other,43,reports/p300_eegnet_dynamics_true_seed43.json,-0.3582201514555467,0.6790170700414847,0.320796918585938,progressive collapse
eegnet,0.8333333333333334,p300,0,20,0.8333333333333334,final_layer.conv_classifier,true,0.31231392127867497,0.6355887510159243,0.9479026722945992,classifier,43,reports/p300_eegnet_dynamics_true_seed43.json,-0.23056542137543806,0.2793355267863529,0.0487701054109148,progressive collapse
eegnet,0.8333333333333334,p300,0,20,0.8333333333333334,logits,true,0.31231392127867497,0.6355887510159243,0.9479026722945992,classifier,43,reports/p300_eegnet_dynamics_true_seed43.json,-0.23056542137543806,0.2793355267863529,0.0487701054109148,progressive collapse
eegnet,0.8333333333333334,p300,0,20,0.8333333333333334,pool_1,true,0.09160550419219413,0.01696703270035747,0.1085725368925516,other,43,reports/p300_eegnet_dynamics_true_seed43.json,-0.20898972265932336,0.7878694858200413,0.578879763160718,progressive collapse
eegnet,0.8333333333333334,p300,0,20,0.8333333333333334,pool_2,true,0.6235450066085164,0.16634164410711944,0.7898866507156359,separable_body,43,reports/p300_eegnet_dynamics_true_seed43.json,-0.19753363940347607,0.5025922457263428,0.3050586063228667,progressive collapse
eegnet,0.8819444444444444,p300,0,20,0.8819444444444444,bnorm_1,true,0.1481389196887028,0.008539558914591745,0.15667847860329454,early_filtering,44,reports/p300_eegnet_dynamics_true_seed44.json,-0.2677372751412631,0.8115698090265359,0.5438325338852728,progressive collapse
eegnet,0.8819444444444444,p300,0,20,0.8819444444444444,bnorm_2,true,0.5333737654497197,0.01997317455837917,0.5533469400080989,separable_body,44,reports/p300_eegnet_dynamics_true_seed44.json,-0.19040734970674483,0.6226985618875616,0.43229121218081673,progressive collapse
eegnet,0.8819444444444444,p300,0,20,0.8819444444444444,bnorm_temporal,true,0.002451219252322955,0.006845708324803653,0.009296927577126609,early_filtering,44,reports/p300_eegnet_dynamics_true_seed44.json,-0.14451175926257054,0.9030490375330804,0.7585372782705099,progressive collapse
eegnet,0.8819444444444444,p300,0,20,0.8819444444444444,conv_separable_depth,true,0.21839554271559164,0.0174403675090081,0.23583591022459974,separable_body,44,reports/p300_eegnet_dynamics_true_seed44.json,-0.19679957397539516,0.6990998497961518,0.5023002758207566,progressive collapse
eegnet,0.8819444444444444,p300,0,20,0.8819444444444444,conv_separable_point,true,0.2415794344094147,0.01997317457194159,0.2615526089813563,separable_body,44,reports/p300_eegnet_dynamics_true_seed44.json,-0.19035680119447818,0.6226985618875616,0.4323417606930834,progressive collapse
eegnet,0.8819444444444444,p300,0,20,0.8819444444444444,conv_spatial,true,0.0013183405172851152,0.008539558893038642,0.009857899410323757,early_filtering,44,reports/p300_eegnet_dynamics_true_seed44.json,-0.18324377726915098,0.8115698090265359,0.6283260317573849,progressive collapse
eegnet,0.8819444444444444,p300,0,20,0.8819444444444444,conv_temporal,true,0.0016431627459382384,0.006845708337377814,0.008488871083316052,early_filtering,44,reports/p300_eegnet_dynamics_true_seed44.json,-0.13414080940204554,0.9030490375330804,0.7689082281310349,progressive collapse
eegnet,0.8819444444444444,p300,0,20,0.8819444444444444,elu_1,true,0.14393824033146674,0.008644364846371263,0.152582605177838,other,44,reports/p300_eegnet_dynamics_true_seed44.json,-0.2939999485909448,0.8268198470245331,0.5328198984335883,progressive collapse
eegnet,0.8819444444444444,p300,0,20,0.8819444444444444,elu_2,true,0.5156997155919235,0.019947434635991572,0.5356471502279151,other,44,reports/p300_eegnet_dynamics_true_seed44.json,-0.19272452346041047,0.6300307783777983,0.43730625491738784,progressive collapse
eegnet,0.8819444444444444,p300,0,20,0.8819444444444444,final_layer.conv_classifier,true,0.3365899480224426,0.6224999067697413,0.9590898547921839,classifier,44,reports/p300_eegnet_dynamics_true_seed44.json,-0.054970931994130834,0.16537453778055525,0.11040360578642441,progressive collapse
eegnet,0.8819444444444444,p300,0,20,0.8819444444444444,logits,true,0.3365899480224426,0.6224999067697413,0.9590898547921839,classifier,44,reports/p300_eegnet_dynamics_true_seed44.json,-0.054970931994130834,0.16537453778055525,0.11040360578642441,progressive collapse
eegnet,0.8819444444444444,p300,0,20,0.8819444444444444,pool_1,true,0.1713535207809055,0.01574589511233234,0.18709941589323784,other,44,reports/p300_eegnet_dynamics_true_seed44.json,-0.2695052772512695,0.790317026232029,0.5208117489807595,progressive collapse
eegnet,0.8819444444444444,p300,0,20,0.8819444444444444,pool_2,true,0.5492831758975167,0.15706325729477685,0.7063464331922936,separable_body,44,reports/p300_eegnet_dynamics_true_seed44.json,-0.0967766857699735,0.4325827015234961,0.3358060157535226,progressive collapse
eegnet,0.7430555555555556,p300,0,20,0.7430555555555556,bnorm_1,true,0.10170696560497769,0.009857645549332104,0.1115646111543098,early_filtering,45,reports/p300_eegnet_dynamics_true_seed45.json,-0.2124779052821686,0.8338017666833558,0.6213238614011872,progressive collapse
eegnet,0.7430555555555556,p300,0,20,0.7430555555555556,bnorm_2,true,0.4669460746215504,0.022049668607184807,0.48899574322873524,separable_body,45,reports/p300_eegnet_dynamics_true_seed45.json,-0.5305653594026449,0.7114708242436162,0.1809054648409713,progressive collapse
eegnet,0.7430555555555556,p300,0,20,0.7430555555555556,bnorm_temporal,true,0.004210562448232542,0.0070006231567242665,0.011211185604956809,early_filtering,45,reports/p300_eegnet_dynamics_true_seed45.json,-0.1341731859309062,0.9096754412238036,0.7755022552928974,progressive collapse
eegnet,0.7430555555555556,p300,0,20,0.7430555555555556,conv_separable_depth,true,0.07970208161450892,0.020525302317463977,0.1002273839319729,separable_body,45,reports/p300_eegnet_dynamics_true_seed45.json,-0.4764018802303125,0.7919148531936198,0.31551297296330727,progressive collapse
eegnet,0.7430555555555556,p300,0,20,0.7430555555555556,conv_separable_point,true,0.0964480221485744,0.022049668583469628,0.11849769073204403,separable_body,45,reports/p300_eegnet_dynamics_true_seed45.json,-0.5312414951541377,0.7114708242436162,0.18022932908947856,progressive collapse
eegnet,0.7430555555555556,p300,0,20,0.7430555555555556,conv_spatial,true,0.003377124239671731,0.009857645550505651,0.013234769790177382,early_filtering,45,reports/p300_eegnet_dynamics_true_seed45.json,-0.04809792083899578,0.8338017666833558,0.78570384584436,progressive collapse
eegnet,0.7430555555555556,p300,0,20,0.7430555555555556,conv_temporal,true,0.003866264696019298,0.007000623137987979,0.010866887834007277,early_filtering,45,reports/p300_eegnet_dynamics_true_seed45.json,-0.14267673539088765,0.9096754412238036,0.766998705832916,progressive collapse
eegnet,0.7430555555555556,p300,0,20,0.7430555555555556,elu_1,true,0.09239835928718157,0.010885578177520559,0.10328393746470213,other,45,reports/p300_eegnet_dynamics_true_seed45.json,-0.2621251274050497,0.8728010670731706,0.610675939668121,progressive collapse
eegnet,0.7430555555555556,p300,0,20,0.7430555555555556,elu_2,true,0.4800468705580405,0.022021909173424514,0.502068779731465,other,45,reports/p300_eegnet_dynamics_true_seed45.json,-0.5255193767434374,0.7162523804627707,0.19073300371933335,progressive collapse
eegnet,0.7430555555555556,p300,0,20,0.7430555555555556,final_layer.conv_classifier,true,0.30976587831158486,0.6414015540999431,0.951167432411528,classifier,45,reports/p300_eegnet_dynamics_true_seed45.json,-0.059177622755882966,0.16062706753808736,0.1014494447822044,progressive collapse
eegnet,0.7430555555555556,p300,0,20,0.7430555555555556,logits,true,0.30976587831158486,0.6414015540999431,0.951167432411528,classifier,45,reports/p300_eegnet_dynamics_true_seed45.json,-0.059177622755882966,0.16062706753808736,0.1014494447822044,progressive collapse
eegnet,0.7430555555555556,p300,0,20,0.7430555555555556,pool_1,true,0.1088010374580256,0.01853485756621615,0.12733589502424175,other,45,reports/p300_eegnet_dynamics_true_seed45.json,-0.24229958291610043,0.8427827498033044,0.6004831668872039,progressive collapse
eegnet,0.7430555555555556,p300,0,20,0.7430555555555556,pool_2,true,0.5606138529411204,0.15729281961737698,0.7179066725584974,separable_body,45,reports/p300_eegnet_dynamics_true_seed45.json,-0.3145346921715184,0.4879493598455045,0.17341466767398608,progressive collapse
eegnet,0.8125,p300,0,20,0.7916666666666666,bnorm_1,true,0.0327528414638813,0.008455207189610738,0.041208048653492035,early_filtering,46,reports/p300_eegnet_dynamics_true_seed46.json,-0.048872149000853904,0.7886319904821498,0.7397598414812959,progressive collapse
eegnet,0.8125,p300,0,20,0.7916666666666666,bnorm_2,true,0.5709015638024921,0.023025156551861443,0.5939267203543536,separable_body,46,reports/p300_eegnet_dynamics_true_seed46.json,-0.33633937352478355,0.6716764604642013,0.3353370869394177,progressive collapse
eegnet,0.8125,p300,0,20,0.7916666666666666,bnorm_temporal,true,0.006051373392920998,0.006673621461272896,0.012724994854193894,early_filtering,46,reports/p300_eegnet_dynamics_true_seed46.json,-0.10641972811315359,0.8819853841821041,0.7755656560689506,progressive collapse
eegnet,0.8125,p300,0,20,0.7916666666666666,conv_separable_depth,true,0.05161163697489879,0.02228325668635264,0.07389489366125143,separable_body,46,reports/p300_eegnet_dynamics_true_seed46.json,-0.18457539473213647,0.7114294623059866,0.5268540675738501,progressive collapse
eegnet,0.8125,p300,0,20,0.7916666666666666,conv_separable_point,true,0.05980313524317348,0.023025156472540713,0.0828282917157142,separable_body,46,reports/p300_eegnet_dynamics_true_seed46.json,-0.34893916297117505,0.6716764604642013,0.3227372974930262,progressive collapse
eegnet,0.8125,p300,0,20,0.7916666666666666,conv_spatial,true,0.006666236701915931,0.008455207183739075,0.015121443885655006,early_filtering,46,reports/p300_eegnet_dynamics_true_seed46.json,-0.04227974584447125,0.7886257375764032,0.746345991731932,progressive collapse
eegnet,0.8125,p300,0,20,0.7916666666666666,conv_temporal,true,0.005361165732351112,0.0066736214703913095,0.012034787202742422,early_filtering,46,reports/p300_eegnet_dynamics_true_seed46.json,-0.12154025687201009,0.8819857945660232,0.7604455376940131,progressive collapse
eegnet,0.8125,p300,0,20,0.7916666666666666,elu_1,true,0.02702120070233232,0.008930668975434437,0.03595186967776676,other,46,reports/p300_eegnet_dynamics_true_seed46.json,-0.07155466570703095,0.8157904812781631,0.7442358155711322,progressive collapse
eegnet,0.8125,p300,0,20,0.7916666666666666,elu_2,true,0.5674571214215024,0.02305707674457635,0.5905141981660788,other,46,reports/p300_eegnet_dynamics_true_seed46.json,-0.32576061932265216,0.677211829894142,0.3514512105714898,progressive collapse
eegnet,0.8125,p300,0,20,0.7916666666666666,final_layer.conv_classifier,true,0.29394680607991464,0.6588223695584425,0.9527691756383572,classifier,46,reports/p300_eegnet_dynamics_true_seed46.json,-0.19412949940991342,0.20659980509262568,0.01247030568271225,progressive collapse
eegnet,0.8125,p300,0,20,0.7916666666666666,logits,true,0.29394680607991464,0.6588223695584425,0.9527691756383572,classifier,46,reports/p300_eegnet_dynamics_true_seed46.json,-0.19412949940991342,0.20659980509262568,0.01247030568271225,progressive collapse
eegnet,0.8125,p300,0,20,0.7916666666666666,pool_1,true,0.03529765833165843,0.014190526943209485,0.04948818527486792,other,46,reports/p300_eegnet_dynamics_true_seed46.json,-0.11523168720048627,0.8424954178885629,0.7272637306880766,progressive collapse
eegnet,0.8125,p300,0,20,0.7916666666666666,pool_2,true,0.614315546182417,0.15906290834960415,0.7733784545320211,separable_body,46,reports/p300_eegnet_dynamics_true_seed46.json,-0.19873216329304055,0.4848716785280022,0.28613951523496167,progressive collapse
eegnet,0.6041666666666666,p300,0,20,0.4722222222222222,bnorm_1,shuffled,0.0313246231435521,0.009608970200316147,0.040933593343868244,early_filtering,41,reports/p300_eegnet_dynamics_shuffled_seed41.json,0.0019053425184178963,0.8544643623489019,0.8563697048673198,progressive collapse
eegnet,0.6041666666666666,p300,0,20,0.4722222222222222,bnorm_2,shuffled,0.39363070640537795,0.02285042522029983,0.4164811316256778,separable_body,41,reports/p300_eegnet_dynamics_shuffled_seed41.json,-0.15887837735140542,0.7164965287711893,0.5576181514197839,progressive collapse
eegnet,0.6041666666666666,p300,0,20,0.4722222222222222,bnorm_temporal,shuffled,0.00019339678400397305,0.007610611030629136,0.007804007814633109,early_filtering,41,reports/p300_eegnet_dynamics_shuffled_seed41.json,0.009340824154209337,0.9262542803626348,0.9355951045168441,progressive collapse
eegnet,0.6041666666666666,p300,0,20,0.4722222222222222,conv_separable_depth,shuffled,0.045896636997593054,0.021671705635973666,0.06756834263356672,separable_body,41,reports/p300_eegnet_dynamics_shuffled_seed41.json,0.08891199440311859,0.7203901388491523,0.8093021332522708,progressive collapse
eegnet,0.6041666666666666,p300,0,20,0.4722222222222222,conv_separable_point,shuffled,0.05379909935979493,0.02285042526579918,0.07664952462559411,separable_body,41,reports/p300_eegnet_dynamics_shuffled_seed41.json,-0.157329053715757,0.7164965287711893,0.5591674750554323,progressive collapse
eegnet,0.6041666666666666,p300,0,20,0.4722222222222222,conv_spatial,shuffled,0.0009424064485504466,0.00960897021974283,0.010551376668293276,early_filtering,41,reports/p300_eegnet_dynamics_shuffled_seed41.json,-0.003434415456691209,0.8544643623489019,0.8510299468922107,progressive collapse
eegnet,0.6041666666666666,p300,0,20,0.4722222222222222,conv_temporal,shuffled,-9.677153644905429e-06,0.00761061105475698,0.0076009339011120745,early_filtering,41,reports/p300_eegnet_dynamics_shuffled_seed41.json,0.02217860699829355,0.9262555067095956,0.9484341137078891,progressive collapse
eegnet,0.6041666666666666,p300,0,20,0.4722222222222222,elu_1,shuffled,0.019439478434716363,0.009707002703238597,0.029146481137954962,other,41,reports/p300_eegnet_dynamics_shuffled_seed41.json,-0.0010224447018721827,0.8640479570042825,0.8630255123024103,progressive collapse
eegnet,0.6041666666666666,p300,0,20,0.4722222222222222,elu_2,shuffled,0.39447463269986743,0.02290121467978348,0.4173758473796509,other,41,reports/p300_eegnet_dynamics_shuffled_seed41.json,-0.17112417074958874,0.7275194907374293,0.5563953199878405,progressive collapse
eegnet,0.6041666666666666,p300,0,20,0.4722222222222222,final_layer.conv_classifier,shuffled,0.32615622794399846,0.6164480392194898,0.9426042671634882,classifier,41,reports/p300_eegnet_dynamics_shuffled_seed41.json,-0.0909572477827051,0.21221659081968383,0.12125934303697873,progressive collapse
eegnet,0.6041666666666666,p300,0,20,0.4722222222222222,logits,shuffled,0.32615622794399846,0.6164480392194898,0.9426042671634882,classifier,41,reports/p300_eegnet_dynamics_shuffled_seed41.json,-0.0909572477827051,0.21221659081968383,0.12125934303697873,progressive collapse
eegnet,0.6041666666666666,p300,0,20,0.4722222222222222,pool_1,shuffled,0.027407034397899148,0.015333462692883604,0.04274049709078275,other,41,reports/p300_eegnet_dynamics_shuffled_seed41.json,0.040229091239433634,0.8300049956190543,0.8702340868584879,progressive collapse
eegnet,0.6041666666666666,p300,0,20,0.4722222222222222,pool_2,shuffled,0.6331504521501258,0.14430445022353663,0.7774549023736624,separable_body,41,reports/p300_eegnet_dynamics_shuffled_seed41.json,-0.006297497496602578,0.5654922752306701,0.5591947777340676,progressive collapse
eegnet,0.7013888888888888,p300,0,20,0.6666666666666666,bnorm_1,shuffled,0.016452207459956507,0.008529873673085218,0.024982081133041727,early_filtering,42,reports/p300_eegnet_dynamics_shuffled_seed42.json,-0.06913338522352819,0.7855397581582252,0.716406372934697,progressive collapse
eegnet,0.7013888888888888,p300,0,20,0.6666666666666666,bnorm_2,shuffled,0.2321127208597068,0.021089815060974633,0.2532025359206814,separable_body,42,reports/p300_eegnet_dynamics_shuffled_seed42.json,-0.17552589228238324,0.7879916382054215,0.6124657459230383,progressive collapse
eegnet,0.7013888888888888,p300,0,20,0.6666666666666666,bnorm_temporal,shuffled,-0.0013209805541660726,0.006564808548755125,0.005243827994589052,early_filtering,42,reports/p300_eegnet_dynamics_shuffled_seed42.json,0.04248586250983477,0.9146749159573706,0.9571607784672054,progressive collapse
eegnet,0.7013888888888888,p300,0,20,0.6666666666666666,conv_separable_depth,shuffled,0.008636794083724933,0.02006943183932531,0.028706225923050242,separable_body,42,reports/p300_eegnet_dynamics_shuffled_seed42.json,-0.05066607136470924,0.7650621379014375,0.7143960665367283,progressive collapse
eegnet,0.7013888888888888,p300,0,20,0.6666666666666666,conv_separable_point,shuffled,0.00897076533449916,0.021089815066853326,0.030060580401352486,separable_body,42,reports/p300_eegnet_dynamics_shuffled_seed42.json,-0.17412117337815602,0.7879916382054215,0.6138704648272655,progressive collapse
eegnet,0.7013888888888888,p300,0,20,0.6666666666666666,conv_spatial,shuffled,-0.001880780940384315,0.00852987370138521,0.006649092761000896,early_filtering,42,reports/p300_eegnet_dynamics_shuffled_seed42.json,-0.055513517188337635,0.7855397581582252,0.7300262409698876,progressive collapse
eegnet,0.7013888888888888,p300,0,20,0.6666666666666666,conv_temporal,shuffled,-0.0011906609286186122,0.00656480855266991,0.005374147624051298,early_filtering,42,reports/p300_eegnet_dynamics_shuffled_seed42.json,0.021005035852228016,0.9146749159573706,0.9356799518095986,progressive collapse
eegnet,0.7013888888888888,p300,0,20,0.6666666666666666,elu_1,shuffled,0.013534437491230865,0.008652556547738183,0.02218699403896905,other,42,reports/p300_eegnet_dynamics_shuffled_seed42.json,-0.07204811440526426,0.7883391410664472,0.7162910266611829,progressive collapse
eegnet,0.7013888888888888,p300,0,20,0.6666666666666666,elu_2,shuffled,0.22973473807545378,0.021107031917892562,0.25084176999334634,other,42,reports/p300_eegnet_dynamics_shuffled_seed42.json,-0.16536552955797146,0.792026991989128,0.6266614624311565,progressive collapse
eegnet,0.7013888888888888,p300,0,20,0.6666666666666666,final_layer.conv_classifier,shuffled,0.11281833904688832,0.6807147718181438,0.7935331108650321,classifier,42,reports/p300_eegnet_dynamics_shuffled_seed42.json,-0.22810336349331228,0.27014992445104064,0.04204656095772834,progressive collapse
eegnet,0.7013888888888888,p300,0,20,0.6666666666666666,logits,shuffled,0.11281833904688832,0.6807147718181438,0.7935331108650321,classifier,42,reports/p300_eegnet_dynamics_shuffled_seed42.json,-0.22810336349331228,0.27014992445104064,0.04204656095772834,progressive collapse
eegnet,0.7013888888888888,p300,0,20,0.6666666666666666,pool_1,shuffled,0.021152207607502003,0.013653801669087366,0.03480600927658937,other,42,reports/p300_eegnet_dynamics_shuffled_seed42.json,-0.05874133101539847,0.8062283523174306,0.7474870213020322,progressive collapse
eegnet,0.7013888888888888,p300,0,20,0.6666666666666666,pool_2,shuffled,0.4851476908944639,0.1517192031692462,0.6368668940637101,separable_body,42,reports/p300_eegnet_dynamics_shuffled_seed42.json,-0.08669199493956081,0.603110080198126,0.5164180852585651,progressive collapse
eegnet,0.5972222222222222,p300,0,20,0.5347222222222222,bnorm_1,shuffled,0.03823881022443581,0.010380723009994909,0.04861953323443072,early_filtering,43,reports/p300_eegnet_dynamics_shuffled_seed43.json,0.0020131317695396556,0.763102836903112,0.7651159686726516,progressive collapse
eegnet,0.5972222222222222,p300,0,20,0.5347222222222222,bnorm_2,shuffled,0.4457103393645863,0.022869308164323768,0.46857964752891007,separable_body,43,reports/p300_eegnet_dynamics_shuffled_seed43.json,-0.05599411701595014,0.6683597829196766,0.6123656659037264,progressive collapse
eegnet,0.5972222222222222,p300,0,20,0.5347222222222222,bnorm_temporal,shuffled,-0.0014349848772956244,0.008010636428139085,0.00657565155084346,early_filtering,43,reports/p300_eegnet_dynamics_shuffled_seed43.json,-0.021536647246266805,0.9478413978899974,0.9263047506437306,progressive collapse
eegnet,0.5972222222222222,p300,0,20,0.5347222222222222,conv_separable_depth,shuffled,0.06668644624166237,0.01962756011091558,0.08631400635257795,separable_body,43,reports/p300_eegnet_dynamics_shuffled_seed43.json,-0.02934445631571414,0.7369456986267076,0.7076012423109934,progressive collapse
eegnet,0.5972222222222222,p300,0,20,0.5347222222222222,conv_separable_point,shuffled,0.08083865950876722,0.022869308230641604,0.10370796773940882,separable_body,43,reports/p300_eegnet_dynamics_shuffled_seed43.json,-0.05964195828266927,0.6683597829196766,0.6087178246370073,progressive collapse
eegnet,0.5972222222222222,p300,0,20,0.5347222222222222,conv_spatial,shuffled,0.002194927422805984,0.010380723011633211,0.012575650434439195,early_filtering,43,reports/p300_eegnet_dynamics_shuffled_seed43.json,-0.012741367646000423,0.763103488560098,0.7503621209140976,progressive collapse
eegnet,0.5972222222222222,p300,0,20,0.5347222222222222,conv_temporal,shuffled,-0.0012937796128999184,0.008010636429812281,0.006716856816912363,early_filtering,43,reports/p300_eegnet_dynamics_shuffled_seed43.json,-0.003614020109438232,0.9478413978899974,0.9442273777805592,progressive collapse
eegnet,0.5972222222222222,p300,0,20,0.5347222222222222,elu_1,shuffled,0.027759030306406744,0.010302158795710158,0.0380611891021169,other,43,reports/p300_eegnet_dynamics_shuffled_seed43.json,-0.011809174057649696,0.7739452091230955,0.7621360350654458,progressive collapse
eegnet,0.5972222222222222,p300,0,20,0.5347222222222222,elu_2,shuffled,0.44846863837825357,0.022837637506106585,0.47130627588436014,other,43,reports/p300_eegnet_dynamics_shuffled_seed43.json,-0.057042839389170985,0.6790170700414847,0.6219742306523137,progressive collapse
eegnet,0.5972222222222222,p300,0,20,0.5347222222222222,final_layer.conv_classifier,shuffled,0.22738035714641913,0.6355887510159243,0.8629691081623434,classifier,43,reports/p300_eegnet_dynamics_shuffled_seed43.json,-0.13973318700379084,0.2793355267863529,0.13960233978256203,progressive collapse
eegnet,0.5972222222222222,p300,0,20,0.5347222222222222,logits,shuffled,0.22738035714641913,0.6355887510159243,0.8629691081623434,classifier,43,reports/p300_eegnet_dynamics_shuffled_seed43.json,-0.13973318700379084,0.2793355267863529,0.13960233978256203,progressive collapse
eegnet,0.5972222222222222,p300,0,20,0.5347222222222222,pool_1,shuffled,0.03787398050339057,0.01696703270035747,0.05484101320374803,other,43,reports/p300_eegnet_dynamics_shuffled_seed43.json,0.020293232780201675,0.7878694858200413,0.808162718600243,progressive collapse
eegnet,0.5972222222222222,p300,0,20,0.5347222222222222,pool_2,shuffled,0.6227674465605422,0.16634164410711944,0.7891090906676617,separable_body,43,reports/p300_eegnet_dynamics_shuffled_seed43.json,0.052501944603390305,0.5025922457263428,0.5550941903297331,progressive collapse
eegnet,0.6041666666666666,p300,0,20,0.5138888888888888,bnorm_1,shuffled,0.035369051182084964,0.008539558914591745,0.04390861009667671,early_filtering,44,reports/p300_eegnet_dynamics_shuffled_seed44.json,-0.19459220325799298,0.8115698090265359,0.6169776057685429,progressive collapse
eegnet,0.6041666666666666,p300,0,20,0.5138888888888888,bnorm_2,shuffled,0.43456995278888544,0.01997317455837917,0.4545431273472646,separable_body,44,reports/p300_eegnet_dynamics_shuffled_seed44.json,-0.18216340479937054,0.6226985618875616,0.440535157088191,progressive collapse
eegnet,0.6041666666666666,p300,0,20,0.5138888888888888,bnorm_temporal,shuffled,0.00011318155313873746,0.006845708324803653,0.006958889877942391,early_filtering,44,reports/p300_eegnet_dynamics_shuffled_seed44.json,0.010771381696588311,0.9030490375330804,0.9138204192296687,progressive collapse
eegnet,0.6041666666666666,p300,0,20,0.5138888888888888,conv_separable_depth,shuffled,0.07677684372884692,0.0174403675090081,0.09421721123785502,separable_body,44,reports/p300_eegnet_dynamics_shuffled_seed44.json,-0.147011949252557,0.6990998497961518,0.5520879005435948,progressive collapse
eegnet,0.6041666666666666,p300,0,20,0.5138888888888888,conv_separable_point,shuffled,0.08994451239408388,0.01997317457194159,0.10991768696602547,separable_body,44,reports/p300_eegnet_dynamics_shuffled_seed44.json,-0.19030085473142117,0.6226985618875616,0.4323977071561404,progressive collapse
eegnet,0.6041666666666666,p300,0,20,0.5138888888888888,conv_spatial,shuffled,0.00147916888471278,0.008539558893038642,0.010018727777751422,early_filtering,44,reports/p300_eegnet_dynamics_shuffled_seed44.json,-0.18316505435948782,0.8115698090265359,0.628404754667048,progressive collapse
eegnet,0.6041666666666666,p300,0,20,0.5138888888888888,conv_temporal,shuffled,-0.0001290381915738728,0.006845708337377814,0.006716670145803941,early_filtering,44,reports/p300_eegnet_dynamics_shuffled_seed44.json,0.013468937754810173,0.9030490375330804,0.9165179752878906,progressive collapse
eegnet,0.6041666666666666,p300,0,20,0.5138888888888888,elu_1,shuffled,0.030857655534440063,0.008644364846371263,0.039502020380811326,other,44,reports/p300_eegnet_dynamics_shuffled_seed44.json,-0.19258702658965732,0.8268198470245331,0.6342328204348758,progressive collapse
eegnet,0.6041666666666666,p300,0,20,0.5138888888888888,elu_2,shuffled,0.42160055924954315,0.019947434635991572,0.44154799388553473,other,44,reports/p300_eegnet_dynamics_shuffled_seed44.json,-0.1705455618339174,0.6300307783777983,0.4594852165438809,progressive collapse
eegnet,0.6041666666666666,p300,0,20,0.5138888888888888,final_layer.conv_classifier,shuffled,0.322776944077488,0.6224999067697413,0.9452768508472293,classifier,44,reports/p300_eegnet_dynamics_shuffled_seed44.json,-0.020003152060649676,0.16537453778055525,0.14537138571990557,progressive collapse
eegnet,0.6041666666666666,p300,0,20,0.5138888888888888,logits,shuffled,0.322776944077488,0.6224999067697413,0.9452768508472293,classifier,44,reports/p300_eegnet_dynamics_shuffled_seed44.json,-0.020003152060649676,0.16537453778055525,0.14537138571990557,progressive collapse
eegnet,0.6041666666666666,p300,0,20,0.5138888888888888,pool_1,shuffled,0.04064955835813715,0.01574589511233234,0.05639545347046949,other,44,reports/p300_eegnet_dynamics_shuffled_seed44.json,-0.16450570193476854,0.790317026232029,0.6258113242972605,progressive collapse
eegnet,0.6041666666666666,p300,0,20,0.5138888888888888,pool_2,shuffled,0.5426077412822926,0.15706325729477685,0.6996709985770695,separable_body,44,reports/p300_eegnet_dynamics_shuffled_seed44.json,-0.10797327623202918,0.4325827015234961,0.3246094252914669,progressive collapse
eegnet,0.6736111111111112,p300,0,20,0.5763888888888888,bnorm_1,shuffled,0.03675434873380398,0.009857645549332104,0.04661199428313609,early_filtering,45,reports/p300_eegnet_dynamics_shuffled_seed45.json,0.03378299120234607,0.8338017666833558,0.8675847578857019,progressive collapse
eegnet,0.6736111111111112,p300,0,20,0.5763888888888888,bnorm_2,shuffled,0.27776251043462485,0.022049668607184807,0.2998121790418097,separable_body,45,reports/p300_eegnet_dynamics_shuffled_seed45.json,0.007773216776339353,0.7114708242436162,0.7192440410199555,progressive collapse
eegnet,0.6736111111111112,p300,0,20,0.5763888888888888,bnorm_temporal,shuffled,0.0008943346776500802,0.0070006231567242665,0.007894957834374347,early_filtering,45,reports/p300_eegnet_dynamics_shuffled_seed45.json,-0.007844697714755822,0.9096754412238036,0.9018307435090478,progressive collapse
eegnet,0.6736111111111112,p300,0,20,0.5763888888888888,conv_separable_depth,shuffled,0.03502700516142998,0.020525302317463977,0.055552307478893954,separable_body,45,reports/p300_eegnet_dynamics_shuffled_seed45.json,-0.03109733879451615,0.7919148531936198,0.7608175143991036,progressive collapse
eegnet,0.6736111111111112,p300,0,20,0.5763888888888888,conv_separable_point,shuffled,0.027340906054626954,0.022049668583469628,0.04939057463809658,separable_body,45,reports/p300_eegnet_dynamics_shuffled_seed45.json,0.014882977344252923,0.7114708242436162,0.7263538015878691,progressive collapse
eegnet,0.6736111111111112,p300,0,20,0.5763888888888888,conv_spatial,shuffled,-0.00030147010163533716,0.009857645550505651,0.009556175448870314,early_filtering,45,reports/p300_eegnet_dynamics_shuffled_seed45.json,0.04946392648952147,0.8338017666833558,0.8832656931728773,progressive collapse
eegnet,0.6736111111111112,p300,0,20,0.5763888888888888,conv_temporal,shuffled,0.00022478830020554365,0.007000623137987979,0.007225411438193522,early_filtering,45,reports/p300_eegnet_dynamics_shuffled_seed45.json,-0.02842820166654747,0.9096754412238036,0.8812472395572561,progressive collapse
eegnet,0.6736111111111112,p300,0,20,0.5763888888888888,elu_1,shuffled,0.03318579872634452,0.010885578177520559,0.04407137690386508,other,45,reports/p300_eegnet_dynamics_shuffled_seed45.json,-0.00866407982261641,0.8728010670731706,0.8641369872505542,progressive collapse
eegnet,0.6736111111111112,p300,0,20,0.5763888888888888,elu_2,shuffled,0.2720723842876435,0.022021909173424514,0.294094293461068,other,45,reports/p300_eegnet_dynamics_shuffled_seed45.json,0.01152028869537236,0.7162523804627707,0.7277726691581431,progressive collapse
eegnet,0.6736111111111112,p300,0,20,0.5763888888888888,final_layer.conv_classifier,shuffled,0.18443507524208502,0.6414015540999431,0.8258366293420282,classifier,45,reports/p300_eegnet_dynamics_shuffled_seed45.json,0.008022472462627855,0.16062706753808736,0.16864954000071522,progressive collapse
eegnet,0.6736111111111112,p300,0,20,0.5763888888888888,logits,shuffled,0.18443507524208502,0.6414015540999431,0.8258366293420282,classifier,45,reports/p300_eegnet_dynamics_shuffled_seed45.json,0.008022472462627855,0.16062706753808736,0.16864954000071522,progressive collapse
eegnet,0.6736111111111112,p300,0,20,0.5763888888888888,pool_1,shuffled,0.04336300155683874,0.01853485756621615,0.061897859123054885,other,45,reports/p300_eegnet_dynamics_shuffled_seed45.json,-0.0072743589514341345,0.8427827498033044,0.8355083908518702,progressive collapse
eegnet,0.6736111111111112,p300,0,20,0.5763888888888888,pool_2,shuffled,0.45641128827610544,0.15729281961737698,0.6137041078934824,separable_body,45,reports/p300_eegnet_dynamics_shuffled_seed45.json,0.02319079241470562,0.4879493598455045,0.5111401522602101,progressive collapse
eegnet,0.4722222222222222,p300,0,20,0.4097222222222222,bnorm_1,shuffled,0.029442494992651017,0.008455207189610738,0.03789770218226175,early_filtering,46,reports/p300_eegnet_dynamics_shuffled_seed46.json,-0.0352263193928144,0.7886319904821498,0.7534056710893354,progressive collapse
eegnet,0.4722222222222222,p300,0,20,0.4097222222222222,bnorm_2,shuffled,0.4000865284892826,0.023025156551861443,0.42311168504114405,separable_body,46,reports/p300_eegnet_dynamics_shuffled_seed46.json,-0.233705441760246,0.6716764604642013,0.4379710187039553,progressive collapse
eegnet,0.4722222222222222,p300,0,20,0.4097222222222222,bnorm_temporal,shuffled,-0.0011995726741473867,0.006673621461272896,0.005474048787125509,early_filtering,46,reports/p300_eegnet_dynamics_shuffled_seed46.json,0.060425097006651884,0.8819853841821041,0.942410481188756,progressive collapse
eegnet,0.4722222222222222,p300,0,20,0.4097222222222222,conv_separable_depth,shuffled,0.033374016282552224,0.02228325668635264,0.05565727296890486,separable_body,46,reports/p300_eegnet_dynamics_shuffled_seed46.json,-0.1216052365710607,0.7114294623059866,0.5898242257349259,progressive collapse
eegnet,0.4722222222222222,p300,0,20,0.4097222222222222,conv_separable_point,shuffled,0.024888441045923727,0.023025156472540713,0.04791359751846444,separable_body,46,reports/p300_eegnet_dynamics_shuffled_seed46.json,-0.23286792119662392,0.6716764604642013,0.43880853926757735,progressive collapse
eegnet,0.4722222222222222,p300,0,20,0.4097222222222222,conv_spatial,shuffled,-8.138832886911765e-05,0.008455207183739075,0.008373818854869958,early_filtering,46,reports/p300_eegnet_dynamics_shuffled_seed46.json,-0.004775691084736078,0.7886257375764032,0.7838500464916671,progressive collapse
eegnet,0.4722222222222222,p300,0,20,0.4097222222222222,conv_temporal,shuffled,-0.0015567919130271106,0.0066736214703913095,0.005116829557364199,early_filtering,46,reports/p300_eegnet_dynamics_shuffled_seed46.json,0.06759595924271711,0.8819857945660232,0.9495817538087403,progressive collapse
eegnet,0.4722222222222222,p300,0,20,0.4097222222222222,elu_1,shuffled,0.017069810850410178,0.008930668975434437,0.026000479825844615,other,46,reports/p300_eegnet_dynamics_shuffled_seed46.json,-0.07378757331378305,0.8157904812781631,0.7420029079643801,progressive collapse
eegnet,0.4722222222222222,p300,0,20,0.4097222222222222,elu_2,shuffled,0.3974697406388824,0.02305707674457635,0.42052681738345876,other,46,reports/p300_eegnet_dynamics_shuffled_seed46.json,-0.22909194160791901,0.677211829894142,0.44811988828622296,progressive collapse
eegnet,0.4722222222222222,p300,0,20,0.4097222222222222,final_layer.conv_classifier,shuffled,0.05353623254236983,0.6588223695584425,0.7123586021008124,classifier,46,reports/p300_eegnet_dynamics_shuffled_seed46.json,-0.07174777376439453,0.20659980509262568,0.13485203132823115,progressive collapse
eegnet,0.4722222222222222,p300,0,20,0.4097222222222222,logits,shuffled,0.05353623254236983,0.6588223695584425,0.7123586021008124,classifier,46,reports/p300_eegnet_dynamics_shuffled_seed46.json,-0.07174777376439453,0.20659980509262568,0.13485203132823115,progressive collapse
eegnet,0.4722222222222222,p300,0,20,0.4097222222222222,pool_1,shuffled,0.022258232769525578,0.014190526943209485,0.03644875971273506,other,46,reports/p300_eegnet_dynamics_shuffled_seed46.json,-0.035361573295901505,0.8424954178885629,0.8071338445926614,progressive collapse
eegnet,0.4722222222222222,p300,0,20,0.4097222222222222,pool_2,shuffled,0.587574002202471,0.15906290834960415,0.7466369105520752,separable_body,46,reports/p300_eegnet_dynamics_shuffled_seed46.json,-0.11789156936199124,0.4848716785280022,0.366980109166011,progressive collapse
shallowconvnet,0.7569444444444444,p300,0,20,0.75,bnorm,true,0.05058815218624127,0.010599285728673694,0.06118743791491497,linear_filtering,41,reports/p300_shallowconvnet_dynamics_true_seed41.json,-0.1489896760302668,0.8381631432837421,0.6891734672534753,nonlinear-induced distortion
shallowconvnet,0.7569444444444444,p300,0,20,0.75,conv_nonlin_exp,true,0.009586110177389362,0.2851172545187575,0.2947033646961469,linear_filtering,41,reports/p300_shallowconvnet_dynamics_true_seed41.json,-0.018581914932738433,0.06847016729308461,0.04988825236034618,nonlinear-induced distortion
shallowconvnet,0.7569444444444444,p300,0,20,0.75,conv_time_spat,true,0.007735043528366273,0.010599285742002642,0.018334329270368915,linear_filtering,41,reports/p300_shallowconvnet_dynamics_true_seed41.json,-0.06692479972820253,0.8381631432837421,0.7712383435555396,nonlinear-induced distortion
shallowconvnet,0.7569444444444444,p300,0,20,0.75,final_layer.conv_classifier,true,-0.18549859277084246,0.9806568255523234,0.7951582327814809,linear_filtering,41,reports/p300_shallowconvnet_dynamics_true_seed41.json,0.05997365844717831,-0.019279882072097843,0.04069377637508046,nonlinear-induced distortion
shallowconvnet,0.7569444444444444,p300,0,20,0.75,logits,true,-0.18549859277084246,0.9806568255523234,0.7951582327814809,log_power,41,reports/p300_shallowconvnet_dynamics_true_seed41.json,0.05997365844717831,-0.019279882072097843,0.04069377637508046,nonlinear-induced distortion
shallowconvnet,0.7569444444444444,p300,0,20,0.75,pool,true,-0.006604475547541844,0.6084591185824466,0.6018546430349048,pooling,41,reports/p300_shallowconvnet_dynamics_true_seed41.json,0.009155606269222502,0.07012043129962091,0.07927603756884341,nonlinear-induced distortion
shallowconvnet,0.7569444444444444,p300,0,20,0.75,pool_nonlin_exp,true,-0.14621672684215392,0.9734279753395818,0.8272112484974279,pooling,41,reports/p300_shallowconvnet_dynamics_true_seed41.json,0.03159929100207423,0.05411460195980258,0.08571389296187681,nonlinear-induced distortion
shallowconvnet,0.7291666666666666,p300,0,20,0.7013888888888888,bnorm,true,0.027886778149717847,0.01117526190763397,0.03906204005735182,linear_filtering,42,reports/p300_shallowconvnet_dynamics_true_seed42.json,-0.07239791411222685,0.8840713537682596,0.8116734396560328,nonlinear-induced distortion
shallowconvnet,0.7291666666666666,p300,0,20,0.7013888888888888,conv_nonlin_exp,true,0.01736711170929578,0.28897715016099557,0.30634426187029135,linear_filtering,42,reports/p300_shallowconvnet_dynamics_true_seed42.json,0.038307546849295465,-0.02095934884843716,0.017348198000858305,nonlinear-induced distortion
shallowconvnet,0.7291666666666666,p300,0,20,0.7013888888888888,conv_time_spat,true,0.017219100753633386,0.011175261892814972,0.02839436264644836,linear_filtering,42,reports/p300_shallowconvnet_dynamics_true_seed42.json,-0.01682374987726487,0.8840713537682596,0.8672476038909948,nonlinear-induced distortion
shallowconvnet,0.7291666666666666,p300,0,20,0.7013888888888888,final_layer.conv_classifier,true,-0.09425794690672562,0.9959367258025501,0.9016787788958245,linear_filtering,42,reports/p300_shallowconvnet_dynamics_true_seed42.json,-0.06759023406766324,0.021458318432157925,-0.04613191563550532,nonlinear-induced distortion
shallowconvnet,0.7291666666666666,p300,0,20,0.7013888888888888,logits,true,-0.09425794690672562,0.9959367258025501,0.9016787788958245,log_power,42,reports/p300_shallowconvnet_dynamics_true_seed42.json,-0.06759023406766324,0.021458318432157925,-0.04613191563550532,nonlinear-induced distortion
shallowconvnet,0.7291666666666666,p300,0,20,0.7013888888888888,pool,true,0.010183645248835638,0.6245169585882459,0.6347006038370815,pooling,42,reports/p300_shallowconvnet_dynamics_true_seed42.json,0.001994023138545166,-0.03627834203561976,-0.034284318897074596,nonlinear-induced distortion
shallowconvnet,0.7291666666666666,p300,0,20,0.7013888888888888,pool_nonlin_exp,true,-0.15329283425794138,0.9746133915114026,0.8213205572534612,pooling,42,reports/p300_shallowconvnet_dynamics_true_seed42.json,-0.007230739485730629,-0.028866050354051924,-0.03609678983978255,nonlinear-induced distortion
shallowconvnet,0.7083333333333334,p300,0,20,0.6666666666666666,bnorm,true,0.06222570892616519,0.010730953785989459,0.07295666271215465,linear_filtering,43,reports/p300_shallowconvnet_dynamics_true_seed43.json,-0.21714302785339112,0.8139074536813004,0.5967644258279092,nonlinear-induced distortion
shallowconvnet,0.7083333333333334,p300,0,20,0.6666666666666666,conv_nonlin_exp,true,0.01679998562904711,0.28771921693029984,0.30451920255934695,linear_filtering,43,reports/p300_shallowconvnet_dynamics_true_seed43.json,-0.008720573903869534,-0.021834196856448034,-0.030554770760317568,nonlinear-induced distortion
shallowconvnet,0.7083333333333334,p300,0,20,0.6666666666666666,conv_time_spat,true,0.01357029317409822,0.010730953802579499,0.02430124697667772,linear_filtering,43,reports/p300_shallowconvnet_dynamics_true_seed43.json,-0.10834213620270361,0.8139082616586795,0.7055661254559759,nonlinear-induced distortion
shallowconvnet,0.7083333333333334,p300,0,20,0.6666666666666666,final_layer.conv_classifier,true,-0.15969379756954205,0.9716241399407389,0.8119303423711969,linear_filtering,43,reports/p300_shallowconvnet_dynamics_true_seed43.json,-0.02705271886846434,0.045183116819254694,0.018130397950790356,nonlinear-induced distortion
shallowconvnet,0.7083333333333334,p300,0,20,0.6666666666666666,logits,true,-0.15969379756954205,0.9716241399407389,0.8119303423711969,log_power,43,reports/p300_shallowconvnet_dynamics_true_seed43.json,-0.02705271886846434,0.045183116819254694,0.018130397950790356,nonlinear-induced distortion
shallowconvnet,0.7083333333333334,p300,0,20,0.6666666666666666,pool,true,-0.0054129803339055815,0.6195780571816698,0.6141650768477642,pooling,43,reports/p300_shallowconvnet_dynamics_true_seed43.json,-0.01996544417423646,0.024121553358128885,0.004156109183892425,nonlinear-induced distortion
shallowconvnet,0.7083333333333334,p300,0,20,0.6666666666666666,pool_nonlin_exp,true,-0.15981257609183297,0.9754766578071308,0.8156640817152978,pooling,43,reports/p300_shallowconvnet_dynamics_true_seed43.json,0.004274584704241469,0.017507867820613688,0.021782452524855157,nonlinear-induced distortion
shallowconvnet,0.7361111111111112,p300,0,20,0.7361111111111112,bnorm,true,0.028864460445296357,0.01126078208148964,0.040125242526785995,linear_filtering,44,reports/p300_shallowconvnet_dynamics_true_seed44.json,-0.07561126484157066,0.881766906873614,0.8061556420320434,nonlinear-induced distortion
shallowconvnet,0.7361111111111112,p300,0,20,0.7361111111111112,conv_nonlin_exp,true,-0.0038653496936629783,0.2979334846408671,0.29406813494720413,linear_filtering,44,reports/p300_shallowconvnet_dynamics_true_seed44.json,-0.0007162957764108406,-0.0199034739110221,-0.02061976968743294,nonlinear-induced distortion
shallowconvnet,0.7361111111111112,p300,0,20,0.7361111111111112,conv_time_spat,true,0.039095714284612886,0.01126078211542786,0.050356496400040744,linear_filtering,44,reports/p300_shallowconvnet_dynamics_true_seed44.json,-0.027795691474143513,0.881766906873614,0.8539712153994705,nonlinear-induced distortion
shallowconvnet,0.7361111111111112,p300,0,20,0.7361111111111112,final_layer.conv_classifier,true,-0.10424834908662461,0.9573231062129767,0.8530747571263521,linear_filtering,44,reports/p300_shallowconvnet_dynamics_true_seed44.json,0.0484406963021243,-0.03856044587297045,0.00988025042915385,nonlinear-induced distortion
shallowconvnet,0.7361111111111112,p300,0,20,0.7361111111111112,logits,true,-0.10424834908662461,0.9573231062129767,0.8530747571263521,log_power,44,reports/p300_shallowconvnet_dynamics_true_seed44.json,0.0484406963021243,-0.03856044587297045,0.00988025042915385,nonlinear-induced distortion
shallowconvnet,0.7361111111111112,p300,0,20,0.7361111111111112,pool,true,-0.03372501820423768,0.6320464092803718,0.5983213910761341,pooling,44,reports/p300_shallowconvnet_dynamics_true_seed44.json,-0.01609875679493598,0.01756703293755811,0.0014682761426221297,nonlinear-induced distortion
shallowconvnet,0.7361111111111112,p300,0,20,0.7361111111111112,pool_nonlin_exp,true,-0.1491182998382048,0.9765329023474677,0.8274146025092629,pooling,44,reports/p300_shallowconvnet_dynamics_true_seed44.json,0.003416372058865424,0.019111562120020024,0.022527934178885448,nonlinear-induced distortion
shallowconvnet,0.7152777777777778,p300,0,20,0.7152777777777778,bnorm,true,0.06118167610724889,0.012101707028940235,0.07328338313618912,linear_filtering,45,reports/p300_shallowconvnet_dynamics_true_seed45.json,-0.1729003089013661,0.8778793988269793,0.7049790899256132,nonlinear-induced distortion
shallowconvnet,0.7152777777777778,p300,0,20,0.7152777777777778,conv_nonlin_exp,true,0.007763120758324749,0.29309498632791875,0.3008581070862435,linear_filtering,45,reports/p300_shallowconvnet_dynamics_true_seed45.json,-0.015225149309777553,-0.008079469458550889,-0.02330461876832844,nonlinear-induced distortion
shallowconvnet,0.7152777777777778,p300,0,20,0.7152777777777778,conv_time_spat,true,0.03591753656406171,0.012101707049849959,0.04801924361391167,linear_filtering,45,reports/p300_shallowconvnet_dynamics_true_seed45.json,-0.10170493661039981,0.8778793988269793,0.7761744622165795,nonlinear-induced distortion
shallowconvnet,0.7152777777777778,p300,0,20,0.7152777777777778,final_layer.conv_classifier,true,-0.122630290275201,0.9783665228988994,0.8557362326236984,linear_filtering,45,reports/p300_shallowconvnet_dynamics_true_seed45.json,0.059760355571847494,-0.001178049674558329,0.05858230589728917,nonlinear-induced distortion
shallowconvnet,0.7152777777777778,p300,0,20,0.7152777777777778,logits,true,-0.122630290275201,0.9783665228988994,0.8557362326236984,log_power,45,reports/p300_shallowconvnet_dynamics_true_seed45.json,0.059760355571847494,-0.001178049674558329,0.05858230589728917,nonlinear-induced distortion
shallowconvnet,0.7152777777777778,p300,0,20,0.7152777777777778,pool,true,-0.023935107567598313,0.6304128384715252,0.6064777309039269,pooling,45,reports/p300_shallowconvnet_dynamics_true_seed45.json,1.1309992132179508e-05,0.014171721890422715,0.014183031882554894,nonlinear-induced distortion
shallowconvnet,0.7152777777777778,p300,0,20,0.7152777777777778,pool_nonlin_exp,true,-0.14483181350260388,0.9742823890705832,0.8294505755679793,pooling,45,reports/p300_shallowconvnet_dynamics_true_seed45.json,0.00648648165367284,0.021230431031399752,0.027716912685072592,nonlinear-induced distortion
shallowconvnet,0.7152777777777778,p300,0,20,0.6944444444444444,bnorm,true,0.04649242980212877,0.010745568837240826,0.05723799863936959,linear_filtering,46,reports/p300_shallowconvnet_dynamics_true_seed46.json,-0.03439456896860027,0.89832635585795,0.8639317868893497,nonlinear-induced distortion
shallowconvnet,0.7152777777777778,p300,0,20,0.6944444444444444,conv_nonlin_exp,true,0.016788769832586925,0.28490091777632975,0.3016896876089167,linear_filtering,46,reports/p300_shallowconvnet_dynamics_true_seed46.json,-0.04371558946069665,0.09323853578070236,0.049522946320005715,nonlinear-induced distortion
shallowconvnet,0.7152777777777778,p300,0,20,0.6944444444444444,conv_time_spat,true,0.039892302083240294,0.010745568832632084,0.05063787091587238,linear_filtering,46,reports/p300_shallowconvnet_dynamics_true_seed46.json,0.0022398279935890164,0.89832635585795,0.900566183851539,nonlinear-induced distortion
shallowconvnet,0.7152777777777778,p300,0,20,0.6944444444444444,final_layer.conv_classifier,true,-0.10323142410338326,0.9958072022754559,0.8925757781720727,linear_filtering,46,reports/p300_shallowconvnet_dynamics_true_seed46.json,-0.019517000751019236,0.04939395429511479,0.029876953544095555,nonlinear-induced distortion
shallowconvnet,0.7152777777777778,p300,0,20,0.6944444444444444,logits,true,-0.10323142410338326,0.9958072022754559,0.8925757781720727,log_power,46,reports/p300_shallowconvnet_dynamics_true_seed46.json,-0.019517000751019236,0.04939395429511479,0.029876953544095555,nonlinear-induced distortion
shallowconvnet,0.7152777777777778,p300,0,20,0.6944444444444444,pool,true,0.0063352344313094555,0.6117565307072109,0.6180917651385204,pooling,46,reports/p300_shallowconvnet_dynamics_true_seed46.json,-0.006973984782919676,0.08360577524855159,0.07663179046563191,nonlinear-induced distortion
shallowconvnet,0.7152777777777778,p300,0,20,0.6944444444444444,pool_nonlin_exp,true,-0.14716906238062188,0.9738439363349445,0.8266748739543226,pooling,46,reports/p300_shallowconvnet_dynamics_true_seed46.json,0.00035986338602388146,0.08263906149417065,0.08299892488019453,nonlinear-induced distortion
shallowconvnet,0.5486111111111112,p300,0,20,0.5277777777777778,bnorm,shuffled,0.004686543447863794,0.010599285728673694,0.015285829176537489,linear_filtering,41,reports/p300_shallowconvnet_dynamics_shuffled_seed41.json,-0.16455725627637507,0.8381631432837421,0.673605887007367,nonlinear-induced distortion
shallowconvnet,0.5486111111111112,p300,0,20,0.5277777777777778,conv_nonlin_exp,shuffled,0.0167489065614142,0.2851172545187575,0.3018661610801717,linear_filtering,41,reports/p300_shallowconvnet_dynamics_shuffled_seed41.json,-0.042540741795060996,0.06847016729308461,0.025929425498023618,nonlinear-induced distortion
shallowconvnet,0.5486111111111112,p300,0,20,0.5277777777777778,conv_time_spat,shuffled,0.013080726552312625,0.010599285742002642,0.023680012294315267,linear_filtering,41,reports/p300_shallowconvnet_dynamics_shuffled_seed41.json,-0.12576579375581143,0.8381631432837421,0.7123973495279307,nonlinear-induced distortion
shallowconvnet,0.5486111111111112,p300,0,20,0.5277777777777778,final_layer.conv_classifier,shuffled,-0.2167760386685772,0.9806568255523234,0.7638807868837462,linear_filtering,41,reports/p300_shallowconvnet_dynamics_shuffled_seed41.json,-0.00021767264501823883,-0.019279882072097843,-0.019497554717116082,nonlinear-induced distortion
shallowconvnet,0.5486111111111112,p300,0,20,0.5277777777777778,logits,shuffled,-0.2167760386685772,0.9806568255523234,0.7638807868837462,log_power,41,reports/p300_shallowconvnet_dynamics_shuffled_seed41.json,-0.00021767264501823883,-0.019279882072097843,-0.019497554717116082,nonlinear-induced distortion
shallowconvnet,0.5486111111111112,p300,0,20,0.5277777777777778,pool,shuffled,0.038618437452407894,0.6084591185824466,0.6470775560348545,pooling,41,reports/p300_shallowconvnet_dynamics_shuffled_seed41.json,0.0007934428867749088,0.07012043129962091,0.07091387418639582,nonlinear-induced distortion
shallowconvnet,0.5486111111111112,p300,0,20,0.5277777777777778,pool_nonlin_exp,shuffled,-0.14441404749849907,0.9734279753395818,0.8290139278410827,pooling,41,reports/p300_shallowconvnet_dynamics_shuffled_seed41.json,0.0019429381839639465,0.05411460195980258,0.05605754014376653,nonlinear-induced distortion
shallowconvnet,0.5416666666666666,p300,0,20,0.4583333333333333,bnorm,shuffled,0.0075309113861805055,0.01117526190763397,0.018706173293814476,linear_filtering,42,reports/p300_shallowconvnet_dynamics_shuffled_seed42.json,-0.05837357642758312,0.8840713537682596,0.8256977773406765,nonlinear-induced distortion
shallowconvnet,0.5416666666666666,p300,0,20,0.4583333333333333,conv_nonlin_exp,shuffled,0.01870250214168767,0.28897715016099557,0.30767965230268324,linear_filtering,42,reports/p300_shallowconvnet_dynamics_shuffled_seed42.json,0.04569216704813675,-0.02095934884843716,0.024732818199699587,nonlinear-induced distortion
shallowconvnet,0.5416666666666666,p300,0,20,0.4583333333333333,conv_time_spat,shuffled,0.011708052311232552,0.011175261892814972,0.022883314204047524,linear_filtering,42,reports/p300_shallowconvnet_dynamics_shuffled_seed42.json,-0.06174256827365998,0.8840713537682596,0.8223287854945996,nonlinear-induced distortion
shallowconvnet,0.5416666666666666,p300,0,20,0.4583333333333333,final_layer.conv_classifier,shuffled,-0.15318562715787454,0.9959367258025501,0.8427510986446756,linear_filtering,42,reports/p300_shallowconvnet_dynamics_shuffled_seed42.json,-0.021109150364780768,0.021458318432157925,0.00034916806737715465,nonlinear-induced distortion
shallowconvnet,0.5416666666666666,p300,0,20,0.4583333333333333,logits,shuffled,-0.15318562715787454,0.9959367258025501,0.8427510986446756,log_power,42,reports/p300_shallowconvnet_dynamics_shuffled_seed42.json,-0.021109150364780768,0.021458318432157925,0.00034916806737715465,nonlinear-induced distortion
shallowconvnet,0.5416666666666666,p300,0,20,0.4583333333333333,pool,shuffled,0.042937617367283964,0.6245169585882459,0.6674545759555298,pooling,42,reports/p300_shallowconvnet_dynamics_shuffled_seed42.json,0.03973564569773263,-0.03627834203561976,0.003457303662112867,nonlinear-induced distortion
shallowconvnet,0.5416666666666666,p300,0,20,0.4583333333333333,pool_nonlin_exp,shuffled,-0.151607891268688,0.9746133915114026,0.8230055002427146,pooling,42,reports/p300_shallowconvnet_dynamics_shuffled_seed42.json,0.016274441652957584,-0.028866050354051924,-0.01259160870109434,nonlinear-induced distortion
shallowconvnet,0.5902777777777778,p300,0,20,0.4652777777777778,bnorm,shuffled,0.005169655517818235,0.010730953785989459,0.015900609303807694,linear_filtering,43,reports/p300_shallowconvnet_dynamics_shuffled_seed43.json,-0.15236577434863474,0.8139074536813004,0.6615416793326656,nonlinear-induced distortion
shallowconvnet,0.5902777777777778,p300,0,20,0.4652777777777778,conv_nonlin_exp,shuffled,0.0041959477962700276,0.28771921693029984,0.29191516472656986,linear_filtering,43,reports/p300_shallowconvnet_dynamics_shuffled_seed43.json,-0.0008837216579643779,-0.021834196856448034,-0.022717918514412412,nonlinear-induced distortion
shallowconvnet,0.5902777777777778,p300,0,20,0.4652777777777778,conv_time_spat,shuffled,0.006988859009264889,0.010730953802579499,0.01771981281184439,linear_filtering,43,reports/p300_shallowconvnet_dynamics_shuffled_seed43.json,-0.12812370726961864,0.8139082616586795,0.6857845543890608,nonlinear-induced distortion
shallowconvnet,0.5902777777777778,p300,0,20,0.4652777777777778,final_layer.conv_classifier,shuffled,-0.18314900714937177,0.9716241399407389,0.7884751327913672,linear_filtering,43,reports/p300_shallowconvnet_dynamics_shuffled_seed43.json,-0.020193856841427646,0.045183116819254694,0.02498925997782705,nonlinear-induced distortion
shallowconvnet,0.5902777777777778,p300,0,20,0.4652777777777778,logits,shuffled,-0.18314900714937177,0.9716241399407389,0.7884751327913672,log_power,43,reports/p300_shallowconvnet_dynamics_shuffled_seed43.json,-0.020193856841427646,0.045183116819254694,0.02498925997782705,nonlinear-induced distortion
shallowconvnet,0.5902777777777778,p300,0,20,0.4652777777777778,pool,shuffled,0.011912141975702673,0.6195780571816698,0.6314901991573725,pooling,43,reports/p300_shallowconvnet_dynamics_shuffled_seed43.json,-0.023848716561762386,0.024121553358128885,0.00027283679636649737,nonlinear-induced distortion
shallowconvnet,0.5902777777777778,p300,0,20,0.4652777777777778,pool_nonlin_exp,shuffled,-0.137889626004569,0.9754766578071308,0.8375870318025618,pooling,43,reports/p300_shallowconvnet_dynamics_shuffled_seed43.json,-0.007109380587940776,0.017507867820613688,0.010398487232672912,nonlinear-induced distortion
shallowconvnet,0.6041666666666666,p300,0,20,0.4930555555555556,bnorm,shuffled,0.0023207502930400453,0.01126078208148964,0.013581532374529685,linear_filtering,44,reports/p300_shallowconvnet_dynamics_shuffled_seed44.json,-0.17320323117087477,0.881766906873614,0.7085636757027393,nonlinear-induced distortion
shallowconvnet,0.6041666666666666,p300,0,20,0.4930555555555556,conv_nonlin_exp,shuffled,0.001519107095816652,0.2979334846408671,0.29945259173668376,linear_filtering,44,reports/p300_shallowconvnet_dynamics_shuffled_seed44.json,0.024250590086546023,-0.0199034739110221,0.004347116175523924,nonlinear-induced distortion
shallowconvnet,0.6041666666666666,p300,0,20,0.4930555555555556,conv_time_spat,shuffled,0.013922212729200157,0.01126078211542786,0.025182994844628017,linear_filtering,44,reports/p300_shallowconvnet_dynamics_shuffled_seed44.json,-0.08449516643885058,0.881766906873614,0.7972717404347635,nonlinear-induced distortion
shallowconvnet,0.6041666666666666,p300,0,20,0.4930555555555556,final_layer.conv_classifier,shuffled,-0.23231452839336908,0.9573231062129767,0.7250085778196076,linear_filtering,44,reports/p300_shallowconvnet_dynamics_shuffled_seed44.json,0.028912262624275795,-0.03856044587297045,-0.009648183248694656,nonlinear-induced distortion
shallowconvnet,0.6041666666666666,p300,0,20,0.4930555555555556,logits,shuffled,-0.23231452839336908,0.9573231062129767,0.7250085778196076,log_power,44,reports/p300_shallowconvnet_dynamics_shuffled_seed44.json,0.028912262624275795,-0.03856044587297045,-0.009648183248694656,nonlinear-induced distortion
shallowconvnet,0.6041666666666666,p300,0,20,0.4930555555555556,pool,shuffled,0.004287743763959684,0.6320464092803718,0.6363341530443315,pooling,44,reports/p300_shallowconvnet_dynamics_shuffled_seed44.json,0.000985936270653031,0.01756703293755811,0.018552969208211142,nonlinear-induced distortion
shallowconvnet,0.6041666666666666,p300,0,20,0.4930555555555556,pool_nonlin_exp,shuffled,-0.14154514244174954,0.9765329023474677,0.8349877599057182,pooling,44,reports/p300_shallowconvnet_dynamics_shuffled_seed44.json,-0.0098998417495172,0.019111562120020024,0.009211720370502824,nonlinear-induced distortion
shallowconvnet,0.5138888888888888,p300,0,20,0.4513888888888889,bnorm,shuffled,0.007003703280841222,0.012101707028940235,0.019105410309781457,linear_filtering,45,reports/p300_shallowconvnet_dynamics_shuffled_seed45.json,-0.14218196793863092,0.8778793988269793,0.7356974308883484,nonlinear-induced distortion
shallowconvnet,0.5138888888888888,p300,0,20,0.4513888888888889,conv_nonlin_exp,shuffled,0.00311826182510605,0.29309498632791875,0.2962132481530248,linear_filtering,45,reports/p300_shallowconvnet_dynamics_shuffled_seed45.json,-0.02286251774434385,-0.008079469458550889,-0.03094198720289474,nonlinear-induced distortion
shallowconvnet,0.5138888888888888,p300,0,20,0.4513888888888889,conv_time_spat,shuffled,0.005626891028508394,0.012101707049849959,0.017728598078358353,linear_filtering,45,reports/p300_shallowconvnet_dynamics_shuffled_seed45.json,-0.08492742719764756,0.8778793988269793,0.7929519716293317,nonlinear-induced distortion
shallowconvnet,0.5138888888888888,p300,0,20,0.4513888888888889,final_layer.conv_classifier,shuffled,-0.15143950951886065,0.9783665228988994,0.8269270133800387,linear_filtering,45,reports/p300_shallowconvnet_dynamics_shuffled_seed45.json,0.03181526491309634,-0.001178049674558329,0.03063721523853801,nonlinear-induced distortion
shallowconvnet,0.5138888888888888,p300,0,20,0.4513888888888889,logits,shuffled,-0.15143950951886065,0.9783665228988994,0.8269270133800387,log_power,45,reports/p300_shallowconvnet_dynamics_shuffled_seed45.json,0.03181526491309634,-0.001178049674558329,0.03063721523853801,nonlinear-induced distortion
shallowconvnet,0.5138888888888888,p300,0,20,0.4513888888888889,pool,shuffled,0.0067169093089430865,0.6304128384715252,0.6371297477804683,pooling,45,reports/p300_shallowconvnet_dynamics_shuffled_seed45.json,0.0019792039196051773,0.014171721890422715,0.016150925810027892,nonlinear-induced distortion
shallowconvnet,0.5138888888888888,p300,0,20,0.4513888888888889,pool_nonlin_exp,shuffled,-0.142572491168366,0.9742823890705832,0.8317098979022172,pooling,45,reports/p300_shallowconvnet_dynamics_shuffled_seed45.json,0.009234552696516702,0.021230431031399752,0.030464983727916454,nonlinear-induced distortion
shallowconvnet,0.5069444444444444,p300,0,20,0.4236111111111111,bnorm,shuffled,0.006000229205511933,0.010745568837240826,0.01674579804275276,linear_filtering,46,reports/p300_shallowconvnet_dynamics_shuffled_seed46.json,-0.2379116747729061,0.89832635585795,0.6604146810850439,nonlinear-induced distortion
shallowconvnet,0.5069444444444444,p300,0,20,0.4236111111111111,conv_nonlin_exp,shuffled,-0.02454505046189459,0.28490091777632975,0.26035586731443516,linear_filtering,46,reports/p300_shallowconvnet_dynamics_shuffled_seed46.json,-0.0680044681174451,0.09323853578070236,0.025234067663257274,nonlinear-induced distortion
shallowconvnet,0.5069444444444444,p300,0,20,0.4236111111111111,conv_time_spat,shuffled,0.00959292035106008,0.010745568832632084,0.020338489183692163,linear_filtering,46,reports/p300_shallowconvnet_dynamics_shuffled_seed46.json,-0.1681739056576783,0.89832635585795,0.7301524502002716,nonlinear-induced distortion
shallowconvnet,0.5069444444444444,p300,0,20,0.4236111111111111,final_layer.conv_classifier,shuffled,-0.09167316148019533,0.9958072022754559,0.9041340407952606,linear_filtering,46,reports/p300_shallowconvnet_dynamics_shuffled_seed46.json,-0.05041663686431585,0.04939395429511479,-0.0010226825692010585,nonlinear-induced distortion
shallowconvnet,0.5069444444444444,p300,0,20,0.4236111111111111,logits,shuffled,-0.09167316148019533,0.9958072022754559,0.9041340407952606,log_power,46,reports/p300_shallowconvnet_dynamics_shuffled_seed46.json,-0.05041663686431585,0.04939395429511479,-0.0010226825692010585,nonlinear-induced distortion
shallowconvnet,0.5069444444444444,p300,0,20,0.4236111111111111,pool,shuffled,-0.05238888800782315,0.6117565307072109,0.5593676426993878,pooling,46,reports/p300_shallowconvnet_dynamics_shuffled_seed46.json,-0.024372507778413557,0.08360577524855159,0.05923326747013803,nonlinear-induced distortion
shallowconvnet,0.5069444444444444,p300,0,20,0.4236111111111111,pool_nonlin_exp,shuffled,-0.13947148228838857,0.9738439363349445,0.8343724540465559,pooling,46,reports/p300_shallowconvnet_dynamics_shuffled_seed46.json,-0.027524989271153703,0.08263906149417065,0.055114072223016945,nonlinear-induced distortion
eegconformer,0.8680555555555556,p300,0,20,0.8194444444444444,fc,true,-0.22393971848850425,0.991633465987031,0.7676937474985267,classifier,41,reports/p300_eegconformer_dynamics_true_seed41.json,-0.24764580055074742,0.26247254085902294,0.014826740308275514,architecture-induced collapse with training reorganization
eegconformer,0.8680555555555556,p300,0,20,0.8194444444444444,final_layer,true,-0.06750419193793566,0.9907156639222989,0.9232114719843633,classifier,41,reports/p300_eegconformer_dynamics_true_seed41.json,-0.06848041538516558,0.08661900525713467,0.018138589871969098,architecture-induced collapse with training reorganization
eegconformer,0.8680555555555556,p300,0,20,0.8194444444444444,logits,true,-0.06750419193793566,0.9907156639222989,0.9232114719843633,classifier,41,reports/p300_eegconformer_dynamics_true_seed41.json,-0.06848041538516558,0.08661900525713467,0.018138589871969098,architecture-induced collapse with training reorganization
eegconformer,0.8680555555555556,p300,0,20,0.8194444444444444,patch_embedding,true,-0.347346306744335,0.9712257016611919,0.623879394916857,patch_embedding,41,reports/p300_eegconformer_dynamics_true_seed41.json,-0.2650658482941134,0.45014799102353187,0.18508214272941848,architecture-induced collapse with training reorganization
eegconformer,0.8680555555555556,p300,0,20,0.8194444444444444,patch_embedding.projection,true,-0.347346306744335,0.9712257016611919,0.623879394916857,patch_embedding,41,reports/p300_eegconformer_dynamics_true_seed41.json,-0.2650658482941134,0.45014799102353187,0.18508214272941848,architecture-induced collapse with training reorganization
eegconformer,0.8680555555555556,p300,0,20,0.8194444444444444,patch_embedding.shallownet,true,-0.6173226366574041,0.8750561755435504,0.2577335388861463,patch_embedding,41,reports/p300_eegconformer_dynamics_true_seed41.json,-0.08703613386023884,0.45842202140404825,0.3713858875438094,architecture-induced collapse with training reorganization
eegconformer,0.8680555555555556,p300,0,20,0.8194444444444444,transformer,true,-0.260728911950838,0.9901177325404981,0.72938882058966,transformer,41,reports/p300_eegconformer_dynamics_true_seed41.json,-0.2436554967455833,0.28207236606823544,0.03841686932265216,architecture-induced collapse with training reorganization
eegconformer,0.8680555555555556,p300,0,20,0.8194444444444444,transformer.0,true,-0.3052955875876502,0.9862359402839919,0.6809403526963417,transformer,41,reports/p300_eegconformer_dynamics_true_seed41.json,-0.31225467822401826,0.36305250205636214,0.05079782383234389,architecture-induced collapse with training reorganization
eegconformer,0.8680555555555556,p300,0,20,0.8194444444444444,transformer.2,true,-0.262110729786445,0.9896457696342228,0.7275350398477778,transformer,41,reports/p300_eegconformer_dynamics_true_seed41.json,-0.28347118410700234,0.3287324538659609,0.045261269758958576,architecture-induced collapse with training reorganization
eegconformer,0.8680555555555556,p300,0,20,0.8194444444444444,transformer.5,true,-0.260728911950838,0.9901177325404981,0.72938882058966,transformer,41,reports/p300_eegconformer_dynamics_true_seed41.json,-0.2436554967455833,0.28207236606823544,0.03841686932265216,architecture-induced collapse with training reorganization
eegconformer,0.8055555555555556,p300,0,20,0.7569444444444444,fc,true,-0.21034256586863387,0.9844935744778884,0.7741510086092546,classifier,42,reports/p300_eegconformer_dynamics_true_seed42.json,-0.09271759441384733,0.1434985873685716,0.05078099295472426,architecture-induced collapse with training reorganization
eegconformer,0.8055555555555556,p300,0,20,0.7569444444444444,final_layer,true,-0.06080554090876655,0.9821202872115123,0.9213147463027458,classifier,42,reports/p300_eegconformer_dynamics_true_seed42.json,-0.010848327641084322,0.057629506115442375,0.04678117847435805,architecture-induced collapse with training reorganization
eegconformer,0.8055555555555556,p300,0,20,0.7569444444444444,logits,true,-0.06080554090876655,0.9821202872115123,0.9213147463027458,classifier,42,reports/p300_eegconformer_dynamics_true_seed42.json,-0.010848327641084322,0.057629506115442375,0.04678117847435805,architecture-induced collapse with training reorganization
eegconformer,0.8055555555555556,p300,0,20,0.7569444444444444,patch_embedding,true,-0.3496808763623861,0.9357669472129367,0.5860860708505506,patch_embedding,42,reports/p300_eegconformer_dynamics_true_seed42.json,-0.20495455886560326,0.3490882380552177,0.14413367918961445,architecture-induced collapse with training reorganization
eegconformer,0.8055555555555556,p300,0,20,0.7569444444444444,patch_embedding.projection,true,-0.3496808763623861,0.9357669472129367,0.5860860708505506,patch_embedding,42,reports/p300_eegconformer_dynamics_true_seed42.json,-0.20495455886560326,0.3490882380552177,0.14413367918961445,architecture-induced collapse with training reorganization
eegconformer,0.8055555555555556,p300,0,20,0.7569444444444444,patch_embedding.shallownet,true,-0.43958710877392565,0.7550783221578671,0.3154912133839414,patch_embedding,42,reports/p300_eegconformer_dynamics_true_seed42.json,-0.05927273429328944,0.3465180311672984,0.28724529687400896,architecture-induced collapse with training reorganization
eegconformer,0.8055555555555556,p300,0,20,0.7569444444444444,transformer,true,-0.27747564298731575,0.9820635915434064,0.7045879485560906,transformer,42,reports/p300_eegconformer_dynamics_true_seed42.json,-0.09489991422305954,0.155633460142336,0.06073354591927645,architecture-induced collapse with training reorganization
eegconformer,0.8055555555555556,p300,0,20,0.7569444444444444,transformer.0,true,-0.35366707768090433,0.9804733595915862,0.6268062819106819,transformer,42,reports/p300_eegconformer_dynamics_true_seed42.json,-0.16378800917316355,0.2353879930798941,0.07159998390673056,architecture-induced collapse with training reorganization
eegconformer,0.8055555555555556,p300,0,20,0.7569444444444444,transformer.2,true,-0.30047420721265017,0.9795901505089188,0.6791159432962687,transformer,42,reports/p300_eegconformer_dynamics_true_seed42.json,-0.10571210482082825,0.1700419654352335,0.06432986061440525,architecture-induced collapse with training reorganization
eegconformer,0.8055555555555556,p300,0,20,0.7569444444444444,transformer.5,true,-0.27747564298731575,0.9820635915434064,0.7045879485560906,transformer,42,reports/p300_eegconformer_dynamics_true_seed42.json,-0.09489991422305954,0.155633460142336,0.06073354591927645,architecture-induced collapse with training reorganization
eegconformer,0.8194444444444444,p300,0,20,0.8125,fc,true,-0.15486872645647332,0.9947628642871389,0.8398941378306656,classifier,43,reports/p300_eegconformer_dynamics_true_seed43.json,-0.11549687383819789,0.21132163740075813,0.09582476356256024,architecture-induced collapse with training reorganization
eegconformer,0.8194444444444444,p300,0,20,0.8125,final_layer,true,-0.06437872351701468,0.9994093826245055,0.9350306591074908,classifier,43,reports/p300_eegconformer_dynamics_true_seed43.json,0.020532072544882332,0.06000739843358843,0.08053947097847076,architecture-induced collapse with training reorganization
eegconformer,0.8194444444444444,p300,0,20,0.8125,logits,true,-0.06437872351701468,0.9994093826245055,0.9350306591074908,classifier,43,reports/p300_eegconformer_dynamics_true_seed43.json,0.020532072544882332,0.06000739843358843,0.08053947097847076,architecture-induced collapse with training reorganization
eegconformer,0.8194444444444444,p300,0,20,0.8125,patch_embedding,true,-0.3297997932678508,0.9409633501294469,0.6111635568615961,patch_embedding,43,reports/p300_eegconformer_dynamics_true_seed43.json,-0.23896135827194043,0.4507837533974679,0.21182239512552747,architecture-induced collapse with training reorganization
eegconformer,0.8194444444444444,p300,0,20,0.8125,patch_embedding.projection,true,-0.3297997932678508,0.9409633501294469,0.6111635568615961,patch_embedding,43,reports/p300_eegconformer_dynamics_true_seed43.json,-0.23896135827194043,0.4507837533974679,0.21182239512552747,architecture-induced collapse with training reorganization
eegconformer,0.8194444444444444,p300,0,20,0.8125,patch_embedding.shallownet,true,-0.5288344828877504,0.8079422864431122,0.2791078035553618,patch_embedding,43,reports/p300_eegconformer_dynamics_true_seed43.json,-0.04194853730062226,0.4545038355625491,0.41255529826192683,architecture-induced collapse with training reorganization
eegconformer,0.8194444444444444,p300,0,20,0.8125,transformer,true,-0.2098605266805238,0.9934036502689553,0.7835431235884315,transformer,43,reports/p300_eegconformer_dynamics_true_seed43.json,-0.08926782329590158,0.22888944147414345,0.13962161817824187,architecture-induced collapse with training reorganization
eegconformer,0.8194444444444444,p300,0,20,0.8125,transformer.0,true,-0.2693959258669324,0.9824961149179121,0.7131001890509797,transformer,43,reports/p300_eegconformer_dynamics_true_seed43.json,-0.15230051051426932,0.2854175421107216,0.1331170315964523,architecture-induced collapse with training reorganization
eegconformer,0.8194444444444444,p300,0,20,0.8125,transformer.2,true,-0.24084464254023275,0.9898789324182501,0.7490342898780173,transformer,43,reports/p300_eegconformer_dynamics_true_seed43.json,-0.11415684679207494,0.2506607739968528,0.1365039272047779,architecture-induced collapse with training reorganization
eegconformer,0.8194444444444444,p300,0,20,0.8125,transformer.5,true,-0.2098605266805238,0.9934036502689553,0.7835431235884315,transformer,43,reports/p300_eegconformer_dynamics_true_seed43.json,-0.08926782329590158,0.22888944147414345,0.13962161817824187,architecture-induced collapse with training reorganization
eegconformer,0.8402777777777778,p300,0,20,0.8402777777777778,fc,true,-0.20496730878574565,0.9937355007646677,0.788768191978922,classifier,44,reports/p300_eegconformer_dynamics_true_seed44.json,-0.13277061279593733,0.2014825142157213,0.06871190141978398,architecture-induced collapse with training reorganization
eegconformer,0.8402777777777778,p300,0,20,0.8402777777777778,final_layer,true,-0.09153830578537014,0.992753977017642,0.9012156712322719,classifier,44,reports/p300_eegconformer_dynamics_true_seed44.json,-0.09663046098620277,0.1612313814318075,0.06460092044560474,architecture-induced collapse with training reorganization
eegconformer,0.8402777777777778,p300,0,20,0.8402777777777778,logits,true,-0.09153830578537014,0.992753977017642,0.9012156712322719,classifier,44,reports/p300_eegconformer_dynamics_true_seed44.json,-0.09663046098620277,0.1612313814318075,0.06460092044560474,architecture-induced collapse with training reorganization
eegconformer,0.8402777777777778,p300,0,20,0.8402777777777778,patch_embedding,true,-0.3580272563564695,0.9465167048728408,0.5884894485163713,patch_embedding,44,reports/p300_eegconformer_dynamics_true_seed44.json,-0.19052600404119874,0.34277973231528497,0.15225372827408623,architecture-induced collapse with training reorganization
eegconformer,0.8402777777777778,p300,0,20,0.8402777777777778,patch_embedding.projection,true,-0.3580272563564695,0.9465167048728408,0.5884894485163713,patch_embedding,44,reports/p300_eegconformer_dynamics_true_seed44.json,-0.19052600404119874,0.34277973231528497,0.15225372827408623,architecture-induced collapse with training reorganization
eegconformer,0.8402777777777778,p300,0,20,0.8402777777777778,patch_embedding.shallownet,true,-0.4821767561288881,0.8258512074099417,0.34367445128105356,patch_embedding,44,reports/p300_eegconformer_dynamics_true_seed44.json,-0.046545937343537624,0.3304448000858307,0.2838988627422931,architecture-induced collapse with training reorganization
eegconformer,0.8402777777777778,p300,0,20,0.8402777777777778,transformer,true,-0.25732184638482203,0.9908148455439396,0.7334929991591176,transformer,44,reports/p300_eegconformer_dynamics_true_seed44.json,-0.11954429225377294,0.21302941268507256,0.09348512043129961,architecture-induced collapse with training reorganization
eegconformer,0.8402777777777778,p300,0,20,0.8402777777777778,transformer.0,true,-0.30895291183956985,0.9835445814564945,0.6745916696169246,transformer,44,reports/p300_eegconformer_dynamics_true_seed44.json,-0.13050810027895,0.2394830148952149,0.1089749146162649,architecture-induced collapse with training reorganization
eegconformer,0.8402777777777778,p300,0,20,0.8402777777777778,transformer.2,true,-0.2771628621211808,0.9901508694276572,0.7129880073064764,transformer,44,reports/p300_eegconformer_dynamics_true_seed44.json,-0.11266140208139616,0.2099432712252342,0.09728186914383805,architecture-induced collapse with training reorganization
eegconformer,0.8402777777777778,p300,0,20,0.8402777777777778,transformer.5,true,-0.25732184638482203,0.9908148455439396,0.7334929991591176,transformer,44,reports/p300_eegconformer_dynamics_true_seed44.json,-0.11954429225377294,0.21302941268507256,0.09348512043129961,architecture-induced collapse with training reorganization
eegconformer,0.7986111111111112,p300,0,20,0.7361111111111112,fc,true,-0.13747609956327245,0.9767488487612561,0.8392727491979837,classifier,45,reports/p300_eegconformer_dynamics_true_seed45.json,-0.1726637266647593,0.2151887606394392,0.04252503397467992,architecture-induced collapse with training reorganization
eegconformer,0.7986111111111112,p300,0,20,0.7361111111111112,final_layer,true,-0.03155132684361894,0.9989848513374682,0.9674335244938492,classifier,45,reports/p300_eegconformer_dynamics_true_seed45.json,-0.16550812263071307,0.20735008672484082,0.041841964094127736,architecture-induced collapse with training reorganization
eegconformer,0.7986111111111112,p300,0,20,0.7361111111111112,logits,true,-0.03155132684361894,0.9989848513374682,0.9674335244938492,classifier,45,reports/p300_eegconformer_dynamics_true_seed45.json,-0.16550812263071307,0.20735008672484082,0.041841964094127736,architecture-induced collapse with training reorganization
eegconformer,0.7986111111111112,p300,0,20,0.7361111111111112,patch_embedding,true,-0.31462349022932445,0.9365325889495858,0.6219090987202613,patch_embedding,45,reports/p300_eegconformer_dynamics_true_seed45.json,-0.14415883609899147,0.3889762780738144,0.24481744197482294,architecture-induced collapse with training reorganization
eegconformer,0.7986111111111112,p300,0,20,0.7361111111111112,patch_embedding.projection,true,-0.31462349022932445,0.9365325889495858,0.6219090987202613,patch_embedding,45,reports/p300_eegconformer_dynamics_true_seed45.json,-0.14415883609899147,0.3889762780738144,0.24481744197482294,architecture-induced collapse with training reorganization
eegconformer,0.7986111111111112,p300,0,20,0.7361111111111112,patch_embedding.shallownet,true,-0.4896678583658629,0.8001770323789098,0.3105091740130469,patch_embedding,45,reports/p300_eegconformer_dynamics_true_seed45.json,-0.0608531444460339,0.39039047412559896,0.32953732967956506,architecture-induced collapse with training reorganization
eegconformer,0.7986111111111112,p300,0,20,0.7361111111111112,transformer,true,-0.22793336626489868,0.9783463118788883,0.7504129456139896,transformer,45,reports/p300_eegconformer_dynamics_true_seed45.json,-0.10511101003147125,0.20802918916744148,0.10291817913597023,architecture-induced collapse with training reorganization
eegconformer,0.7986111111111112,p300,0,20,0.7361111111111112,transformer.0,true,-0.2679818543054161,0.9746224885362101,0.706640634230794,transformer,45,reports/p300_eegconformer_dynamics_true_seed45.json,-0.12472815785709176,0.2714658174486803,0.14673765959158855,architecture-induced collapse with training reorganization
eegconformer,0.7986111111111112,p300,0,20,0.7361111111111112,transformer.2,true,-0.2416489632219252,0.9714234941212149,0.7297745308992897,transformer,45,reports/p300_eegconformer_dynamics_true_seed45.json,-0.10713702971890422,0.22629078079178883,0.1191537510728846,architecture-induced collapse with training reorganization
eegconformer,0.7986111111111112,p300,0,20,0.7361111111111112,transformer.5,true,-0.22793336626489868,0.9783463118788883,0.7504129456139896,transformer,45,reports/p300_eegconformer_dynamics_true_seed45.json,-0.10511101003147125,0.20802918916744148,0.10291817913597023,architecture-induced collapse with training reorganization
eegconformer,0.8125,p300,0,20,0.8125,fc,true,-0.23990809919678213,0.9958413446744709,0.7559332454776888,classifier,46,reports/p300_eegconformer_dynamics_true_seed46.json,-0.22203963191116513,0.2561909689936342,0.034151337082469056,architecture-induced collapse with training reorganization
eegconformer,0.8125,p300,0,20,0.8125,final_layer,true,-0.11864385685849743,0.9997279715143,0.8810841146558026,classifier,46,reports/p300_eegconformer_dynamics_true_seed46.json,-0.11565174388455761,0.15672406971961947,0.04107232583506186,architecture-induced collapse with training reorganization
eegconformer,0.8125,p300,0,20,0.8125,logits,true,-0.11864385685849743,0.9997279715143,0.8810841146558026,classifier,46,reports/p300_eegconformer_dynamics_true_seed46.json,-0.11565174388455761,0.15672406971961947,0.04107232583506186,architecture-induced collapse with training reorganization
eegconformer,0.8125,p300,0,20,0.8125,patch_embedding,true,-0.3383495803229827,0.974157527862685,0.6358079475397023,patch_embedding,46,reports/p300_eegconformer_dynamics_true_seed46.json,-0.14993716919390598,0.41760930012159353,0.26767213092768755,architecture-induced collapse with training reorganization
eegconformer,0.8125,p300,0,20,0.8125,patch_embedding.projection,true,-0.3383495803229827,0.974157527862685,0.6358079475397023,patch_embedding,46,reports/p300_eegconformer_dynamics_true_seed46.json,-0.14993716919390598,0.41760930012159353,0.26767213092768755,architecture-induced collapse with training reorganization
eegconformer,0.8125,p300,0,20,0.8125,patch_embedding.shallownet,true,-0.5068946872432101,0.7977558653654652,0.29086117812225515,patch_embedding,46,reports/p300_eegconformer_dynamics_true_seed46.json,-0.04065705242829554,0.4229507791824618,0.3822937267541663,architecture-induced collapse with training reorganization
eegconformer,0.8125,p300,0,20,0.8125,transformer,true,-0.2597418188094792,0.9951839921901071,0.7354421733806279,transformer,46,reports/p300_eegconformer_dynamics_true_seed46.json,-0.13913635022530574,0.23919103381374718,0.10005468358844144,architecture-induced collapse with training reorganization
eegconformer,0.8125,p300,0,20,0.8125,transformer.0,true,-0.28911567217163925,0.9943362680155563,0.705220595843917,transformer,46,reports/p300_eegconformer_dynamics_true_seed46.json,-0.16997667593519775,0.3009594494313711,0.13098277349617335,architecture-induced collapse with training reorganization
eegconformer,0.8125,p300,0,20,0.8125,transformer.2,true,-0.28003955422985083,0.9958159789399266,0.7157764247100757,transformer,46,reports/p300_eegconformer_dynamics_true_seed46.json,-0.1512831141370431,0.26044911397611037,0.10916599983906729,architecture-induced collapse with training reorganization
eegconformer,0.8125,p300,0,20,0.8125,transformer.5,true,-0.2597418188094792,0.9951839921901071,0.7354421733806279,transformer,46,reports/p300_eegconformer_dynamics_true_seed46.json,-0.13913635022530574,0.23919103381374718,0.10005468358844144,architecture-induced collapse with training reorganization
eegconformer,0.5069444444444444,p300,0,20,0.4513888888888889,fc,shuffled,-0.3209584862550249,0.991633465987031,0.6706749797320061,classifier,41,reports/p300_eegconformer_dynamics_shuffled_seed41.json,-0.11434052240540735,0.26247254085902294,0.1481320184536156,architecture-induced collapse with training reorganization
eegconformer,0.5069444444444444,p300,0,20,0.4513888888888889,final_layer,shuffled,-0.042220708215352176,0.9907156639222989,0.9484949557069468,classifier,41,reports/p300_eegconformer_dynamics_shuffled_seed41.json,-0.02128377351405479,0.08661900525713467,0.06533523174307988,architecture-induced collapse with training reorganization
eegconformer,0.5069444444444444,p300,0,20,0.4513888888888889,logits,shuffled,-0.042220708215352176,0.9907156639222989,0.9484949557069468,classifier,41,reports/p300_eegconformer_dynamics_shuffled_seed41.json,-0.02128377351405479,0.08661900525713467,0.06533523174307988,architecture-induced collapse with training reorganization
eegconformer,0.5069444444444444,p300,0,20,0.4513888888888889,patch_embedding,shuffled,-0.29988302881298423,0.9712257016611919,0.6713426728482077,patch_embedding,41,reports/p300_eegconformer_dynamics_shuffled_seed41.json,0.0011040988663185702,0.45014799102353187,0.45125208988985044,architecture-induced collapse with training reorganization
eegconformer,0.5069444444444444,p300,0,20,0.4513888888888889,patch_embedding.projection,shuffled,-0.29988302881298423,0.9712257016611919,0.6713426728482077,patch_embedding,41,reports/p300_eegconformer_dynamics_shuffled_seed41.json,0.0011040988663185702,0.45014799102353187,0.45125208988985044,architecture-induced collapse with training reorganization
eegconformer,0.5069444444444444,p300,0,20,0.4513888888888889,patch_embedding.shallownet,shuffled,-0.6603238672541134,0.8750561755435504,0.21473230828943707,patch_embedding,41,reports/p300_eegconformer_dynamics_shuffled_seed41.json,-0.008226823456834231,0.45842202140404825,0.450195197947214,architecture-induced collapse with training reorganization
eegconformer,0.5069444444444444,p300,0,20,0.4513888888888889,transformer,shuffled,-0.33051218127878146,0.9901177325404981,0.6596055512617166,transformer,41,reports/p300_eegconformer_dynamics_shuffled_seed41.json,-0.04537771126886489,0.28207236606823544,0.23669465479937055,architecture-induced collapse with training reorganization
eegconformer,0.5069444444444444,p300,0,20,0.4513888888888889,transformer.0,shuffled,-0.26225479849071076,0.9862359402839919,0.7239811417932811,transformer,41,reports/p300_eegconformer_dynamics_shuffled_seed41.json,0.04961376153350977,0.36305250205636214,0.4126662635898719,architecture-induced collapse with training reorganization
eegconformer,0.5069444444444444,p300,0,20,0.4513888888888889,transformer.2,shuffled,-0.3442936499416056,0.9896457696342228,0.6453521196926172,transformer,41,reports/p300_eegconformer_dynamics_shuffled_seed41.json,-0.044751604856591076,0.3287324538659609,0.2839808490093698,architecture-induced collapse with training reorganization
eegconformer,0.5069444444444444,p300,0,20,0.4513888888888889,transformer.5,shuffled,-0.33051218127878146,0.9901177325404981,0.6596055512617166,transformer,41,reports/p300_eegconformer_dynamics_shuffled_seed41.json,-0.04537771126886489,0.28207236606823544,0.23669465479937055,architecture-induced collapse with training reorganization
eegconformer,0.5972222222222222,p300,0,20,0.5902777777777778,fc,shuffled,-0.1962014716401388,0.9844935744778884,0.7882921028377496,classifier,42,reports/p300_eegconformer_dynamics_shuffled_seed42.json,-0.12203546330734566,0.1434985873685716,0.021463124061225945,architecture-induced collapse with training reorganization
eegconformer,0.5972222222222222,p300,0,20,0.5902777777777778,final_layer,shuffled,-0.08818822636107104,0.9821202872115123,0.8939320608504413,classifier,42,reports/p300_eegconformer_dynamics_shuffled_seed42.json,-0.055294663293040544,0.057629506115442375,0.002334842822401831,architecture-induced collapse with training reorganization
eegconformer,0.5972222222222222,p300,0,20,0.5902777777777778,logits,shuffled,-0.08818822636107104,0.9821202872115123,0.8939320608504413,classifier,42,reports/p300_eegconformer_dynamics_shuffled_seed42.json,-0.055294663293040544,0.057629506115442375,0.002334842822401831,architecture-induced collapse with training reorganization
eegconformer,0.5972222222222222,p300,0,20,0.5902777777777778,patch_embedding,shuffled,-0.2665481398455476,0.9357669472129367,0.6692188073673891,patch_embedding,42,reports/p300_eegconformer_dynamics_shuffled_seed42.json,0.0022234639868393136,0.3490882380552177,0.35131170204205703,architecture-induced collapse with training reorganization
eegconformer,0.5972222222222222,p300,0,20,0.5902777777777778,patch_embedding.projection,shuffled,-0.2665481398455476,0.9357669472129367,0.6692188073673891,patch_embedding,42,reports/p300_eegconformer_dynamics_shuffled_seed42.json,0.0022234639868393136,0.3490882380552177,0.35131170204205703,architecture-induced collapse with training reorganization
eegconformer,0.5972222222222222,p300,0,20,0.5902777777777778,patch_embedding.shallownet,shuffled,-0.45157927885102195,0.7550783221578671,0.30349904330684513,patch_embedding,42,reports/p300_eegconformer_dynamics_shuffled_seed42.json,0.008669131321078605,0.3465180311672984,0.355187162488377,architecture-induced collapse with training reorganization
eegconformer,0.5972222222222222,p300,0,20,0.5902777777777778,transformer,shuffled,-0.1870512372624652,0.9820635915434064,0.7950123542809412,transformer,42,reports/p300_eegconformer_dynamics_shuffled_seed42.json,-0.09208187674343751,0.155633460142336,0.06355158339889849,architecture-induced collapse with training reorganization
eegconformer,0.5972222222222222,p300,0,20,0.5902777777777778,transformer.0,shuffled,-0.2718823119901588,0.9804733595915862,0.7085910476014274,transformer,42,reports/p300_eegconformer_dynamics_shuffled_seed42.json,-0.04650269785780703,0.2353879930798941,0.18888529522208708,architecture-induced collapse with training reorganization
eegconformer,0.5972222222222222,p300,0,20,0.5902777777777778,transformer.2,shuffled,-0.20111134959632349,0.9795901505089188,0.7784788009125954,transformer,42,reports/p300_eegconformer_dynamics_shuffled_seed42.json,-0.06911759709605893,0.1700419654352335,0.10092436833917458,architecture-induced collapse with training reorganization
eegconformer,0.5972222222222222,p300,0,20,0.5902777777777778,transformer.5,shuffled,-0.1870512372624652,0.9820635915434064,0.7950123542809412,transformer,42,reports/p300_eegconformer_dynamics_shuffled_seed42.json,-0.09208187674343751,0.155633460142336,0.06355158339889849,architecture-induced collapse with training reorganization
eegconformer,0.5972222222222222,p300,0,20,0.5486111111111112,fc,shuffled,-0.2805358120938358,0.9947628642871389,0.7142270521933031,classifier,43,reports/p300_eegconformer_dynamics_shuffled_seed43.json,-0.09568689203204346,0.21132163740075813,0.11563474536871467,architecture-induced collapse with training reorganization
eegconformer,0.5972222222222222,p300,0,20,0.5486111111111112,final_layer,shuffled,-0.03541647273957749,0.9994093826245055,0.963992909884928,classifier,43,reports/p300_eegconformer_dynamics_shuffled_seed43.json,-0.015348173413918885,0.06000739843358843,0.04465922501966955,architecture-induced collapse with training reorganization
eegconformer,0.5972222222222222,p300,0,20,0.5486111111111112,logits,shuffled,-0.03541647273957749,0.9994093826245055,0.963992909884928,classifier,43,reports/p300_eegconformer_dynamics_shuffled_seed43.json,-0.015348173413918885,0.06000739843358843,0.04465922501966955,architecture-induced collapse with training reorganization
eegconformer,0.5972222222222222,p300,0,20,0.5486111111111112,patch_embedding,shuffled,-0.2600619891856536,0.9409633501294469,0.6809013609437933,patch_embedding,43,reports/p300_eegconformer_dynamics_shuffled_seed43.json,-0.013154906659037235,0.4507837533974679,0.43762884673843067,architecture-induced collapse with training reorganization
eegconformer,0.5972222222222222,p300,0,20,0.5486111111111112,patch_embedding.projection,shuffled,-0.2600619891856536,0.9409633501294469,0.6809013609437933,patch_embedding,43,reports/p300_eegconformer_dynamics_shuffled_seed43.json,-0.013154906659037235,0.4507837533974679,0.43762884673843067,architecture-induced collapse with training reorganization
eegconformer,0.5972222222222222,p300,0,20,0.5486111111111112,patch_embedding.shallownet,shuffled,-0.5213762253464671,0.8079422864431122,0.2865660610966451,patch_embedding,43,reports/p300_eegconformer_dynamics_shuffled_seed43.json,-0.00985390887633214,0.4545038355625491,0.44464992668621695,architecture-induced collapse with training reorganization
eegconformer,0.5972222222222222,p300,0,20,0.5486111111111112,transformer,shuffled,-0.2552276154285499,0.9934036502689553,0.7381760348404054,transformer,43,reports/p300_eegconformer_dynamics_shuffled_seed43.json,-0.02785744939560833,0.22888944147414345,0.20103199207853512,architecture-induced collapse with training reorganization
eegconformer,0.5972222222222222,p300,0,20,0.5486111111111112,transformer.0,shuffled,-0.2906844769492206,0.9824961149179121,0.6918116379686915,transformer,43,reports/p300_eegconformer_dynamics_shuffled_seed43.json,0.09184697088906374,0.2854175421107216,0.37726451299978536,architecture-induced collapse with training reorganization
eegconformer,0.5972222222222222,p300,0,20,0.5486111111111112,transformer.2,shuffled,-0.24630024865758682,0.9898789324182501,0.7435786837606633,transformer,43,reports/p300_eegconformer_dynamics_shuffled_seed43.json,-0.004592672645018225,0.2506607739968528,0.2460681013518346,architecture-induced collapse with training reorganization
eegconformer,0.5972222222222222,p300,0,20,0.5486111111111112,transformer.5,shuffled,-0.2552276154285499,0.9934036502689553,0.7381760348404054,transformer,43,reports/p300_eegconformer_dynamics_shuffled_seed43.json,-0.02785744939560833,0.22888944147414345,0.20103199207853512,architecture-induced collapse with training reorganization
eegconformer,0.6180555555555556,p300,0,20,0.5694444444444444,fc,shuffled,-0.08137675317091064,0.9937355007646677,0.912358747593757,classifier,44,reports/p300_eegconformer_dynamics_shuffled_seed44.json,-0.04918204840497817,0.2014825142157213,0.15230046581074314,architecture-induced collapse with training reorganization
eegconformer,0.6180555555555556,p300,0,20,0.5694444444444444,final_layer,shuffled,-0.04432186750253697,0.992753977017642,0.948432109515105,classifier,44,reports/p300_eegconformer_dynamics_shuffled_seed44.json,-0.06592759861941928,0.1612313814318075,0.09530378281238823,architecture-induced collapse with training reorganization
eegconformer,0.6180555555555556,p300,0,20,0.5694444444444444,logits,shuffled,-0.04432186750253697,0.992753977017642,0.948432109515105,classifier,44,reports/p300_eegconformer_dynamics_shuffled_seed44.json,-0.06592759861941928,0.1612313814318075,0.09530378281238823,architecture-induced collapse with training reorganization
eegconformer,0.6180555555555556,p300,0,20,0.5694444444444444,patch_embedding,shuffled,-0.29668983845889807,0.9465167048728408,0.6498268664139427,patch_embedding,44,reports/p300_eegconformer_dynamics_shuffled_seed44.json,-0.07627384933123521,0.34277973231528497,0.26650588298404976,architecture-induced collapse with training reorganization
eegconformer,0.6180555555555556,p300,0,20,0.5694444444444444,patch_embedding.projection,shuffled,-0.29668983845889807,0.9465167048728408,0.6498268664139427,patch_embedding,44,reports/p300_eegconformer_dynamics_shuffled_seed44.json,-0.07627384933123521,0.34277973231528497,0.26650588298404976,architecture-induced collapse with training reorganization
eegconformer,0.6180555555555556,p300,0,20,0.5694444444444444,patch_embedding.shallownet,shuffled,-0.4633109091340427,0.8258512074099417,0.36254029827589895,patch_embedding,44,reports/p300_eegconformer_dynamics_shuffled_seed44.json,-0.014842587708318422,0.3304448000858307,0.3156022123775123,architecture-induced collapse with training reorganization
eegconformer,0.6180555555555556,p300,0,20,0.5694444444444444,transformer,shuffled,-0.15547336553129631,0.9908148455439396,0.8353414800126433,transformer,44,reports/p300_eegconformer_dynamics_shuffled_seed44.json,-0.02617272384492597,0.21302941268507256,0.18685668884014658,architecture-induced collapse with training reorganization
eegconformer,0.6180555555555556,p300,0,20,0.5694444444444444,transformer.0,shuffled,-0.19044313686525483,0.9835445814564945,0.7931014445912397,transformer,44,reports/p300_eegconformer_dynamics_shuffled_seed44.json,-0.019144665081181594,0.2394830148952149,0.2203383498140333,architecture-induced collapse with training reorganization
eegconformer,0.6180555555555556,p300,0,20,0.5694444444444444,transformer.2,shuffled,-0.18076609533123378,0.9901508694276572,0.8093847740964234,transformer,44,reports/p300_eegconformer_dynamics_shuffled_seed44.json,-0.02517547200003628,0.2099432712252342,0.18476779922519793,architecture-induced collapse with training reorganization
eegconformer,0.6180555555555556,p300,0,20,0.5694444444444444,transformer.5,shuffled,-0.15547336553129631,0.9908148455439396,0.8353414800126433,transformer,44,reports/p300_eegconformer_dynamics_shuffled_seed44.json,-0.02617272384492597,0.21302941268507256,0.18685668884014658,architecture-induced collapse with training reorganization
eegconformer,0.6041666666666666,p300,0,20,0.6041666666666666,fc,shuffled,-0.09975878304242158,0.9767488487612561,0.8769900657188345,classifier,45,reports/p300_eegconformer_dynamics_shuffled_seed45.json,0.00282868267648953,0.2151887606394392,0.21801744331592873,architecture-induced collapse with training reorganization
eegconformer,0.6041666666666666,p300,0,20,0.6041666666666666,final_layer,shuffled,-0.0834902534924965,0.9989848513374682,0.9154945978449717,classifier,45,reports/p300_eegconformer_dynamics_shuffled_seed45.json,-0.061814683767255546,0.20735008672484082,0.14553540295758527,architecture-induced collapse with training reorganization
eegconformer,0.6041666666666666,p300,0,20,0.6041666666666666,logits,shuffled,-0.0834902534924965,0.9989848513374682,0.9154945978449717,classifier,45,reports/p300_eegconformer_dynamics_shuffled_seed45.json,-0.061814683767255546,0.20735008672484082,0.14553540295758527,architecture-induced collapse with training reorganization
eegconformer,0.6041666666666666,p300,0,20,0.6041666666666666,patch_embedding,shuffled,-0.3020497759638734,0.9365325889495858,0.6344828129857124,patch_embedding,45,reports/p300_eegconformer_dynamics_shuffled_seed45.json,-0.0602685005543237,0.3889762780738144,0.3287077775194907,architecture-induced collapse with training reorganization
eegconformer,0.6041666666666666,p300,0,20,0.6041666666666666,patch_embedding.projection,shuffled,-0.3020497759638734,0.9365325889495858,0.6344828129857124,patch_embedding,45,reports/p300_eegconformer_dynamics_shuffled_seed45.json,-0.0602685005543237,0.3889762780738144,0.3287077775194907,architecture-induced collapse with training reorganization
eegconformer,0.6041666666666666,p300,0,20,0.6041666666666666,patch_embedding.shallownet,shuffled,-0.5682107988472601,0.8001770323789098,0.23196623353164966,patch_embedding,45,reports/p300_eegconformer_dynamics_shuffled_seed45.json,-0.03778142447616106,0.39039047412559896,0.3526090496494379,architecture-induced collapse with training reorganization
eegconformer,0.6041666666666666,p300,0,20,0.6041666666666666,transformer,shuffled,-0.09805774796403621,0.9783463118788883,0.8802885639148521,transformer,45,reports/p300_eegconformer_dynamics_shuffled_seed45.json,0.06548235104785063,0.20802918916744148,0.2735115402152921,architecture-induced collapse with training reorganization
eegconformer,0.6041666666666666,p300,0,20,0.6041666666666666,transformer.0,shuffled,-0.15464115576616422,0.9746224885362101,0.8199813327700459,transformer,45,reports/p300_eegconformer_dynamics_shuffled_seed45.json,0.06791996727701877,0.2714658174486803,0.3393857847256991,architecture-induced collapse with training reorganization
eegconformer,0.6041666666666666,p300,0,20,0.6041666666666666,transformer.2,shuffled,-0.10425282157475091,0.9714234941212149,0.867170672546464,transformer,45,reports/p300_eegconformer_dynamics_shuffled_seed45.json,0.06649989271153706,0.22629078079178883,0.2927906735033259,architecture-induced collapse with training reorganization
eegconformer,0.6041666666666666,p300,0,20,0.6041666666666666,transformer.5,shuffled,-0.09805774796403621,0.9783463118788883,0.8802885639148521,transformer,45,reports/p300_eegconformer_dynamics_shuffled_seed45.json,0.06548235104785063,0.20802918916744148,0.2735115402152921,architecture-induced collapse with training reorganization
eegconformer,0.5208333333333334,p300,0,20,0.4097222222222222,fc,shuffled,-0.13304577160538844,0.9958413446744709,0.8627955730690825,classifier,46,reports/p300_eegconformer_dynamics_shuffled_seed46.json,-0.13995113904584794,0.2561909689936342,0.11623982994778626,architecture-induced collapse with training reorganization
eegconformer,0.5208333333333334,p300,0,20,0.4097222222222222,final_layer,shuffled,-0.1909148569424458,0.9997279715143,0.8088131145718542,classifier,46,reports/p300_eegconformer_dynamics_shuffled_seed46.json,-0.07394788015878692,0.15672406971961947,0.08277618956083255,architecture-induced collapse with training reorganization
eegconformer,0.5208333333333334,p300,0,20,0.4097222222222222,logits,shuffled,-0.1909148569424458,0.9997279715143,0.8088131145718542,classifier,46,reports/p300_eegconformer_dynamics_shuffled_seed46.json,-0.07394788015878692,0.15672406971961947,0.08277618956083255,architecture-induced collapse with training reorganization
eegconformer,0.5208333333333334,p300,0,20,0.4097222222222222,patch_embedding,shuffled,-0.29067844541767773,0.974157527862685,0.6834790824450072,patch_embedding,46,reports/p300_eegconformer_dynamics_shuffled_seed46.json,-0.022039084292969024,0.41760930012159353,0.3955702158286245,architecture-induced collapse with training reorganization
eegconformer,0.5208333333333334,p300,0,20,0.4097222222222222,patch_embedding.projection,shuffled,-0.29067844541767773,0.974157527862685,0.6834790824450072,patch_embedding,46,reports/p300_eegconformer_dynamics_shuffled_seed46.json,-0.022039084292969024,0.41760930012159353,0.3955702158286245,architecture-induced collapse with training reorganization
eegconformer,0.5208333333333334,p300,0,20,0.4097222222222222,patch_embedding.shallownet,shuffled,-0.527241729563408,0.7977558653654652,0.27051413580205724,patch_embedding,46,reports/p300_eegconformer_dynamics_shuffled_seed46.json,-0.026130563353837344,0.4229507791824618,0.3968202158286245,architecture-induced collapse with training reorganization
eegconformer,0.5208333333333334,p300,0,20,0.4097222222222222,transformer,shuffled,-0.19516820883466302,0.9951839921901071,0.8000157833554441,transformer,46,reports/p300_eegconformer_dynamics_shuffled_seed46.json,-0.044237771350404104,0.23919103381374718,0.19495326246334307,architecture-induced collapse with training reorganization
eegconformer,0.5208333333333334,p300,0,20,0.4097222222222222,transformer.0,shuffled,-0.27287673733917794,0.9943362680155563,0.7214595306763784,transformer,46,reports/p300_eegconformer_dynamics_shuffled_seed46.json,0.04447368303411775,0.3009594494313711,0.34543313246548885,architecture-induced collapse with training reorganization
eegconformer,0.5208333333333334,p300,0,20,0.4097222222222222,transformer.2,shuffled,-0.2834157389347224,0.9958159789399266,0.7124002400052042,transformer,46,reports/p300_eegconformer_dynamics_shuffled_seed46.json,-0.039577920481367546,0.26044911397611037,0.22087119349474282,architecture-induced collapse with training reorganization
eegconformer,0.5208333333333334,p300,0,20,0.4097222222222222,transformer.5,shuffled,-0.19516820883466302,0.9951839921901071,0.8000157833554441,transformer,46,reports/p300_eegconformer_dynamics_shuffled_seed46.json,-0.044237771350404104,0.23919103381374718,0.19495326246334307,architecture-induced collapse with training reorganization
tsception,0.8472222222222222,p300,0,20,0.8055555555555556,batch_spatial_lay,true,0.07799692013989634,0.416128986230266,0.49412590637016235,spatial_asymmetry,41,reports/p300_tsception_dynamics_true_seed41.json,-0.14282995021108724,0.47495892863529066,0.3321289784242034,multi-branch fusion-induced reorganization
tsception,0.8472222222222222,p300,0,20,0.8055555555555556,batch_temporal_lay,true,0.11558411005602032,0.4041274148976054,0.5197115249536257,temporal_multiscale,41,reports/p300_tsception_dynamics_true_seed41.json,0.0011454868228730763,0.6874728724683077,0.6886183592911808,multi-branch fusion-induced reorganization
tsception,0.8472222222222222,p300,0,20,0.8055555555555556,dense_layer,true,-0.05192812122455026,0.765931959241275,0.7140038380167247,fusion_classifier,41,reports/p300_tsception_dynamics_true_seed41.json,-0.26184345048637436,0.40776350493526925,0.14592005444889491,multi-branch fusion-induced reorganization
tsception,0.8472222222222222,p300,0,20,0.8055555555555556,final_layer,true,0.025337635682900483,0.9533033824763282,0.9786410181592287,fusion_classifier,41,reports/p300_tsception_dynamics_true_seed41.json,-0.08088596801015663,0.06953479275445246,-0.011351175255704168,multi-branch fusion-induced reorganization
tsception,0.8472222222222222,p300,0,20,0.8055555555555556,logits,true,0.025337635682900483,0.9533033824763282,0.9786410181592287,fusion_classifier,41,reports/p300_tsception_dynamics_true_seed41.json,-0.08088596801015663,0.06953479275445246,-0.011351175255704168,multi-branch fusion-induced reorganization
tsception,0.8472222222222222,p300,0,20,0.8055555555555556,spatial_block_1,true,-0.017148915759455652,0.5728187404298173,0.5556698246703616,spatial_asymmetry,41,reports/p300_tsception_dynamics_true_seed41.json,-0.17642078982190113,0.4179292879622344,0.24150849814033326,multi-branch fusion-induced reorganization
tsception,0.8472222222222222,p300,0,20,0.8055555555555556,spatial_block_2,true,0.028452226799753122,0.639494983421964,0.6679472102217171,spatial_asymmetry,41,reports/p300_tsception_dynamics_true_seed41.json,-0.08416222239110221,0.4432481582147199,0.3590859358236177,multi-branch fusion-induced reorganization
tsception,0.8472222222222222,p300,0,20,0.8055555555555556,temporal_blocks.0,true,-0.020739543677585626,0.48924849897988576,0.46850895530230013,temporal_multiscale,41,reports/p300_tsception_dynamics_true_seed41.json,0.11562634110578646,0.4719605401974107,0.5875868813031971,multi-branch fusion-induced reorganization
tsception,0.8472222222222222,p300,0,20,0.8055555555555556,temporal_blocks.1,true,-0.004087429652428254,0.5480085816226489,0.5439211519702206,temporal_multiscale,41,reports/p300_tsception_dynamics_true_seed41.json,0.033054409213132074,0.5642908232601387,0.5973452324732708,multi-branch fusion-induced reorganization
tsception,0.8472222222222222,p300,0,20,0.8055555555555556,temporal_blocks.2,true,-0.0007526316532864841,0.4981081368654711,0.49735550521218463,temporal_multiscale,41,reports/p300_tsception_dynamics_true_seed41.json,-0.014713238055217737,0.7132871396895786,0.6985739016343608,multi-branch fusion-induced reorganization
tsception,0.7708333333333334,p300,0,20,0.7430555555555556,batch_spatial_lay,true,-0.16149860594512,0.7001345484173722,0.5386359424722522,spatial_asymmetry,42,reports/p300_tsception_dynamics_true_seed42.json,-0.1442821172484085,0.4238098691974822,0.2795277519490737,multi-branch fusion-induced reorganization
tsception,0.7708333333333334,p300,0,20,0.7430555555555556,batch_temporal_lay,true,0.16038925170845186,0.3746918596553863,0.5350811113638382,temporal_multiscale,42,reports/p300_tsception_dynamics_true_seed42.json,0.042265775874400946,0.6365944518453615,0.6788602277197624,multi-branch fusion-induced reorganization
tsception,0.7708333333333334,p300,0,20,0.7430555555555556,dense_layer,true,-0.07731929959492112,0.7905813482159079,0.7132620486209867,fusion_classifier,42,reports/p300_tsception_dynamics_true_seed42.json,-0.22047372326729128,0.3937525145733495,0.1732787913060582,multi-branch fusion-induced reorganization
tsception,0.7708333333333334,p300,0,20,0.7430555555555556,final_layer,true,0.10472394916452288,0.8643528426926328,0.9690767918571557,fusion_classifier,42,reports/p300_tsception_dynamics_true_seed42.json,-0.14247548011587152,0.13555337377512336,-0.006922106340748157,multi-branch fusion-induced reorganization
tsception,0.7708333333333334,p300,0,20,0.7430555555555556,logits,true,0.10472394916452288,0.8643528426926328,0.9690767918571557,fusion_classifier,42,reports/p300_tsception_dynamics_true_seed42.json,-0.14247548011587152,0.13555337377512336,-0.006922106340748157,multi-branch fusion-induced reorganization
tsception,0.7708333333333334,p300,0,20,0.7430555555555556,spatial_block_1,true,0.06687317416944583,0.7396557772797344,0.8065289514491802,spatial_asymmetry,42,reports/p300_tsception_dynamics_true_seed42.json,-0.1465310510693083,0.40943693673556963,0.26290588566626133,multi-branch fusion-induced reorganization
tsception,0.7708333333333334,p300,0,20,0.7430555555555556,spatial_block_2,true,-0.03708768569376808,0.7792187368592118,0.7421310511654438,spatial_asymmetry,42,reports/p300_tsception_dynamics_true_seed42.json,-0.2105630073850225,0.40654886542450464,0.19598585803948212,multi-branch fusion-induced reorganization
tsception,0.7708333333333334,p300,0,20,0.7430555555555556,temporal_blocks.0,true,-0.018607132572205587,0.520116111633757,0.5015089790615515,temporal_multiscale,42,reports/p300_tsception_dynamics_true_seed42.json,-0.041419581360937374,0.5660335343501894,0.5246139529892521,multi-branch fusion-induced reorganization
tsception,0.7708333333333334,p300,0,20,0.7430555555555556,temporal_blocks.1,true,0.009423141411237845,0.42789528722047543,0.4373184286317133,temporal_multiscale,42,reports/p300_tsception_dynamics_true_seed42.json,0.04856184285816467,0.5699207406480222,0.6184825835061869,multi-branch fusion-induced reorganization
tsception,0.7708333333333334,p300,0,20,0.7430555555555556,temporal_blocks.2,true,-0.021446314568609126,0.5093138108171575,0.4878674962485484,temporal_multiscale,42,reports/p300_tsception_dynamics_true_seed42.json,0.01706749338387814,0.6137987603712179,0.6308662537550961,multi-branch fusion-induced reorganization
tsception,0.8333333333333334,p300,0,20,0.8055555555555556,batch_spatial_lay,true,0.04556986554033954,0.4845599183824815,0.5301297839228211,spatial_asymmetry,43,reports/p300_tsception_dynamics_true_seed43.json,-0.25167136426221304,0.5221354203919605,0.27046405612974744,multi-branch fusion-induced reorganization
tsception,0.8333333333333334,p300,0,20,0.8055555555555556,batch_temporal_lay,true,0.14670867422313877,0.3758782829979897,0.5225869572211285,temporal_multiscale,43,reports/p300_tsception_dynamics_true_seed43.json,0.059506819522923915,0.6458719534546884,0.7053787729776123,multi-branch fusion-induced reorganization
tsception,0.8333333333333334,p300,0,20,0.8055555555555556,dense_layer,true,-0.07094781743510792,0.7455832003398765,0.6746353829047685,fusion_classifier,43,reports/p300_tsception_dynamics_true_seed43.json,-0.27384790072240894,0.4480880301838208,0.17424012946141187,multi-branch fusion-induced reorganization
tsception,0.8333333333333334,p300,0,20,0.8055555555555556,final_layer,true,-0.09521104818532211,0.9755775906824093,0.8803665424970872,fusion_classifier,43,reports/p300_tsception_dynamics_true_seed43.json,-0.16112545597596734,0.19957053322366064,0.03844507724769329,multi-branch fusion-induced reorganization
tsception,0.8333333333333334,p300,0,20,0.8055555555555556,logits,true,-0.09521104818532211,0.9755775906824093,0.8803665424970872,fusion_classifier,43,reports/p300_tsception_dynamics_true_seed43.json,-0.16112545597596734,0.19957053322366064,0.03844507724769329,multi-branch fusion-induced reorganization
tsception,0.8333333333333334,p300,0,20,0.8055555555555556,spatial_block_1,true,0.12647008273496385,0.6541445450116183,0.7806146277465822,spatial_asymmetry,43,reports/p300_tsception_dynamics_true_seed43.json,-0.20734474465345826,0.4642967688291252,0.2569520241756669,multi-branch fusion-induced reorganization
tsception,0.8333333333333334,p300,0,20,0.8055555555555556,spatial_block_2,true,0.03800638336193218,0.6800445952905975,0.7180509786525296,spatial_asymmetry,43,reports/p300_tsception_dynamics_true_seed43.json,-0.3184504751984836,0.5197907651455546,0.20134028994707098,multi-branch fusion-induced reorganization
tsception,0.8333333333333334,p300,0,20,0.8055555555555556,temporal_blocks.0,true,-0.03488698782314659,0.480776541379072,0.4458895535559254,temporal_multiscale,43,reports/p300_tsception_dynamics_true_seed43.json,-0.018160014036907257,0.5383864485730634,0.5202264345361561,multi-branch fusion-induced reorganization
tsception,0.8333333333333334,p300,0,20,0.8055555555555556,temporal_blocks.1,true,-0.06246873970197164,0.462137830754283,0.39966909105231135,temporal_multiscale,43,reports/p300_tsception_dynamics_true_seed43.json,-0.01600359000150353,0.5103621167520935,0.49435852675059,multi-branch fusion-induced reorganization
tsception,0.8333333333333334,p300,0,20,0.8055555555555556,temporal_blocks.2,true,0.0026730544824442592,0.5503133594900723,0.5529864139725166,temporal_multiscale,43,reports/p300_tsception_dynamics_true_seed43.json,0.05772738448608827,0.7056277157392173,0.7633551002253056,multi-branch fusion-induced reorganization
tsception,0.8472222222222222,p300,0,20,0.8263888888888888,batch_spatial_lay,true,-0.06699441059775535,0.6139486119270657,0.5469542013293104,spatial_asymmetry,44,reports/p300_tsception_dynamics_true_seed44.json,-0.12875426918675348,0.5195810050246763,0.3908267358379228,multi-branch fusion-induced reorganization
tsception,0.8472222222222222,p300,0,20,0.8263888888888888,batch_temporal_lay,true,0.040892007313827694,0.48357379617356044,0.5244658034873881,temporal_multiscale,44,reports/p300_tsception_dynamics_true_seed44.json,0.05519472856018881,0.6702171026750589,0.7254118312352477,multi-branch fusion-induced reorganization
tsception,0.8472222222222222,p300,0,20,0.8263888888888888,dense_layer,true,-0.04191854305992637,0.7542813263441682,0.7123627832842419,fusion_classifier,44,reports/p300_tsception_dynamics_true_seed44.json,-0.19759921509326903,0.431206230864673,0.233607015771404,multi-branch fusion-induced reorganization
tsception,0.8472222222222222,p300,0,20,0.8263888888888888,final_layer,true,-0.015136062070042033,0.9894060670808938,0.9742700050108518,fusion_classifier,44,reports/p300_tsception_dynamics_true_seed44.json,-0.10979697893569842,0.1526781100243187,0.04288113108862026,multi-branch fusion-induced reorganization
tsception,0.8472222222222222,p300,0,20,0.8263888888888888,logits,true,-0.015136062070042033,0.9894060670808938,0.9742700050108518,fusion_classifier,44,reports/p300_tsception_dynamics_true_seed44.json,-0.10979697893569842,0.1526781100243187,0.04288113108862026,multi-branch fusion-induced reorganization
tsception,0.8472222222222222,p300,0,20,0.8263888888888888,spatial_block_1,true,-0.05984339984245124,0.7795583429166727,0.7197149430742215,spatial_asymmetry,44,reports/p300_tsception_dynamics_true_seed44.json,-0.19035554949574418,0.4893101463593447,0.29895459686360054,multi-branch fusion-induced reorganization
tsception,0.8472222222222222,p300,0,20,0.8263888888888888,spatial_block_2,true,-0.01749917169683446,0.7189354724900785,0.701436300793244,spatial_asymmetry,44,reports/p300_tsception_dynamics_true_seed44.json,-0.0922059625563264,0.49491260460625125,0.40270664204992485,multi-branch fusion-induced reorganization
tsception,0.8472222222222222,p300,0,20,0.8263888888888888,temporal_blocks.0,true,-0.028804414443337978,0.5193593299803057,0.4905549155369677,temporal_multiscale,44,reports/p300_tsception_dynamics_true_seed44.json,-0.0012015413775838812,0.5344863453079178,0.533284803930334,multi-branch fusion-induced reorganization
tsception,0.8472222222222222,p300,0,20,0.8263888888888888,temporal_blocks.1,true,-0.023821514785864306,0.5172413655794076,0.4934198507935433,temporal_multiscale,44,reports/p300_tsception_dynamics_true_seed44.json,0.0021980835598311987,0.6381363099921321,0.6403343935519633,multi-branch fusion-induced reorganization
tsception,0.8472222222222222,p300,0,20,0.8263888888888888,temporal_blocks.2,true,-0.020875238833149345,0.591151930626808,0.5702766917936587,temporal_multiscale,44,reports/p300_tsception_dynamics_true_seed44.json,-0.01792901974107719,0.6796953007653243,0.6617662810242471,multi-branch fusion-induced reorganization
tsception,0.875,p300,0,20,0.8402777777777778,batch_spatial_lay,true,0.054368477627445455,0.48415944373178166,0.5385279213592271,spatial_asymmetry,45,reports/p300_tsception_dynamics_true_seed45.json,-0.19109923735784268,0.5260302486410127,0.33493101128317,multi-branch fusion-induced reorganization
tsception,0.875,p300,0,20,0.8402777777777778,batch_temporal_lay,true,0.13492259048087513,0.4120895332090188,0.5470121236898939,temporal_multiscale,45,reports/p300_tsception_dynamics_true_seed45.json,0.025126212855494323,0.7025237227714278,0.7276499356269222,multi-branch fusion-induced reorganization
tsception,0.875,p300,0,20,0.8402777777777778,dense_layer,true,0.0004997916966862359,0.7524049145176065,0.7529047062142927,fusion_classifier,45,reports/p300_tsception_dynamics_true_seed45.json,-0.1936043447357127,0.41892853470781766,0.22532418997210496,multi-branch fusion-induced reorganization
tsception,0.875,p300,0,20,0.8402777777777778,final_layer,true,0.005016495638357155,0.9792352155695991,0.9842517112079563,fusion_classifier,45,reports/p300_tsception_dynamics_true_seed45.json,0.05139993562692225,0.03727827050997782,0.08867820613690007,multi-branch fusion-induced reorganization
tsception,0.875,p300,0,20,0.8402777777777778,logits,true,0.005016495638357155,0.9792352155695991,0.9842517112079563,fusion_classifier,45,reports/p300_tsception_dynamics_true_seed45.json,0.05139993562692225,0.03727827050997782,0.08867820613690007,multi-branch fusion-induced reorganization
tsception,0.875,p300,0,20,0.8402777777777778,spatial_block_1,true,0.07790918228510291,0.5936501623663428,0.6715593446514457,spatial_asymmetry,45,reports/p300_tsception_dynamics_true_seed45.json,-0.0016689726235605828,0.3851242199234675,0.38345524729990693,multi-branch fusion-induced reorganization
tsception,0.875,p300,0,20,0.8402777777777778,spatial_block_2,true,-0.10926346606688708,0.669337619867237,0.56007415380035,spatial_asymmetry,45,reports/p300_tsception_dynamics_true_seed45.json,-0.221780691438835,0.5384180539660968,0.31663736252726177,multi-branch fusion-induced reorganization
tsception,0.875,p300,0,20,0.8402777777777778,temporal_blocks.0,true,-0.024181344182256814,0.4718078360449073,0.44762649186265047,temporal_multiscale,45,reports/p300_tsception_dynamics_true_seed45.json,-0.004788541145125502,0.577985469118804,0.5731969279736785,multi-branch fusion-induced reorganization
tsception,0.875,p300,0,20,0.8402777777777778,temporal_blocks.1,true,-0.03259236951384692,0.5450759645856377,0.5124835950717908,temporal_multiscale,45,reports/p300_tsception_dynamics_true_seed45.json,-0.0007098137651098124,0.6228095160396251,0.6220997022745153,multi-branch fusion-induced reorganization
tsception,0.875,p300,0,20,0.8402777777777778,temporal_blocks.2,true,-0.03215307170457449,0.5396252735985114,0.5074722018939369,temporal_multiscale,45,reports/p300_tsception_dynamics_true_seed45.json,0.02586444140901767,0.6633093703712555,0.6891738117802731,multi-branch fusion-induced reorganization
tsception,0.875,p300,0,20,0.8333333333333334,batch_spatial_lay,true,-0.1836836352943924,0.660457671918465,0.47677403662407264,spatial_asymmetry,46,reports/p300_tsception_dynamics_true_seed46.json,-0.12249419971747372,0.49020410512481216,0.36770990540733844,multi-branch fusion-induced reorganization
tsception,0.875,p300,0,20,0.8333333333333334,batch_temporal_lay,true,0.1508286450097917,0.38066148159607743,0.5314901266058691,temporal_multiscale,46,reports/p300_tsception_dynamics_true_seed46.json,0.053448843519776856,0.6882814176382231,0.741730261158,multi-branch fusion-induced reorganization
tsception,0.875,p300,0,20,0.8333333333333334,dense_layer,true,-0.16628789957404577,0.7636894181798439,0.5974015186057982,fusion_classifier,46,reports/p300_tsception_dynamics_true_seed46.json,-0.23354345977338717,0.4439481607962038,0.21040470102281664,multi-branch fusion-induced reorganization
tsception,0.875,p300,0,20,0.8333333333333334,final_layer,true,-0.17340976793363816,0.9766110873184967,0.8032013193848585,fusion_classifier,46,reports/p300_tsception_dynamics_true_seed46.json,-0.06769365567555968,0.10574616890780343,0.038052513232243755,multi-branch fusion-induced reorganization
tsception,0.875,p300,0,20,0.8333333333333334,logits,true,-0.17340976793363816,0.9766110873184967,0.8032013193848585,fusion_classifier,46,reports/p300_tsception_dynamics_true_seed46.json,-0.06769365567555968,0.10574616890780343,0.038052513232243755,multi-branch fusion-induced reorganization
tsception,0.875,p300,0,20,0.8333333333333334,spatial_block_1,true,-0.06335463656508888,0.7925892488993289,0.72923461233424,spatial_asymmetry,46,reports/p300_tsception_dynamics_true_seed46.json,-0.12483330055074743,0.45359068780845424,0.3287573872577068,multi-branch fusion-induced reorganization
tsception,0.875,p300,0,20,0.8333333333333334,spatial_block_2,true,0.04578817613457453,0.7717743540667351,0.8175625302013096,spatial_asymmetry,46,reports/p300_tsception_dynamics_true_seed46.json,-0.12683073233316638,0.48356092643587717,0.3567301941027108,multi-branch fusion-induced reorganization
tsception,0.875,p300,0,20,0.8333333333333334,temporal_blocks.0,true,-0.0209529902790479,0.509009911752676,0.48805692147362806,temporal_multiscale,46,reports/p300_tsception_dynamics_true_seed46.json,-0.03697775105500323,0.6251204871790286,0.5881427361240253,multi-branch fusion-induced reorganization
tsception,0.875,p300,0,20,0.8333333333333334,temporal_blocks.1,true,-0.00445038453158858,0.44559747441759195,0.4411470898860034,temporal_multiscale,46,reports/p300_tsception_dynamics_true_seed46.json,0.013878913832497286,0.6268884183973127,0.64076733222981,multi-branch fusion-induced reorganization
tsception,0.875,p300,0,20,0.8333333333333334,temporal_blocks.2,true,-0.0022841028571459754,0.5563414291828439,0.5540573263256979,temporal_multiscale,46,reports/p300_tsception_dynamics_true_seed46.json,0.07710294328016587,0.6960111155317931,0.7731140588119589,multi-branch fusion-induced reorganization
tsception,0.5833333333333334,p300,0,20,0.4652777777777778,batch_spatial_lay,shuffled,0.0160815640425489,0.416128986230266,0.4322105502728149,spatial_asymmetry,41,reports/p300_tsception_dynamics_shuffled_seed41.json,-0.10186698689292606,0.47495892863529066,0.3730919417423646,multi-branch fusion-induced reorganization
tsception,0.5833333333333334,p300,0,20,0.4652777777777778,batch_temporal_lay,shuffled,0.10855060583377374,0.4041274148976054,0.5126780207313791,temporal_multiscale,41,reports/p300_tsception_dynamics_shuffled_seed41.json,0.007132674792260096,0.6874728724683077,0.6946055472605678,multi-branch fusion-induced reorganization
tsception,0.5833333333333334,p300,0,20,0.4652777777777778,dense_layer,shuffled,-0.22857799464915785,0.765931959241275,0.5373539645921172,fusion_classifier,41,reports/p300_tsception_dynamics_shuffled_seed41.json,-0.1231679600886918,0.40776350493526925,0.28459554484657745,multi-branch fusion-induced reorganization
tsception,0.5833333333333334,p300,0,20,0.4652777777777778,final_layer,shuffled,-0.139671139446924,0.9533033824763282,0.8136322430294042,fusion_classifier,41,reports/p300_tsception_dynamics_shuffled_seed41.json,-0.10866703025534652,0.06953479275445246,-0.03913223750089406,multi-branch fusion-induced reorganization
tsception,0.5833333333333334,p300,0,20,0.4652777777777778,logits,shuffled,-0.139671139446924,0.9533033824763282,0.8136322430294042,fusion_classifier,41,reports/p300_tsception_dynamics_shuffled_seed41.json,-0.10866703025534652,0.06953479275445246,-0.03913223750089406,multi-branch fusion-induced reorganization
tsception,0.5833333333333334,p300,0,20,0.4652777777777778,spatial_block_1,shuffled,0.11850005413670972,0.5728187404298173,0.691318794566527,spatial_asymmetry,41,reports/p300_tsception_dynamics_shuffled_seed41.json,-0.05445079482869608,0.4179292879622344,0.3634784931335383,multi-branch fusion-induced reorganization
tsception,0.5833333333333334,p300,0,20,0.4652777777777778,spatial_block_2,shuffled,0.07899790048006805,0.639494983421964,0.718492883902032,spatial_asymmetry,41,reports/p300_tsception_dynamics_shuffled_seed41.json,-0.09037919766111152,0.4432481582147199,0.3528689605536084,multi-branch fusion-induced reorganization
tsception,0.5833333333333334,p300,0,20,0.4652777777777778,temporal_blocks.0,shuffled,-0.01523156088335137,0.48924849897988576,0.4740169380965344,temporal_multiscale,41,reports/p300_tsception_dynamics_shuffled_seed41.json,0.02464740093698592,0.4719605401974107,0.4966079411343966,multi-branch fusion-induced reorganization
tsception,0.5833333333333334,p300,0,20,0.4652777777777778,temporal_blocks.1,shuffled,-0.057540889151137975,0.5480085816226489,0.4904676924715109,temporal_multiscale,41,reports/p300_tsception_dynamics_shuffled_seed41.json,0.013857120824690594,0.5642908232601387,0.5781479440848293,multi-branch fusion-induced reorganization
tsception,0.5833333333333334,p300,0,20,0.4652777777777778,temporal_blocks.2,shuffled,-0.012747898113423806,0.4981081368654711,0.4853602387520473,temporal_multiscale,41,reports/p300_tsception_dynamics_shuffled_seed41.json,-0.00682292039196053,0.7132871396895786,0.706464219297618,multi-branch fusion-induced reorganization
tsception,0.6111111111111112,p300,0,20,0.5625,batch_spatial_lay,shuffled,-0.148466223178095,0.7001345484173722,0.5516683252392772,spatial_asymmetry,42,reports/p300_tsception_dynamics_shuffled_seed42.json,-0.06970614137043124,0.4238098691974822,0.35410372782705096,multi-branch fusion-induced reorganization
tsception,0.6111111111111112,p300,0,20,0.5625,batch_temporal_lay,shuffled,0.15725457443965385,0.3746918596553863,0.5319464340950402,temporal_multiscale,42,reports/p300_tsception_dynamics_shuffled_seed42.json,0.06855116989128096,0.6365944518453615,0.7051456217366424,multi-branch fusion-induced reorganization
tsception,0.6111111111111112,p300,0,20,0.5625,dense_layer,shuffled,-0.14251473032558348,0.7905813482159079,0.6480666178903244,fusion_classifier,42,reports/p300_tsception_dynamics_shuffled_seed42.json,-0.18211268864888058,0.3937525145733495,0.2116398259244689,multi-branch fusion-induced reorganization
tsception,0.6111111111111112,p300,0,20,0.5625,final_layer,shuffled,0.08520509393272135,0.8643528426926328,0.9495579366253541,fusion_classifier,42,reports/p300_tsception_dynamics_shuffled_seed42.json,-0.18056869590873326,0.13555337377512336,-0.04501532213360989,multi-branch fusion-induced reorganization
tsception,0.6111111111111112,p300,0,20,0.5625,logits,shuffled,0.08520509393272135,0.8643528426926328,0.9495579366253541,fusion_classifier,42,reports/p300_tsception_dynamics_shuffled_seed42.json,-0.18056869590873326,0.13555337377512336,-0.04501532213360989,multi-branch fusion-induced reorganization
tsception,0.6111111111111112,p300,0,20,0.5625,spatial_block_1,shuffled,0.02713118804849124,0.7396557772797344,0.7667869653282257,spatial_asymmetry,42,reports/p300_tsception_dynamics_shuffled_seed42.json,-0.10346766370431298,0.40943693673556963,0.30596927303125665,multi-branch fusion-induced reorganization
tsception,0.6111111111111112,p300,0,20,0.5625,spatial_block_2,shuffled,-0.00641669625577912,0.7792187368592118,0.7728020406034327,spatial_asymmetry,42,reports/p300_tsception_dynamics_shuffled_seed42.json,-0.09243066483084184,0.40654886542450464,0.3141182005936628,multi-branch fusion-induced reorganization
tsception,0.6111111111111112,p300,0,20,0.5625,temporal_blocks.0,shuffled,-0.03506797683134699,0.520116111633757,0.48504813480241005,temporal_multiscale,42,reports/p300_tsception_dynamics_shuffled_seed42.json,-0.035342808990773134,0.5660335343501894,0.5306907253594163,multi-branch fusion-induced reorganization
tsception,0.6111111111111112,p300,0,20,0.5625,temporal_blocks.1,shuffled,-0.02483208135084286,0.42789528722047543,0.40306320586963257,temporal_multiscale,42,reports/p300_tsception_dynamics_shuffled_seed42.json,0.03504696105428795,0.5699207406480222,0.6049677017023102,multi-branch fusion-induced reorganization
tsception,0.6111111111111112,p300,0,20,0.5625,temporal_blocks.2,shuffled,-0.03559820952282505,0.5093138108171575,0.4737156012943325,temporal_multiscale,42,reports/p300_tsception_dynamics_shuffled_seed42.json,0.03563357190115157,0.6137987603712179,0.6494323322723695,multi-branch fusion-induced reorganization
tsception,0.5625,p300,0,20,0.4791666666666667,batch_spatial_lay,shuffled,0.04975514153552524,0.4845599183824815,0.5343150599180068,spatial_asymmetry,43,reports/p300_tsception_dynamics_shuffled_seed43.json,-0.15403738779414922,0.5221354203919605,0.36809803259781126,multi-branch fusion-induced reorganization
tsception,0.5625,p300,0,20,0.4791666666666667,batch_temporal_lay,shuffled,0.13844823817349378,0.3758782829979897,0.5143265211714835,temporal_multiscale,43,reports/p300_tsception_dynamics_shuffled_seed43.json,0.0467044001680853,0.6458719534546884,0.6925763536227737,multi-branch fusion-induced reorganization
tsception,0.5625,p300,0,20,0.4791666666666667,dense_layer,shuffled,-0.12097995049655907,0.7455832003398765,0.6246032498433174,fusion_classifier,43,reports/p300_tsception_dynamics_shuffled_seed43.json,-0.1216753764036907,0.4480880301838208,0.3264126537801301,multi-branch fusion-induced reorganization
tsception,0.5625,p300,0,20,0.4791666666666667,final_layer,shuffled,-0.08902587188024658,0.9755775906824093,0.8865517188021628,fusion_classifier,43,reports/p300_tsception_dynamics_shuffled_seed43.json,-0.17253043192547024,0.19957053322366064,0.027040101298190396,multi-branch fusion-induced reorganization
tsception,0.5625,p300,0,20,0.4791666666666667,logits,shuffled,-0.08902587188024658,0.9755775906824093,0.8865517188021628,fusion_classifier,43,reports/p300_tsception_dynamics_shuffled_seed43.json,-0.17253043192547024,0.19957053322366064,0.027040101298190396,multi-branch fusion-induced reorganization
tsception,0.5625,p300,0,20,0.4791666666666667,spatial_block_1,shuffled,0.13871109808407123,0.6541445450116183,0.7928556430956896,spatial_asymmetry,43,reports/p300_tsception_dynamics_shuffled_seed43.json,-0.1451934656855733,0.4642967688291252,0.3191033031435519,multi-branch fusion-induced reorganization
tsception,0.5625,p300,0,20,0.4791666666666667,spatial_block_2,shuffled,-0.06891628351642343,0.6800445952905975,0.611128311774174,spatial_asymmetry,43,reports/p300_tsception_dynamics_shuffled_seed43.json,-0.20398803510120872,0.5197907651455546,0.31580273004434584,multi-branch fusion-induced reorganization
tsception,0.5625,p300,0,20,0.4791666666666667,temporal_blocks.0,shuffled,-0.05231617604022204,0.480776541379072,0.42846036533884996,temporal_multiscale,43,reports/p300_tsception_dynamics_shuffled_seed43.json,0.007631886578213232,0.5383864485730634,0.5460183351512766,multi-branch fusion-induced reorganization
tsception,0.5625,p300,0,20,0.4791666666666667,temporal_blocks.1,shuffled,-0.017925089068514033,0.462137830754283,0.44421274168576896,temporal_multiscale,43,reports/p300_tsception_dynamics_shuffled_seed43.json,0.06944012602381655,0.5103621167520935,0.5798022427759101,multi-branch fusion-induced reorganization
tsception,0.5625,p300,0,20,0.4791666666666667,temporal_blocks.2,shuffled,-0.037800483333359836,0.5503133594900723,0.5125128761567125,temporal_multiscale,43,reports/p300_tsception_dynamics_shuffled_seed43.json,0.05607801435877269,0.7056277157392173,0.76170573009799,multi-branch fusion-induced reorganization
tsception,0.6319444444444444,p300,0,20,0.5555555555555556,batch_spatial_lay,shuffled,-0.07314292940176326,0.6139486119270657,0.5408056825253025,spatial_asymmetry,44,reports/p300_tsception_dynamics_shuffled_seed44.json,-0.09263590989557258,0.5195810050246763,0.4269450951291037,multi-branch fusion-induced reorganization
tsception,0.6319444444444444,p300,0,20,0.5555555555555556,batch_temporal_lay,shuffled,0.046875415509447516,0.48357379617356044,0.530449211683008,temporal_multiscale,44,reports/p300_tsception_dynamics_shuffled_seed44.json,0.05495616819254712,0.6702171026750589,0.725173270867606,multi-branch fusion-induced reorganization
tsception,0.6319444444444444,p300,0,20,0.5555555555555556,dense_layer,shuffled,-0.12172201034583663,0.7542813263441682,0.6325593159983316,fusion_classifier,44,reports/p300_tsception_dynamics_shuffled_seed44.json,-0.1998233496330015,0.431206230864673,0.23138288123167153,multi-branch fusion-induced reorganization
tsception,0.6319444444444444,p300,0,20,0.5555555555555556,final_layer,shuffled,-0.07953613887890765,0.9894060670808938,0.9098699282019862,fusion_classifier,44,reports/p300_tsception_dynamics_shuffled_seed44.json,-0.1495367261819612,0.1526781100243187,0.0031413838423574847,multi-branch fusion-induced reorganization
tsception,0.6319444444444444,p300,0,20,0.5555555555555556,logits,shuffled,-0.07953613887890765,0.9894060670808938,0.9098699282019862,fusion_classifier,44,reports/p300_tsception_dynamics_shuffled_seed44.json,-0.1495367261819612,0.1526781100243187,0.0031413838423574847,multi-branch fusion-induced reorganization
tsception,0.6319444444444444,p300,0,20,0.5555555555555556,spatial_block_1,shuffled,-0.26641013829179394,0.7795583429166727,0.5131482046248788,spatial_asymmetry,44,reports/p300_tsception_dynamics_shuffled_seed44.json,-0.10180468135326509,0.4893101463593447,0.38750546500607963,multi-branch fusion-induced reorganization
tsception,0.6319444444444444,p300,0,20,0.5555555555555556,spatial_block_2,shuffled,-0.0625531527333113,0.7189354724900785,0.6563823197567672,spatial_asymmetry,44,reports/p300_tsception_dynamics_shuffled_seed44.json,-0.11249377503397467,0.49491260460625125,0.3824188295722766,multi-branch fusion-induced reorganization
tsception,0.6319444444444444,p300,0,20,0.5555555555555556,temporal_blocks.0,shuffled,-0.06780830633125084,0.5193593299803057,0.4515510236490548,temporal_multiscale,44,reports/p300_tsception_dynamics_shuffled_seed44.json,0.020005241488448622,0.5344863453079178,0.5544915867963665,multi-branch fusion-induced reorganization
tsception,0.6319444444444444,p300,0,20,0.5555555555555556,temporal_blocks.1,shuffled,-0.05104920065674334,0.5172413655794076,0.46619216492266424,temporal_multiscale,44,reports/p300_tsception_dynamics_shuffled_seed44.json,-0.0009057381446249124,0.6381363099921321,0.6372305718475072,multi-branch fusion-induced reorganization
tsception,0.6319444444444444,p300,0,20,0.5555555555555556,temporal_blocks.2,shuffled,-0.05563386443360374,0.591151930626808,0.5355180661932043,temporal_multiscale,44,reports/p300_tsception_dynamics_shuffled_seed44.json,0.021295955224948093,0.6796953007653243,0.7009912559902723,multi-branch fusion-induced reorganization
tsception,0.6319444444444444,p300,0,20,0.3611111111111111,batch_spatial_lay,shuffled,0.1310939550676542,0.48415944373178166,0.6152533987994359,spatial_asymmetry,45,reports/p300_tsception_dynamics_shuffled_seed45.json,-0.18298672081753803,0.5260302486410127,0.34304352782347464,multi-branch fusion-induced reorganization
tsception,0.6319444444444444,p300,0,20,0.3611111111111111,batch_temporal_lay,shuffled,0.1339009042526798,0.4120895332090188,0.5459904374616986,temporal_multiscale,45,reports/p300_tsception_dynamics_shuffled_seed45.json,0.04627957500770086,0.7025237227714278,0.7488032977791287,multi-branch fusion-induced reorganization
tsception,0.6319444444444444,p300,0,20,0.3611111111111111,dense_layer,shuffled,-0.0633190086621035,0.7524049145176065,0.689085905855503,fusion_classifier,45,reports/p300_tsception_dynamics_shuffled_seed45.json,-0.1482864356090408,0.41892853470781766,0.27064209909877684,multi-branch fusion-induced reorganization
tsception,0.6319444444444444,p300,0,20,0.3611111111111111,final_layer,shuffled,-0.15762267543862707,0.9792352155695991,0.8216125401309721,fusion_classifier,45,reports/p300_tsception_dynamics_shuffled_seed45.json,0.04866957835634075,0.03727827050997782,0.08594784886631857,multi-branch fusion-induced reorganization
tsception,0.6319444444444444,p300,0,20,0.3611111111111111,logits,shuffled,-0.15762267543862707,0.9792352155695991,0.8216125401309721,fusion_classifier,45,reports/p300_tsception_dynamics_shuffled_seed45.json,0.04866957835634075,0.03727827050997782,0.08594784886631857,multi-branch fusion-induced reorganization
tsception,0.6319444444444444,p300,0,20,0.3611111111111111,spatial_block_1,shuffled,0.17132927152415578,0.5936501623663428,0.7649794338904986,spatial_asymmetry,45,reports/p300_tsception_dynamics_shuffled_seed45.json,-0.10766536874413585,0.3851242199234675,0.27745885117933167,multi-branch fusion-induced reorganization
tsception,0.6319444444444444,p300,0,20,0.3611111111111111,spatial_block_2,shuffled,-0.09573200902616075,0.669337619867237,0.5736056108410763,spatial_asymmetry,45,reports/p300_tsception_dynamics_shuffled_seed45.json,-0.20604753772977608,0.5384180539660968,0.3323705162363207,multi-branch fusion-induced reorganization
tsception,0.6319444444444444,p300,0,20,0.3611111111111111,temporal_blocks.0,shuffled,-0.03441587641662952,0.4718078360449073,0.43739195962827776,temporal_multiscale,45,reports/p300_tsception_dynamics_shuffled_seed45.json,0.00628438818754018,0.577985469118804,0.5842698573063442,multi-branch fusion-induced reorganization
tsception,0.6319444444444444,p300,0,20,0.3611111111111111,temporal_blocks.1,shuffled,-0.05028557100622055,0.5450759645856377,0.4947903935794171,temporal_multiscale,45,reports/p300_tsception_dynamics_shuffled_seed45.json,-0.009725665635505365,0.6228095160396251,0.6130838504041197,multi-branch fusion-induced reorganization
tsception,0.6319444444444444,p300,0,20,0.3611111111111111,temporal_blocks.2,shuffled,-0.04908469177192676,0.5396252735985114,0.49054058182658467,temporal_multiscale,45,reports/p300_tsception_dynamics_shuffled_seed45.json,0.046651122887452656,0.6633093703712555,0.7099604932587081,multi-branch fusion-induced reorganization
tsception,0.5,p300,0,20,0.375,batch_spatial_lay,shuffled,-0.09961518632421285,0.660457671918465,0.5608424855942522,spatial_asymmetry,46,reports/p300_tsception_dynamics_shuffled_seed46.json,-0.12921598955725627,0.49020410512481216,0.3609881155675559,multi-branch fusion-induced reorganization
tsception,0.5,p300,0,20,0.375,batch_temporal_lay,shuffled,0.15040641893509626,0.38066148159607743,0.5310679005311737,temporal_multiscale,46,reports/p300_tsception_dynamics_shuffled_seed46.json,0.06283696400472072,0.6882814176382231,0.7511183816429439,multi-branch fusion-induced reorganization
tsception,0.5,p300,0,20,0.375,dense_layer,shuffled,-0.12668243680576197,0.7636894181798439,0.637006981374082,fusion_classifier,46,reports/p300_tsception_dynamics_shuffled_seed46.json,-0.17761484459922222,0.4439481607962038,0.2663333161969816,multi-branch fusion-induced reorganization
tsception,0.5,p300,0,20,0.375,final_layer,shuffled,-0.12452030600720165,0.9766110873184967,0.852090781311295,fusion_classifier,46,reports/p300_tsception_dynamics_shuffled_seed46.json,-0.0455589728917817,0.10574616890780343,0.06018719601602173,multi-branch fusion-induced reorganization
tsception,0.5,p300,0,20,0.375,logits,shuffled,-0.12452030600720165,0.9766110873184967,0.852090781311295,fusion_classifier,46,reports/p300_tsception_dynamics_shuffled_seed46.json,-0.0455589728917817,0.10574616890780343,0.06018719601602173,multi-branch fusion-induced reorganization
tsception,0.5,p300,0,20,0.375,spatial_block_1,shuffled,-0.0511062443330339,0.7925892488993289,0.741483004566295,spatial_asymmetry,46,reports/p300_tsception_dynamics_shuffled_seed46.json,-0.11955441760246044,0.45359068780845424,0.3340362702059938,multi-branch fusion-induced reorganization
tsception,0.5,p300,0,20,0.375,spatial_block_2,shuffled,0.028784997533998546,0.7717743540667351,0.8005593516007337,spatial_asymmetry,46,reports/p300_tsception_dynamics_shuffled_seed46.json,-0.16361255900865457,0.48356092643587717,0.3199483674272226,multi-branch fusion-induced reorganization
tsception,0.5,p300,0,20,0.375,temporal_blocks.0,shuffled,-0.03892134928532093,0.509009911752676,0.47008856246735503,temporal_multiscale,46,reports/p300_tsception_dynamics_shuffled_seed46.json,0.005045498774469692,0.6251204871790286,0.6301659859534983,multi-branch fusion-induced reorganization
tsception,0.5,p300,0,20,0.375,temporal_blocks.1,shuffled,-0.02442301974723049,0.44559747441759195,0.42117445467036146,temporal_multiscale,46,reports/p300_tsception_dynamics_shuffled_seed46.json,0.03219871324563117,0.6268884183973127,0.6590871316429439,multi-branch fusion-induced reorganization
tsception,0.5,p300,0,20,0.375,temporal_blocks.2,shuffled,-0.059371742965732166,0.5563414291828439,0.49696968621711174,temporal_multiscale,46,reports/p300_tsception_dynamics_shuffled_seed46.json,-0.008905668854159221,0.6960111155317931,0.6871054466776338,multi-branch fusion-induced reorganization
atcnet,0.5625,p300,0,20,0.5208333333333334,attention_blocks.0,true,-0.3802763816265148,0.7866121701935298,0.406335788567015,attention,41,reports/p300_atcnet_dynamics_true_seed41.json,-0.13735279494541708,0.8283767032043486,0.6910239082589316,hybrid convolutional collapse with attention/TCN reorganization
atcnet,0.5625,p300,0,20,0.5208333333333334,conv_block,true,0.20352571166433098,0.010299803082885427,0.2138255147472164,conv_projection,41,reports/p300_atcnet_dynamics_true_seed41.json,-0.1873584015807167,0.8932053769401329,0.7058469753594162,hybrid convolutional collapse with attention/TCN reorganization
atcnet,0.5625,p300,0,20,0.5208333333333334,final_layer.0,true,0.04215767321562913,0.8510678273909564,0.8932255006065856,classifier,41,reports/p300_atcnet_dynamics_true_seed41.json,-0.08815187799513624,0.06203820139832629,-0.02611367659680995,hybrid convolutional collapse with attention/TCN reorganization
atcnet,0.5625,p300,0,20,0.5208333333333334,logits,true,0.04215767321562913,0.8510678273909564,0.8932255006065856,classifier,41,reports/p300_atcnet_dynamics_true_seed41.json,-0.08815187799513624,0.06203820139832629,-0.02611367659680995,hybrid convolutional collapse with attention/TCN reorganization
atcnet,0.5625,p300,0,20,0.5208333333333334,temporal_conv_nets.0,true,-0.29162013324031544,0.8348789641873767,0.5432588309470613,tcn,41,reports/p300_atcnet_dynamics_true_seed41.json,-0.08020648558758314,0.6635848651741648,0.5833783795865817,hybrid convolutional collapse with attention/TCN reorganization
atcnet,0.6458333333333334,p300,0,20,0.6041666666666666,attention_blocks.0,true,-0.39928714023424905,0.815720805677424,0.41643366544317495,attention,42,reports/p300_atcnet_dynamics_true_seed42.json,-0.27825793711107927,0.6418493513518345,0.36359141424075525,hybrid convolutional collapse with attention/TCN reorganization
atcnet,0.6458333333333334,p300,0,20,0.6041666666666666,conv_block,true,0.21073696714687165,0.012268716706130623,0.22300568385300226,conv_projection,42,reports/p300_atcnet_dynamics_true_seed42.json,-0.3925743196123309,0.7485800818968599,0.35600576228452896,hybrid convolutional collapse with attention/TCN reorganization
atcnet,0.6458333333333334,p300,0,20,0.6041666666666666,final_layer.0,true,-0.07874329635839128,0.8208067453932884,0.7420634490348971,classifier,42,reports/p300_atcnet_dynamics_true_seed42.json,-0.017200933409627348,0.026448930691652953,0.009247997282025605,hybrid convolutional collapse with attention/TCN reorganization
atcnet,0.6458333333333334,p300,0,20,0.6041666666666666,logits,true,-0.07874329635839128,0.8208067453932884,0.7420634490348971,classifier,42,reports/p300_atcnet_dynamics_true_seed42.json,-0.017200933409627348,0.026448930691652953,0.009247997282025605,hybrid convolutional collapse with attention/TCN reorganization
atcnet,0.6458333333333334,p300,0,20,0.6041666666666666,temporal_conv_nets.0,true,-0.5214759189502509,0.9201338953585747,0.39865797640832384,tcn,42,reports/p300_atcnet_dynamics_true_seed42.json,-0.1817878951791717,0.4830555865996709,0.3012676914204992,hybrid convolutional collapse with attention/TCN reorganization
atcnet,0.5763888888888888,p300,0,20,0.5416666666666666,attention_blocks.0,true,-0.5022084017511672,0.782152290505685,0.27994388875451776,attention,43,reports/p300_atcnet_dynamics_true_seed43.json,-0.0277416560868321,0.7604481528502967,0.7327064967634646,hybrid convolutional collapse with attention/TCN reorganization
atcnet,0.5763888888888888,p300,0,20,0.5416666666666666,conv_block,true,0.15129300009249838,0.01106268016930793,0.1623556802618063,conv_projection,43,reports/p300_atcnet_dynamics_true_seed43.json,-0.17642834824075126,0.9155273674987482,0.7390990192579969,hybrid convolutional collapse with attention/TCN reorganization
atcnet,0.5763888888888888,p300,0,20,0.5416666666666666,final_layer.0,true,-0.20938257400954852,0.9713229248067863,0.7619403507972378,classifier,43,reports/p300_atcnet_dynamics_true_seed43.json,0.026221378567341393,0.01264664991774551,0.0388680284850869,hybrid convolutional collapse with attention/TCN reorganization
atcnet,0.5763888888888888,p300,0,20,0.5416666666666666,logits,true,-0.20938257400954852,0.9713229248067863,0.7619403507972378,classifier,43,reports/p300_atcnet_dynamics_true_seed43.json,0.026221378567341393,0.01264664991774551,0.0388680284850869,hybrid convolutional collapse with attention/TCN reorganization
atcnet,0.5763888888888888,p300,0,20,0.5416666666666666,temporal_conv_nets.0,true,-0.5171612951013151,0.8817011576414978,0.3645398625401827,tcn,43,reports/p300_atcnet_dynamics_true_seed43.json,0.19106819509375506,0.4484917322183112,0.6395599273120662,hybrid convolutional collapse with attention/TCN reorganization
atcnet,0.5763888888888888,p300,0,20,0.5,attention_blocks.0,true,-0.418620747293492,0.7836757670273311,0.3650550197338391,attention,44,reports/p300_atcnet_dynamics_true_seed44.json,-0.02573014269365559,0.7891157977791287,0.7633856550854731,hybrid convolutional collapse with attention/TCN reorganization
atcnet,0.5763888888888888,p300,0,20,0.5,conv_block,true,0.17208488621511875,0.011601659232930267,0.18368654544804902,conv_projection,44,reports/p300_atcnet_dynamics_true_seed44.json,-0.10892388897283756,0.8806552307596022,0.7717313417867646,hybrid convolutional collapse with attention/TCN reorganization
atcnet,0.5763888888888888,p300,0,20,0.5,final_layer.0,true,-0.08019965206226665,0.729145158065933,0.6489455060036664,classifier,44,reports/p300_atcnet_dynamics_true_seed44.json,-0.11948198671411199,0.19207530532508402,0.07259331861097203,hybrid convolutional collapse with attention/TCN reorganization
atcnet,0.5763888888888888,p300,0,20,0.5,logits,true,-0.08019965206226665,0.729145158065933,0.6489455060036664,classifier,44,reports/p300_atcnet_dynamics_true_seed44.json,-0.11948198671411199,0.19207530532508402,0.07259331861097203,hybrid convolutional collapse with attention/TCN reorganization
atcnet,0.5763888888888888,p300,0,20,0.5,temporal_conv_nets.0,true,-0.26077102499770316,0.6947695068317247,0.4339984818340215,tcn,44,reports/p300_atcnet_dynamics_true_seed44.json,-0.11030279933481157,0.7172631271904727,0.6069603278556611,hybrid convolutional collapse with attention/TCN reorganization
atcnet,0.5486111111111112,p300,0,20,0.5277777777777778,attention_blocks.0,true,-0.41437374416256884,0.6953738487115779,0.2810001045490091,attention,45,reports/p300_atcnet_dynamics_true_seed45.json,0.04575142157213363,0.8070498466669049,0.8528012682390386,hybrid convolutional collapse with attention/TCN reorganization
atcnet,0.5486111111111112,p300,0,20,0.5277777777777778,conv_block,true,0.14924654496832745,0.012413134072310868,0.16165967904063833,conv_projection,45,reports/p300_atcnet_dynamics_true_seed45.json,-0.025304241023531904,0.88046774417066,0.8551635031471281,hybrid convolutional collapse with attention/TCN reorganization
atcnet,0.5486111111111112,p300,0,20,0.5277777777777778,final_layer.0,true,-0.12227043957022021,0.763293972411315,0.6410235328410948,classifier,45,reports/p300_atcnet_dynamics_true_seed45.json,-0.05020665322580645,0.12494764099492166,0.07474098776911521,hybrid convolutional collapse with attention/TCN reorganization
atcnet,0.5486111111111112,p300,0,20,0.5277777777777778,logits,true,-0.12227043957022021,0.763293972411315,0.6410235328410948,classifier,45,reports/p300_atcnet_dynamics_true_seed45.json,-0.05020665322580645,0.12494764099492166,0.07474098776911521,hybrid convolutional collapse with attention/TCN reorganization
atcnet,0.5486111111111112,p300,0,20,0.5277777777777778,temporal_conv_nets.0,true,-0.25077465203622723,0.6630945082500456,0.41231985621381834,tcn,45,reports/p300_atcnet_dynamics_true_seed45.json,0.16837303751519916,0.6274379962091409,0.79581103372434,hybrid convolutional collapse with attention/TCN reorganization
atcnet,0.5486111111111112,p300,0,20,0.5,attention_blocks.0,true,-0.4645139195337023,0.7911774203415686,0.32666350080786627,attention,46,reports/p300_atcnet_dynamics_true_seed46.json,-0.015240417914962001,0.8414485083591361,0.8262080904441741,hybrid convolutional collapse with attention/TCN reorganization
atcnet,0.5486111111111112,p300,0,20,0.5,conv_block,true,0.15351869625814865,0.010717708576308927,0.1642364048344576,conv_projection,46,reports/p300_atcnet_dynamics_true_seed46.json,-0.027874586255879685,0.8560904307631785,0.8282158445072988,hybrid convolutional collapse with attention/TCN reorganization
atcnet,0.5486111111111112,p300,0,20,0.5,final_layer.0,true,-0.05415785505678006,0.8967270830153369,0.8425692279585568,classifier,46,reports/p300_atcnet_dynamics_true_seed46.json,-0.06897681451612903,0.09678525767112509,0.02780844315499606,hybrid convolutional collapse with attention/TCN reorganization
atcnet,0.5486111111111112,p300,0,20,0.5,logits,true,-0.05415785505678006,0.8967270830153369,0.8425692279585568,classifier,46,reports/p300_atcnet_dynamics_true_seed46.json,-0.06897681451612903,0.09678525767112509,0.02780844315499606,hybrid convolutional collapse with attention/TCN reorganization
atcnet,0.5486111111111112,p300,0,20,0.5,temporal_conv_nets.0,true,-0.22823344124450173,0.7034533480854622,0.4752199068409605,tcn,46,reports/p300_atcnet_dynamics_true_seed46.json,-0.12212892720477786,0.7967975623167154,0.6746686351119375,hybrid convolutional collapse with attention/TCN reorganization
atcnet,0.5,p300,0,20,0.4375,attention_blocks.0,shuffled,-0.40837146509923283,0.7866121701935298,0.37824070509429697,attention,41,reports/p300_atcnet_dynamics_shuffled_seed41.json,-0.045359381847876135,0.8283767032043486,0.7830173213564725,hybrid convolutional collapse with attention/TCN reorganization
atcnet,0.5,p300,0,20,0.4375,conv_block,shuffled,0.17552889899233534,0.010299803082885427,0.18582870207522076,conv_projection,41,reports/p300_atcnet_dynamics_shuffled_seed41.json,-0.12457849947968747,0.8932053769401329,0.7686268774604454,hybrid convolutional collapse with attention/TCN reorganization
atcnet,0.5,p300,0,20,0.4375,final_layer.0,shuffled,-0.011708176114758384,0.8510678273909564,0.839359651276198,classifier,41,reports/p300_atcnet_dynamics_shuffled_seed41.json,0.02252335759244689,0.06203820139832629,0.08456155899077318,hybrid convolutional collapse with attention/TCN reorganization
atcnet,0.5,p300,0,20,0.4375,logits,shuffled,-0.011708176114758384,0.8510678273909564,0.839359651276198,classifier,41,reports/p300_atcnet_dynamics_shuffled_seed41.json,0.02252335759244689,0.06203820139832629,0.08456155899077318,hybrid convolutional collapse with attention/TCN reorganization
atcnet,0.5,p300,0,20,0.4375,temporal_conv_nets.0,shuffled,-0.3737457678965381,0.8348789641873767,0.46113319629083865,tcn,41,reports/p300_atcnet_dynamics_shuffled_seed41.json,0.11031986490594381,0.6635848651741648,0.7739047300801086,hybrid convolutional collapse with attention/TCN reorganization
atcnet,0.5486111111111112,p300,0,20,0.5,attention_blocks.0,shuffled,-0.4012104649090006,0.815720805677424,0.4145103407684234,attention,42,reports/p300_atcnet_dynamics_shuffled_seed42.json,0.13466851217724052,0.6418493513518345,0.776517863529075,hybrid convolutional collapse with attention/TCN reorganization
atcnet,0.5486111111111112,p300,0,20,0.5,conv_block,shuffled,0.17497525472803555,0.012268716706130623,0.18724397143416616,conv_projection,42,reports/p300_atcnet_dynamics_shuffled_seed42.json,0.04142831119018675,0.7485800818968599,0.7900083930870466,hybrid convolutional collapse with attention/TCN reorganization
atcnet,0.5486111111111112,p300,0,20,0.5,final_layer.0,shuffled,-0.20155464427590541,0.8208067453932884,0.6192521011173829,classifier,42,reports/p300_atcnet_dynamics_shuffled_seed42.json,-0.030204473928903505,0.026448930691652953,-0.003755543237250554,hybrid convolutional collapse with attention/TCN reorganization
atcnet,0.5486111111111112,p300,0,20,0.5,logits,shuffled,-0.20155464427590541,0.8208067453932884,0.6192521011173829,classifier,42,reports/p300_atcnet_dynamics_shuffled_seed42.json,-0.030204473928903505,0.026448930691652953,-0.003755543237250554,hybrid convolutional collapse with attention/TCN reorganization
atcnet,0.5486111111111112,p300,0,20,0.5,temporal_conv_nets.0,shuffled,-0.5343175176776247,0.9201338953585747,0.38581637768095006,tcn,42,reports/p300_atcnet_dynamics_shuffled_seed42.json,0.1373970477791288,0.4830555865996709,0.6204526343787997,hybrid convolutional collapse with attention/TCN reorganization
atcnet,0.5833333333333334,p300,0,20,0.4861111111111111,attention_blocks.0,shuffled,-0.4031609262015017,0.782152290505685,0.37899136430418334,attention,43,reports/p300_atcnet_dynamics_shuffled_seed43.json,-0.04702795311494168,0.7604481528502967,0.713420199735355,hybrid convolutional collapse with attention/TCN reorganization
atcnet,0.5833333333333334,p300,0,20,0.4861111111111111,conv_block,shuffled,0.21451356507766164,0.01106268016930793,0.22557624524696956,conv_projection,43,reports/p300_atcnet_dynamics_shuffled_seed43.json,-0.1971422823832344,0.9155273674987482,0.7183850851155138,hybrid convolutional collapse with attention/TCN reorganization
atcnet,0.5833333333333334,p300,0,20,0.4861111111111111,final_layer.0,shuffled,-0.29837047650739834,0.9713229248067863,0.6729524482993879,classifier,43,reports/p300_atcnet_dynamics_shuffled_seed43.json,0.04608789383806594,0.01264664991774551,0.05873454375581145,hybrid convolutional collapse with attention/TCN reorganization
atcnet,0.5833333333333334,p300,0,20,0.4861111111111111,logits,shuffled,-0.29837047650739834,0.9713229248067863,0.6729524482993879,classifier,43,reports/p300_atcnet_dynamics_shuffled_seed43.json,0.04608789383806594,0.01264664991774551,0.05873454375581145,hybrid convolutional collapse with attention/TCN reorganization
atcnet,0.5833333333333334,p300,0,20,0.4861111111111111,temporal_conv_nets.0,shuffled,-0.41244182826767095,0.8817011576414978,0.46925932937382686,tcn,43,reports/p300_atcnet_dynamics_shuffled_seed43.json,0.045815810160631576,0.4484917322183112,0.49430754237894275,hybrid convolutional collapse with attention/TCN reorganization
atcnet,0.5763888888888888,p300,0,20,0.4791666666666667,attention_blocks.0,shuffled,-0.3523149172954637,0.7836757670273311,0.4313608497318674,attention,44,reports/p300_atcnet_dynamics_shuffled_seed44.json,-0.1379475828803376,0.7891157977791287,0.6511682148987911,hybrid convolutional collapse with attention/TCN reorganization
atcnet,0.5763888888888888,p300,0,20,0.4791666666666667,conv_block,shuffled,0.18391222815775193,0.011601659232930267,0.1955138873906822,conv_projection,44,reports/p300_atcnet_dynamics_shuffled_seed44.json,-0.22080630632644305,0.8806552307596022,0.6598489244331591,hybrid convolutional collapse with attention/TCN reorganization
atcnet,0.5763888888888888,p300,0,20,0.4791666666666667,final_layer.0,shuffled,0.0815549574674509,0.729145158065933,0.810700115533384,classifier,44,reports/p300_atcnet_dynamics_shuffled_seed44.json,-0.1070553004971032,0.19207530532508402,0.08502000482798082,hybrid convolutional collapse with attention/TCN reorganization
atcnet,0.5763888888888888,p300,0,20,0.4791666666666667,logits,shuffled,0.0815549574674509,0.729145158065933,0.810700115533384,classifier,44,reports/p300_atcnet_dynamics_shuffled_seed44.json,-0.1070553004971032,0.19207530532508402,0.08502000482798082,hybrid convolutional collapse with attention/TCN reorganization
atcnet,0.5763888888888888,p300,0,20,0.4791666666666667,temporal_conv_nets.0,shuffled,-0.3441059123541485,0.6947695068317247,0.35066359447757617,tcn,44,reports/p300_atcnet_dynamics_shuffled_seed44.json,-0.3028775659824047,0.7172631271904727,0.414385561208068,hybrid convolutional collapse with attention/TCN reorganization
atcnet,0.5277777777777778,p300,0,20,0.4930555555555556,attention_blocks.0,shuffled,-0.35623725140884177,0.6953738487115779,0.33913659730273615,attention,45,reports/p300_atcnet_dynamics_shuffled_seed45.json,-0.15119580815034683,0.8070498466669049,0.6558540385165581,hybrid convolutional collapse with attention/TCN reorganization
atcnet,0.5277777777777778,p300,0,20,0.4930555555555556,conv_block,shuffled,0.1539523506070129,0.012413134072310868,0.16636548467932377,conv_projection,45,reports/p300_atcnet_dynamics_shuffled_seed45.json,-0.23425166297117506,0.88046774417066,0.6462160811994849,hybrid convolutional collapse with attention/TCN reorganization
atcnet,0.5277777777777778,p300,0,20,0.4930555555555556,final_layer.0,shuffled,-0.11546029285826287,0.763293972411315,0.6478336795530522,classifier,45,reports/p300_atcnet_dynamics_shuffled_seed45.json,-0.0837541574279379,0.12494764099492166,0.041193483566983755,hybrid convolutional collapse with attention/TCN reorganization
atcnet,0.5277777777777778,p300,0,20,0.4930555555555556,logits,shuffled,-0.11546029285826287,0.763293972411315,0.6478336795530522,classifier,45,reports/p300_atcnet_dynamics_shuffled_seed45.json,-0.0837541574279379,0.12494764099492166,0.041193483566983755,hybrid convolutional collapse with attention/TCN reorganization
atcnet,0.5277777777777778,p300,0,20,0.4930555555555556,temporal_conv_nets.0,shuffled,-0.31216146416734175,0.6630945082500456,0.3509330440827038,tcn,45,reports/p300_atcnet_dynamics_shuffled_seed45.json,-0.15697553823045557,0.6274379962091409,0.4704624579786853,hybrid convolutional collapse with attention/TCN reorganization
atcnet,0.5694444444444444,p300,0,20,0.5138888888888888,attention_blocks.0,shuffled,-0.4677761315142469,0.7911774203415686,0.32340128882732166,attention,46,reports/p300_atcnet_dynamics_shuffled_seed46.json,-0.16975453528854034,0.8414485083591361,0.6716939730705958,hybrid convolutional collapse with attention/TCN reorganization
atcnet,0.5694444444444444,p300,0,20,0.5138888888888888,conv_block,shuffled,0.12716396394376936,0.010717708576308927,0.1378816725200783,conv_projection,46,reports/p300_atcnet_dynamics_shuffled_seed46.json,-0.1978932904477505,0.8560904307631785,0.658197140315428,hybrid convolutional collapse with attention/TCN reorganization
atcnet,0.5694444444444444,p300,0,20,0.5138888888888888,final_layer.0,shuffled,-0.21773755362713154,0.8967270830153369,0.6789895293882053,classifier,46,reports/p300_atcnet_dynamics_shuffled_seed46.json,-0.04372950343323081,0.09678525767112509,0.05305575423789428,hybrid convolutional collapse with attention/TCN reorganization
atcnet,0.5694444444444444,p300,0,20,0.5138888888888888,logits,shuffled,-0.21773755362713154,0.8967270830153369,0.6789895293882053,classifier,46,reports/p300_atcnet_dynamics_shuffled_seed46.json,-0.04372950343323081,0.09678525767112509,0.05305575423789428,hybrid convolutional collapse with attention/TCN reorganization
atcnet,0.5694444444444444,p300,0,20,0.5138888888888888,temporal_conv_nets.0,shuffled,-0.39179727858012176,0.7034533480854622,0.31165606950534047,tcn,46,reports/p300_atcnet_dynamics_shuffled_seed46.json,-0.12558714728917808,0.7967975623167154,0.6712104150275373,hybrid convolutional collapse with attention/TCN reorganization
