evaluation_scope,split_id,train_scope,heldout_scope,predictor,taxonomy,operation_group,dataset,arch,seed,layer,predicted_sign,actual_sign,correct,actual_pearson_odi_val_acc
leave_dataset_out,heldout_dataset=bci2a,seediv+p300,bci2a,taxonomy,progressive collapse,early_filtering,bci2a,eegnet,41,bnorm_1,1,1,1,0.8245134487569168
leave_dataset_out,heldout_dataset=bci2a,seediv+p300,bci2a,majority_class,progressive collapse,early_filtering,bci2a,eegnet,41,bnorm_1,-1,1,0,0.8245134487569168
leave_dataset_out,heldout_dataset=bci2a,seediv+p300,bci2a,per_dataset_majority,progressive collapse,early_filtering,bci2a,eegnet,41,bnorm_1,-1,1,0,0.8245134487569168
leave_dataset_out,heldout_dataset=bci2a,seediv+p300,bci2a,taxonomy,progressive collapse,separable_body,bci2a,eegnet,41,bnorm_2,1,1,1,0.6237943909107175
leave_dataset_out,heldout_dataset=bci2a,seediv+p300,bci2a,majority_class,progressive collapse,separable_body,bci2a,eegnet,41,bnorm_2,-1,1,0,0.6237943909107175
leave_dataset_out,heldout_dataset=bci2a,seediv+p300,bci2a,per_dataset_majority,progressive collapse,separable_body,bci2a,eegnet,41,bnorm_2,-1,1,0,0.6237943909107175
leave_dataset_out,heldout_dataset=bci2a,seediv+p300,bci2a,taxonomy,progressive collapse,early_filtering,bci2a,eegnet,41,bnorm_temporal,1,1,1,0.7414233490682911
leave_dataset_out,heldout_dataset=bci2a,seediv+p300,bci2a,majority_class,progressive collapse,early_filtering,bci2a,eegnet,41,bnorm_temporal,-1,1,0,0.7414233490682911
leave_dataset_out,heldout_dataset=bci2a,seediv+p300,bci2a,per_dataset_majority,progressive collapse,early_filtering,bci2a,eegnet,41,bnorm_temporal,-1,1,0,0.7414233490682911
leave_dataset_out,heldout_dataset=bci2a,seediv+p300,bci2a,taxonomy,progressive collapse,separable_body,bci2a,eegnet,41,conv_separable_depth,1,1,1,0.9275359858072777
leave_dataset_out,heldout_dataset=bci2a,seediv+p300,bci2a,majority_class,progressive collapse,separable_body,bci2a,eegnet,41,conv_separable_depth,-1,1,0,0.9275359858072777
leave_dataset_out,heldout_dataset=bci2a,seediv+p300,bci2a,per_dataset_majority,progressive collapse,separable_body,bci2a,eegnet,41,conv_separable_depth,-1,1,0,0.9275359858072777
leave_dataset_out,heldout_dataset=bci2a,seediv+p300,bci2a,taxonomy,progressive collapse,separable_body,bci2a,eegnet,41,conv_separable_point,1,1,1,0.934887774505015
leave_dataset_out,heldout_dataset=bci2a,seediv+p300,bci2a,majority_class,progressive collapse,separable_body,bci2a,eegnet,41,conv_separable_point,-1,1,0,0.934887774505015
leave_dataset_out,heldout_dataset=bci2a,seediv+p300,bci2a,per_dataset_majority,progressive collapse,separable_body,bci2a,eegnet,41,conv_separable_point,-1,1,0,0.934887774505015
leave_dataset_out,heldout_dataset=bci2a,seediv+p300,bci2a,taxonomy,progressive collapse,early_filtering,bci2a,eegnet,41,conv_spatial,1,1,1,0.8401185835459015
leave_dataset_out,heldout_dataset=bci2a,seediv+p300,bci2a,majority_class,progressive collapse,early_filtering,bci2a,eegnet,41,conv_spatial,-1,1,0,0.8401185835459015
leave_dataset_out,heldout_dataset=bci2a,seediv+p300,bci2a,per_dataset_majority,progressive collapse,early_filtering,bci2a,eegnet,41,conv_spatial,-1,1,0,0.8401185835459015
leave_dataset_out,heldout_dataset=bci2a,seediv+p300,bci2a,taxonomy,progressive collapse,early_filtering,bci2a,eegnet,41,conv_temporal,1,1,1,0.8587862336064384
leave_dataset_out,heldout_dataset=bci2a,seediv+p300,bci2a,majority_class,progressive collapse,early_filtering,bci2a,eegnet,41,conv_temporal,-1,1,0,0.8587862336064384
leave_dataset_out,heldout_dataset=bci2a,seediv+p300,bci2a,per_dataset_majority,progressive collapse,early_filtering,bci2a,eegnet,41,conv_temporal,-1,1,0,0.8587862336064384
leave_dataset_out,heldout_dataset=bci2a,seediv+p300,bci2a,taxonomy,progressive collapse,other,bci2a,eegnet,41,elu_1,1,1,1,0.822666068792132
leave_dataset_out,heldout_dataset=bci2a,seediv+p300,bci2a,majority_class,progressive collapse,other,bci2a,eegnet,41,elu_1,-1,1,0,0.822666068792132
leave_dataset_out,heldout_dataset=bci2a,seediv+p300,bci2a,per_dataset_majority,progressive collapse,other,bci2a,eegnet,41,elu_1,-1,1,0,0.822666068792132
leave_dataset_out,heldout_dataset=bci2a,seediv+p300,bci2a,taxonomy,progressive collapse,other,bci2a,eegnet,41,elu_2,1,1,1,0.6151105724771662
leave_dataset_out,heldout_dataset=bci2a,seediv+p300,bci2a,majority_class,progressive collapse,other,bci2a,eegnet,41,elu_2,-1,1,0,0.6151105724771662
leave_dataset_out,heldout_dataset=bci2a,seediv+p300,bci2a,per_dataset_majority,progressive collapse,other,bci2a,eegnet,41,elu_2,-1,1,0,0.6151105724771662
leave_dataset_out,heldout_dataset=bci2a,seediv+p300,bci2a,taxonomy,progressive collapse,classifier,bci2a,eegnet,41,final_layer.conv_classifier,1,1,1,0.5030528950339708
leave_dataset_out,heldout_dataset=bci2a,seediv+p300,bci2a,majority_class,progressive collapse,classifier,bci2a,eegnet,41,final_layer.conv_classifier,-1,1,0,0.5030528950339708
leave_dataset_out,heldout_dataset=bci2a,seediv+p300,bci2a,per_dataset_majority,progressive collapse,classifier,bci2a,eegnet,41,final_layer.conv_classifier,-1,1,0,0.5030528950339708
leave_dataset_out,heldout_dataset=bci2a,seediv+p300,bci2a,taxonomy,progressive collapse,classifier,bci2a,eegnet,41,logits,1,1,1,0.5030528950339708
leave_dataset_out,heldout_dataset=bci2a,seediv+p300,bci2a,majority_class,progressive collapse,classifier,bci2a,eegnet,41,logits,-1,1,0,0.5030528950339708
leave_dataset_out,heldout_dataset=bci2a,seediv+p300,bci2a,per_dataset_majority,progressive collapse,classifier,bci2a,eegnet,41,logits,-1,1,0,0.5030528950339708
leave_dataset_out,heldout_dataset=bci2a,seediv+p300,bci2a,taxonomy,progressive collapse,other,bci2a,eegnet,41,pool_1,1,1,1,0.8559782082980164
leave_dataset_out,heldout_dataset=bci2a,seediv+p300,bci2a,majority_class,progressive collapse,other,bci2a,eegnet,41,pool_1,-1,1,0,0.8559782082980164
leave_dataset_out,heldout_dataset=bci2a,seediv+p300,bci2a,per_dataset_majority,progressive collapse,other,bci2a,eegnet,41,pool_1,-1,1,0,0.8559782082980164
leave_dataset_out,heldout_dataset=bci2a,seediv+p300,bci2a,taxonomy,progressive collapse,separable_body,bci2a,eegnet,41,pool_2,1,1,1,0.3849457327476653
leave_dataset_out,heldout_dataset=bci2a,seediv+p300,bci2a,majority_class,progressive collapse,separable_body,bci2a,eegnet,41,pool_2,-1,1,0,0.3849457327476653
leave_dataset_out,heldout_dataset=bci2a,seediv+p300,bci2a,per_dataset_majority,progressive collapse,separable_body,bci2a,eegnet,41,pool_2,-1,1,0,0.3849457327476653
leave_dataset_out,heldout_dataset=bci2a,seediv+p300,bci2a,taxonomy,progressive collapse,early_filtering,bci2a,eegnet,42,bnorm_1,1,1,1,0.7726620681910235
leave_dataset_out,heldout_dataset=bci2a,seediv+p300,bci2a,majority_class,progressive collapse,early_filtering,bci2a,eegnet,42,bnorm_1,-1,1,0,0.7726620681910235
leave_dataset_out,heldout_dataset=bci2a,seediv+p300,bci2a,per_dataset_majority,progressive collapse,early_filtering,bci2a,eegnet,42,bnorm_1,-1,1,0,0.7726620681910235
leave_dataset_out,heldout_dataset=bci2a,seediv+p300,bci2a,taxonomy,progressive collapse,separable_body,bci2a,eegnet,42,bnorm_2,1,1,1,0.8117514004353593
leave_dataset_out,heldout_dataset=bci2a,seediv+p300,bci2a,majority_class,progressive collapse,separable_body,bci2a,eegnet,42,bnorm_2,-1,1,0,0.8117514004353593
leave_dataset_out,heldout_dataset=bci2a,seediv+p300,bci2a,per_dataset_majority,progressive collapse,separable_body,bci2a,eegnet,42,bnorm_2,-1,1,0,0.8117514004353593
leave_dataset_out,heldout_dataset=bci2a,seediv+p300,bci2a,taxonomy,progressive collapse,early_filtering,bci2a,eegnet,42,bnorm_temporal,1,1,1,0.7131432036623955
leave_dataset_out,heldout_dataset=bci2a,seediv+p300,bci2a,majority_class,progressive collapse,early_filtering,bci2a,eegnet,42,bnorm_temporal,-1,1,0,0.7131432036623955
leave_dataset_out,heldout_dataset=bci2a,seediv+p300,bci2a,per_dataset_majority,progressive collapse,early_filtering,bci2a,eegnet,42,bnorm_temporal,-1,1,0,0.7131432036623955
leave_dataset_out,heldout_dataset=bci2a,seediv+p300,bci2a,taxonomy,progressive collapse,separable_body,bci2a,eegnet,42,conv_separable_depth,1,1,1,0.8360462812972766
leave_dataset_out,heldout_dataset=bci2a,seediv+p300,bci2a,majority_class,progressive collapse,separable_body,bci2a,eegnet,42,conv_separable_depth,-1,1,0,0.8360462812972766
leave_dataset_out,heldout_dataset=bci2a,seediv+p300,bci2a,per_dataset_majority,progressive collapse,separable_body,bci2a,eegnet,42,conv_separable_depth,-1,1,0,0.8360462812972766
leave_dataset_out,heldout_dataset=bci2a,seediv+p300,bci2a,taxonomy,progressive collapse,separable_body,bci2a,eegnet,42,conv_separable_point,1,1,1,0.8680256780976241
leave_dataset_out,heldout_dataset=bci2a,seediv+p300,bci2a,majority_class,progressive collapse,separable_body,bci2a,eegnet,42,conv_separable_point,-1,1,0,0.8680256780976241
leave_dataset_out,heldout_dataset=bci2a,seediv+p300,bci2a,per_dataset_majority,progressive collapse,separable_body,bci2a,eegnet,42,conv_separable_point,-1,1,0,0.8680256780976241
leave_dataset_out,heldout_dataset=bci2a,seediv+p300,bci2a,taxonomy,progressive collapse,early_filtering,bci2a,eegnet,42,conv_spatial,1,1,1,0.910754813895644
leave_dataset_out,heldout_dataset=bci2a,seediv+p300,bci2a,majority_class,progressive collapse,early_filtering,bci2a,eegnet,42,conv_spatial,-1,1,0,0.910754813895644
leave_dataset_out,heldout_dataset=bci2a,seediv+p300,bci2a,per_dataset_majority,progressive collapse,early_filtering,bci2a,eegnet,42,conv_spatial,-1,1,0,0.910754813895644
leave_dataset_out,heldout_dataset=bci2a,seediv+p300,bci2a,taxonomy,progressive collapse,early_filtering,bci2a,eegnet,42,conv_temporal,1,1,1,0.916125567935562
leave_dataset_out,heldout_dataset=bci2a,seediv+p300,bci2a,majority_class,progressive collapse,early_filtering,bci2a,eegnet,42,conv_temporal,-1,1,0,0.916125567935562
leave_dataset_out,heldout_dataset=bci2a,seediv+p300,bci2a,per_dataset_majority,progressive collapse,early_filtering,bci2a,eegnet,42,conv_temporal,-1,1,0,0.916125567935562
leave_dataset_out,heldout_dataset=bci2a,seediv+p300,bci2a,taxonomy,progressive collapse,other,bci2a,eegnet,42,elu_1,1,1,1,0.7689139991164268
leave_dataset_out,heldout_dataset=bci2a,seediv+p300,bci2a,majority_class,progressive collapse,other,bci2a,eegnet,42,elu_1,-1,1,0,0.7689139991164268
leave_dataset_out,heldout_dataset=bci2a,seediv+p300,bci2a,per_dataset_majority,progressive collapse,other,bci2a,eegnet,42,elu_1,-1,1,0,0.7689139991164268
leave_dataset_out,heldout_dataset=bci2a,seediv+p300,bci2a,taxonomy,progressive collapse,other,bci2a,eegnet,42,elu_2,1,1,1,0.8182709992591988
leave_dataset_out,heldout_dataset=bci2a,seediv+p300,bci2a,majority_class,progressive collapse,other,bci2a,eegnet,42,elu_2,-1,1,0,0.8182709992591988
leave_dataset_out,heldout_dataset=bci2a,seediv+p300,bci2a,per_dataset_majority,progressive collapse,other,bci2a,eegnet,42,elu_2,-1,1,0,0.8182709992591988
leave_dataset_out,heldout_dataset=bci2a,seediv+p300,bci2a,taxonomy,progressive collapse,classifier,bci2a,eegnet,42,final_layer.conv_classifier,1,1,1,0.575405955338649
leave_dataset_out,heldout_dataset=bci2a,seediv+p300,bci2a,majority_class,progressive collapse,classifier,bci2a,eegnet,42,final_layer.conv_classifier,-1,1,0,0.575405955338649
leave_dataset_out,heldout_dataset=bci2a,seediv+p300,bci2a,per_dataset_majority,progressive collapse,classifier,bci2a,eegnet,42,final_layer.conv_classifier,-1,1,0,0.575405955338649
leave_dataset_out,heldout_dataset=bci2a,seediv+p300,bci2a,taxonomy,progressive collapse,classifier,bci2a,eegnet,42,logits,1,1,1,0.575405955338649
leave_dataset_out,heldout_dataset=bci2a,seediv+p300,bci2a,majority_class,progressive collapse,classifier,bci2a,eegnet,42,logits,-1,1,0,0.575405955338649
leave_dataset_out,heldout_dataset=bci2a,seediv+p300,bci2a,per_dataset_majority,progressive collapse,classifier,bci2a,eegnet,42,logits,-1,1,0,0.575405955338649
leave_dataset_out,heldout_dataset=bci2a,seediv+p300,bci2a,taxonomy,progressive collapse,other,bci2a,eegnet,42,pool_1,1,1,1,0.7994314577530188
leave_dataset_out,heldout_dataset=bci2a,seediv+p300,bci2a,majority_class,progressive collapse,other,bci2a,eegnet,42,pool_1,-1,1,0,0.7994314577530188
leave_dataset_out,heldout_dataset=bci2a,seediv+p300,bci2a,per_dataset_majority,progressive collapse,other,bci2a,eegnet,42,pool_1,-1,1,0,0.7994314577530188
leave_dataset_out,heldout_dataset=bci2a,seediv+p300,bci2a,taxonomy,progressive collapse,separable_body,bci2a,eegnet,42,pool_2,1,1,1,0.6271982034995445
leave_dataset_out,heldout_dataset=bci2a,seediv+p300,bci2a,majority_class,progressive collapse,separable_body,bci2a,eegnet,42,pool_2,-1,1,0,0.6271982034995445
leave_dataset_out,heldout_dataset=bci2a,seediv+p300,bci2a,per_dataset_majority,progressive collapse,separable_body,bci2a,eegnet,42,pool_2,-1,1,0,0.6271982034995445
leave_dataset_out,heldout_dataset=bci2a,seediv+p300,bci2a,taxonomy,progressive collapse,early_filtering,bci2a,eegnet,43,bnorm_1,1,1,1,0.9349443489562478
leave_dataset_out,heldout_dataset=bci2a,seediv+p300,bci2a,majority_class,progressive collapse,early_filtering,bci2a,eegnet,43,bnorm_1,-1,1,0,0.9349443489562478
leave_dataset_out,heldout_dataset=bci2a,seediv+p300,bci2a,per_dataset_majority,progressive collapse,early_filtering,bci2a,eegnet,43,bnorm_1,-1,1,0,0.9349443489562478
leave_dataset_out,heldout_dataset=bci2a,seediv+p300,bci2a,taxonomy,progressive collapse,separable_body,bci2a,eegnet,43,bnorm_2,1,1,1,0.7486499222740898
leave_dataset_out,heldout_dataset=bci2a,seediv+p300,bci2a,majority_class,progressive collapse,separable_body,bci2a,eegnet,43,bnorm_2,-1,1,0,0.7486499222740898
leave_dataset_out,heldout_dataset=bci2a,seediv+p300,bci2a,per_dataset_majority,progressive collapse,separable_body,bci2a,eegnet,43,bnorm_2,-1,1,0,0.7486499222740898
leave_dataset_out,heldout_dataset=bci2a,seediv+p300,bci2a,taxonomy,progressive collapse,early_filtering,bci2a,eegnet,43,bnorm_temporal,1,1,1,0.9229663681353926
leave_dataset_out,heldout_dataset=bci2a,seediv+p300,bci2a,majority_class,progressive collapse,early_filtering,bci2a,eegnet,43,bnorm_temporal,-1,1,0,0.9229663681353926
leave_dataset_out,heldout_dataset=bci2a,seediv+p300,bci2a,per_dataset_majority,progressive collapse,early_filtering,bci2a,eegnet,43,bnorm_temporal,-1,1,0,0.9229663681353926
leave_dataset_out,heldout_dataset=bci2a,seediv+p300,bci2a,taxonomy,progressive collapse,separable_body,bci2a,eegnet,43,conv_separable_depth,1,1,1,0.9912523739517721
leave_dataset_out,heldout_dataset=bci2a,seediv+p300,bci2a,majority_class,progressive collapse,separable_body,bci2a,eegnet,43,conv_separable_depth,-1,1,0,0.9912523739517721
leave_dataset_out,heldout_dataset=bci2a,seediv+p300,bci2a,per_dataset_majority,progressive collapse,separable_body,bci2a,eegnet,43,conv_separable_depth,-1,1,0,0.9912523739517721
leave_dataset_out,heldout_dataset=bci2a,seediv+p300,bci2a,taxonomy,progressive collapse,separable_body,bci2a,eegnet,43,conv_separable_point,1,1,1,0.9943729709522221
leave_dataset_out,heldout_dataset=bci2a,seediv+p300,bci2a,majority_class,progressive collapse,separable_body,bci2a,eegnet,43,conv_separable_point,-1,1,0,0.9943729709522221
leave_dataset_out,heldout_dataset=bci2a,seediv+p300,bci2a,per_dataset_majority,progressive collapse,separable_body,bci2a,eegnet,43,conv_separable_point,-1,1,0,0.9943729709522221
leave_dataset_out,heldout_dataset=bci2a,seediv+p300,bci2a,taxonomy,progressive collapse,early_filtering,bci2a,eegnet,43,conv_spatial,1,1,1,0.9320469879999833
leave_dataset_out,heldout_dataset=bci2a,seediv+p300,bci2a,majority_class,progressive collapse,early_filtering,bci2a,eegnet,43,conv_spatial,-1,1,0,0.9320469879999833
leave_dataset_out,heldout_dataset=bci2a,seediv+p300,bci2a,per_dataset_majority,progressive collapse,early_filtering,bci2a,eegnet,43,conv_spatial,-1,1,0,0.9320469879999833
leave_dataset_out,heldout_dataset=bci2a,seediv+p300,bci2a,taxonomy,progressive collapse,early_filtering,bci2a,eegnet,43,conv_temporal,1,1,1,0.9734288640196841
leave_dataset_out,heldout_dataset=bci2a,seediv+p300,bci2a,majority_class,progressive collapse,early_filtering,bci2a,eegnet,43,conv_temporal,-1,1,0,0.9734288640196841
leave_dataset_out,heldout_dataset=bci2a,seediv+p300,bci2a,per_dataset_majority,progressive collapse,early_filtering,bci2a,eegnet,43,conv_temporal,-1,1,0,0.9734288640196841
leave_dataset_out,heldout_dataset=bci2a,seediv+p300,bci2a,taxonomy,progressive collapse,other,bci2a,eegnet,43,elu_1,1,1,1,0.9316164083440063
leave_dataset_out,heldout_dataset=bci2a,seediv+p300,bci2a,majority_class,progressive collapse,other,bci2a,eegnet,43,elu_1,-1,1,0,0.9316164083440063
leave_dataset_out,heldout_dataset=bci2a,seediv+p300,bci2a,per_dataset_majority,progressive collapse,other,bci2a,eegnet,43,elu_1,-1,1,0,0.9316164083440063
leave_dataset_out,heldout_dataset=bci2a,seediv+p300,bci2a,taxonomy,progressive collapse,other,bci2a,eegnet,43,elu_2,1,1,1,0.7467718001215955
leave_dataset_out,heldout_dataset=bci2a,seediv+p300,bci2a,majority_class,progressive collapse,other,bci2a,eegnet,43,elu_2,-1,1,0,0.7467718001215955
leave_dataset_out,heldout_dataset=bci2a,seediv+p300,bci2a,per_dataset_majority,progressive collapse,other,bci2a,eegnet,43,elu_2,-1,1,0,0.7467718001215955
leave_dataset_out,heldout_dataset=bci2a,seediv+p300,bci2a,taxonomy,progressive collapse,classifier,bci2a,eegnet,43,final_layer.conv_classifier,1,1,1,0.2621857190461477
leave_dataset_out,heldout_dataset=bci2a,seediv+p300,bci2a,majority_class,progressive collapse,classifier,bci2a,eegnet,43,final_layer.conv_classifier,-1,1,0,0.2621857190461477
leave_dataset_out,heldout_dataset=bci2a,seediv+p300,bci2a,per_dataset_majority,progressive collapse,classifier,bci2a,eegnet,43,final_layer.conv_classifier,-1,1,0,0.2621857190461477
leave_dataset_out,heldout_dataset=bci2a,seediv+p300,bci2a,taxonomy,progressive collapse,classifier,bci2a,eegnet,43,logits,1,1,1,0.2621857190461477
leave_dataset_out,heldout_dataset=bci2a,seediv+p300,bci2a,majority_class,progressive collapse,classifier,bci2a,eegnet,43,logits,-1,1,0,0.2621857190461477
leave_dataset_out,heldout_dataset=bci2a,seediv+p300,bci2a,per_dataset_majority,progressive collapse,classifier,bci2a,eegnet,43,logits,-1,1,0,0.2621857190461477
leave_dataset_out,heldout_dataset=bci2a,seediv+p300,bci2a,taxonomy,progressive collapse,other,bci2a,eegnet,43,pool_1,1,1,1,0.9507250571887264
leave_dataset_out,heldout_dataset=bci2a,seediv+p300,bci2a,majority_class,progressive collapse,other,bci2a,eegnet,43,pool_1,-1,1,0,0.9507250571887264
leave_dataset_out,heldout_dataset=bci2a,seediv+p300,bci2a,per_dataset_majority,progressive collapse,other,bci2a,eegnet,43,pool_1,-1,1,0,0.9507250571887264
leave_dataset_out,heldout_dataset=bci2a,seediv+p300,bci2a,taxonomy,progressive collapse,separable_body,bci2a,eegnet,43,pool_2,1,1,1,0.36606477323528397
leave_dataset_out,heldout_dataset=bci2a,seediv+p300,bci2a,majority_class,progressive collapse,separable_body,bci2a,eegnet,43,pool_2,-1,1,0,0.36606477323528397
leave_dataset_out,heldout_dataset=bci2a,seediv+p300,bci2a,per_dataset_majority,progressive collapse,separable_body,bci2a,eegnet,43,pool_2,-1,1,0,0.36606477323528397
leave_dataset_out,heldout_dataset=bci2a,seediv+p300,bci2a,taxonomy,progressive collapse,early_filtering,bci2a,eegnet,44,bnorm_1,1,1,1,0.9503842487164916
leave_dataset_out,heldout_dataset=bci2a,seediv+p300,bci2a,majority_class,progressive collapse,early_filtering,bci2a,eegnet,44,bnorm_1,-1,1,0,0.9503842487164916
leave_dataset_out,heldout_dataset=bci2a,seediv+p300,bci2a,per_dataset_majority,progressive collapse,early_filtering,bci2a,eegnet,44,bnorm_1,-1,1,0,0.9503842487164916
leave_dataset_out,heldout_dataset=bci2a,seediv+p300,bci2a,taxonomy,progressive collapse,separable_body,bci2a,eegnet,44,bnorm_2,1,1,1,0.7725952210830875
leave_dataset_out,heldout_dataset=bci2a,seediv+p300,bci2a,majority_class,progressive collapse,separable_body,bci2a,eegnet,44,bnorm_2,-1,1,0,0.7725952210830875
leave_dataset_out,heldout_dataset=bci2a,seediv+p300,bci2a,per_dataset_majority,progressive collapse,separable_body,bci2a,eegnet,44,bnorm_2,-1,1,0,0.7725952210830875
leave_dataset_out,heldout_dataset=bci2a,seediv+p300,bci2a,taxonomy,progressive collapse,early_filtering,bci2a,eegnet,44,bnorm_temporal,1,1,1,0.9326244449948342
leave_dataset_out,heldout_dataset=bci2a,seediv+p300,bci2a,majority_class,progressive collapse,early_filtering,bci2a,eegnet,44,bnorm_temporal,-1,1,0,0.9326244449948342
leave_dataset_out,heldout_dataset=bci2a,seediv+p300,bci2a,per_dataset_majority,progressive collapse,early_filtering,bci2a,eegnet,44,bnorm_temporal,-1,1,0,0.9326244449948342
leave_dataset_out,heldout_dataset=bci2a,seediv+p300,bci2a,taxonomy,progressive collapse,separable_body,bci2a,eegnet,44,conv_separable_depth,1,1,1,0.983204542779592
leave_dataset_out,heldout_dataset=bci2a,seediv+p300,bci2a,majority_class,progressive collapse,separable_body,bci2a,eegnet,44,conv_separable_depth,-1,1,0,0.983204542779592
leave_dataset_out,heldout_dataset=bci2a,seediv+p300,bci2a,per_dataset_majority,progressive collapse,separable_body,bci2a,eegnet,44,conv_separable_depth,-1,1,0,0.983204542779592
leave_dataset_out,heldout_dataset=bci2a,seediv+p300,bci2a,taxonomy,progressive collapse,separable_body,bci2a,eegnet,44,conv_separable_point,1,1,1,0.9880690902854677
leave_dataset_out,heldout_dataset=bci2a,seediv+p300,bci2a,majority_class,progressive collapse,separable_body,bci2a,eegnet,44,conv_separable_point,-1,1,0,0.9880690902854677
leave_dataset_out,heldout_dataset=bci2a,seediv+p300,bci2a,per_dataset_majority,progressive collapse,separable_body,bci2a,eegnet,44,conv_separable_point,-1,1,0,0.9880690902854677
leave_dataset_out,heldout_dataset=bci2a,seediv+p300,bci2a,taxonomy,progressive collapse,early_filtering,bci2a,eegnet,44,conv_spatial,1,1,1,0.7156197791173992
leave_dataset_out,heldout_dataset=bci2a,seediv+p300,bci2a,majority_class,progressive collapse,early_filtering,bci2a,eegnet,44,conv_spatial,-1,1,0,0.7156197791173992
leave_dataset_out,heldout_dataset=bci2a,seediv+p300,bci2a,per_dataset_majority,progressive collapse,early_filtering,bci2a,eegnet,44,conv_spatial,-1,1,0,0.7156197791173992
leave_dataset_out,heldout_dataset=bci2a,seediv+p300,bci2a,taxonomy,progressive collapse,early_filtering,bci2a,eegnet,44,conv_temporal,1,1,1,0.9790953105087854
leave_dataset_out,heldout_dataset=bci2a,seediv+p300,bci2a,majority_class,progressive collapse,early_filtering,bci2a,eegnet,44,conv_temporal,-1,1,0,0.9790953105087854
leave_dataset_out,heldout_dataset=bci2a,seediv+p300,bci2a,per_dataset_majority,progressive collapse,early_filtering,bci2a,eegnet,44,conv_temporal,-1,1,0,0.9790953105087854
leave_dataset_out,heldout_dataset=bci2a,seediv+p300,bci2a,taxonomy,progressive collapse,other,bci2a,eegnet,44,elu_1,1,1,1,0.9405837230175862
leave_dataset_out,heldout_dataset=bci2a,seediv+p300,bci2a,majority_class,progressive collapse,other,bci2a,eegnet,44,elu_1,-1,1,0,0.9405837230175862
leave_dataset_out,heldout_dataset=bci2a,seediv+p300,bci2a,per_dataset_majority,progressive collapse,other,bci2a,eegnet,44,elu_1,-1,1,0,0.9405837230175862
leave_dataset_out,heldout_dataset=bci2a,seediv+p300,bci2a,taxonomy,progressive collapse,other,bci2a,eegnet,44,elu_2,1,1,1,0.7245338903873693
leave_dataset_out,heldout_dataset=bci2a,seediv+p300,bci2a,majority_class,progressive collapse,other,bci2a,eegnet,44,elu_2,-1,1,0,0.7245338903873693
leave_dataset_out,heldout_dataset=bci2a,seediv+p300,bci2a,per_dataset_majority,progressive collapse,other,bci2a,eegnet,44,elu_2,-1,1,0,0.7245338903873693
leave_dataset_out,heldout_dataset=bci2a,seediv+p300,bci2a,taxonomy,progressive collapse,classifier,bci2a,eegnet,44,final_layer.conv_classifier,1,1,1,0.2954680420622178
leave_dataset_out,heldout_dataset=bci2a,seediv+p300,bci2a,majority_class,progressive collapse,classifier,bci2a,eegnet,44,final_layer.conv_classifier,-1,1,0,0.2954680420622178
leave_dataset_out,heldout_dataset=bci2a,seediv+p300,bci2a,per_dataset_majority,progressive collapse,classifier,bci2a,eegnet,44,final_layer.conv_classifier,-1,1,0,0.2954680420622178
leave_dataset_out,heldout_dataset=bci2a,seediv+p300,bci2a,taxonomy,progressive collapse,classifier,bci2a,eegnet,44,logits,1,1,1,0.2954680420622178
leave_dataset_out,heldout_dataset=bci2a,seediv+p300,bci2a,majority_class,progressive collapse,classifier,bci2a,eegnet,44,logits,-1,1,0,0.2954680420622178
leave_dataset_out,heldout_dataset=bci2a,seediv+p300,bci2a,per_dataset_majority,progressive collapse,classifier,bci2a,eegnet,44,logits,-1,1,0,0.2954680420622178
leave_dataset_out,heldout_dataset=bci2a,seediv+p300,bci2a,taxonomy,progressive collapse,other,bci2a,eegnet,44,pool_1,1,1,1,0.9603127974798733
leave_dataset_out,heldout_dataset=bci2a,seediv+p300,bci2a,majority_class,progressive collapse,other,bci2a,eegnet,44,pool_1,-1,1,0,0.9603127974798733
leave_dataset_out,heldout_dataset=bci2a,seediv+p300,bci2a,per_dataset_majority,progressive collapse,other,bci2a,eegnet,44,pool_1,-1,1,0,0.9603127974798733
leave_dataset_out,heldout_dataset=bci2a,seediv+p300,bci2a,taxonomy,progressive collapse,separable_body,bci2a,eegnet,44,pool_2,1,1,1,0.33305353869384463
leave_dataset_out,heldout_dataset=bci2a,seediv+p300,bci2a,majority_class,progressive collapse,separable_body,bci2a,eegnet,44,pool_2,-1,1,0,0.33305353869384463
leave_dataset_out,heldout_dataset=bci2a,seediv+p300,bci2a,per_dataset_majority,progressive collapse,separable_body,bci2a,eegnet,44,pool_2,-1,1,0,0.33305353869384463
leave_dataset_out,heldout_dataset=bci2a,seediv+p300,bci2a,taxonomy,progressive collapse,early_filtering,bci2a,eegnet,45,bnorm_1,1,1,1,0.73281520823252
leave_dataset_out,heldout_dataset=bci2a,seediv+p300,bci2a,majority_class,progressive collapse,early_filtering,bci2a,eegnet,45,bnorm_1,-1,1,0,0.73281520823252
leave_dataset_out,heldout_dataset=bci2a,seediv+p300,bci2a,per_dataset_majority,progressive collapse,early_filtering,bci2a,eegnet,45,bnorm_1,-1,1,0,0.73281520823252
leave_dataset_out,heldout_dataset=bci2a,seediv+p300,bci2a,taxonomy,progressive collapse,separable_body,bci2a,eegnet,45,bnorm_2,1,-1,0,-0.011306084405965504
leave_dataset_out,heldout_dataset=bci2a,seediv+p300,bci2a,majority_class,progressive collapse,separable_body,bci2a,eegnet,45,bnorm_2,-1,-1,1,-0.011306084405965504
leave_dataset_out,heldout_dataset=bci2a,seediv+p300,bci2a,per_dataset_majority,progressive collapse,separable_body,bci2a,eegnet,45,bnorm_2,-1,-1,1,-0.011306084405965504
leave_dataset_out,heldout_dataset=bci2a,seediv+p300,bci2a,taxonomy,progressive collapse,early_filtering,bci2a,eegnet,45,bnorm_temporal,1,1,1,0.7676193995341339
leave_dataset_out,heldout_dataset=bci2a,seediv+p300,bci2a,majority_class,progressive collapse,early_filtering,bci2a,eegnet,45,bnorm_temporal,-1,1,0,0.7676193995341339
leave_dataset_out,heldout_dataset=bci2a,seediv+p300,bci2a,per_dataset_majority,progressive collapse,early_filtering,bci2a,eegnet,45,bnorm_temporal,-1,1,0,0.7676193995341339
leave_dataset_out,heldout_dataset=bci2a,seediv+p300,bci2a,taxonomy,progressive collapse,separable_body,bci2a,eegnet,45,conv_separable_depth,1,1,1,0.585737978551719
leave_dataset_out,heldout_dataset=bci2a,seediv+p300,bci2a,majority_class,progressive collapse,separable_body,bci2a,eegnet,45,conv_separable_depth,-1,1,0,0.585737978551719
leave_dataset_out,heldout_dataset=bci2a,seediv+p300,bci2a,per_dataset_majority,progressive collapse,separable_body,bci2a,eegnet,45,conv_separable_depth,-1,1,0,0.585737978551719
leave_dataset_out,heldout_dataset=bci2a,seediv+p300,bci2a,taxonomy,progressive collapse,separable_body,bci2a,eegnet,45,conv_separable_point,1,1,1,0.5132523359583477
leave_dataset_out,heldout_dataset=bci2a,seediv+p300,bci2a,majority_class,progressive collapse,separable_body,bci2a,eegnet,45,conv_separable_point,-1,1,0,0.5132523359583477
leave_dataset_out,heldout_dataset=bci2a,seediv+p300,bci2a,per_dataset_majority,progressive collapse,separable_body,bci2a,eegnet,45,conv_separable_point,-1,1,0,0.5132523359583477
leave_dataset_out,heldout_dataset=bci2a,seediv+p300,bci2a,taxonomy,progressive collapse,early_filtering,bci2a,eegnet,45,conv_spatial,1,1,1,0.7014628392178732
leave_dataset_out,heldout_dataset=bci2a,seediv+p300,bci2a,majority_class,progressive collapse,early_filtering,bci2a,eegnet,45,conv_spatial,-1,1,0,0.7014628392178732
leave_dataset_out,heldout_dataset=bci2a,seediv+p300,bci2a,per_dataset_majority,progressive collapse,early_filtering,bci2a,eegnet,45,conv_spatial,-1,1,0,0.7014628392178732
leave_dataset_out,heldout_dataset=bci2a,seediv+p300,bci2a,taxonomy,progressive collapse,early_filtering,bci2a,eegnet,45,conv_temporal,1,1,1,0.6908721348698219
leave_dataset_out,heldout_dataset=bci2a,seediv+p300,bci2a,majority_class,progressive collapse,early_filtering,bci2a,eegnet,45,conv_temporal,-1,1,0,0.6908721348698219
leave_dataset_out,heldout_dataset=bci2a,seediv+p300,bci2a,per_dataset_majority,progressive collapse,early_filtering,bci2a,eegnet,45,conv_temporal,-1,1,0,0.6908721348698219
leave_dataset_out,heldout_dataset=bci2a,seediv+p300,bci2a,taxonomy,progressive collapse,other,bci2a,eegnet,45,elu_1,1,1,1,0.6537359717298343
leave_dataset_out,heldout_dataset=bci2a,seediv+p300,bci2a,majority_class,progressive collapse,other,bci2a,eegnet,45,elu_1,-1,1,0,0.6537359717298343
leave_dataset_out,heldout_dataset=bci2a,seediv+p300,bci2a,per_dataset_majority,progressive collapse,other,bci2a,eegnet,45,elu_1,-1,1,0,0.6537359717298343
leave_dataset_out,heldout_dataset=bci2a,seediv+p300,bci2a,taxonomy,progressive collapse,other,bci2a,eegnet,45,elu_2,1,1,1,0.005883187982202107
leave_dataset_out,heldout_dataset=bci2a,seediv+p300,bci2a,majority_class,progressive collapse,other,bci2a,eegnet,45,elu_2,-1,1,0,0.005883187982202107
leave_dataset_out,heldout_dataset=bci2a,seediv+p300,bci2a,per_dataset_majority,progressive collapse,other,bci2a,eegnet,45,elu_2,-1,1,0,0.005883187982202107
leave_dataset_out,heldout_dataset=bci2a,seediv+p300,bci2a,taxonomy,progressive collapse,classifier,bci2a,eegnet,45,final_layer.conv_classifier,1,-1,0,-0.15787855036342063
leave_dataset_out,heldout_dataset=bci2a,seediv+p300,bci2a,majority_class,progressive collapse,classifier,bci2a,eegnet,45,final_layer.conv_classifier,-1,-1,1,-0.15787855036342063
leave_dataset_out,heldout_dataset=bci2a,seediv+p300,bci2a,per_dataset_majority,progressive collapse,classifier,bci2a,eegnet,45,final_layer.conv_classifier,-1,-1,1,-0.15787855036342063
leave_dataset_out,heldout_dataset=bci2a,seediv+p300,bci2a,taxonomy,progressive collapse,classifier,bci2a,eegnet,45,logits,1,-1,0,-0.15787855036342063
leave_dataset_out,heldout_dataset=bci2a,seediv+p300,bci2a,majority_class,progressive collapse,classifier,bci2a,eegnet,45,logits,-1,-1,1,-0.15787855036342063
leave_dataset_out,heldout_dataset=bci2a,seediv+p300,bci2a,per_dataset_majority,progressive collapse,classifier,bci2a,eegnet,45,logits,-1,-1,1,-0.15787855036342063
leave_dataset_out,heldout_dataset=bci2a,seediv+p300,bci2a,taxonomy,progressive collapse,other,bci2a,eegnet,45,pool_1,1,1,1,0.6256253201826188
leave_dataset_out,heldout_dataset=bci2a,seediv+p300,bci2a,majority_class,progressive collapse,other,bci2a,eegnet,45,pool_1,-1,1,0,0.6256253201826188
leave_dataset_out,heldout_dataset=bci2a,seediv+p300,bci2a,per_dataset_majority,progressive collapse,other,bci2a,eegnet,45,pool_1,-1,1,0,0.6256253201826188
leave_dataset_out,heldout_dataset=bci2a,seediv+p300,bci2a,taxonomy,progressive collapse,separable_body,bci2a,eegnet,45,pool_2,1,-1,0,-0.038910694206361965
leave_dataset_out,heldout_dataset=bci2a,seediv+p300,bci2a,majority_class,progressive collapse,separable_body,bci2a,eegnet,45,pool_2,-1,-1,1,-0.038910694206361965
leave_dataset_out,heldout_dataset=bci2a,seediv+p300,bci2a,per_dataset_majority,progressive collapse,separable_body,bci2a,eegnet,45,pool_2,-1,-1,1,-0.038910694206361965
leave_dataset_out,heldout_dataset=bci2a,seediv+p300,bci2a,taxonomy,progressive collapse,early_filtering,bci2a,eegnet,46,bnorm_1,1,1,1,0.9038638841920421
leave_dataset_out,heldout_dataset=bci2a,seediv+p300,bci2a,majority_class,progressive collapse,early_filtering,bci2a,eegnet,46,bnorm_1,-1,1,0,0.9038638841920421
leave_dataset_out,heldout_dataset=bci2a,seediv+p300,bci2a,per_dataset_majority,progressive collapse,early_filtering,bci2a,eegnet,46,bnorm_1,-1,1,0,0.9038638841920421
leave_dataset_out,heldout_dataset=bci2a,seediv+p300,bci2a,taxonomy,progressive collapse,separable_body,bci2a,eegnet,46,bnorm_2,1,1,1,0.7723698269288958
leave_dataset_out,heldout_dataset=bci2a,seediv+p300,bci2a,majority_class,progressive collapse,separable_body,bci2a,eegnet,46,bnorm_2,-1,1,0,0.7723698269288958
leave_dataset_out,heldout_dataset=bci2a,seediv+p300,bci2a,per_dataset_majority,progressive collapse,separable_body,bci2a,eegnet,46,bnorm_2,-1,1,0,0.7723698269288958
leave_dataset_out,heldout_dataset=bci2a,seediv+p300,bci2a,taxonomy,progressive collapse,early_filtering,bci2a,eegnet,46,bnorm_temporal,1,1,1,0.8743313585373621
leave_dataset_out,heldout_dataset=bci2a,seediv+p300,bci2a,majority_class,progressive collapse,early_filtering,bci2a,eegnet,46,bnorm_temporal,-1,1,0,0.8743313585373621
leave_dataset_out,heldout_dataset=bci2a,seediv+p300,bci2a,per_dataset_majority,progressive collapse,early_filtering,bci2a,eegnet,46,bnorm_temporal,-1,1,0,0.8743313585373621
leave_dataset_out,heldout_dataset=bci2a,seediv+p300,bci2a,taxonomy,progressive collapse,separable_body,bci2a,eegnet,46,conv_separable_depth,1,1,1,0.9428405448231667
leave_dataset_out,heldout_dataset=bci2a,seediv+p300,bci2a,majority_class,progressive collapse,separable_body,bci2a,eegnet,46,conv_separable_depth,-1,1,0,0.9428405448231667
leave_dataset_out,heldout_dataset=bci2a,seediv+p300,bci2a,per_dataset_majority,progressive collapse,separable_body,bci2a,eegnet,46,conv_separable_depth,-1,1,0,0.9428405448231667
leave_dataset_out,heldout_dataset=bci2a,seediv+p300,bci2a,taxonomy,progressive collapse,separable_body,bci2a,eegnet,46,conv_separable_point,1,1,1,0.9598491382159452
leave_dataset_out,heldout_dataset=bci2a,seediv+p300,bci2a,majority_class,progressive collapse,separable_body,bci2a,eegnet,46,conv_separable_point,-1,1,0,0.9598491382159452
leave_dataset_out,heldout_dataset=bci2a,seediv+p300,bci2a,per_dataset_majority,progressive collapse,separable_body,bci2a,eegnet,46,conv_separable_point,-1,1,0,0.9598491382159452
leave_dataset_out,heldout_dataset=bci2a,seediv+p300,bci2a,taxonomy,progressive collapse,early_filtering,bci2a,eegnet,46,conv_spatial,1,1,1,0.9597739217621508
leave_dataset_out,heldout_dataset=bci2a,seediv+p300,bci2a,majority_class,progressive collapse,early_filtering,bci2a,eegnet,46,conv_spatial,-1,1,0,0.9597739217621508
leave_dataset_out,heldout_dataset=bci2a,seediv+p300,bci2a,per_dataset_majority,progressive collapse,early_filtering,bci2a,eegnet,46,conv_spatial,-1,1,0,0.9597739217621508
leave_dataset_out,heldout_dataset=bci2a,seediv+p300,bci2a,taxonomy,progressive collapse,early_filtering,bci2a,eegnet,46,conv_temporal,1,1,1,0.9239398813150757
leave_dataset_out,heldout_dataset=bci2a,seediv+p300,bci2a,majority_class,progressive collapse,early_filtering,bci2a,eegnet,46,conv_temporal,-1,1,0,0.9239398813150757
leave_dataset_out,heldout_dataset=bci2a,seediv+p300,bci2a,per_dataset_majority,progressive collapse,early_filtering,bci2a,eegnet,46,conv_temporal,-1,1,0,0.9239398813150757
leave_dataset_out,heldout_dataset=bci2a,seediv+p300,bci2a,taxonomy,progressive collapse,other,bci2a,eegnet,46,elu_1,1,1,1,0.8925688769308355
leave_dataset_out,heldout_dataset=bci2a,seediv+p300,bci2a,majority_class,progressive collapse,other,bci2a,eegnet,46,elu_1,-1,1,0,0.8925688769308355
leave_dataset_out,heldout_dataset=bci2a,seediv+p300,bci2a,per_dataset_majority,progressive collapse,other,bci2a,eegnet,46,elu_1,-1,1,0,0.8925688769308355
leave_dataset_out,heldout_dataset=bci2a,seediv+p300,bci2a,taxonomy,progressive collapse,other,bci2a,eegnet,46,elu_2,1,1,1,0.7697578898670215
leave_dataset_out,heldout_dataset=bci2a,seediv+p300,bci2a,majority_class,progressive collapse,other,bci2a,eegnet,46,elu_2,-1,1,0,0.7697578898670215
leave_dataset_out,heldout_dataset=bci2a,seediv+p300,bci2a,per_dataset_majority,progressive collapse,other,bci2a,eegnet,46,elu_2,-1,1,0,0.7697578898670215
leave_dataset_out,heldout_dataset=bci2a,seediv+p300,bci2a,taxonomy,progressive collapse,classifier,bci2a,eegnet,46,final_layer.conv_classifier,1,1,1,0.2502067394679248
leave_dataset_out,heldout_dataset=bci2a,seediv+p300,bci2a,majority_class,progressive collapse,classifier,bci2a,eegnet,46,final_layer.conv_classifier,-1,1,0,0.2502067394679248
leave_dataset_out,heldout_dataset=bci2a,seediv+p300,bci2a,per_dataset_majority,progressive collapse,classifier,bci2a,eegnet,46,final_layer.conv_classifier,-1,1,0,0.2502067394679248
leave_dataset_out,heldout_dataset=bci2a,seediv+p300,bci2a,taxonomy,progressive collapse,classifier,bci2a,eegnet,46,logits,1,1,1,0.2502067394679248
leave_dataset_out,heldout_dataset=bci2a,seediv+p300,bci2a,majority_class,progressive collapse,classifier,bci2a,eegnet,46,logits,-1,1,0,0.2502067394679248
leave_dataset_out,heldout_dataset=bci2a,seediv+p300,bci2a,per_dataset_majority,progressive collapse,classifier,bci2a,eegnet,46,logits,-1,1,0,0.2502067394679248
leave_dataset_out,heldout_dataset=bci2a,seediv+p300,bci2a,taxonomy,progressive collapse,other,bci2a,eegnet,46,pool_1,1,1,1,0.9112038321202439
leave_dataset_out,heldout_dataset=bci2a,seediv+p300,bci2a,majority_class,progressive collapse,other,bci2a,eegnet,46,pool_1,-1,1,0,0.9112038321202439
leave_dataset_out,heldout_dataset=bci2a,seediv+p300,bci2a,per_dataset_majority,progressive collapse,other,bci2a,eegnet,46,pool_1,-1,1,0,0.9112038321202439
leave_dataset_out,heldout_dataset=bci2a,seediv+p300,bci2a,taxonomy,progressive collapse,separable_body,bci2a,eegnet,46,pool_2,1,1,1,0.5204022861438453
leave_dataset_out,heldout_dataset=bci2a,seediv+p300,bci2a,majority_class,progressive collapse,separable_body,bci2a,eegnet,46,pool_2,-1,1,0,0.5204022861438453
leave_dataset_out,heldout_dataset=bci2a,seediv+p300,bci2a,per_dataset_majority,progressive collapse,separable_body,bci2a,eegnet,46,pool_2,-1,1,0,0.5204022861438453
leave_dataset_out,heldout_dataset=bci2a,seediv+p300,bci2a,taxonomy,nonlinear-induced distortion,linear_filtering,bci2a,shallowconvnet,41,bnorm,1,1,1,0.8057759131748456
leave_dataset_out,heldout_dataset=bci2a,seediv+p300,bci2a,majority_class,nonlinear-induced distortion,linear_filtering,bci2a,shallowconvnet,41,bnorm,-1,1,0,0.8057759131748456
leave_dataset_out,heldout_dataset=bci2a,seediv+p300,bci2a,per_dataset_majority,nonlinear-induced distortion,linear_filtering,bci2a,shallowconvnet,41,bnorm,-1,1,0,0.8057759131748456
leave_dataset_out,heldout_dataset=bci2a,seediv+p300,bci2a,taxonomy,nonlinear-induced distortion,linear_filtering,bci2a,shallowconvnet,41,conv_nonlin_exp,1,1,1,0.8364096970400384
leave_dataset_out,heldout_dataset=bci2a,seediv+p300,bci2a,majority_class,nonlinear-induced distortion,linear_filtering,bci2a,shallowconvnet,41,conv_nonlin_exp,-1,1,0,0.8364096970400384
leave_dataset_out,heldout_dataset=bci2a,seediv+p300,bci2a,per_dataset_majority,nonlinear-induced distortion,linear_filtering,bci2a,shallowconvnet,41,conv_nonlin_exp,-1,1,0,0.8364096970400384
leave_dataset_out,heldout_dataset=bci2a,seediv+p300,bci2a,taxonomy,nonlinear-induced distortion,linear_filtering,bci2a,shallowconvnet,41,conv_time_spat,1,1,1,0.9242599195581896
leave_dataset_out,heldout_dataset=bci2a,seediv+p300,bci2a,majority_class,nonlinear-induced distortion,linear_filtering,bci2a,shallowconvnet,41,conv_time_spat,-1,1,0,0.9242599195581896
leave_dataset_out,heldout_dataset=bci2a,seediv+p300,bci2a,per_dataset_majority,nonlinear-induced distortion,linear_filtering,bci2a,shallowconvnet,41,conv_time_spat,-1,1,0,0.9242599195581896
leave_dataset_out,heldout_dataset=bci2a,seediv+p300,bci2a,taxonomy,nonlinear-induced distortion,linear_filtering,bci2a,shallowconvnet,41,final_layer.conv_classifier,1,-1,0,-0.8224983905159966
leave_dataset_out,heldout_dataset=bci2a,seediv+p300,bci2a,majority_class,nonlinear-induced distortion,linear_filtering,bci2a,shallowconvnet,41,final_layer.conv_classifier,-1,-1,1,-0.8224983905159966
leave_dataset_out,heldout_dataset=bci2a,seediv+p300,bci2a,per_dataset_majority,nonlinear-induced distortion,linear_filtering,bci2a,shallowconvnet,41,final_layer.conv_classifier,-1,-1,1,-0.8224983905159966
leave_dataset_out,heldout_dataset=bci2a,seediv+p300,bci2a,taxonomy,nonlinear-induced distortion,log_power,bci2a,shallowconvnet,41,logits,-1,-1,1,-0.8224983905159966
leave_dataset_out,heldout_dataset=bci2a,seediv+p300,bci2a,majority_class,nonlinear-induced distortion,log_power,bci2a,shallowconvnet,41,logits,-1,-1,1,-0.8224983905159966
leave_dataset_out,heldout_dataset=bci2a,seediv+p300,bci2a,per_dataset_majority,nonlinear-induced distortion,log_power,bci2a,shallowconvnet,41,logits,-1,-1,1,-0.8224983905159966
leave_dataset_out,heldout_dataset=bci2a,seediv+p300,bci2a,taxonomy,nonlinear-induced distortion,pooling,bci2a,shallowconvnet,41,pool,-1,1,0,0.8546769072649902
leave_dataset_out,heldout_dataset=bci2a,seediv+p300,bci2a,majority_class,nonlinear-induced distortion,pooling,bci2a,shallowconvnet,41,pool,-1,1,0,0.8546769072649902
leave_dataset_out,heldout_dataset=bci2a,seediv+p300,bci2a,per_dataset_majority,nonlinear-induced distortion,pooling,bci2a,shallowconvnet,41,pool,-1,1,0,0.8546769072649902
leave_dataset_out,heldout_dataset=bci2a,seediv+p300,bci2a,taxonomy,nonlinear-induced distortion,pooling,bci2a,shallowconvnet,41,pool_nonlin_exp,-1,-1,1,-0.6907624409975628
leave_dataset_out,heldout_dataset=bci2a,seediv+p300,bci2a,majority_class,nonlinear-induced distortion,pooling,bci2a,shallowconvnet,41,pool_nonlin_exp,-1,-1,1,-0.6907624409975628
leave_dataset_out,heldout_dataset=bci2a,seediv+p300,bci2a,per_dataset_majority,nonlinear-induced distortion,pooling,bci2a,shallowconvnet,41,pool_nonlin_exp,-1,-1,1,-0.6907624409975628
leave_dataset_out,heldout_dataset=bci2a,seediv+p300,bci2a,taxonomy,nonlinear-induced distortion,linear_filtering,bci2a,shallowconvnet,42,bnorm,1,1,1,0.7138299099041078
leave_dataset_out,heldout_dataset=bci2a,seediv+p300,bci2a,majority_class,nonlinear-induced distortion,linear_filtering,bci2a,shallowconvnet,42,bnorm,-1,1,0,0.7138299099041078
leave_dataset_out,heldout_dataset=bci2a,seediv+p300,bci2a,per_dataset_majority,nonlinear-induced distortion,linear_filtering,bci2a,shallowconvnet,42,bnorm,-1,1,0,0.7138299099041078
leave_dataset_out,heldout_dataset=bci2a,seediv+p300,bci2a,taxonomy,nonlinear-induced distortion,linear_filtering,bci2a,shallowconvnet,42,conv_nonlin_exp,1,1,1,0.5023257553066518
leave_dataset_out,heldout_dataset=bci2a,seediv+p300,bci2a,majority_class,nonlinear-induced distortion,linear_filtering,bci2a,shallowconvnet,42,conv_nonlin_exp,-1,1,0,0.5023257553066518
leave_dataset_out,heldout_dataset=bci2a,seediv+p300,bci2a,per_dataset_majority,nonlinear-induced distortion,linear_filtering,bci2a,shallowconvnet,42,conv_nonlin_exp,-1,1,0,0.5023257553066518
leave_dataset_out,heldout_dataset=bci2a,seediv+p300,bci2a,taxonomy,nonlinear-induced distortion,linear_filtering,bci2a,shallowconvnet,42,conv_time_spat,1,1,1,0.7713942797671575
leave_dataset_out,heldout_dataset=bci2a,seediv+p300,bci2a,majority_class,nonlinear-induced distortion,linear_filtering,bci2a,shallowconvnet,42,conv_time_spat,-1,1,0,0.7713942797671575
leave_dataset_out,heldout_dataset=bci2a,seediv+p300,bci2a,per_dataset_majority,nonlinear-induced distortion,linear_filtering,bci2a,shallowconvnet,42,conv_time_spat,-1,1,0,0.7713942797671575
leave_dataset_out,heldout_dataset=bci2a,seediv+p300,bci2a,taxonomy,nonlinear-induced distortion,linear_filtering,bci2a,shallowconvnet,42,final_layer.conv_classifier,1,-1,0,-0.7991677699140756
leave_dataset_out,heldout_dataset=bci2a,seediv+p300,bci2a,majority_class,nonlinear-induced distortion,linear_filtering,bci2a,shallowconvnet,42,final_layer.conv_classifier,-1,-1,1,-0.7991677699140756
leave_dataset_out,heldout_dataset=bci2a,seediv+p300,bci2a,per_dataset_majority,nonlinear-induced distortion,linear_filtering,bci2a,shallowconvnet,42,final_layer.conv_classifier,-1,-1,1,-0.7991677699140756
leave_dataset_out,heldout_dataset=bci2a,seediv+p300,bci2a,taxonomy,nonlinear-induced distortion,log_power,bci2a,shallowconvnet,42,logits,-1,-1,1,-0.7991677699140756
leave_dataset_out,heldout_dataset=bci2a,seediv+p300,bci2a,majority_class,nonlinear-induced distortion,log_power,bci2a,shallowconvnet,42,logits,-1,-1,1,-0.7991677699140756
leave_dataset_out,heldout_dataset=bci2a,seediv+p300,bci2a,per_dataset_majority,nonlinear-induced distortion,log_power,bci2a,shallowconvnet,42,logits,-1,-1,1,-0.7991677699140756
leave_dataset_out,heldout_dataset=bci2a,seediv+p300,bci2a,taxonomy,nonlinear-induced distortion,pooling,bci2a,shallowconvnet,42,pool,-1,1,0,0.5254995032965183
leave_dataset_out,heldout_dataset=bci2a,seediv+p300,bci2a,majority_class,nonlinear-induced distortion,pooling,bci2a,shallowconvnet,42,pool,-1,1,0,0.5254995032965183
leave_dataset_out,heldout_dataset=bci2a,seediv+p300,bci2a,per_dataset_majority,nonlinear-induced distortion,pooling,bci2a,shallowconvnet,42,pool,-1,1,0,0.5254995032965183
leave_dataset_out,heldout_dataset=bci2a,seediv+p300,bci2a,taxonomy,nonlinear-induced distortion,pooling,bci2a,shallowconvnet,42,pool_nonlin_exp,-1,-1,1,-0.6647003342457835
leave_dataset_out,heldout_dataset=bci2a,seediv+p300,bci2a,majority_class,nonlinear-induced distortion,pooling,bci2a,shallowconvnet,42,pool_nonlin_exp,-1,-1,1,-0.6647003342457835
leave_dataset_out,heldout_dataset=bci2a,seediv+p300,bci2a,per_dataset_majority,nonlinear-induced distortion,pooling,bci2a,shallowconvnet,42,pool_nonlin_exp,-1,-1,1,-0.6647003342457835
leave_dataset_out,heldout_dataset=bci2a,seediv+p300,bci2a,taxonomy,nonlinear-induced distortion,linear_filtering,bci2a,shallowconvnet,43,bnorm,1,1,1,0.7581521551184216
leave_dataset_out,heldout_dataset=bci2a,seediv+p300,bci2a,majority_class,nonlinear-induced distortion,linear_filtering,bci2a,shallowconvnet,43,bnorm,-1,1,0,0.7581521551184216
leave_dataset_out,heldout_dataset=bci2a,seediv+p300,bci2a,per_dataset_majority,nonlinear-induced distortion,linear_filtering,bci2a,shallowconvnet,43,bnorm,-1,1,0,0.7581521551184216
leave_dataset_out,heldout_dataset=bci2a,seediv+p300,bci2a,taxonomy,nonlinear-induced distortion,linear_filtering,bci2a,shallowconvnet,43,conv_nonlin_exp,1,1,1,0.23622063847852814
leave_dataset_out,heldout_dataset=bci2a,seediv+p300,bci2a,majority_class,nonlinear-induced distortion,linear_filtering,bci2a,shallowconvnet,43,conv_nonlin_exp,-1,1,0,0.23622063847852814
leave_dataset_out,heldout_dataset=bci2a,seediv+p300,bci2a,per_dataset_majority,nonlinear-induced distortion,linear_filtering,bci2a,shallowconvnet,43,conv_nonlin_exp,-1,1,0,0.23622063847852814
leave_dataset_out,heldout_dataset=bci2a,seediv+p300,bci2a,taxonomy,nonlinear-induced distortion,linear_filtering,bci2a,shallowconvnet,43,conv_time_spat,1,1,1,0.7772888070568232
leave_dataset_out,heldout_dataset=bci2a,seediv+p300,bci2a,majority_class,nonlinear-induced distortion,linear_filtering,bci2a,shallowconvnet,43,conv_time_spat,-1,1,0,0.7772888070568232
leave_dataset_out,heldout_dataset=bci2a,seediv+p300,bci2a,per_dataset_majority,nonlinear-induced distortion,linear_filtering,bci2a,shallowconvnet,43,conv_time_spat,-1,1,0,0.7772888070568232
leave_dataset_out,heldout_dataset=bci2a,seediv+p300,bci2a,taxonomy,nonlinear-induced distortion,linear_filtering,bci2a,shallowconvnet,43,final_layer.conv_classifier,1,-1,0,-0.9242618800049156
leave_dataset_out,heldout_dataset=bci2a,seediv+p300,bci2a,majority_class,nonlinear-induced distortion,linear_filtering,bci2a,shallowconvnet,43,final_layer.conv_classifier,-1,-1,1,-0.9242618800049156
leave_dataset_out,heldout_dataset=bci2a,seediv+p300,bci2a,per_dataset_majority,nonlinear-induced distortion,linear_filtering,bci2a,shallowconvnet,43,final_layer.conv_classifier,-1,-1,1,-0.9242618800049156
leave_dataset_out,heldout_dataset=bci2a,seediv+p300,bci2a,taxonomy,nonlinear-induced distortion,log_power,bci2a,shallowconvnet,43,logits,-1,-1,1,-0.9242618800049156
leave_dataset_out,heldout_dataset=bci2a,seediv+p300,bci2a,majority_class,nonlinear-induced distortion,log_power,bci2a,shallowconvnet,43,logits,-1,-1,1,-0.9242618800049156
leave_dataset_out,heldout_dataset=bci2a,seediv+p300,bci2a,per_dataset_majority,nonlinear-induced distortion,log_power,bci2a,shallowconvnet,43,logits,-1,-1,1,-0.9242618800049156
leave_dataset_out,heldout_dataset=bci2a,seediv+p300,bci2a,taxonomy,nonlinear-induced distortion,pooling,bci2a,shallowconvnet,43,pool,-1,1,0,0.2721001936574834
leave_dataset_out,heldout_dataset=bci2a,seediv+p300,bci2a,majority_class,nonlinear-induced distortion,pooling,bci2a,shallowconvnet,43,pool,-1,1,0,0.2721001936574834
leave_dataset_out,heldout_dataset=bci2a,seediv+p300,bci2a,per_dataset_majority,nonlinear-induced distortion,pooling,bci2a,shallowconvnet,43,pool,-1,1,0,0.2721001936574834
leave_dataset_out,heldout_dataset=bci2a,seediv+p300,bci2a,taxonomy,nonlinear-induced distortion,pooling,bci2a,shallowconvnet,43,pool_nonlin_exp,-1,-1,1,-0.6967346943958481
leave_dataset_out,heldout_dataset=bci2a,seediv+p300,bci2a,majority_class,nonlinear-induced distortion,pooling,bci2a,shallowconvnet,43,pool_nonlin_exp,-1,-1,1,-0.6967346943958481
leave_dataset_out,heldout_dataset=bci2a,seediv+p300,bci2a,per_dataset_majority,nonlinear-induced distortion,pooling,bci2a,shallowconvnet,43,pool_nonlin_exp,-1,-1,1,-0.6967346943958481
leave_dataset_out,heldout_dataset=bci2a,seediv+p300,bci2a,taxonomy,nonlinear-induced distortion,linear_filtering,bci2a,shallowconvnet,44,bnorm,1,1,1,0.7321911029525174
leave_dataset_out,heldout_dataset=bci2a,seediv+p300,bci2a,majority_class,nonlinear-induced distortion,linear_filtering,bci2a,shallowconvnet,44,bnorm,-1,1,0,0.7321911029525174
leave_dataset_out,heldout_dataset=bci2a,seediv+p300,bci2a,per_dataset_majority,nonlinear-induced distortion,linear_filtering,bci2a,shallowconvnet,44,bnorm,-1,1,0,0.7321911029525174
leave_dataset_out,heldout_dataset=bci2a,seediv+p300,bci2a,taxonomy,nonlinear-induced distortion,linear_filtering,bci2a,shallowconvnet,44,conv_nonlin_exp,1,1,1,0.7286624648722475
leave_dataset_out,heldout_dataset=bci2a,seediv+p300,bci2a,majority_class,nonlinear-induced distortion,linear_filtering,bci2a,shallowconvnet,44,conv_nonlin_exp,-1,1,0,0.7286624648722475
leave_dataset_out,heldout_dataset=bci2a,seediv+p300,bci2a,per_dataset_majority,nonlinear-induced distortion,linear_filtering,bci2a,shallowconvnet,44,conv_nonlin_exp,-1,1,0,0.7286624648722475
leave_dataset_out,heldout_dataset=bci2a,seediv+p300,bci2a,taxonomy,nonlinear-induced distortion,linear_filtering,bci2a,shallowconvnet,44,conv_time_spat,1,1,1,0.8944401395254687
leave_dataset_out,heldout_dataset=bci2a,seediv+p300,bci2a,majority_class,nonlinear-induced distortion,linear_filtering,bci2a,shallowconvnet,44,conv_time_spat,-1,1,0,0.8944401395254687
leave_dataset_out,heldout_dataset=bci2a,seediv+p300,bci2a,per_dataset_majority,nonlinear-induced distortion,linear_filtering,bci2a,shallowconvnet,44,conv_time_spat,-1,1,0,0.8944401395254687
leave_dataset_out,heldout_dataset=bci2a,seediv+p300,bci2a,taxonomy,nonlinear-induced distortion,linear_filtering,bci2a,shallowconvnet,44,final_layer.conv_classifier,1,-1,0,-0.8755450491643791
leave_dataset_out,heldout_dataset=bci2a,seediv+p300,bci2a,majority_class,nonlinear-induced distortion,linear_filtering,bci2a,shallowconvnet,44,final_layer.conv_classifier,-1,-1,1,-0.8755450491643791
leave_dataset_out,heldout_dataset=bci2a,seediv+p300,bci2a,per_dataset_majority,nonlinear-induced distortion,linear_filtering,bci2a,shallowconvnet,44,final_layer.conv_classifier,-1,-1,1,-0.8755450491643791
leave_dataset_out,heldout_dataset=bci2a,seediv+p300,bci2a,taxonomy,nonlinear-induced distortion,log_power,bci2a,shallowconvnet,44,logits,-1,-1,1,-0.8755450491643791
leave_dataset_out,heldout_dataset=bci2a,seediv+p300,bci2a,majority_class,nonlinear-induced distortion,log_power,bci2a,shallowconvnet,44,logits,-1,-1,1,-0.8755450491643791
leave_dataset_out,heldout_dataset=bci2a,seediv+p300,bci2a,per_dataset_majority,nonlinear-induced distortion,log_power,bci2a,shallowconvnet,44,logits,-1,-1,1,-0.8755450491643791
leave_dataset_out,heldout_dataset=bci2a,seediv+p300,bci2a,taxonomy,nonlinear-induced distortion,pooling,bci2a,shallowconvnet,44,pool,-1,1,0,0.7352002829106717
leave_dataset_out,heldout_dataset=bci2a,seediv+p300,bci2a,majority_class,nonlinear-induced distortion,pooling,bci2a,shallowconvnet,44,pool,-1,1,0,0.7352002829106717
leave_dataset_out,heldout_dataset=bci2a,seediv+p300,bci2a,per_dataset_majority,nonlinear-induced distortion,pooling,bci2a,shallowconvnet,44,pool,-1,1,0,0.7352002829106717
leave_dataset_out,heldout_dataset=bci2a,seediv+p300,bci2a,taxonomy,nonlinear-induced distortion,pooling,bci2a,shallowconvnet,44,pool_nonlin_exp,-1,-1,1,-0.7217859073792208
leave_dataset_out,heldout_dataset=bci2a,seediv+p300,bci2a,majority_class,nonlinear-induced distortion,pooling,bci2a,shallowconvnet,44,pool_nonlin_exp,-1,-1,1,-0.7217859073792208
leave_dataset_out,heldout_dataset=bci2a,seediv+p300,bci2a,per_dataset_majority,nonlinear-induced distortion,pooling,bci2a,shallowconvnet,44,pool_nonlin_exp,-1,-1,1,-0.7217859073792208
leave_dataset_out,heldout_dataset=bci2a,seediv+p300,bci2a,taxonomy,nonlinear-induced distortion,linear_filtering,bci2a,shallowconvnet,45,bnorm,1,1,1,0.7269736087342584
leave_dataset_out,heldout_dataset=bci2a,seediv+p300,bci2a,majority_class,nonlinear-induced distortion,linear_filtering,bci2a,shallowconvnet,45,bnorm,-1,1,0,0.7269736087342584
leave_dataset_out,heldout_dataset=bci2a,seediv+p300,bci2a,per_dataset_majority,nonlinear-induced distortion,linear_filtering,bci2a,shallowconvnet,45,bnorm,-1,1,0,0.7269736087342584
leave_dataset_out,heldout_dataset=bci2a,seediv+p300,bci2a,taxonomy,nonlinear-induced distortion,linear_filtering,bci2a,shallowconvnet,45,conv_nonlin_exp,1,1,1,0.7458877401430607
leave_dataset_out,heldout_dataset=bci2a,seediv+p300,bci2a,majority_class,nonlinear-induced distortion,linear_filtering,bci2a,shallowconvnet,45,conv_nonlin_exp,-1,1,0,0.7458877401430607
leave_dataset_out,heldout_dataset=bci2a,seediv+p300,bci2a,per_dataset_majority,nonlinear-induced distortion,linear_filtering,bci2a,shallowconvnet,45,conv_nonlin_exp,-1,1,0,0.7458877401430607
leave_dataset_out,heldout_dataset=bci2a,seediv+p300,bci2a,taxonomy,nonlinear-induced distortion,linear_filtering,bci2a,shallowconvnet,45,conv_time_spat,1,1,1,0.7956004145112054
leave_dataset_out,heldout_dataset=bci2a,seediv+p300,bci2a,majority_class,nonlinear-induced distortion,linear_filtering,bci2a,shallowconvnet,45,conv_time_spat,-1,1,0,0.7956004145112054
leave_dataset_out,heldout_dataset=bci2a,seediv+p300,bci2a,per_dataset_majority,nonlinear-induced distortion,linear_filtering,bci2a,shallowconvnet,45,conv_time_spat,-1,1,0,0.7956004145112054
leave_dataset_out,heldout_dataset=bci2a,seediv+p300,bci2a,taxonomy,nonlinear-induced distortion,linear_filtering,bci2a,shallowconvnet,45,final_layer.conv_classifier,1,-1,0,-0.7203136995633744
leave_dataset_out,heldout_dataset=bci2a,seediv+p300,bci2a,majority_class,nonlinear-induced distortion,linear_filtering,bci2a,shallowconvnet,45,final_layer.conv_classifier,-1,-1,1,-0.7203136995633744
leave_dataset_out,heldout_dataset=bci2a,seediv+p300,bci2a,per_dataset_majority,nonlinear-induced distortion,linear_filtering,bci2a,shallowconvnet,45,final_layer.conv_classifier,-1,-1,1,-0.7203136995633744
leave_dataset_out,heldout_dataset=bci2a,seediv+p300,bci2a,taxonomy,nonlinear-induced distortion,log_power,bci2a,shallowconvnet,45,logits,-1,-1,1,-0.7203136995633744
leave_dataset_out,heldout_dataset=bci2a,seediv+p300,bci2a,majority_class,nonlinear-induced distortion,log_power,bci2a,shallowconvnet,45,logits,-1,-1,1,-0.7203136995633744
leave_dataset_out,heldout_dataset=bci2a,seediv+p300,bci2a,per_dataset_majority,nonlinear-induced distortion,log_power,bci2a,shallowconvnet,45,logits,-1,-1,1,-0.7203136995633744
leave_dataset_out,heldout_dataset=bci2a,seediv+p300,bci2a,taxonomy,nonlinear-induced distortion,pooling,bci2a,shallowconvnet,45,pool,-1,1,0,0.7705689101702007
leave_dataset_out,heldout_dataset=bci2a,seediv+p300,bci2a,majority_class,nonlinear-induced distortion,pooling,bci2a,shallowconvnet,45,pool,-1,1,0,0.7705689101702007
leave_dataset_out,heldout_dataset=bci2a,seediv+p300,bci2a,per_dataset_majority,nonlinear-induced distortion,pooling,bci2a,shallowconvnet,45,pool,-1,1,0,0.7705689101702007
leave_dataset_out,heldout_dataset=bci2a,seediv+p300,bci2a,taxonomy,nonlinear-induced distortion,pooling,bci2a,shallowconvnet,45,pool_nonlin_exp,-1,-1,1,-0.6240363817677044
leave_dataset_out,heldout_dataset=bci2a,seediv+p300,bci2a,majority_class,nonlinear-induced distortion,pooling,bci2a,shallowconvnet,45,pool_nonlin_exp,-1,-1,1,-0.6240363817677044
leave_dataset_out,heldout_dataset=bci2a,seediv+p300,bci2a,per_dataset_majority,nonlinear-induced distortion,pooling,bci2a,shallowconvnet,45,pool_nonlin_exp,-1,-1,1,-0.6240363817677044
leave_dataset_out,heldout_dataset=bci2a,seediv+p300,bci2a,taxonomy,nonlinear-induced distortion,linear_filtering,bci2a,shallowconvnet,46,bnorm,1,1,1,0.8393724960259034
leave_dataset_out,heldout_dataset=bci2a,seediv+p300,bci2a,majority_class,nonlinear-induced distortion,linear_filtering,bci2a,shallowconvnet,46,bnorm,-1,1,0,0.8393724960259034
leave_dataset_out,heldout_dataset=bci2a,seediv+p300,bci2a,per_dataset_majority,nonlinear-induced distortion,linear_filtering,bci2a,shallowconvnet,46,bnorm,-1,1,0,0.8393724960259034
leave_dataset_out,heldout_dataset=bci2a,seediv+p300,bci2a,taxonomy,nonlinear-induced distortion,linear_filtering,bci2a,shallowconvnet,46,conv_nonlin_exp,1,1,1,0.6392466350694964
leave_dataset_out,heldout_dataset=bci2a,seediv+p300,bci2a,majority_class,nonlinear-induced distortion,linear_filtering,bci2a,shallowconvnet,46,conv_nonlin_exp,-1,1,0,0.6392466350694964
leave_dataset_out,heldout_dataset=bci2a,seediv+p300,bci2a,per_dataset_majority,nonlinear-induced distortion,linear_filtering,bci2a,shallowconvnet,46,conv_nonlin_exp,-1,1,0,0.6392466350694964
leave_dataset_out,heldout_dataset=bci2a,seediv+p300,bci2a,taxonomy,nonlinear-induced distortion,linear_filtering,bci2a,shallowconvnet,46,conv_time_spat,1,1,1,0.5955241321948972
leave_dataset_out,heldout_dataset=bci2a,seediv+p300,bci2a,majority_class,nonlinear-induced distortion,linear_filtering,bci2a,shallowconvnet,46,conv_time_spat,-1,1,0,0.5955241321948972
leave_dataset_out,heldout_dataset=bci2a,seediv+p300,bci2a,per_dataset_majority,nonlinear-induced distortion,linear_filtering,bci2a,shallowconvnet,46,conv_time_spat,-1,1,0,0.5955241321948972
leave_dataset_out,heldout_dataset=bci2a,seediv+p300,bci2a,taxonomy,nonlinear-induced distortion,linear_filtering,bci2a,shallowconvnet,46,final_layer.conv_classifier,1,-1,0,-0.5934414646798541
leave_dataset_out,heldout_dataset=bci2a,seediv+p300,bci2a,majority_class,nonlinear-induced distortion,linear_filtering,bci2a,shallowconvnet,46,final_layer.conv_classifier,-1,-1,1,-0.5934414646798541
leave_dataset_out,heldout_dataset=bci2a,seediv+p300,bci2a,per_dataset_majority,nonlinear-induced distortion,linear_filtering,bci2a,shallowconvnet,46,final_layer.conv_classifier,-1,-1,1,-0.5934414646798541
leave_dataset_out,heldout_dataset=bci2a,seediv+p300,bci2a,taxonomy,nonlinear-induced distortion,log_power,bci2a,shallowconvnet,46,logits,-1,-1,1,-0.5934414646798541
leave_dataset_out,heldout_dataset=bci2a,seediv+p300,bci2a,majority_class,nonlinear-induced distortion,log_power,bci2a,shallowconvnet,46,logits,-1,-1,1,-0.5934414646798541
leave_dataset_out,heldout_dataset=bci2a,seediv+p300,bci2a,per_dataset_majority,nonlinear-induced distortion,log_power,bci2a,shallowconvnet,46,logits,-1,-1,1,-0.5934414646798541
leave_dataset_out,heldout_dataset=bci2a,seediv+p300,bci2a,taxonomy,nonlinear-induced distortion,pooling,bci2a,shallowconvnet,46,pool,-1,1,0,0.6767531147840551
leave_dataset_out,heldout_dataset=bci2a,seediv+p300,bci2a,majority_class,nonlinear-induced distortion,pooling,bci2a,shallowconvnet,46,pool,-1,1,0,0.6767531147840551
leave_dataset_out,heldout_dataset=bci2a,seediv+p300,bci2a,per_dataset_majority,nonlinear-induced distortion,pooling,bci2a,shallowconvnet,46,pool,-1,1,0,0.6767531147840551
leave_dataset_out,heldout_dataset=bci2a,seediv+p300,bci2a,taxonomy,nonlinear-induced distortion,pooling,bci2a,shallowconvnet,46,pool_nonlin_exp,-1,-1,1,-0.5947638896491635
leave_dataset_out,heldout_dataset=bci2a,seediv+p300,bci2a,majority_class,nonlinear-induced distortion,pooling,bci2a,shallowconvnet,46,pool_nonlin_exp,-1,-1,1,-0.5947638896491635
leave_dataset_out,heldout_dataset=bci2a,seediv+p300,bci2a,per_dataset_majority,nonlinear-induced distortion,pooling,bci2a,shallowconvnet,46,pool_nonlin_exp,-1,-1,1,-0.5947638896491635
leave_dataset_out,heldout_dataset=bci2a,seediv+p300,bci2a,taxonomy,architecture-induced collapse with training reorganization,classifier,bci2a,eegconformer,41,fc,-1,-1,1,-0.65953305870762
leave_dataset_out,heldout_dataset=bci2a,seediv+p300,bci2a,majority_class,architecture-induced collapse with training reorganization,classifier,bci2a,eegconformer,41,fc,-1,-1,1,-0.65953305870762
leave_dataset_out,heldout_dataset=bci2a,seediv+p300,bci2a,per_dataset_majority,architecture-induced collapse with training reorganization,classifier,bci2a,eegconformer,41,fc,-1,-1,1,-0.65953305870762
leave_dataset_out,heldout_dataset=bci2a,seediv+p300,bci2a,taxonomy,architecture-induced collapse with training reorganization,classifier,bci2a,eegconformer,41,final_layer,-1,-1,1,-0.5975353519667997
leave_dataset_out,heldout_dataset=bci2a,seediv+p300,bci2a,majority_class,architecture-induced collapse with training reorganization,classifier,bci2a,eegconformer,41,final_layer,-1,-1,1,-0.5975353519667997
leave_dataset_out,heldout_dataset=bci2a,seediv+p300,bci2a,per_dataset_majority,architecture-induced collapse with training reorganization,classifier,bci2a,eegconformer,41,final_layer,-1,-1,1,-0.5975353519667997
leave_dataset_out,heldout_dataset=bci2a,seediv+p300,bci2a,taxonomy,architecture-induced collapse with training reorganization,classifier,bci2a,eegconformer,41,logits,-1,-1,1,-0.5975353519667997
leave_dataset_out,heldout_dataset=bci2a,seediv+p300,bci2a,majority_class,architecture-induced collapse with training reorganization,classifier,bci2a,eegconformer,41,logits,-1,-1,1,-0.5975353519667997
leave_dataset_out,heldout_dataset=bci2a,seediv+p300,bci2a,per_dataset_majority,architecture-induced collapse with training reorganization,classifier,bci2a,eegconformer,41,logits,-1,-1,1,-0.5975353519667997
leave_dataset_out,heldout_dataset=bci2a,seediv+p300,bci2a,taxonomy,architecture-induced collapse with training reorganization,patch_embedding,bci2a,eegconformer,41,patch_embedding,-1,-1,1,-0.921267703177832
leave_dataset_out,heldout_dataset=bci2a,seediv+p300,bci2a,majority_class,architecture-induced collapse with training reorganization,patch_embedding,bci2a,eegconformer,41,patch_embedding,-1,-1,1,-0.921267703177832
leave_dataset_out,heldout_dataset=bci2a,seediv+p300,bci2a,per_dataset_majority,architecture-induced collapse with training reorganization,patch_embedding,bci2a,eegconformer,41,patch_embedding,-1,-1,1,-0.921267703177832
leave_dataset_out,heldout_dataset=bci2a,seediv+p300,bci2a,taxonomy,architecture-induced collapse with training reorganization,patch_embedding,bci2a,eegconformer,41,patch_embedding.projection,-1,-1,1,-0.921267703177832
leave_dataset_out,heldout_dataset=bci2a,seediv+p300,bci2a,majority_class,architecture-induced collapse with training reorganization,patch_embedding,bci2a,eegconformer,41,patch_embedding.projection,-1,-1,1,-0.921267703177832
leave_dataset_out,heldout_dataset=bci2a,seediv+p300,bci2a,per_dataset_majority,architecture-induced collapse with training reorganization,patch_embedding,bci2a,eegconformer,41,patch_embedding.projection,-1,-1,1,-0.921267703177832
leave_dataset_out,heldout_dataset=bci2a,seediv+p300,bci2a,taxonomy,architecture-induced collapse with training reorganization,patch_embedding,bci2a,eegconformer,41,patch_embedding.shallownet,-1,-1,1,-0.5970686062671544
leave_dataset_out,heldout_dataset=bci2a,seediv+p300,bci2a,majority_class,architecture-induced collapse with training reorganization,patch_embedding,bci2a,eegconformer,41,patch_embedding.shallownet,-1,-1,1,-0.5970686062671544
leave_dataset_out,heldout_dataset=bci2a,seediv+p300,bci2a,per_dataset_majority,architecture-induced collapse with training reorganization,patch_embedding,bci2a,eegconformer,41,patch_embedding.shallownet,-1,-1,1,-0.5970686062671544
leave_dataset_out,heldout_dataset=bci2a,seediv+p300,bci2a,taxonomy,architecture-induced collapse with training reorganization,transformer,bci2a,eegconformer,41,transformer,-1,-1,1,-0.8077815063652335
leave_dataset_out,heldout_dataset=bci2a,seediv+p300,bci2a,majority_class,architecture-induced collapse with training reorganization,transformer,bci2a,eegconformer,41,transformer,-1,-1,1,-0.8077815063652335
leave_dataset_out,heldout_dataset=bci2a,seediv+p300,bci2a,per_dataset_majority,architecture-induced collapse with training reorganization,transformer,bci2a,eegconformer,41,transformer,-1,-1,1,-0.8077815063652335
leave_dataset_out,heldout_dataset=bci2a,seediv+p300,bci2a,taxonomy,architecture-induced collapse with training reorganization,transformer,bci2a,eegconformer,41,transformer.0,-1,-1,1,-0.9141696951451521
leave_dataset_out,heldout_dataset=bci2a,seediv+p300,bci2a,majority_class,architecture-induced collapse with training reorganization,transformer,bci2a,eegconformer,41,transformer.0,-1,-1,1,-0.9141696951451521
leave_dataset_out,heldout_dataset=bci2a,seediv+p300,bci2a,per_dataset_majority,architecture-induced collapse with training reorganization,transformer,bci2a,eegconformer,41,transformer.0,-1,-1,1,-0.9141696951451521
leave_dataset_out,heldout_dataset=bci2a,seediv+p300,bci2a,taxonomy,architecture-induced collapse with training reorganization,transformer,bci2a,eegconformer,41,transformer.2,-1,-1,1,-0.8341584910883403
leave_dataset_out,heldout_dataset=bci2a,seediv+p300,bci2a,majority_class,architecture-induced collapse with training reorganization,transformer,bci2a,eegconformer,41,transformer.2,-1,-1,1,-0.8341584910883403
leave_dataset_out,heldout_dataset=bci2a,seediv+p300,bci2a,per_dataset_majority,architecture-induced collapse with training reorganization,transformer,bci2a,eegconformer,41,transformer.2,-1,-1,1,-0.8341584910883403
leave_dataset_out,heldout_dataset=bci2a,seediv+p300,bci2a,taxonomy,architecture-induced collapse with training reorganization,transformer,bci2a,eegconformer,41,transformer.5,-1,-1,1,-0.8077815063652335
leave_dataset_out,heldout_dataset=bci2a,seediv+p300,bci2a,majority_class,architecture-induced collapse with training reorganization,transformer,bci2a,eegconformer,41,transformer.5,-1,-1,1,-0.8077815063652335
leave_dataset_out,heldout_dataset=bci2a,seediv+p300,bci2a,per_dataset_majority,architecture-induced collapse with training reorganization,transformer,bci2a,eegconformer,41,transformer.5,-1,-1,1,-0.8077815063652335
leave_dataset_out,heldout_dataset=bci2a,seediv+p300,bci2a,taxonomy,architecture-induced collapse with training reorganization,classifier,bci2a,eegconformer,42,fc,-1,-1,1,-0.7686424136894648
leave_dataset_out,heldout_dataset=bci2a,seediv+p300,bci2a,majority_class,architecture-induced collapse with training reorganization,classifier,bci2a,eegconformer,42,fc,-1,-1,1,-0.7686424136894648
leave_dataset_out,heldout_dataset=bci2a,seediv+p300,bci2a,per_dataset_majority,architecture-induced collapse with training reorganization,classifier,bci2a,eegconformer,42,fc,-1,-1,1,-0.7686424136894648
leave_dataset_out,heldout_dataset=bci2a,seediv+p300,bci2a,taxonomy,architecture-induced collapse with training reorganization,classifier,bci2a,eegconformer,42,final_layer,-1,-1,1,-0.5232929379837581
leave_dataset_out,heldout_dataset=bci2a,seediv+p300,bci2a,majority_class,architecture-induced collapse with training reorganization,classifier,bci2a,eegconformer,42,final_layer,-1,-1,1,-0.5232929379837581
leave_dataset_out,heldout_dataset=bci2a,seediv+p300,bci2a,per_dataset_majority,architecture-induced collapse with training reorganization,classifier,bci2a,eegconformer,42,final_layer,-1,-1,1,-0.5232929379837581
leave_dataset_out,heldout_dataset=bci2a,seediv+p300,bci2a,taxonomy,architecture-induced collapse with training reorganization,classifier,bci2a,eegconformer,42,logits,-1,-1,1,-0.5232929379837581
leave_dataset_out,heldout_dataset=bci2a,seediv+p300,bci2a,majority_class,architecture-induced collapse with training reorganization,classifier,bci2a,eegconformer,42,logits,-1,-1,1,-0.5232929379837581
leave_dataset_out,heldout_dataset=bci2a,seediv+p300,bci2a,per_dataset_majority,architecture-induced collapse with training reorganization,classifier,bci2a,eegconformer,42,logits,-1,-1,1,-0.5232929379837581
leave_dataset_out,heldout_dataset=bci2a,seediv+p300,bci2a,taxonomy,architecture-induced collapse with training reorganization,patch_embedding,bci2a,eegconformer,42,patch_embedding,-1,-1,1,-0.9477549463844863
leave_dataset_out,heldout_dataset=bci2a,seediv+p300,bci2a,majority_class,architecture-induced collapse with training reorganization,patch_embedding,bci2a,eegconformer,42,patch_embedding,-1,-1,1,-0.9477549463844863
leave_dataset_out,heldout_dataset=bci2a,seediv+p300,bci2a,per_dataset_majority,architecture-induced collapse with training reorganization,patch_embedding,bci2a,eegconformer,42,patch_embedding,-1,-1,1,-0.9477549463844863
leave_dataset_out,heldout_dataset=bci2a,seediv+p300,bci2a,taxonomy,architecture-induced collapse with training reorganization,patch_embedding,bci2a,eegconformer,42,patch_embedding.projection,-1,-1,1,-0.9477549463844863
leave_dataset_out,heldout_dataset=bci2a,seediv+p300,bci2a,majority_class,architecture-induced collapse with training reorganization,patch_embedding,bci2a,eegconformer,42,patch_embedding.projection,-1,-1,1,-0.9477549463844863
leave_dataset_out,heldout_dataset=bci2a,seediv+p300,bci2a,per_dataset_majority,architecture-induced collapse with training reorganization,patch_embedding,bci2a,eegconformer,42,patch_embedding.projection,-1,-1,1,-0.9477549463844863
leave_dataset_out,heldout_dataset=bci2a,seediv+p300,bci2a,taxonomy,architecture-induced collapse with training reorganization,patch_embedding,bci2a,eegconformer,42,patch_embedding.shallownet,-1,-1,1,-0.6823721373619038
leave_dataset_out,heldout_dataset=bci2a,seediv+p300,bci2a,majority_class,architecture-induced collapse with training reorganization,patch_embedding,bci2a,eegconformer,42,patch_embedding.shallownet,-1,-1,1,-0.6823721373619038
leave_dataset_out,heldout_dataset=bci2a,seediv+p300,bci2a,per_dataset_majority,architecture-induced collapse with training reorganization,patch_embedding,bci2a,eegconformer,42,patch_embedding.shallownet,-1,-1,1,-0.6823721373619038
leave_dataset_out,heldout_dataset=bci2a,seediv+p300,bci2a,taxonomy,architecture-induced collapse with training reorganization,transformer,bci2a,eegconformer,42,transformer,-1,-1,1,-0.8220446357171686
leave_dataset_out,heldout_dataset=bci2a,seediv+p300,bci2a,majority_class,architecture-induced collapse with training reorganization,transformer,bci2a,eegconformer,42,transformer,-1,-1,1,-0.8220446357171686
leave_dataset_out,heldout_dataset=bci2a,seediv+p300,bci2a,per_dataset_majority,architecture-induced collapse with training reorganization,transformer,bci2a,eegconformer,42,transformer,-1,-1,1,-0.8220446357171686
leave_dataset_out,heldout_dataset=bci2a,seediv+p300,bci2a,taxonomy,architecture-induced collapse with training reorganization,transformer,bci2a,eegconformer,42,transformer.0,-1,-1,1,-0.9180738858431322
leave_dataset_out,heldout_dataset=bci2a,seediv+p300,bci2a,majority_class,architecture-induced collapse with training reorganization,transformer,bci2a,eegconformer,42,transformer.0,-1,-1,1,-0.9180738858431322
leave_dataset_out,heldout_dataset=bci2a,seediv+p300,bci2a,per_dataset_majority,architecture-induced collapse with training reorganization,transformer,bci2a,eegconformer,42,transformer.0,-1,-1,1,-0.9180738858431322
leave_dataset_out,heldout_dataset=bci2a,seediv+p300,bci2a,taxonomy,architecture-induced collapse with training reorganization,transformer,bci2a,eegconformer,42,transformer.2,-1,-1,1,-0.8766752896930904
leave_dataset_out,heldout_dataset=bci2a,seediv+p300,bci2a,majority_class,architecture-induced collapse with training reorganization,transformer,bci2a,eegconformer,42,transformer.2,-1,-1,1,-0.8766752896930904
leave_dataset_out,heldout_dataset=bci2a,seediv+p300,bci2a,per_dataset_majority,architecture-induced collapse with training reorganization,transformer,bci2a,eegconformer,42,transformer.2,-1,-1,1,-0.8766752896930904
leave_dataset_out,heldout_dataset=bci2a,seediv+p300,bci2a,taxonomy,architecture-induced collapse with training reorganization,transformer,bci2a,eegconformer,42,transformer.5,-1,-1,1,-0.8220446357171686
leave_dataset_out,heldout_dataset=bci2a,seediv+p300,bci2a,majority_class,architecture-induced collapse with training reorganization,transformer,bci2a,eegconformer,42,transformer.5,-1,-1,1,-0.8220446357171686
leave_dataset_out,heldout_dataset=bci2a,seediv+p300,bci2a,per_dataset_majority,architecture-induced collapse with training reorganization,transformer,bci2a,eegconformer,42,transformer.5,-1,-1,1,-0.8220446357171686
leave_dataset_out,heldout_dataset=bci2a,seediv+p300,bci2a,taxonomy,architecture-induced collapse with training reorganization,classifier,bci2a,eegconformer,43,fc,-1,-1,1,-0.8372427778152043
leave_dataset_out,heldout_dataset=bci2a,seediv+p300,bci2a,majority_class,architecture-induced collapse with training reorganization,classifier,bci2a,eegconformer,43,fc,-1,-1,1,-0.8372427778152043
leave_dataset_out,heldout_dataset=bci2a,seediv+p300,bci2a,per_dataset_majority,architecture-induced collapse with training reorganization,classifier,bci2a,eegconformer,43,fc,-1,-1,1,-0.8372427778152043
leave_dataset_out,heldout_dataset=bci2a,seediv+p300,bci2a,taxonomy,architecture-induced collapse with training reorganization,classifier,bci2a,eegconformer,43,final_layer,-1,-1,1,-0.8083581948813382
leave_dataset_out,heldout_dataset=bci2a,seediv+p300,bci2a,majority_class,architecture-induced collapse with training reorganization,classifier,bci2a,eegconformer,43,final_layer,-1,-1,1,-0.8083581948813382
leave_dataset_out,heldout_dataset=bci2a,seediv+p300,bci2a,per_dataset_majority,architecture-induced collapse with training reorganization,classifier,bci2a,eegconformer,43,final_layer,-1,-1,1,-0.8083581948813382
leave_dataset_out,heldout_dataset=bci2a,seediv+p300,bci2a,taxonomy,architecture-induced collapse with training reorganization,classifier,bci2a,eegconformer,43,logits,-1,-1,1,-0.8083581948813382
leave_dataset_out,heldout_dataset=bci2a,seediv+p300,bci2a,majority_class,architecture-induced collapse with training reorganization,classifier,bci2a,eegconformer,43,logits,-1,-1,1,-0.8083581948813382
leave_dataset_out,heldout_dataset=bci2a,seediv+p300,bci2a,per_dataset_majority,architecture-induced collapse with training reorganization,classifier,bci2a,eegconformer,43,logits,-1,-1,1,-0.8083581948813382
leave_dataset_out,heldout_dataset=bci2a,seediv+p300,bci2a,taxonomy,architecture-induced collapse with training reorganization,patch_embedding,bci2a,eegconformer,43,patch_embedding,-1,-1,1,-0.9635097526062704
leave_dataset_out,heldout_dataset=bci2a,seediv+p300,bci2a,majority_class,architecture-induced collapse with training reorganization,patch_embedding,bci2a,eegconformer,43,patch_embedding,-1,-1,1,-0.9635097526062704
leave_dataset_out,heldout_dataset=bci2a,seediv+p300,bci2a,per_dataset_majority,architecture-induced collapse with training reorganization,patch_embedding,bci2a,eegconformer,43,patch_embedding,-1,-1,1,-0.9635097526062704
leave_dataset_out,heldout_dataset=bci2a,seediv+p300,bci2a,taxonomy,architecture-induced collapse with training reorganization,patch_embedding,bci2a,eegconformer,43,patch_embedding.projection,-1,-1,1,-0.9635097526062704
leave_dataset_out,heldout_dataset=bci2a,seediv+p300,bci2a,majority_class,architecture-induced collapse with training reorganization,patch_embedding,bci2a,eegconformer,43,patch_embedding.projection,-1,-1,1,-0.9635097526062704
leave_dataset_out,heldout_dataset=bci2a,seediv+p300,bci2a,per_dataset_majority,architecture-induced collapse with training reorganization,patch_embedding,bci2a,eegconformer,43,patch_embedding.projection,-1,-1,1,-0.9635097526062704
leave_dataset_out,heldout_dataset=bci2a,seediv+p300,bci2a,taxonomy,architecture-induced collapse with training reorganization,patch_embedding,bci2a,eegconformer,43,patch_embedding.shallownet,-1,-1,1,-0.6963034206522369
leave_dataset_out,heldout_dataset=bci2a,seediv+p300,bci2a,majority_class,architecture-induced collapse with training reorganization,patch_embedding,bci2a,eegconformer,43,patch_embedding.shallownet,-1,-1,1,-0.6963034206522369
leave_dataset_out,heldout_dataset=bci2a,seediv+p300,bci2a,per_dataset_majority,architecture-induced collapse with training reorganization,patch_embedding,bci2a,eegconformer,43,patch_embedding.shallownet,-1,-1,1,-0.6963034206522369
leave_dataset_out,heldout_dataset=bci2a,seediv+p300,bci2a,taxonomy,architecture-induced collapse with training reorganization,transformer,bci2a,eegconformer,43,transformer,-1,-1,1,-0.9152629006082943
leave_dataset_out,heldout_dataset=bci2a,seediv+p300,bci2a,majority_class,architecture-induced collapse with training reorganization,transformer,bci2a,eegconformer,43,transformer,-1,-1,1,-0.9152629006082943
leave_dataset_out,heldout_dataset=bci2a,seediv+p300,bci2a,per_dataset_majority,architecture-induced collapse with training reorganization,transformer,bci2a,eegconformer,43,transformer,-1,-1,1,-0.9152629006082943
leave_dataset_out,heldout_dataset=bci2a,seediv+p300,bci2a,taxonomy,architecture-induced collapse with training reorganization,transformer,bci2a,eegconformer,43,transformer.0,-1,-1,1,-0.9397637448427567
leave_dataset_out,heldout_dataset=bci2a,seediv+p300,bci2a,majority_class,architecture-induced collapse with training reorganization,transformer,bci2a,eegconformer,43,transformer.0,-1,-1,1,-0.9397637448427567
leave_dataset_out,heldout_dataset=bci2a,seediv+p300,bci2a,per_dataset_majority,architecture-induced collapse with training reorganization,transformer,bci2a,eegconformer,43,transformer.0,-1,-1,1,-0.9397637448427567
leave_dataset_out,heldout_dataset=bci2a,seediv+p300,bci2a,taxonomy,architecture-induced collapse with training reorganization,transformer,bci2a,eegconformer,43,transformer.2,-1,-1,1,-0.9275301397006611
leave_dataset_out,heldout_dataset=bci2a,seediv+p300,bci2a,majority_class,architecture-induced collapse with training reorganization,transformer,bci2a,eegconformer,43,transformer.2,-1,-1,1,-0.9275301397006611
leave_dataset_out,heldout_dataset=bci2a,seediv+p300,bci2a,per_dataset_majority,architecture-induced collapse with training reorganization,transformer,bci2a,eegconformer,43,transformer.2,-1,-1,1,-0.9275301397006611
leave_dataset_out,heldout_dataset=bci2a,seediv+p300,bci2a,taxonomy,architecture-induced collapse with training reorganization,transformer,bci2a,eegconformer,43,transformer.5,-1,-1,1,-0.9152629006082943
leave_dataset_out,heldout_dataset=bci2a,seediv+p300,bci2a,majority_class,architecture-induced collapse with training reorganization,transformer,bci2a,eegconformer,43,transformer.5,-1,-1,1,-0.9152629006082943
leave_dataset_out,heldout_dataset=bci2a,seediv+p300,bci2a,per_dataset_majority,architecture-induced collapse with training reorganization,transformer,bci2a,eegconformer,43,transformer.5,-1,-1,1,-0.9152629006082943
leave_dataset_out,heldout_dataset=bci2a,seediv+p300,bci2a,taxonomy,architecture-induced collapse with training reorganization,classifier,bci2a,eegconformer,44,fc,-1,-1,1,-0.6217149546043179
leave_dataset_out,heldout_dataset=bci2a,seediv+p300,bci2a,majority_class,architecture-induced collapse with training reorganization,classifier,bci2a,eegconformer,44,fc,-1,-1,1,-0.6217149546043179
leave_dataset_out,heldout_dataset=bci2a,seediv+p300,bci2a,per_dataset_majority,architecture-induced collapse with training reorganization,classifier,bci2a,eegconformer,44,fc,-1,-1,1,-0.6217149546043179
leave_dataset_out,heldout_dataset=bci2a,seediv+p300,bci2a,taxonomy,architecture-induced collapse with training reorganization,classifier,bci2a,eegconformer,44,final_layer,-1,-1,1,-0.5171918004361845
leave_dataset_out,heldout_dataset=bci2a,seediv+p300,bci2a,majority_class,architecture-induced collapse with training reorganization,classifier,bci2a,eegconformer,44,final_layer,-1,-1,1,-0.5171918004361845
leave_dataset_out,heldout_dataset=bci2a,seediv+p300,bci2a,per_dataset_majority,architecture-induced collapse with training reorganization,classifier,bci2a,eegconformer,44,final_layer,-1,-1,1,-0.5171918004361845
leave_dataset_out,heldout_dataset=bci2a,seediv+p300,bci2a,taxonomy,architecture-induced collapse with training reorganization,classifier,bci2a,eegconformer,44,logits,-1,-1,1,-0.5171918004361845
leave_dataset_out,heldout_dataset=bci2a,seediv+p300,bci2a,majority_class,architecture-induced collapse with training reorganization,classifier,bci2a,eegconformer,44,logits,-1,-1,1,-0.5171918004361845
leave_dataset_out,heldout_dataset=bci2a,seediv+p300,bci2a,per_dataset_majority,architecture-induced collapse with training reorganization,classifier,bci2a,eegconformer,44,logits,-1,-1,1,-0.5171918004361845
leave_dataset_out,heldout_dataset=bci2a,seediv+p300,bci2a,taxonomy,architecture-induced collapse with training reorganization,patch_embedding,bci2a,eegconformer,44,patch_embedding,-1,-1,1,-0.9303373911067203
leave_dataset_out,heldout_dataset=bci2a,seediv+p300,bci2a,majority_class,architecture-induced collapse with training reorganization,patch_embedding,bci2a,eegconformer,44,patch_embedding,-1,-1,1,-0.9303373911067203
leave_dataset_out,heldout_dataset=bci2a,seediv+p300,bci2a,per_dataset_majority,architecture-induced collapse with training reorganization,patch_embedding,bci2a,eegconformer,44,patch_embedding,-1,-1,1,-0.9303373911067203
leave_dataset_out,heldout_dataset=bci2a,seediv+p300,bci2a,taxonomy,architecture-induced collapse with training reorganization,patch_embedding,bci2a,eegconformer,44,patch_embedding.projection,-1,-1,1,-0.9303373911067203
leave_dataset_out,heldout_dataset=bci2a,seediv+p300,bci2a,majority_class,architecture-induced collapse with training reorganization,patch_embedding,bci2a,eegconformer,44,patch_embedding.projection,-1,-1,1,-0.9303373911067203
leave_dataset_out,heldout_dataset=bci2a,seediv+p300,bci2a,per_dataset_majority,architecture-induced collapse with training reorganization,patch_embedding,bci2a,eegconformer,44,patch_embedding.projection,-1,-1,1,-0.9303373911067203
leave_dataset_out,heldout_dataset=bci2a,seediv+p300,bci2a,taxonomy,architecture-induced collapse with training reorganization,patch_embedding,bci2a,eegconformer,44,patch_embedding.shallownet,-1,-1,1,-0.6977466729813168
leave_dataset_out,heldout_dataset=bci2a,seediv+p300,bci2a,majority_class,architecture-induced collapse with training reorganization,patch_embedding,bci2a,eegconformer,44,patch_embedding.shallownet,-1,-1,1,-0.6977466729813168
leave_dataset_out,heldout_dataset=bci2a,seediv+p300,bci2a,per_dataset_majority,architecture-induced collapse with training reorganization,patch_embedding,bci2a,eegconformer,44,patch_embedding.shallownet,-1,-1,1,-0.6977466729813168
leave_dataset_out,heldout_dataset=bci2a,seediv+p300,bci2a,taxonomy,architecture-induced collapse with training reorganization,transformer,bci2a,eegconformer,44,transformer,-1,-1,1,-0.7702148983987539
leave_dataset_out,heldout_dataset=bci2a,seediv+p300,bci2a,majority_class,architecture-induced collapse with training reorganization,transformer,bci2a,eegconformer,44,transformer,-1,-1,1,-0.7702148983987539
leave_dataset_out,heldout_dataset=bci2a,seediv+p300,bci2a,per_dataset_majority,architecture-induced collapse with training reorganization,transformer,bci2a,eegconformer,44,transformer,-1,-1,1,-0.7702148983987539
leave_dataset_out,heldout_dataset=bci2a,seediv+p300,bci2a,taxonomy,architecture-induced collapse with training reorganization,transformer,bci2a,eegconformer,44,transformer.0,-1,-1,1,-0.8674696715066952
leave_dataset_out,heldout_dataset=bci2a,seediv+p300,bci2a,majority_class,architecture-induced collapse with training reorganization,transformer,bci2a,eegconformer,44,transformer.0,-1,-1,1,-0.8674696715066952
leave_dataset_out,heldout_dataset=bci2a,seediv+p300,bci2a,per_dataset_majority,architecture-induced collapse with training reorganization,transformer,bci2a,eegconformer,44,transformer.0,-1,-1,1,-0.8674696715066952
leave_dataset_out,heldout_dataset=bci2a,seediv+p300,bci2a,taxonomy,architecture-induced collapse with training reorganization,transformer,bci2a,eegconformer,44,transformer.2,-1,-1,1,-0.8071611748110863
leave_dataset_out,heldout_dataset=bci2a,seediv+p300,bci2a,majority_class,architecture-induced collapse with training reorganization,transformer,bci2a,eegconformer,44,transformer.2,-1,-1,1,-0.8071611748110863
leave_dataset_out,heldout_dataset=bci2a,seediv+p300,bci2a,per_dataset_majority,architecture-induced collapse with training reorganization,transformer,bci2a,eegconformer,44,transformer.2,-1,-1,1,-0.8071611748110863
leave_dataset_out,heldout_dataset=bci2a,seediv+p300,bci2a,taxonomy,architecture-induced collapse with training reorganization,transformer,bci2a,eegconformer,44,transformer.5,-1,-1,1,-0.7702148983987539
leave_dataset_out,heldout_dataset=bci2a,seediv+p300,bci2a,majority_class,architecture-induced collapse with training reorganization,transformer,bci2a,eegconformer,44,transformer.5,-1,-1,1,-0.7702148983987539
leave_dataset_out,heldout_dataset=bci2a,seediv+p300,bci2a,per_dataset_majority,architecture-induced collapse with training reorganization,transformer,bci2a,eegconformer,44,transformer.5,-1,-1,1,-0.7702148983987539
leave_dataset_out,heldout_dataset=bci2a,seediv+p300,bci2a,taxonomy,architecture-induced collapse with training reorganization,classifier,bci2a,eegconformer,45,fc,-1,-1,1,-0.8027321517264013
leave_dataset_out,heldout_dataset=bci2a,seediv+p300,bci2a,majority_class,architecture-induced collapse with training reorganization,classifier,bci2a,eegconformer,45,fc,-1,-1,1,-0.8027321517264013
leave_dataset_out,heldout_dataset=bci2a,seediv+p300,bci2a,per_dataset_majority,architecture-induced collapse with training reorganization,classifier,bci2a,eegconformer,45,fc,-1,-1,1,-0.8027321517264013
leave_dataset_out,heldout_dataset=bci2a,seediv+p300,bci2a,taxonomy,architecture-induced collapse with training reorganization,classifier,bci2a,eegconformer,45,final_layer,-1,-1,1,-0.7551929087485322
leave_dataset_out,heldout_dataset=bci2a,seediv+p300,bci2a,majority_class,architecture-induced collapse with training reorganization,classifier,bci2a,eegconformer,45,final_layer,-1,-1,1,-0.7551929087485322
leave_dataset_out,heldout_dataset=bci2a,seediv+p300,bci2a,per_dataset_majority,architecture-induced collapse with training reorganization,classifier,bci2a,eegconformer,45,final_layer,-1,-1,1,-0.7551929087485322
leave_dataset_out,heldout_dataset=bci2a,seediv+p300,bci2a,taxonomy,architecture-induced collapse with training reorganization,classifier,bci2a,eegconformer,45,logits,-1,-1,1,-0.7551929087485322
leave_dataset_out,heldout_dataset=bci2a,seediv+p300,bci2a,majority_class,architecture-induced collapse with training reorganization,classifier,bci2a,eegconformer,45,logits,-1,-1,1,-0.7551929087485322
leave_dataset_out,heldout_dataset=bci2a,seediv+p300,bci2a,per_dataset_majority,architecture-induced collapse with training reorganization,classifier,bci2a,eegconformer,45,logits,-1,-1,1,-0.7551929087485322
leave_dataset_out,heldout_dataset=bci2a,seediv+p300,bci2a,taxonomy,architecture-induced collapse with training reorganization,patch_embedding,bci2a,eegconformer,45,patch_embedding,-1,-1,1,-0.9428527674434005
leave_dataset_out,heldout_dataset=bci2a,seediv+p300,bci2a,majority_class,architecture-induced collapse with training reorganization,patch_embedding,bci2a,eegconformer,45,patch_embedding,-1,-1,1,-0.9428527674434005
leave_dataset_out,heldout_dataset=bci2a,seediv+p300,bci2a,per_dataset_majority,architecture-induced collapse with training reorganization,patch_embedding,bci2a,eegconformer,45,patch_embedding,-1,-1,1,-0.9428527674434005
leave_dataset_out,heldout_dataset=bci2a,seediv+p300,bci2a,taxonomy,architecture-induced collapse with training reorganization,patch_embedding,bci2a,eegconformer,45,patch_embedding.projection,-1,-1,1,-0.9428527674434005
leave_dataset_out,heldout_dataset=bci2a,seediv+p300,bci2a,majority_class,architecture-induced collapse with training reorganization,patch_embedding,bci2a,eegconformer,45,patch_embedding.projection,-1,-1,1,-0.9428527674434005
leave_dataset_out,heldout_dataset=bci2a,seediv+p300,bci2a,per_dataset_majority,architecture-induced collapse with training reorganization,patch_embedding,bci2a,eegconformer,45,patch_embedding.projection,-1,-1,1,-0.9428527674434005
leave_dataset_out,heldout_dataset=bci2a,seediv+p300,bci2a,taxonomy,architecture-induced collapse with training reorganization,patch_embedding,bci2a,eegconformer,45,patch_embedding.shallownet,-1,-1,1,-0.8013148018007841
leave_dataset_out,heldout_dataset=bci2a,seediv+p300,bci2a,majority_class,architecture-induced collapse with training reorganization,patch_embedding,bci2a,eegconformer,45,patch_embedding.shallownet,-1,-1,1,-0.8013148018007841
leave_dataset_out,heldout_dataset=bci2a,seediv+p300,bci2a,per_dataset_majority,architecture-induced collapse with training reorganization,patch_embedding,bci2a,eegconformer,45,patch_embedding.shallownet,-1,-1,1,-0.8013148018007841
leave_dataset_out,heldout_dataset=bci2a,seediv+p300,bci2a,taxonomy,architecture-induced collapse with training reorganization,transformer,bci2a,eegconformer,45,transformer,-1,-1,1,-0.8395091349617965
leave_dataset_out,heldout_dataset=bci2a,seediv+p300,bci2a,majority_class,architecture-induced collapse with training reorganization,transformer,bci2a,eegconformer,45,transformer,-1,-1,1,-0.8395091349617965
leave_dataset_out,heldout_dataset=bci2a,seediv+p300,bci2a,per_dataset_majority,architecture-induced collapse with training reorganization,transformer,bci2a,eegconformer,45,transformer,-1,-1,1,-0.8395091349617965
leave_dataset_out,heldout_dataset=bci2a,seediv+p300,bci2a,taxonomy,architecture-induced collapse with training reorganization,transformer,bci2a,eegconformer,45,transformer.0,-1,-1,1,-0.8475070785751975
leave_dataset_out,heldout_dataset=bci2a,seediv+p300,bci2a,majority_class,architecture-induced collapse with training reorganization,transformer,bci2a,eegconformer,45,transformer.0,-1,-1,1,-0.8475070785751975
leave_dataset_out,heldout_dataset=bci2a,seediv+p300,bci2a,per_dataset_majority,architecture-induced collapse with training reorganization,transformer,bci2a,eegconformer,45,transformer.0,-1,-1,1,-0.8475070785751975
leave_dataset_out,heldout_dataset=bci2a,seediv+p300,bci2a,taxonomy,architecture-induced collapse with training reorganization,transformer,bci2a,eegconformer,45,transformer.2,-1,-1,1,-0.7952348993038211
leave_dataset_out,heldout_dataset=bci2a,seediv+p300,bci2a,majority_class,architecture-induced collapse with training reorganization,transformer,bci2a,eegconformer,45,transformer.2,-1,-1,1,-0.7952348993038211
leave_dataset_out,heldout_dataset=bci2a,seediv+p300,bci2a,per_dataset_majority,architecture-induced collapse with training reorganization,transformer,bci2a,eegconformer,45,transformer.2,-1,-1,1,-0.7952348993038211
leave_dataset_out,heldout_dataset=bci2a,seediv+p300,bci2a,taxonomy,architecture-induced collapse with training reorganization,transformer,bci2a,eegconformer,45,transformer.5,-1,-1,1,-0.8395091349617965
leave_dataset_out,heldout_dataset=bci2a,seediv+p300,bci2a,majority_class,architecture-induced collapse with training reorganization,transformer,bci2a,eegconformer,45,transformer.5,-1,-1,1,-0.8395091349617965
leave_dataset_out,heldout_dataset=bci2a,seediv+p300,bci2a,per_dataset_majority,architecture-induced collapse with training reorganization,transformer,bci2a,eegconformer,45,transformer.5,-1,-1,1,-0.8395091349617965
leave_dataset_out,heldout_dataset=bci2a,seediv+p300,bci2a,taxonomy,architecture-induced collapse with training reorganization,classifier,bci2a,eegconformer,46,fc,-1,-1,1,-0.8838391336374521
leave_dataset_out,heldout_dataset=bci2a,seediv+p300,bci2a,majority_class,architecture-induced collapse with training reorganization,classifier,bci2a,eegconformer,46,fc,-1,-1,1,-0.8838391336374521
leave_dataset_out,heldout_dataset=bci2a,seediv+p300,bci2a,per_dataset_majority,architecture-induced collapse with training reorganization,classifier,bci2a,eegconformer,46,fc,-1,-1,1,-0.8838391336374521
leave_dataset_out,heldout_dataset=bci2a,seediv+p300,bci2a,taxonomy,architecture-induced collapse with training reorganization,classifier,bci2a,eegconformer,46,final_layer,-1,-1,1,-0.8584208611608132
leave_dataset_out,heldout_dataset=bci2a,seediv+p300,bci2a,majority_class,architecture-induced collapse with training reorganization,classifier,bci2a,eegconformer,46,final_layer,-1,-1,1,-0.8584208611608132
leave_dataset_out,heldout_dataset=bci2a,seediv+p300,bci2a,per_dataset_majority,architecture-induced collapse with training reorganization,classifier,bci2a,eegconformer,46,final_layer,-1,-1,1,-0.8584208611608132
leave_dataset_out,heldout_dataset=bci2a,seediv+p300,bci2a,taxonomy,architecture-induced collapse with training reorganization,classifier,bci2a,eegconformer,46,logits,-1,-1,1,-0.8584208611608132
leave_dataset_out,heldout_dataset=bci2a,seediv+p300,bci2a,majority_class,architecture-induced collapse with training reorganization,classifier,bci2a,eegconformer,46,logits,-1,-1,1,-0.8584208611608132
leave_dataset_out,heldout_dataset=bci2a,seediv+p300,bci2a,per_dataset_majority,architecture-induced collapse with training reorganization,classifier,bci2a,eegconformer,46,logits,-1,-1,1,-0.8584208611608132
leave_dataset_out,heldout_dataset=bci2a,seediv+p300,bci2a,taxonomy,architecture-induced collapse with training reorganization,patch_embedding,bci2a,eegconformer,46,patch_embedding,-1,-1,1,-0.9508663716231066
leave_dataset_out,heldout_dataset=bci2a,seediv+p300,bci2a,majority_class,architecture-induced collapse with training reorganization,patch_embedding,bci2a,eegconformer,46,patch_embedding,-1,-1,1,-0.9508663716231066
leave_dataset_out,heldout_dataset=bci2a,seediv+p300,bci2a,per_dataset_majority,architecture-induced collapse with training reorganization,patch_embedding,bci2a,eegconformer,46,patch_embedding,-1,-1,1,-0.9508663716231066
leave_dataset_out,heldout_dataset=bci2a,seediv+p300,bci2a,taxonomy,architecture-induced collapse with training reorganization,patch_embedding,bci2a,eegconformer,46,patch_embedding.projection,-1,-1,1,-0.9508663716231066
leave_dataset_out,heldout_dataset=bci2a,seediv+p300,bci2a,majority_class,architecture-induced collapse with training reorganization,patch_embedding,bci2a,eegconformer,46,patch_embedding.projection,-1,-1,1,-0.9508663716231066
leave_dataset_out,heldout_dataset=bci2a,seediv+p300,bci2a,per_dataset_majority,architecture-induced collapse with training reorganization,patch_embedding,bci2a,eegconformer,46,patch_embedding.projection,-1,-1,1,-0.9508663716231066
leave_dataset_out,heldout_dataset=bci2a,seediv+p300,bci2a,taxonomy,architecture-induced collapse with training reorganization,patch_embedding,bci2a,eegconformer,46,patch_embedding.shallownet,-1,-1,1,-0.6140010341593103
leave_dataset_out,heldout_dataset=bci2a,seediv+p300,bci2a,majority_class,architecture-induced collapse with training reorganization,patch_embedding,bci2a,eegconformer,46,patch_embedding.shallownet,-1,-1,1,-0.6140010341593103
leave_dataset_out,heldout_dataset=bci2a,seediv+p300,bci2a,per_dataset_majority,architecture-induced collapse with training reorganization,patch_embedding,bci2a,eegconformer,46,patch_embedding.shallownet,-1,-1,1,-0.6140010341593103
leave_dataset_out,heldout_dataset=bci2a,seediv+p300,bci2a,taxonomy,architecture-induced collapse with training reorganization,transformer,bci2a,eegconformer,46,transformer,-1,-1,1,-0.934425451177638
leave_dataset_out,heldout_dataset=bci2a,seediv+p300,bci2a,majority_class,architecture-induced collapse with training reorganization,transformer,bci2a,eegconformer,46,transformer,-1,-1,1,-0.934425451177638
leave_dataset_out,heldout_dataset=bci2a,seediv+p300,bci2a,per_dataset_majority,architecture-induced collapse with training reorganization,transformer,bci2a,eegconformer,46,transformer,-1,-1,1,-0.934425451177638
leave_dataset_out,heldout_dataset=bci2a,seediv+p300,bci2a,taxonomy,architecture-induced collapse with training reorganization,transformer,bci2a,eegconformer,46,transformer.0,-1,-1,1,-0.9451371595881535
leave_dataset_out,heldout_dataset=bci2a,seediv+p300,bci2a,majority_class,architecture-induced collapse with training reorganization,transformer,bci2a,eegconformer,46,transformer.0,-1,-1,1,-0.9451371595881535
leave_dataset_out,heldout_dataset=bci2a,seediv+p300,bci2a,per_dataset_majority,architecture-induced collapse with training reorganization,transformer,bci2a,eegconformer,46,transformer.0,-1,-1,1,-0.9451371595881535
leave_dataset_out,heldout_dataset=bci2a,seediv+p300,bci2a,taxonomy,architecture-induced collapse with training reorganization,transformer,bci2a,eegconformer,46,transformer.2,-1,-1,1,-0.9274374463533049
leave_dataset_out,heldout_dataset=bci2a,seediv+p300,bci2a,majority_class,architecture-induced collapse with training reorganization,transformer,bci2a,eegconformer,46,transformer.2,-1,-1,1,-0.9274374463533049
leave_dataset_out,heldout_dataset=bci2a,seediv+p300,bci2a,per_dataset_majority,architecture-induced collapse with training reorganization,transformer,bci2a,eegconformer,46,transformer.2,-1,-1,1,-0.9274374463533049
leave_dataset_out,heldout_dataset=bci2a,seediv+p300,bci2a,taxonomy,architecture-induced collapse with training reorganization,transformer,bci2a,eegconformer,46,transformer.5,-1,-1,1,-0.934425451177638
leave_dataset_out,heldout_dataset=bci2a,seediv+p300,bci2a,majority_class,architecture-induced collapse with training reorganization,transformer,bci2a,eegconformer,46,transformer.5,-1,-1,1,-0.934425451177638
leave_dataset_out,heldout_dataset=bci2a,seediv+p300,bci2a,per_dataset_majority,architecture-induced collapse with training reorganization,transformer,bci2a,eegconformer,46,transformer.5,-1,-1,1,-0.934425451177638
leave_dataset_out,heldout_dataset=bci2a,seediv+p300,bci2a,taxonomy,multi-branch fusion-induced reorganization,spatial_asymmetry,bci2a,tsception,41,batch_spatial_lay,-1,-1,1,-0.9530913142836407
leave_dataset_out,heldout_dataset=bci2a,seediv+p300,bci2a,majority_class,multi-branch fusion-induced reorganization,spatial_asymmetry,bci2a,tsception,41,batch_spatial_lay,-1,-1,1,-0.9530913142836407
leave_dataset_out,heldout_dataset=bci2a,seediv+p300,bci2a,per_dataset_majority,multi-branch fusion-induced reorganization,spatial_asymmetry,bci2a,tsception,41,batch_spatial_lay,-1,-1,1,-0.9530913142836407
leave_dataset_out,heldout_dataset=bci2a,seediv+p300,bci2a,taxonomy,multi-branch fusion-induced reorganization,temporal_multiscale,bci2a,tsception,41,batch_temporal_lay,-1,1,0,0.4471044570636584
leave_dataset_out,heldout_dataset=bci2a,seediv+p300,bci2a,majority_class,multi-branch fusion-induced reorganization,temporal_multiscale,bci2a,tsception,41,batch_temporal_lay,-1,1,0,0.4471044570636584
leave_dataset_out,heldout_dataset=bci2a,seediv+p300,bci2a,per_dataset_majority,multi-branch fusion-induced reorganization,temporal_multiscale,bci2a,tsception,41,batch_temporal_lay,-1,1,0,0.4471044570636584
leave_dataset_out,heldout_dataset=bci2a,seediv+p300,bci2a,taxonomy,multi-branch fusion-induced reorganization,fusion_classifier,bci2a,tsception,41,dense_layer,-1,-1,1,-0.8202953754053985
leave_dataset_out,heldout_dataset=bci2a,seediv+p300,bci2a,majority_class,multi-branch fusion-induced reorganization,fusion_classifier,bci2a,tsception,41,dense_layer,-1,-1,1,-0.8202953754053985
leave_dataset_out,heldout_dataset=bci2a,seediv+p300,bci2a,per_dataset_majority,multi-branch fusion-induced reorganization,fusion_classifier,bci2a,tsception,41,dense_layer,-1,-1,1,-0.8202953754053985
leave_dataset_out,heldout_dataset=bci2a,seediv+p300,bci2a,taxonomy,multi-branch fusion-induced reorganization,fusion_classifier,bci2a,tsception,41,final_layer,-1,-1,1,-0.9602106581486278
leave_dataset_out,heldout_dataset=bci2a,seediv+p300,bci2a,majority_class,multi-branch fusion-induced reorganization,fusion_classifier,bci2a,tsception,41,final_layer,-1,-1,1,-0.9602106581486278
leave_dataset_out,heldout_dataset=bci2a,seediv+p300,bci2a,per_dataset_majority,multi-branch fusion-induced reorganization,fusion_classifier,bci2a,tsception,41,final_layer,-1,-1,1,-0.9602106581486278
leave_dataset_out,heldout_dataset=bci2a,seediv+p300,bci2a,taxonomy,multi-branch fusion-induced reorganization,fusion_classifier,bci2a,tsception,41,logits,-1,-1,1,-0.9602106581486278
leave_dataset_out,heldout_dataset=bci2a,seediv+p300,bci2a,majority_class,multi-branch fusion-induced reorganization,fusion_classifier,bci2a,tsception,41,logits,-1,-1,1,-0.9602106581486278
leave_dataset_out,heldout_dataset=bci2a,seediv+p300,bci2a,per_dataset_majority,multi-branch fusion-induced reorganization,fusion_classifier,bci2a,tsception,41,logits,-1,-1,1,-0.9602106581486278
leave_dataset_out,heldout_dataset=bci2a,seediv+p300,bci2a,taxonomy,multi-branch fusion-induced reorganization,spatial_asymmetry,bci2a,tsception,41,spatial_block_1,-1,-1,1,-0.9672184324955988
leave_dataset_out,heldout_dataset=bci2a,seediv+p300,bci2a,majority_class,multi-branch fusion-induced reorganization,spatial_asymmetry,bci2a,tsception,41,spatial_block_1,-1,-1,1,-0.9672184324955988
leave_dataset_out,heldout_dataset=bci2a,seediv+p300,bci2a,per_dataset_majority,multi-branch fusion-induced reorganization,spatial_asymmetry,bci2a,tsception,41,spatial_block_1,-1,-1,1,-0.9672184324955988
leave_dataset_out,heldout_dataset=bci2a,seediv+p300,bci2a,taxonomy,multi-branch fusion-induced reorganization,spatial_asymmetry,bci2a,tsception,41,spatial_block_2,-1,1,0,0.48402393847615927
leave_dataset_out,heldout_dataset=bci2a,seediv+p300,bci2a,majority_class,multi-branch fusion-induced reorganization,spatial_asymmetry,bci2a,tsception,41,spatial_block_2,-1,1,0,0.48402393847615927
leave_dataset_out,heldout_dataset=bci2a,seediv+p300,bci2a,per_dataset_majority,multi-branch fusion-induced reorganization,spatial_asymmetry,bci2a,tsception,41,spatial_block_2,-1,1,0,0.48402393847615927
leave_dataset_out,heldout_dataset=bci2a,seediv+p300,bci2a,taxonomy,multi-branch fusion-induced reorganization,temporal_multiscale,bci2a,tsception,41,temporal_blocks.0,-1,-1,1,-0.7432283535469063
leave_dataset_out,heldout_dataset=bci2a,seediv+p300,bci2a,majority_class,multi-branch fusion-induced reorganization,temporal_multiscale,bci2a,tsception,41,temporal_blocks.0,-1,-1,1,-0.7432283535469063
leave_dataset_out,heldout_dataset=bci2a,seediv+p300,bci2a,per_dataset_majority,multi-branch fusion-induced reorganization,temporal_multiscale,bci2a,tsception,41,temporal_blocks.0,-1,-1,1,-0.7432283535469063
leave_dataset_out,heldout_dataset=bci2a,seediv+p300,bci2a,taxonomy,multi-branch fusion-induced reorganization,temporal_multiscale,bci2a,tsception,41,temporal_blocks.1,-1,-1,1,-0.8102117967795701
leave_dataset_out,heldout_dataset=bci2a,seediv+p300,bci2a,majority_class,multi-branch fusion-induced reorganization,temporal_multiscale,bci2a,tsception,41,temporal_blocks.1,-1,-1,1,-0.8102117967795701
leave_dataset_out,heldout_dataset=bci2a,seediv+p300,bci2a,per_dataset_majority,multi-branch fusion-induced reorganization,temporal_multiscale,bci2a,tsception,41,temporal_blocks.1,-1,-1,1,-0.8102117967795701
leave_dataset_out,heldout_dataset=bci2a,seediv+p300,bci2a,taxonomy,multi-branch fusion-induced reorganization,temporal_multiscale,bci2a,tsception,41,temporal_blocks.2,-1,-1,1,-0.8437463797734767
leave_dataset_out,heldout_dataset=bci2a,seediv+p300,bci2a,majority_class,multi-branch fusion-induced reorganization,temporal_multiscale,bci2a,tsception,41,temporal_blocks.2,-1,-1,1,-0.8437463797734767
leave_dataset_out,heldout_dataset=bci2a,seediv+p300,bci2a,per_dataset_majority,multi-branch fusion-induced reorganization,temporal_multiscale,bci2a,tsception,41,temporal_blocks.2,-1,-1,1,-0.8437463797734767
leave_dataset_out,heldout_dataset=bci2a,seediv+p300,bci2a,taxonomy,multi-branch fusion-induced reorganization,spatial_asymmetry,bci2a,tsception,42,batch_spatial_lay,-1,-1,1,-0.3406697432038425
leave_dataset_out,heldout_dataset=bci2a,seediv+p300,bci2a,majority_class,multi-branch fusion-induced reorganization,spatial_asymmetry,bci2a,tsception,42,batch_spatial_lay,-1,-1,1,-0.3406697432038425
leave_dataset_out,heldout_dataset=bci2a,seediv+p300,bci2a,per_dataset_majority,multi-branch fusion-induced reorganization,spatial_asymmetry,bci2a,tsception,42,batch_spatial_lay,-1,-1,1,-0.3406697432038425
leave_dataset_out,heldout_dataset=bci2a,seediv+p300,bci2a,taxonomy,multi-branch fusion-induced reorganization,temporal_multiscale,bci2a,tsception,42,batch_temporal_lay,-1,1,0,0.6112284165925642
leave_dataset_out,heldout_dataset=bci2a,seediv+p300,bci2a,majority_class,multi-branch fusion-induced reorganization,temporal_multiscale,bci2a,tsception,42,batch_temporal_lay,-1,1,0,0.6112284165925642
leave_dataset_out,heldout_dataset=bci2a,seediv+p300,bci2a,per_dataset_majority,multi-branch fusion-induced reorganization,temporal_multiscale,bci2a,tsception,42,batch_temporal_lay,-1,1,0,0.6112284165925642
leave_dataset_out,heldout_dataset=bci2a,seediv+p300,bci2a,taxonomy,multi-branch fusion-induced reorganization,fusion_classifier,bci2a,tsception,42,dense_layer,-1,-1,1,-0.042689314521720395
leave_dataset_out,heldout_dataset=bci2a,seediv+p300,bci2a,majority_class,multi-branch fusion-induced reorganization,fusion_classifier,bci2a,tsception,42,dense_layer,-1,-1,1,-0.042689314521720395
leave_dataset_out,heldout_dataset=bci2a,seediv+p300,bci2a,per_dataset_majority,multi-branch fusion-induced reorganization,fusion_classifier,bci2a,tsception,42,dense_layer,-1,-1,1,-0.042689314521720395
leave_dataset_out,heldout_dataset=bci2a,seediv+p300,bci2a,taxonomy,multi-branch fusion-induced reorganization,fusion_classifier,bci2a,tsception,42,final_layer,-1,-1,1,-0.681762483210859
leave_dataset_out,heldout_dataset=bci2a,seediv+p300,bci2a,majority_class,multi-branch fusion-induced reorganization,fusion_classifier,bci2a,tsception,42,final_layer,-1,-1,1,-0.681762483210859
leave_dataset_out,heldout_dataset=bci2a,seediv+p300,bci2a,per_dataset_majority,multi-branch fusion-induced reorganization,fusion_classifier,bci2a,tsception,42,final_layer,-1,-1,1,-0.681762483210859
leave_dataset_out,heldout_dataset=bci2a,seediv+p300,bci2a,taxonomy,multi-branch fusion-induced reorganization,fusion_classifier,bci2a,tsception,42,logits,-1,-1,1,-0.681762483210859
leave_dataset_out,heldout_dataset=bci2a,seediv+p300,bci2a,majority_class,multi-branch fusion-induced reorganization,fusion_classifier,bci2a,tsception,42,logits,-1,-1,1,-0.681762483210859
leave_dataset_out,heldout_dataset=bci2a,seediv+p300,bci2a,per_dataset_majority,multi-branch fusion-induced reorganization,fusion_classifier,bci2a,tsception,42,logits,-1,-1,1,-0.681762483210859
leave_dataset_out,heldout_dataset=bci2a,seediv+p300,bci2a,taxonomy,multi-branch fusion-induced reorganization,spatial_asymmetry,bci2a,tsception,42,spatial_block_1,-1,1,0,0.6697334750952293
leave_dataset_out,heldout_dataset=bci2a,seediv+p300,bci2a,majority_class,multi-branch fusion-induced reorganization,spatial_asymmetry,bci2a,tsception,42,spatial_block_1,-1,1,0,0.6697334750952293
leave_dataset_out,heldout_dataset=bci2a,seediv+p300,bci2a,per_dataset_majority,multi-branch fusion-induced reorganization,spatial_asymmetry,bci2a,tsception,42,spatial_block_1,-1,1,0,0.6697334750952293
leave_dataset_out,heldout_dataset=bci2a,seediv+p300,bci2a,taxonomy,multi-branch fusion-induced reorganization,spatial_asymmetry,bci2a,tsception,42,spatial_block_2,-1,1,0,0.46036339290313594
leave_dataset_out,heldout_dataset=bci2a,seediv+p300,bci2a,majority_class,multi-branch fusion-induced reorganization,spatial_asymmetry,bci2a,tsception,42,spatial_block_2,-1,1,0,0.46036339290313594
leave_dataset_out,heldout_dataset=bci2a,seediv+p300,bci2a,per_dataset_majority,multi-branch fusion-induced reorganization,spatial_asymmetry,bci2a,tsception,42,spatial_block_2,-1,1,0,0.46036339290313594
leave_dataset_out,heldout_dataset=bci2a,seediv+p300,bci2a,taxonomy,multi-branch fusion-induced reorganization,temporal_multiscale,bci2a,tsception,42,temporal_blocks.0,-1,-1,1,-0.7787420792827261
leave_dataset_out,heldout_dataset=bci2a,seediv+p300,bci2a,majority_class,multi-branch fusion-induced reorganization,temporal_multiscale,bci2a,tsception,42,temporal_blocks.0,-1,-1,1,-0.7787420792827261
leave_dataset_out,heldout_dataset=bci2a,seediv+p300,bci2a,per_dataset_majority,multi-branch fusion-induced reorganization,temporal_multiscale,bci2a,tsception,42,temporal_blocks.0,-1,-1,1,-0.7787420792827261
leave_dataset_out,heldout_dataset=bci2a,seediv+p300,bci2a,taxonomy,multi-branch fusion-induced reorganization,temporal_multiscale,bci2a,tsception,42,temporal_blocks.1,-1,-1,1,-0.8293794402252564
leave_dataset_out,heldout_dataset=bci2a,seediv+p300,bci2a,majority_class,multi-branch fusion-induced reorganization,temporal_multiscale,bci2a,tsception,42,temporal_blocks.1,-1,-1,1,-0.8293794402252564
leave_dataset_out,heldout_dataset=bci2a,seediv+p300,bci2a,per_dataset_majority,multi-branch fusion-induced reorganization,temporal_multiscale,bci2a,tsception,42,temporal_blocks.1,-1,-1,1,-0.8293794402252564
leave_dataset_out,heldout_dataset=bci2a,seediv+p300,bci2a,taxonomy,multi-branch fusion-induced reorganization,temporal_multiscale,bci2a,tsception,42,temporal_blocks.2,-1,-1,1,-0.7051056684713006
leave_dataset_out,heldout_dataset=bci2a,seediv+p300,bci2a,majority_class,multi-branch fusion-induced reorganization,temporal_multiscale,bci2a,tsception,42,temporal_blocks.2,-1,-1,1,-0.7051056684713006
leave_dataset_out,heldout_dataset=bci2a,seediv+p300,bci2a,per_dataset_majority,multi-branch fusion-induced reorganization,temporal_multiscale,bci2a,tsception,42,temporal_blocks.2,-1,-1,1,-0.7051056684713006
leave_dataset_out,heldout_dataset=bci2a,seediv+p300,bci2a,taxonomy,multi-branch fusion-induced reorganization,spatial_asymmetry,bci2a,tsception,43,batch_spatial_lay,-1,-1,1,-0.8987491450470723
leave_dataset_out,heldout_dataset=bci2a,seediv+p300,bci2a,majority_class,multi-branch fusion-induced reorganization,spatial_asymmetry,bci2a,tsception,43,batch_spatial_lay,-1,-1,1,-0.8987491450470723
leave_dataset_out,heldout_dataset=bci2a,seediv+p300,bci2a,per_dataset_majority,multi-branch fusion-induced reorganization,spatial_asymmetry,bci2a,tsception,43,batch_spatial_lay,-1,-1,1,-0.8987491450470723
leave_dataset_out,heldout_dataset=bci2a,seediv+p300,bci2a,taxonomy,multi-branch fusion-induced reorganization,temporal_multiscale,bci2a,tsception,43,batch_temporal_lay,-1,1,0,0.4781693604528768
leave_dataset_out,heldout_dataset=bci2a,seediv+p300,bci2a,majority_class,multi-branch fusion-induced reorganization,temporal_multiscale,bci2a,tsception,43,batch_temporal_lay,-1,1,0,0.4781693604528768
leave_dataset_out,heldout_dataset=bci2a,seediv+p300,bci2a,per_dataset_majority,multi-branch fusion-induced reorganization,temporal_multiscale,bci2a,tsception,43,batch_temporal_lay,-1,1,0,0.4781693604528768
leave_dataset_out,heldout_dataset=bci2a,seediv+p300,bci2a,taxonomy,multi-branch fusion-induced reorganization,fusion_classifier,bci2a,tsception,43,dense_layer,-1,-1,1,-0.9343785733048264
leave_dataset_out,heldout_dataset=bci2a,seediv+p300,bci2a,majority_class,multi-branch fusion-induced reorganization,fusion_classifier,bci2a,tsception,43,dense_layer,-1,-1,1,-0.9343785733048264
leave_dataset_out,heldout_dataset=bci2a,seediv+p300,bci2a,per_dataset_majority,multi-branch fusion-induced reorganization,fusion_classifier,bci2a,tsception,43,dense_layer,-1,-1,1,-0.9343785733048264
leave_dataset_out,heldout_dataset=bci2a,seediv+p300,bci2a,taxonomy,multi-branch fusion-induced reorganization,fusion_classifier,bci2a,tsception,43,final_layer,-1,-1,1,-0.9397081389792306
leave_dataset_out,heldout_dataset=bci2a,seediv+p300,bci2a,majority_class,multi-branch fusion-induced reorganization,fusion_classifier,bci2a,tsception,43,final_layer,-1,-1,1,-0.9397081389792306
leave_dataset_out,heldout_dataset=bci2a,seediv+p300,bci2a,per_dataset_majority,multi-branch fusion-induced reorganization,fusion_classifier,bci2a,tsception,43,final_layer,-1,-1,1,-0.9397081389792306
leave_dataset_out,heldout_dataset=bci2a,seediv+p300,bci2a,taxonomy,multi-branch fusion-induced reorganization,fusion_classifier,bci2a,tsception,43,logits,-1,-1,1,-0.9397081389792306
leave_dataset_out,heldout_dataset=bci2a,seediv+p300,bci2a,majority_class,multi-branch fusion-induced reorganization,fusion_classifier,bci2a,tsception,43,logits,-1,-1,1,-0.9397081389792306
leave_dataset_out,heldout_dataset=bci2a,seediv+p300,bci2a,per_dataset_majority,multi-branch fusion-induced reorganization,fusion_classifier,bci2a,tsception,43,logits,-1,-1,1,-0.9397081389792306
leave_dataset_out,heldout_dataset=bci2a,seediv+p300,bci2a,taxonomy,multi-branch fusion-induced reorganization,spatial_asymmetry,bci2a,tsception,43,spatial_block_1,-1,1,0,0.41414883531281926
leave_dataset_out,heldout_dataset=bci2a,seediv+p300,bci2a,majority_class,multi-branch fusion-induced reorganization,spatial_asymmetry,bci2a,tsception,43,spatial_block_1,-1,1,0,0.41414883531281926
leave_dataset_out,heldout_dataset=bci2a,seediv+p300,bci2a,per_dataset_majority,multi-branch fusion-induced reorganization,spatial_asymmetry,bci2a,tsception,43,spatial_block_1,-1,1,0,0.41414883531281926
leave_dataset_out,heldout_dataset=bci2a,seediv+p300,bci2a,taxonomy,multi-branch fusion-induced reorganization,spatial_asymmetry,bci2a,tsception,43,spatial_block_2,-1,-1,1,-0.6833128404037521
leave_dataset_out,heldout_dataset=bci2a,seediv+p300,bci2a,majority_class,multi-branch fusion-induced reorganization,spatial_asymmetry,bci2a,tsception,43,spatial_block_2,-1,-1,1,-0.6833128404037521
leave_dataset_out,heldout_dataset=bci2a,seediv+p300,bci2a,per_dataset_majority,multi-branch fusion-induced reorganization,spatial_asymmetry,bci2a,tsception,43,spatial_block_2,-1,-1,1,-0.6833128404037521
leave_dataset_out,heldout_dataset=bci2a,seediv+p300,bci2a,taxonomy,multi-branch fusion-induced reorganization,temporal_multiscale,bci2a,tsception,43,temporal_blocks.0,-1,-1,1,-0.8835849011893573
leave_dataset_out,heldout_dataset=bci2a,seediv+p300,bci2a,majority_class,multi-branch fusion-induced reorganization,temporal_multiscale,bci2a,tsception,43,temporal_blocks.0,-1,-1,1,-0.8835849011893573
leave_dataset_out,heldout_dataset=bci2a,seediv+p300,bci2a,per_dataset_majority,multi-branch fusion-induced reorganization,temporal_multiscale,bci2a,tsception,43,temporal_blocks.0,-1,-1,1,-0.8835849011893573
leave_dataset_out,heldout_dataset=bci2a,seediv+p300,bci2a,taxonomy,multi-branch fusion-induced reorganization,temporal_multiscale,bci2a,tsception,43,temporal_blocks.1,-1,-1,1,-0.8608019328625236
leave_dataset_out,heldout_dataset=bci2a,seediv+p300,bci2a,majority_class,multi-branch fusion-induced reorganization,temporal_multiscale,bci2a,tsception,43,temporal_blocks.1,-1,-1,1,-0.8608019328625236
leave_dataset_out,heldout_dataset=bci2a,seediv+p300,bci2a,per_dataset_majority,multi-branch fusion-induced reorganization,temporal_multiscale,bci2a,tsception,43,temporal_blocks.1,-1,-1,1,-0.8608019328625236
leave_dataset_out,heldout_dataset=bci2a,seediv+p300,bci2a,taxonomy,multi-branch fusion-induced reorganization,temporal_multiscale,bci2a,tsception,43,temporal_blocks.2,-1,-1,1,-0.904757473323834
leave_dataset_out,heldout_dataset=bci2a,seediv+p300,bci2a,majority_class,multi-branch fusion-induced reorganization,temporal_multiscale,bci2a,tsception,43,temporal_blocks.2,-1,-1,1,-0.904757473323834
leave_dataset_out,heldout_dataset=bci2a,seediv+p300,bci2a,per_dataset_majority,multi-branch fusion-induced reorganization,temporal_multiscale,bci2a,tsception,43,temporal_blocks.2,-1,-1,1,-0.904757473323834
leave_dataset_out,heldout_dataset=bci2a,seediv+p300,bci2a,taxonomy,multi-branch fusion-induced reorganization,spatial_asymmetry,bci2a,tsception,44,batch_spatial_lay,-1,-1,1,-0.01244877756534068
leave_dataset_out,heldout_dataset=bci2a,seediv+p300,bci2a,majority_class,multi-branch fusion-induced reorganization,spatial_asymmetry,bci2a,tsception,44,batch_spatial_lay,-1,-1,1,-0.01244877756534068
leave_dataset_out,heldout_dataset=bci2a,seediv+p300,bci2a,per_dataset_majority,multi-branch fusion-induced reorganization,spatial_asymmetry,bci2a,tsception,44,batch_spatial_lay,-1,-1,1,-0.01244877756534068
leave_dataset_out,heldout_dataset=bci2a,seediv+p300,bci2a,taxonomy,multi-branch fusion-induced reorganization,temporal_multiscale,bci2a,tsception,44,batch_temporal_lay,-1,1,0,0.5885829388843804
leave_dataset_out,heldout_dataset=bci2a,seediv+p300,bci2a,majority_class,multi-branch fusion-induced reorganization,temporal_multiscale,bci2a,tsception,44,batch_temporal_lay,-1,1,0,0.5885829388843804
leave_dataset_out,heldout_dataset=bci2a,seediv+p300,bci2a,per_dataset_majority,multi-branch fusion-induced reorganization,temporal_multiscale,bci2a,tsception,44,batch_temporal_lay,-1,1,0,0.5885829388843804
leave_dataset_out,heldout_dataset=bci2a,seediv+p300,bci2a,taxonomy,multi-branch fusion-induced reorganization,fusion_classifier,bci2a,tsception,44,dense_layer,-1,-1,1,-0.3859887332073161
leave_dataset_out,heldout_dataset=bci2a,seediv+p300,bci2a,majority_class,multi-branch fusion-induced reorganization,fusion_classifier,bci2a,tsception,44,dense_layer,-1,-1,1,-0.3859887332073161
leave_dataset_out,heldout_dataset=bci2a,seediv+p300,bci2a,per_dataset_majority,multi-branch fusion-induced reorganization,fusion_classifier,bci2a,tsception,44,dense_layer,-1,-1,1,-0.3859887332073161
leave_dataset_out,heldout_dataset=bci2a,seediv+p300,bci2a,taxonomy,multi-branch fusion-induced reorganization,fusion_classifier,bci2a,tsception,44,final_layer,-1,-1,1,-0.9270923130422414
leave_dataset_out,heldout_dataset=bci2a,seediv+p300,bci2a,majority_class,multi-branch fusion-induced reorganization,fusion_classifier,bci2a,tsception,44,final_layer,-1,-1,1,-0.9270923130422414
leave_dataset_out,heldout_dataset=bci2a,seediv+p300,bci2a,per_dataset_majority,multi-branch fusion-induced reorganization,fusion_classifier,bci2a,tsception,44,final_layer,-1,-1,1,-0.9270923130422414
leave_dataset_out,heldout_dataset=bci2a,seediv+p300,bci2a,taxonomy,multi-branch fusion-induced reorganization,fusion_classifier,bci2a,tsception,44,logits,-1,-1,1,-0.9270923130422414
leave_dataset_out,heldout_dataset=bci2a,seediv+p300,bci2a,majority_class,multi-branch fusion-induced reorganization,fusion_classifier,bci2a,tsception,44,logits,-1,-1,1,-0.9270923130422414
leave_dataset_out,heldout_dataset=bci2a,seediv+p300,bci2a,per_dataset_majority,multi-branch fusion-induced reorganization,fusion_classifier,bci2a,tsception,44,logits,-1,-1,1,-0.9270923130422414
leave_dataset_out,heldout_dataset=bci2a,seediv+p300,bci2a,taxonomy,multi-branch fusion-induced reorganization,spatial_asymmetry,bci2a,tsception,44,spatial_block_1,-1,1,0,0.6303312734772254
leave_dataset_out,heldout_dataset=bci2a,seediv+p300,bci2a,majority_class,multi-branch fusion-induced reorganization,spatial_asymmetry,bci2a,tsception,44,spatial_block_1,-1,1,0,0.6303312734772254
leave_dataset_out,heldout_dataset=bci2a,seediv+p300,bci2a,per_dataset_majority,multi-branch fusion-induced reorganization,spatial_asymmetry,bci2a,tsception,44,spatial_block_1,-1,1,0,0.6303312734772254
leave_dataset_out,heldout_dataset=bci2a,seediv+p300,bci2a,taxonomy,multi-branch fusion-induced reorganization,spatial_asymmetry,bci2a,tsception,44,spatial_block_2,-1,1,0,0.8307823616624962
leave_dataset_out,heldout_dataset=bci2a,seediv+p300,bci2a,majority_class,multi-branch fusion-induced reorganization,spatial_asymmetry,bci2a,tsception,44,spatial_block_2,-1,1,0,0.8307823616624962
leave_dataset_out,heldout_dataset=bci2a,seediv+p300,bci2a,per_dataset_majority,multi-branch fusion-induced reorganization,spatial_asymmetry,bci2a,tsception,44,spatial_block_2,-1,1,0,0.8307823616624962
leave_dataset_out,heldout_dataset=bci2a,seediv+p300,bci2a,taxonomy,multi-branch fusion-induced reorganization,temporal_multiscale,bci2a,tsception,44,temporal_blocks.0,-1,-1,1,-0.826033511973882
leave_dataset_out,heldout_dataset=bci2a,seediv+p300,bci2a,majority_class,multi-branch fusion-induced reorganization,temporal_multiscale,bci2a,tsception,44,temporal_blocks.0,-1,-1,1,-0.826033511973882
leave_dataset_out,heldout_dataset=bci2a,seediv+p300,bci2a,per_dataset_majority,multi-branch fusion-induced reorganization,temporal_multiscale,bci2a,tsception,44,temporal_blocks.0,-1,-1,1,-0.826033511973882
leave_dataset_out,heldout_dataset=bci2a,seediv+p300,bci2a,taxonomy,multi-branch fusion-induced reorganization,temporal_multiscale,bci2a,tsception,44,temporal_blocks.1,-1,-1,1,-0.909172088154113
leave_dataset_out,heldout_dataset=bci2a,seediv+p300,bci2a,majority_class,multi-branch fusion-induced reorganization,temporal_multiscale,bci2a,tsception,44,temporal_blocks.1,-1,-1,1,-0.909172088154113
leave_dataset_out,heldout_dataset=bci2a,seediv+p300,bci2a,per_dataset_majority,multi-branch fusion-induced reorganization,temporal_multiscale,bci2a,tsception,44,temporal_blocks.1,-1,-1,1,-0.909172088154113
leave_dataset_out,heldout_dataset=bci2a,seediv+p300,bci2a,taxonomy,multi-branch fusion-induced reorganization,temporal_multiscale,bci2a,tsception,44,temporal_blocks.2,-1,-1,1,-0.8734921826301147
leave_dataset_out,heldout_dataset=bci2a,seediv+p300,bci2a,majority_class,multi-branch fusion-induced reorganization,temporal_multiscale,bci2a,tsception,44,temporal_blocks.2,-1,-1,1,-0.8734921826301147
leave_dataset_out,heldout_dataset=bci2a,seediv+p300,bci2a,per_dataset_majority,multi-branch fusion-induced reorganization,temporal_multiscale,bci2a,tsception,44,temporal_blocks.2,-1,-1,1,-0.8734921826301147
leave_dataset_out,heldout_dataset=bci2a,seediv+p300,bci2a,taxonomy,multi-branch fusion-induced reorganization,spatial_asymmetry,bci2a,tsception,45,batch_spatial_lay,-1,-1,1,-0.14911169877493247
leave_dataset_out,heldout_dataset=bci2a,seediv+p300,bci2a,majority_class,multi-branch fusion-induced reorganization,spatial_asymmetry,bci2a,tsception,45,batch_spatial_lay,-1,-1,1,-0.14911169877493247
leave_dataset_out,heldout_dataset=bci2a,seediv+p300,bci2a,per_dataset_majority,multi-branch fusion-induced reorganization,spatial_asymmetry,bci2a,tsception,45,batch_spatial_lay,-1,-1,1,-0.14911169877493247
leave_dataset_out,heldout_dataset=bci2a,seediv+p300,bci2a,taxonomy,multi-branch fusion-induced reorganization,temporal_multiscale,bci2a,tsception,45,batch_temporal_lay,-1,1,0,0.7307711174457705
leave_dataset_out,heldout_dataset=bci2a,seediv+p300,bci2a,majority_class,multi-branch fusion-induced reorganization,temporal_multiscale,bci2a,tsception,45,batch_temporal_lay,-1,1,0,0.7307711174457705
leave_dataset_out,heldout_dataset=bci2a,seediv+p300,bci2a,per_dataset_majority,multi-branch fusion-induced reorganization,temporal_multiscale,bci2a,tsception,45,batch_temporal_lay,-1,1,0,0.7307711174457705
leave_dataset_out,heldout_dataset=bci2a,seediv+p300,bci2a,taxonomy,multi-branch fusion-induced reorganization,fusion_classifier,bci2a,tsception,45,dense_layer,-1,-1,1,-0.18625743214917148
leave_dataset_out,heldout_dataset=bci2a,seediv+p300,bci2a,majority_class,multi-branch fusion-induced reorganization,fusion_classifier,bci2a,tsception,45,dense_layer,-1,-1,1,-0.18625743214917148
leave_dataset_out,heldout_dataset=bci2a,seediv+p300,bci2a,per_dataset_majority,multi-branch fusion-induced reorganization,fusion_classifier,bci2a,tsception,45,dense_layer,-1,-1,1,-0.18625743214917148
leave_dataset_out,heldout_dataset=bci2a,seediv+p300,bci2a,taxonomy,multi-branch fusion-induced reorganization,fusion_classifier,bci2a,tsception,45,final_layer,-1,-1,1,-0.8242326751757232
leave_dataset_out,heldout_dataset=bci2a,seediv+p300,bci2a,majority_class,multi-branch fusion-induced reorganization,fusion_classifier,bci2a,tsception,45,final_layer,-1,-1,1,-0.8242326751757232
leave_dataset_out,heldout_dataset=bci2a,seediv+p300,bci2a,per_dataset_majority,multi-branch fusion-induced reorganization,fusion_classifier,bci2a,tsception,45,final_layer,-1,-1,1,-0.8242326751757232
leave_dataset_out,heldout_dataset=bci2a,seediv+p300,bci2a,taxonomy,multi-branch fusion-induced reorganization,fusion_classifier,bci2a,tsception,45,logits,-1,-1,1,-0.8242326751757232
leave_dataset_out,heldout_dataset=bci2a,seediv+p300,bci2a,majority_class,multi-branch fusion-induced reorganization,fusion_classifier,bci2a,tsception,45,logits,-1,-1,1,-0.8242326751757232
leave_dataset_out,heldout_dataset=bci2a,seediv+p300,bci2a,per_dataset_majority,multi-branch fusion-induced reorganization,fusion_classifier,bci2a,tsception,45,logits,-1,-1,1,-0.8242326751757232
leave_dataset_out,heldout_dataset=bci2a,seediv+p300,bci2a,taxonomy,multi-branch fusion-induced reorganization,spatial_asymmetry,bci2a,tsception,45,spatial_block_1,-1,1,0,0.06157170362789873
leave_dataset_out,heldout_dataset=bci2a,seediv+p300,bci2a,majority_class,multi-branch fusion-induced reorganization,spatial_asymmetry,bci2a,tsception,45,spatial_block_1,-1,1,0,0.06157170362789873
leave_dataset_out,heldout_dataset=bci2a,seediv+p300,bci2a,per_dataset_majority,multi-branch fusion-induced reorganization,spatial_asymmetry,bci2a,tsception,45,spatial_block_1,-1,1,0,0.06157170362789873
leave_dataset_out,heldout_dataset=bci2a,seediv+p300,bci2a,taxonomy,multi-branch fusion-induced reorganization,spatial_asymmetry,bci2a,tsception,45,spatial_block_2,-1,1,0,0.7210288454836857
leave_dataset_out,heldout_dataset=bci2a,seediv+p300,bci2a,majority_class,multi-branch fusion-induced reorganization,spatial_asymmetry,bci2a,tsception,45,spatial_block_2,-1,1,0,0.7210288454836857
leave_dataset_out,heldout_dataset=bci2a,seediv+p300,bci2a,per_dataset_majority,multi-branch fusion-induced reorganization,spatial_asymmetry,bci2a,tsception,45,spatial_block_2,-1,1,0,0.7210288454836857
leave_dataset_out,heldout_dataset=bci2a,seediv+p300,bci2a,taxonomy,multi-branch fusion-induced reorganization,temporal_multiscale,bci2a,tsception,45,temporal_blocks.0,-1,-1,1,-0.8488209833900273
leave_dataset_out,heldout_dataset=bci2a,seediv+p300,bci2a,majority_class,multi-branch fusion-induced reorganization,temporal_multiscale,bci2a,tsception,45,temporal_blocks.0,-1,-1,1,-0.8488209833900273
leave_dataset_out,heldout_dataset=bci2a,seediv+p300,bci2a,per_dataset_majority,multi-branch fusion-induced reorganization,temporal_multiscale,bci2a,tsception,45,temporal_blocks.0,-1,-1,1,-0.8488209833900273
leave_dataset_out,heldout_dataset=bci2a,seediv+p300,bci2a,taxonomy,multi-branch fusion-induced reorganization,temporal_multiscale,bci2a,tsception,45,temporal_blocks.1,-1,-1,1,-0.8459030233992343
leave_dataset_out,heldout_dataset=bci2a,seediv+p300,bci2a,majority_class,multi-branch fusion-induced reorganization,temporal_multiscale,bci2a,tsception,45,temporal_blocks.1,-1,-1,1,-0.8459030233992343
leave_dataset_out,heldout_dataset=bci2a,seediv+p300,bci2a,per_dataset_majority,multi-branch fusion-induced reorganization,temporal_multiscale,bci2a,tsception,45,temporal_blocks.1,-1,-1,1,-0.8459030233992343
leave_dataset_out,heldout_dataset=bci2a,seediv+p300,bci2a,taxonomy,multi-branch fusion-induced reorganization,temporal_multiscale,bci2a,tsception,45,temporal_blocks.2,-1,-1,1,-0.715441359017135
leave_dataset_out,heldout_dataset=bci2a,seediv+p300,bci2a,majority_class,multi-branch fusion-induced reorganization,temporal_multiscale,bci2a,tsception,45,temporal_blocks.2,-1,-1,1,-0.715441359017135
leave_dataset_out,heldout_dataset=bci2a,seediv+p300,bci2a,per_dataset_majority,multi-branch fusion-induced reorganization,temporal_multiscale,bci2a,tsception,45,temporal_blocks.2,-1,-1,1,-0.715441359017135
leave_dataset_out,heldout_dataset=bci2a,seediv+p300,bci2a,taxonomy,multi-branch fusion-induced reorganization,spatial_asymmetry,bci2a,tsception,46,batch_spatial_lay,-1,-1,1,-0.4486629132154561
leave_dataset_out,heldout_dataset=bci2a,seediv+p300,bci2a,majority_class,multi-branch fusion-induced reorganization,spatial_asymmetry,bci2a,tsception,46,batch_spatial_lay,-1,-1,1,-0.4486629132154561
leave_dataset_out,heldout_dataset=bci2a,seediv+p300,bci2a,per_dataset_majority,multi-branch fusion-induced reorganization,spatial_asymmetry,bci2a,tsception,46,batch_spatial_lay,-1,-1,1,-0.4486629132154561
leave_dataset_out,heldout_dataset=bci2a,seediv+p300,bci2a,taxonomy,multi-branch fusion-induced reorganization,temporal_multiscale,bci2a,tsception,46,batch_temporal_lay,-1,1,0,0.7527753564424738
leave_dataset_out,heldout_dataset=bci2a,seediv+p300,bci2a,majority_class,multi-branch fusion-induced reorganization,temporal_multiscale,bci2a,tsception,46,batch_temporal_lay,-1,1,0,0.7527753564424738
leave_dataset_out,heldout_dataset=bci2a,seediv+p300,bci2a,per_dataset_majority,multi-branch fusion-induced reorganization,temporal_multiscale,bci2a,tsception,46,batch_temporal_lay,-1,1,0,0.7527753564424738
leave_dataset_out,heldout_dataset=bci2a,seediv+p300,bci2a,taxonomy,multi-branch fusion-induced reorganization,fusion_classifier,bci2a,tsception,46,dense_layer,-1,-1,1,-0.73676282794835
leave_dataset_out,heldout_dataset=bci2a,seediv+p300,bci2a,majority_class,multi-branch fusion-induced reorganization,fusion_classifier,bci2a,tsception,46,dense_layer,-1,-1,1,-0.73676282794835
leave_dataset_out,heldout_dataset=bci2a,seediv+p300,bci2a,per_dataset_majority,multi-branch fusion-induced reorganization,fusion_classifier,bci2a,tsception,46,dense_layer,-1,-1,1,-0.73676282794835
leave_dataset_out,heldout_dataset=bci2a,seediv+p300,bci2a,taxonomy,multi-branch fusion-induced reorganization,fusion_classifier,bci2a,tsception,46,final_layer,-1,-1,1,-0.9342607904709576
leave_dataset_out,heldout_dataset=bci2a,seediv+p300,bci2a,majority_class,multi-branch fusion-induced reorganization,fusion_classifier,bci2a,tsception,46,final_layer,-1,-1,1,-0.9342607904709576
leave_dataset_out,heldout_dataset=bci2a,seediv+p300,bci2a,per_dataset_majority,multi-branch fusion-induced reorganization,fusion_classifier,bci2a,tsception,46,final_layer,-1,-1,1,-0.9342607904709576
leave_dataset_out,heldout_dataset=bci2a,seediv+p300,bci2a,taxonomy,multi-branch fusion-induced reorganization,fusion_classifier,bci2a,tsception,46,logits,-1,-1,1,-0.9342607904709576
leave_dataset_out,heldout_dataset=bci2a,seediv+p300,bci2a,majority_class,multi-branch fusion-induced reorganization,fusion_classifier,bci2a,tsception,46,logits,-1,-1,1,-0.9342607904709576
leave_dataset_out,heldout_dataset=bci2a,seediv+p300,bci2a,per_dataset_majority,multi-branch fusion-induced reorganization,fusion_classifier,bci2a,tsception,46,logits,-1,-1,1,-0.9342607904709576
leave_dataset_out,heldout_dataset=bci2a,seediv+p300,bci2a,taxonomy,multi-branch fusion-induced reorganization,spatial_asymmetry,bci2a,tsception,46,spatial_block_1,-1,-1,1,-0.23214076949888263
leave_dataset_out,heldout_dataset=bci2a,seediv+p300,bci2a,majority_class,multi-branch fusion-induced reorganization,spatial_asymmetry,bci2a,tsception,46,spatial_block_1,-1,-1,1,-0.23214076949888263
leave_dataset_out,heldout_dataset=bci2a,seediv+p300,bci2a,per_dataset_majority,multi-branch fusion-induced reorganization,spatial_asymmetry,bci2a,tsception,46,spatial_block_1,-1,-1,1,-0.23214076949888263
leave_dataset_out,heldout_dataset=bci2a,seediv+p300,bci2a,taxonomy,multi-branch fusion-induced reorganization,spatial_asymmetry,bci2a,tsception,46,spatial_block_2,-1,1,0,0.37087844888181115
leave_dataset_out,heldout_dataset=bci2a,seediv+p300,bci2a,majority_class,multi-branch fusion-induced reorganization,spatial_asymmetry,bci2a,tsception,46,spatial_block_2,-1,1,0,0.37087844888181115
leave_dataset_out,heldout_dataset=bci2a,seediv+p300,bci2a,per_dataset_majority,multi-branch fusion-induced reorganization,spatial_asymmetry,bci2a,tsception,46,spatial_block_2,-1,1,0,0.37087844888181115
leave_dataset_out,heldout_dataset=bci2a,seediv+p300,bci2a,taxonomy,multi-branch fusion-induced reorganization,temporal_multiscale,bci2a,tsception,46,temporal_blocks.0,-1,-1,1,-0.6832294079325912
leave_dataset_out,heldout_dataset=bci2a,seediv+p300,bci2a,majority_class,multi-branch fusion-induced reorganization,temporal_multiscale,bci2a,tsception,46,temporal_blocks.0,-1,-1,1,-0.6832294079325912
leave_dataset_out,heldout_dataset=bci2a,seediv+p300,bci2a,per_dataset_majority,multi-branch fusion-induced reorganization,temporal_multiscale,bci2a,tsception,46,temporal_blocks.0,-1,-1,1,-0.6832294079325912
leave_dataset_out,heldout_dataset=bci2a,seediv+p300,bci2a,taxonomy,multi-branch fusion-induced reorganization,temporal_multiscale,bci2a,tsception,46,temporal_blocks.1,-1,-1,1,-0.5030228451789338
leave_dataset_out,heldout_dataset=bci2a,seediv+p300,bci2a,majority_class,multi-branch fusion-induced reorganization,temporal_multiscale,bci2a,tsception,46,temporal_blocks.1,-1,-1,1,-0.5030228451789338
leave_dataset_out,heldout_dataset=bci2a,seediv+p300,bci2a,per_dataset_majority,multi-branch fusion-induced reorganization,temporal_multiscale,bci2a,tsception,46,temporal_blocks.1,-1,-1,1,-0.5030228451789338
leave_dataset_out,heldout_dataset=bci2a,seediv+p300,bci2a,taxonomy,multi-branch fusion-induced reorganization,temporal_multiscale,bci2a,tsception,46,temporal_blocks.2,-1,-1,1,-0.8188679484252092
leave_dataset_out,heldout_dataset=bci2a,seediv+p300,bci2a,majority_class,multi-branch fusion-induced reorganization,temporal_multiscale,bci2a,tsception,46,temporal_blocks.2,-1,-1,1,-0.8188679484252092
leave_dataset_out,heldout_dataset=bci2a,seediv+p300,bci2a,per_dataset_majority,multi-branch fusion-induced reorganization,temporal_multiscale,bci2a,tsception,46,temporal_blocks.2,-1,-1,1,-0.8188679484252092
leave_dataset_out,heldout_dataset=bci2a,seediv+p300,bci2a,taxonomy,hybrid convolutional collapse with attention/TCN reorganization,attention,bci2a,atcnet,41,attention_blocks.0,-1,-1,1,-0.709207493415606
leave_dataset_out,heldout_dataset=bci2a,seediv+p300,bci2a,majority_class,hybrid convolutional collapse with attention/TCN reorganization,attention,bci2a,atcnet,41,attention_blocks.0,-1,-1,1,-0.709207493415606
leave_dataset_out,heldout_dataset=bci2a,seediv+p300,bci2a,per_dataset_majority,hybrid convolutional collapse with attention/TCN reorganization,attention,bci2a,atcnet,41,attention_blocks.0,-1,-1,1,-0.709207493415606
leave_dataset_out,heldout_dataset=bci2a,seediv+p300,bci2a,taxonomy,hybrid convolutional collapse with attention/TCN reorganization,attention,bci2a,atcnet,41,attention_blocks.2,-1,-1,1,-0.15935686126151577
leave_dataset_out,heldout_dataset=bci2a,seediv+p300,bci2a,majority_class,hybrid convolutional collapse with attention/TCN reorganization,attention,bci2a,atcnet,41,attention_blocks.2,-1,-1,1,-0.15935686126151577
leave_dataset_out,heldout_dataset=bci2a,seediv+p300,bci2a,per_dataset_majority,hybrid convolutional collapse with attention/TCN reorganization,attention,bci2a,atcnet,41,attention_blocks.2,-1,-1,1,-0.15935686126151577
leave_dataset_out,heldout_dataset=bci2a,seediv+p300,bci2a,taxonomy,hybrid convolutional collapse with attention/TCN reorganization,attention,bci2a,atcnet,41,attention_blocks.4,-1,-1,1,-0.7093441026570128
leave_dataset_out,heldout_dataset=bci2a,seediv+p300,bci2a,majority_class,hybrid convolutional collapse with attention/TCN reorganization,attention,bci2a,atcnet,41,attention_blocks.4,-1,-1,1,-0.7093441026570128
leave_dataset_out,heldout_dataset=bci2a,seediv+p300,bci2a,per_dataset_majority,hybrid convolutional collapse with attention/TCN reorganization,attention,bci2a,atcnet,41,attention_blocks.4,-1,-1,1,-0.7093441026570128
leave_dataset_out,heldout_dataset=bci2a,seediv+p300,bci2a,taxonomy,hybrid convolutional collapse with attention/TCN reorganization,conv_projection,bci2a,atcnet,41,conv_block,1,1,1,0.6974766663670825
leave_dataset_out,heldout_dataset=bci2a,seediv+p300,bci2a,majority_class,hybrid convolutional collapse with attention/TCN reorganization,conv_projection,bci2a,atcnet,41,conv_block,-1,1,0,0.6974766663670825
leave_dataset_out,heldout_dataset=bci2a,seediv+p300,bci2a,per_dataset_majority,hybrid convolutional collapse with attention/TCN reorganization,conv_projection,bci2a,atcnet,41,conv_block,-1,1,0,0.6974766663670825
leave_dataset_out,heldout_dataset=bci2a,seediv+p300,bci2a,taxonomy,hybrid convolutional collapse with attention/TCN reorganization,classifier,bci2a,atcnet,41,final_layer.0,1,-1,0,-0.7999144422087329
leave_dataset_out,heldout_dataset=bci2a,seediv+p300,bci2a,majority_class,hybrid convolutional collapse with attention/TCN reorganization,classifier,bci2a,atcnet,41,final_layer.0,-1,-1,1,-0.7999144422087329
leave_dataset_out,heldout_dataset=bci2a,seediv+p300,bci2a,per_dataset_majority,hybrid convolutional collapse with attention/TCN reorganization,classifier,bci2a,atcnet,41,final_layer.0,-1,-1,1,-0.7999144422087329
leave_dataset_out,heldout_dataset=bci2a,seediv+p300,bci2a,taxonomy,hybrid convolutional collapse with attention/TCN reorganization,classifier,bci2a,atcnet,41,final_layer.4,1,-1,0,-0.6463304723516359
leave_dataset_out,heldout_dataset=bci2a,seediv+p300,bci2a,majority_class,hybrid convolutional collapse with attention/TCN reorganization,classifier,bci2a,atcnet,41,final_layer.4,-1,-1,1,-0.6463304723516359
leave_dataset_out,heldout_dataset=bci2a,seediv+p300,bci2a,per_dataset_majority,hybrid convolutional collapse with attention/TCN reorganization,classifier,bci2a,atcnet,41,final_layer.4,-1,-1,1,-0.6463304723516359
leave_dataset_out,heldout_dataset=bci2a,seediv+p300,bci2a,taxonomy,hybrid convolutional collapse with attention/TCN reorganization,classifier,bci2a,atcnet,41,logits,1,-1,0,-0.6492590350926829
leave_dataset_out,heldout_dataset=bci2a,seediv+p300,bci2a,majority_class,hybrid convolutional collapse with attention/TCN reorganization,classifier,bci2a,atcnet,41,logits,-1,-1,1,-0.6492590350926829
leave_dataset_out,heldout_dataset=bci2a,seediv+p300,bci2a,per_dataset_majority,hybrid convolutional collapse with attention/TCN reorganization,classifier,bci2a,atcnet,41,logits,-1,-1,1,-0.6492590350926829
leave_dataset_out,heldout_dataset=bci2a,seediv+p300,bci2a,taxonomy,hybrid convolutional collapse with attention/TCN reorganization,tcn,bci2a,atcnet,41,temporal_conv_nets.0,-1,-1,1,-0.669889799441455
leave_dataset_out,heldout_dataset=bci2a,seediv+p300,bci2a,majority_class,hybrid convolutional collapse with attention/TCN reorganization,tcn,bci2a,atcnet,41,temporal_conv_nets.0,-1,-1,1,-0.669889799441455
leave_dataset_out,heldout_dataset=bci2a,seediv+p300,bci2a,per_dataset_majority,hybrid convolutional collapse with attention/TCN reorganization,tcn,bci2a,atcnet,41,temporal_conv_nets.0,-1,-1,1,-0.669889799441455
leave_dataset_out,heldout_dataset=bci2a,seediv+p300,bci2a,taxonomy,hybrid convolutional collapse with attention/TCN reorganization,tcn,bci2a,atcnet,41,temporal_conv_nets.2,-1,-1,1,-0.2982139327722423
leave_dataset_out,heldout_dataset=bci2a,seediv+p300,bci2a,majority_class,hybrid convolutional collapse with attention/TCN reorganization,tcn,bci2a,atcnet,41,temporal_conv_nets.2,-1,-1,1,-0.2982139327722423
leave_dataset_out,heldout_dataset=bci2a,seediv+p300,bci2a,per_dataset_majority,hybrid convolutional collapse with attention/TCN reorganization,tcn,bci2a,atcnet,41,temporal_conv_nets.2,-1,-1,1,-0.2982139327722423
leave_dataset_out,heldout_dataset=bci2a,seediv+p300,bci2a,taxonomy,hybrid convolutional collapse with attention/TCN reorganization,tcn,bci2a,atcnet,41,temporal_conv_nets.4,-1,-1,1,-0.7029499272333173
leave_dataset_out,heldout_dataset=bci2a,seediv+p300,bci2a,majority_class,hybrid convolutional collapse with attention/TCN reorganization,tcn,bci2a,atcnet,41,temporal_conv_nets.4,-1,-1,1,-0.7029499272333173
leave_dataset_out,heldout_dataset=bci2a,seediv+p300,bci2a,per_dataset_majority,hybrid convolutional collapse with attention/TCN reorganization,tcn,bci2a,atcnet,41,temporal_conv_nets.4,-1,-1,1,-0.7029499272333173
leave_dataset_out,heldout_dataset=bci2a,seediv+p300,bci2a,taxonomy,hybrid convolutional collapse with attention/TCN reorganization,attention,bci2a,atcnet,42,attention_blocks.0,-1,-1,1,-0.8680538118963061
leave_dataset_out,heldout_dataset=bci2a,seediv+p300,bci2a,majority_class,hybrid convolutional collapse with attention/TCN reorganization,attention,bci2a,atcnet,42,attention_blocks.0,-1,-1,1,-0.8680538118963061
leave_dataset_out,heldout_dataset=bci2a,seediv+p300,bci2a,per_dataset_majority,hybrid convolutional collapse with attention/TCN reorganization,attention,bci2a,atcnet,42,attention_blocks.0,-1,-1,1,-0.8680538118963061
leave_dataset_out,heldout_dataset=bci2a,seediv+p300,bci2a,taxonomy,hybrid convolutional collapse with attention/TCN reorganization,attention,bci2a,atcnet,42,attention_blocks.2,-1,-1,1,-0.4029073104380019
leave_dataset_out,heldout_dataset=bci2a,seediv+p300,bci2a,majority_class,hybrid convolutional collapse with attention/TCN reorganization,attention,bci2a,atcnet,42,attention_blocks.2,-1,-1,1,-0.4029073104380019
leave_dataset_out,heldout_dataset=bci2a,seediv+p300,bci2a,per_dataset_majority,hybrid convolutional collapse with attention/TCN reorganization,attention,bci2a,atcnet,42,attention_blocks.2,-1,-1,1,-0.4029073104380019
leave_dataset_out,heldout_dataset=bci2a,seediv+p300,bci2a,taxonomy,hybrid convolutional collapse with attention/TCN reorganization,attention,bci2a,atcnet,42,attention_blocks.4,-1,-1,1,-0.3789854811451753
leave_dataset_out,heldout_dataset=bci2a,seediv+p300,bci2a,majority_class,hybrid convolutional collapse with attention/TCN reorganization,attention,bci2a,atcnet,42,attention_blocks.4,-1,-1,1,-0.3789854811451753
leave_dataset_out,heldout_dataset=bci2a,seediv+p300,bci2a,per_dataset_majority,hybrid convolutional collapse with attention/TCN reorganization,attention,bci2a,atcnet,42,attention_blocks.4,-1,-1,1,-0.3789854811451753
leave_dataset_out,heldout_dataset=bci2a,seediv+p300,bci2a,taxonomy,hybrid convolutional collapse with attention/TCN reorganization,conv_projection,bci2a,atcnet,42,conv_block,1,1,1,0.7463675769447244
leave_dataset_out,heldout_dataset=bci2a,seediv+p300,bci2a,majority_class,hybrid convolutional collapse with attention/TCN reorganization,conv_projection,bci2a,atcnet,42,conv_block,-1,1,0,0.7463675769447244
leave_dataset_out,heldout_dataset=bci2a,seediv+p300,bci2a,per_dataset_majority,hybrid convolutional collapse with attention/TCN reorganization,conv_projection,bci2a,atcnet,42,conv_block,-1,1,0,0.7463675769447244
leave_dataset_out,heldout_dataset=bci2a,seediv+p300,bci2a,taxonomy,hybrid convolutional collapse with attention/TCN reorganization,classifier,bci2a,atcnet,42,final_layer.0,1,-1,0,-0.662150537269023
leave_dataset_out,heldout_dataset=bci2a,seediv+p300,bci2a,majority_class,hybrid convolutional collapse with attention/TCN reorganization,classifier,bci2a,atcnet,42,final_layer.0,-1,-1,1,-0.662150537269023
leave_dataset_out,heldout_dataset=bci2a,seediv+p300,bci2a,per_dataset_majority,hybrid convolutional collapse with attention/TCN reorganization,classifier,bci2a,atcnet,42,final_layer.0,-1,-1,1,-0.662150537269023
leave_dataset_out,heldout_dataset=bci2a,seediv+p300,bci2a,taxonomy,hybrid convolutional collapse with attention/TCN reorganization,classifier,bci2a,atcnet,42,final_layer.4,1,1,1,0.29763544292377736
leave_dataset_out,heldout_dataset=bci2a,seediv+p300,bci2a,majority_class,hybrid convolutional collapse with attention/TCN reorganization,classifier,bci2a,atcnet,42,final_layer.4,-1,1,0,0.29763544292377736
leave_dataset_out,heldout_dataset=bci2a,seediv+p300,bci2a,per_dataset_majority,hybrid convolutional collapse with attention/TCN reorganization,classifier,bci2a,atcnet,42,final_layer.4,-1,1,0,0.29763544292377736
leave_dataset_out,heldout_dataset=bci2a,seediv+p300,bci2a,taxonomy,hybrid convolutional collapse with attention/TCN reorganization,classifier,bci2a,atcnet,42,logits,1,-1,0,-0.18932815043062
leave_dataset_out,heldout_dataset=bci2a,seediv+p300,bci2a,majority_class,hybrid convolutional collapse with attention/TCN reorganization,classifier,bci2a,atcnet,42,logits,-1,-1,1,-0.18932815043062
leave_dataset_out,heldout_dataset=bci2a,seediv+p300,bci2a,per_dataset_majority,hybrid convolutional collapse with attention/TCN reorganization,classifier,bci2a,atcnet,42,logits,-1,-1,1,-0.18932815043062
leave_dataset_out,heldout_dataset=bci2a,seediv+p300,bci2a,taxonomy,hybrid convolutional collapse with attention/TCN reorganization,tcn,bci2a,atcnet,42,temporal_conv_nets.0,-1,-1,1,-0.6475243367497427
leave_dataset_out,heldout_dataset=bci2a,seediv+p300,bci2a,majority_class,hybrid convolutional collapse with attention/TCN reorganization,tcn,bci2a,atcnet,42,temporal_conv_nets.0,-1,-1,1,-0.6475243367497427
leave_dataset_out,heldout_dataset=bci2a,seediv+p300,bci2a,per_dataset_majority,hybrid convolutional collapse with attention/TCN reorganization,tcn,bci2a,atcnet,42,temporal_conv_nets.0,-1,-1,1,-0.6475243367497427
leave_dataset_out,heldout_dataset=bci2a,seediv+p300,bci2a,taxonomy,hybrid convolutional collapse with attention/TCN reorganization,tcn,bci2a,atcnet,42,temporal_conv_nets.2,-1,1,0,0.3565878288682508
leave_dataset_out,heldout_dataset=bci2a,seediv+p300,bci2a,majority_class,hybrid convolutional collapse with attention/TCN reorganization,tcn,bci2a,atcnet,42,temporal_conv_nets.2,-1,1,0,0.3565878288682508
leave_dataset_out,heldout_dataset=bci2a,seediv+p300,bci2a,per_dataset_majority,hybrid convolutional collapse with attention/TCN reorganization,tcn,bci2a,atcnet,42,temporal_conv_nets.2,-1,1,0,0.3565878288682508
leave_dataset_out,heldout_dataset=bci2a,seediv+p300,bci2a,taxonomy,hybrid convolutional collapse with attention/TCN reorganization,tcn,bci2a,atcnet,42,temporal_conv_nets.4,-1,1,0,0.32615209973059267
leave_dataset_out,heldout_dataset=bci2a,seediv+p300,bci2a,majority_class,hybrid convolutional collapse with attention/TCN reorganization,tcn,bci2a,atcnet,42,temporal_conv_nets.4,-1,1,0,0.32615209973059267
leave_dataset_out,heldout_dataset=bci2a,seediv+p300,bci2a,per_dataset_majority,hybrid convolutional collapse with attention/TCN reorganization,tcn,bci2a,atcnet,42,temporal_conv_nets.4,-1,1,0,0.32615209973059267
leave_dataset_out,heldout_dataset=bci2a,seediv+p300,bci2a,taxonomy,hybrid convolutional collapse with attention/TCN reorganization,attention,bci2a,atcnet,43,attention_blocks.0,-1,-1,1,-0.09578277455113555
leave_dataset_out,heldout_dataset=bci2a,seediv+p300,bci2a,majority_class,hybrid convolutional collapse with attention/TCN reorganization,attention,bci2a,atcnet,43,attention_blocks.0,-1,-1,1,-0.09578277455113555
leave_dataset_out,heldout_dataset=bci2a,seediv+p300,bci2a,per_dataset_majority,hybrid convolutional collapse with attention/TCN reorganization,attention,bci2a,atcnet,43,attention_blocks.0,-1,-1,1,-0.09578277455113555
leave_dataset_out,heldout_dataset=bci2a,seediv+p300,bci2a,taxonomy,hybrid convolutional collapse with attention/TCN reorganization,attention,bci2a,atcnet,43,attention_blocks.2,-1,-1,1,-0.525309077738145
leave_dataset_out,heldout_dataset=bci2a,seediv+p300,bci2a,majority_class,hybrid convolutional collapse with attention/TCN reorganization,attention,bci2a,atcnet,43,attention_blocks.2,-1,-1,1,-0.525309077738145
leave_dataset_out,heldout_dataset=bci2a,seediv+p300,bci2a,per_dataset_majority,hybrid convolutional collapse with attention/TCN reorganization,attention,bci2a,atcnet,43,attention_blocks.2,-1,-1,1,-0.525309077738145
leave_dataset_out,heldout_dataset=bci2a,seediv+p300,bci2a,taxonomy,hybrid convolutional collapse with attention/TCN reorganization,attention,bci2a,atcnet,43,attention_blocks.4,-1,1,0,0.9495364871199271
leave_dataset_out,heldout_dataset=bci2a,seediv+p300,bci2a,majority_class,hybrid convolutional collapse with attention/TCN reorganization,attention,bci2a,atcnet,43,attention_blocks.4,-1,1,0,0.9495364871199271
leave_dataset_out,heldout_dataset=bci2a,seediv+p300,bci2a,per_dataset_majority,hybrid convolutional collapse with attention/TCN reorganization,attention,bci2a,atcnet,43,attention_blocks.4,-1,1,0,0.9495364871199271
leave_dataset_out,heldout_dataset=bci2a,seediv+p300,bci2a,taxonomy,hybrid convolutional collapse with attention/TCN reorganization,conv_projection,bci2a,atcnet,43,conv_block,1,1,1,0.7242669264493622
leave_dataset_out,heldout_dataset=bci2a,seediv+p300,bci2a,majority_class,hybrid convolutional collapse with attention/TCN reorganization,conv_projection,bci2a,atcnet,43,conv_block,-1,1,0,0.7242669264493622
leave_dataset_out,heldout_dataset=bci2a,seediv+p300,bci2a,per_dataset_majority,hybrid convolutional collapse with attention/TCN reorganization,conv_projection,bci2a,atcnet,43,conv_block,-1,1,0,0.7242669264493622
leave_dataset_out,heldout_dataset=bci2a,seediv+p300,bci2a,taxonomy,hybrid convolutional collapse with attention/TCN reorganization,classifier,bci2a,atcnet,43,final_layer.0,1,-1,0,-0.1658955284944344
leave_dataset_out,heldout_dataset=bci2a,seediv+p300,bci2a,majority_class,hybrid convolutional collapse with attention/TCN reorganization,classifier,bci2a,atcnet,43,final_layer.0,-1,-1,1,-0.1658955284944344
leave_dataset_out,heldout_dataset=bci2a,seediv+p300,bci2a,per_dataset_majority,hybrid convolutional collapse with attention/TCN reorganization,classifier,bci2a,atcnet,43,final_layer.0,-1,-1,1,-0.1658955284944344
leave_dataset_out,heldout_dataset=bci2a,seediv+p300,bci2a,taxonomy,hybrid convolutional collapse with attention/TCN reorganization,classifier,bci2a,atcnet,43,final_layer.4,1,1,1,0.8236462198161618
leave_dataset_out,heldout_dataset=bci2a,seediv+p300,bci2a,majority_class,hybrid convolutional collapse with attention/TCN reorganization,classifier,bci2a,atcnet,43,final_layer.4,-1,1,0,0.8236462198161618
leave_dataset_out,heldout_dataset=bci2a,seediv+p300,bci2a,per_dataset_majority,hybrid convolutional collapse with attention/TCN reorganization,classifier,bci2a,atcnet,43,final_layer.4,-1,1,0,0.8236462198161618
leave_dataset_out,heldout_dataset=bci2a,seediv+p300,bci2a,taxonomy,hybrid convolutional collapse with attention/TCN reorganization,classifier,bci2a,atcnet,43,logits,1,-1,0,-0.22005009730715322
leave_dataset_out,heldout_dataset=bci2a,seediv+p300,bci2a,majority_class,hybrid convolutional collapse with attention/TCN reorganization,classifier,bci2a,atcnet,43,logits,-1,-1,1,-0.22005009730715322
leave_dataset_out,heldout_dataset=bci2a,seediv+p300,bci2a,per_dataset_majority,hybrid convolutional collapse with attention/TCN reorganization,classifier,bci2a,atcnet,43,logits,-1,-1,1,-0.22005009730715322
leave_dataset_out,heldout_dataset=bci2a,seediv+p300,bci2a,taxonomy,hybrid convolutional collapse with attention/TCN reorganization,tcn,bci2a,atcnet,43,temporal_conv_nets.0,-1,1,0,0.04983220219297001
leave_dataset_out,heldout_dataset=bci2a,seediv+p300,bci2a,majority_class,hybrid convolutional collapse with attention/TCN reorganization,tcn,bci2a,atcnet,43,temporal_conv_nets.0,-1,1,0,0.04983220219297001
leave_dataset_out,heldout_dataset=bci2a,seediv+p300,bci2a,per_dataset_majority,hybrid convolutional collapse with attention/TCN reorganization,tcn,bci2a,atcnet,43,temporal_conv_nets.0,-1,1,0,0.04983220219297001
leave_dataset_out,heldout_dataset=bci2a,seediv+p300,bci2a,taxonomy,hybrid convolutional collapse with attention/TCN reorganization,tcn,bci2a,atcnet,43,temporal_conv_nets.2,-1,-1,1,-0.5641259011840896
leave_dataset_out,heldout_dataset=bci2a,seediv+p300,bci2a,majority_class,hybrid convolutional collapse with attention/TCN reorganization,tcn,bci2a,atcnet,43,temporal_conv_nets.2,-1,-1,1,-0.5641259011840896
leave_dataset_out,heldout_dataset=bci2a,seediv+p300,bci2a,per_dataset_majority,hybrid convolutional collapse with attention/TCN reorganization,tcn,bci2a,atcnet,43,temporal_conv_nets.2,-1,-1,1,-0.5641259011840896
leave_dataset_out,heldout_dataset=bci2a,seediv+p300,bci2a,taxonomy,hybrid convolutional collapse with attention/TCN reorganization,tcn,bci2a,atcnet,43,temporal_conv_nets.4,-1,1,0,0.8999284998606858
leave_dataset_out,heldout_dataset=bci2a,seediv+p300,bci2a,majority_class,hybrid convolutional collapse with attention/TCN reorganization,tcn,bci2a,atcnet,43,temporal_conv_nets.4,-1,1,0,0.8999284998606858
leave_dataset_out,heldout_dataset=bci2a,seediv+p300,bci2a,per_dataset_majority,hybrid convolutional collapse with attention/TCN reorganization,tcn,bci2a,atcnet,43,temporal_conv_nets.4,-1,1,0,0.8999284998606858
leave_dataset_out,heldout_dataset=bci2a,seediv+p300,bci2a,taxonomy,hybrid convolutional collapse with attention/TCN reorganization,attention,bci2a,atcnet,44,attention_blocks.0,-1,-1,1,-0.22550827510537613
leave_dataset_out,heldout_dataset=bci2a,seediv+p300,bci2a,majority_class,hybrid convolutional collapse with attention/TCN reorganization,attention,bci2a,atcnet,44,attention_blocks.0,-1,-1,1,-0.22550827510537613
leave_dataset_out,heldout_dataset=bci2a,seediv+p300,bci2a,per_dataset_majority,hybrid convolutional collapse with attention/TCN reorganization,attention,bci2a,atcnet,44,attention_blocks.0,-1,-1,1,-0.22550827510537613
leave_dataset_out,heldout_dataset=bci2a,seediv+p300,bci2a,taxonomy,hybrid convolutional collapse with attention/TCN reorganization,attention,bci2a,atcnet,44,attention_blocks.2,-1,-1,1,-0.6462143133030839
leave_dataset_out,heldout_dataset=bci2a,seediv+p300,bci2a,majority_class,hybrid convolutional collapse with attention/TCN reorganization,attention,bci2a,atcnet,44,attention_blocks.2,-1,-1,1,-0.6462143133030839
leave_dataset_out,heldout_dataset=bci2a,seediv+p300,bci2a,per_dataset_majority,hybrid convolutional collapse with attention/TCN reorganization,attention,bci2a,atcnet,44,attention_blocks.2,-1,-1,1,-0.6462143133030839
leave_dataset_out,heldout_dataset=bci2a,seediv+p300,bci2a,taxonomy,hybrid convolutional collapse with attention/TCN reorganization,attention,bci2a,atcnet,44,attention_blocks.4,-1,-1,1,-0.9085085677992392
leave_dataset_out,heldout_dataset=bci2a,seediv+p300,bci2a,majority_class,hybrid convolutional collapse with attention/TCN reorganization,attention,bci2a,atcnet,44,attention_blocks.4,-1,-1,1,-0.9085085677992392
leave_dataset_out,heldout_dataset=bci2a,seediv+p300,bci2a,per_dataset_majority,hybrid convolutional collapse with attention/TCN reorganization,attention,bci2a,atcnet,44,attention_blocks.4,-1,-1,1,-0.9085085677992392
leave_dataset_out,heldout_dataset=bci2a,seediv+p300,bci2a,taxonomy,hybrid convolutional collapse with attention/TCN reorganization,conv_projection,bci2a,atcnet,44,conv_block,1,1,1,0.6770874102811194
leave_dataset_out,heldout_dataset=bci2a,seediv+p300,bci2a,majority_class,hybrid convolutional collapse with attention/TCN reorganization,conv_projection,bci2a,atcnet,44,conv_block,-1,1,0,0.6770874102811194
leave_dataset_out,heldout_dataset=bci2a,seediv+p300,bci2a,per_dataset_majority,hybrid convolutional collapse with attention/TCN reorganization,conv_projection,bci2a,atcnet,44,conv_block,-1,1,0,0.6770874102811194
leave_dataset_out,heldout_dataset=bci2a,seediv+p300,bci2a,taxonomy,hybrid convolutional collapse with attention/TCN reorganization,classifier,bci2a,atcnet,44,final_layer.0,1,1,1,0.11304610771962102
leave_dataset_out,heldout_dataset=bci2a,seediv+p300,bci2a,majority_class,hybrid convolutional collapse with attention/TCN reorganization,classifier,bci2a,atcnet,44,final_layer.0,-1,1,0,0.11304610771962102
leave_dataset_out,heldout_dataset=bci2a,seediv+p300,bci2a,per_dataset_majority,hybrid convolutional collapse with attention/TCN reorganization,classifier,bci2a,atcnet,44,final_layer.0,-1,1,0,0.11304610771962102
leave_dataset_out,heldout_dataset=bci2a,seediv+p300,bci2a,taxonomy,hybrid convolutional collapse with attention/TCN reorganization,classifier,bci2a,atcnet,44,final_layer.4,1,-1,0,-0.35953426018361906
leave_dataset_out,heldout_dataset=bci2a,seediv+p300,bci2a,majority_class,hybrid convolutional collapse with attention/TCN reorganization,classifier,bci2a,atcnet,44,final_layer.4,-1,-1,1,-0.35953426018361906
leave_dataset_out,heldout_dataset=bci2a,seediv+p300,bci2a,per_dataset_majority,hybrid convolutional collapse with attention/TCN reorganization,classifier,bci2a,atcnet,44,final_layer.4,-1,-1,1,-0.35953426018361906
leave_dataset_out,heldout_dataset=bci2a,seediv+p300,bci2a,taxonomy,hybrid convolutional collapse with attention/TCN reorganization,classifier,bci2a,atcnet,44,logits,1,-1,0,-0.45831054847577063
leave_dataset_out,heldout_dataset=bci2a,seediv+p300,bci2a,majority_class,hybrid convolutional collapse with attention/TCN reorganization,classifier,bci2a,atcnet,44,logits,-1,-1,1,-0.45831054847577063
leave_dataset_out,heldout_dataset=bci2a,seediv+p300,bci2a,per_dataset_majority,hybrid convolutional collapse with attention/TCN reorganization,classifier,bci2a,atcnet,44,logits,-1,-1,1,-0.45831054847577063
leave_dataset_out,heldout_dataset=bci2a,seediv+p300,bci2a,taxonomy,hybrid convolutional collapse with attention/TCN reorganization,tcn,bci2a,atcnet,44,temporal_conv_nets.0,-1,-1,1,-0.5929574724604089
leave_dataset_out,heldout_dataset=bci2a,seediv+p300,bci2a,majority_class,hybrid convolutional collapse with attention/TCN reorganization,tcn,bci2a,atcnet,44,temporal_conv_nets.0,-1,-1,1,-0.5929574724604089
leave_dataset_out,heldout_dataset=bci2a,seediv+p300,bci2a,per_dataset_majority,hybrid convolutional collapse with attention/TCN reorganization,tcn,bci2a,atcnet,44,temporal_conv_nets.0,-1,-1,1,-0.5929574724604089
leave_dataset_out,heldout_dataset=bci2a,seediv+p300,bci2a,taxonomy,hybrid convolutional collapse with attention/TCN reorganization,tcn,bci2a,atcnet,44,temporal_conv_nets.2,-1,-1,1,-0.3092091141717116
leave_dataset_out,heldout_dataset=bci2a,seediv+p300,bci2a,majority_class,hybrid convolutional collapse with attention/TCN reorganization,tcn,bci2a,atcnet,44,temporal_conv_nets.2,-1,-1,1,-0.3092091141717116
leave_dataset_out,heldout_dataset=bci2a,seediv+p300,bci2a,per_dataset_majority,hybrid convolutional collapse with attention/TCN reorganization,tcn,bci2a,atcnet,44,temporal_conv_nets.2,-1,-1,1,-0.3092091141717116
leave_dataset_out,heldout_dataset=bci2a,seediv+p300,bci2a,taxonomy,hybrid convolutional collapse with attention/TCN reorganization,tcn,bci2a,atcnet,44,temporal_conv_nets.4,-1,-1,1,-0.803733195132872
leave_dataset_out,heldout_dataset=bci2a,seediv+p300,bci2a,majority_class,hybrid convolutional collapse with attention/TCN reorganization,tcn,bci2a,atcnet,44,temporal_conv_nets.4,-1,-1,1,-0.803733195132872
leave_dataset_out,heldout_dataset=bci2a,seediv+p300,bci2a,per_dataset_majority,hybrid convolutional collapse with attention/TCN reorganization,tcn,bci2a,atcnet,44,temporal_conv_nets.4,-1,-1,1,-0.803733195132872
leave_dataset_out,heldout_dataset=bci2a,seediv+p300,bci2a,taxonomy,hybrid convolutional collapse with attention/TCN reorganization,attention,bci2a,atcnet,45,attention_blocks.0,-1,-1,1,-0.8912511488559072
leave_dataset_out,heldout_dataset=bci2a,seediv+p300,bci2a,majority_class,hybrid convolutional collapse with attention/TCN reorganization,attention,bci2a,atcnet,45,attention_blocks.0,-1,-1,1,-0.8912511488559072
leave_dataset_out,heldout_dataset=bci2a,seediv+p300,bci2a,per_dataset_majority,hybrid convolutional collapse with attention/TCN reorganization,attention,bci2a,atcnet,45,attention_blocks.0,-1,-1,1,-0.8912511488559072
leave_dataset_out,heldout_dataset=bci2a,seediv+p300,bci2a,taxonomy,hybrid convolutional collapse with attention/TCN reorganization,attention,bci2a,atcnet,45,attention_blocks.2,-1,-1,1,-0.7916949634745793
leave_dataset_out,heldout_dataset=bci2a,seediv+p300,bci2a,majority_class,hybrid convolutional collapse with attention/TCN reorganization,attention,bci2a,atcnet,45,attention_blocks.2,-1,-1,1,-0.7916949634745793
leave_dataset_out,heldout_dataset=bci2a,seediv+p300,bci2a,per_dataset_majority,hybrid convolutional collapse with attention/TCN reorganization,attention,bci2a,atcnet,45,attention_blocks.2,-1,-1,1,-0.7916949634745793
leave_dataset_out,heldout_dataset=bci2a,seediv+p300,bci2a,taxonomy,hybrid convolutional collapse with attention/TCN reorganization,attention,bci2a,atcnet,45,attention_blocks.4,-1,1,0,0.6428368073425962
leave_dataset_out,heldout_dataset=bci2a,seediv+p300,bci2a,majority_class,hybrid convolutional collapse with attention/TCN reorganization,attention,bci2a,atcnet,45,attention_blocks.4,-1,1,0,0.6428368073425962
leave_dataset_out,heldout_dataset=bci2a,seediv+p300,bci2a,per_dataset_majority,hybrid convolutional collapse with attention/TCN reorganization,attention,bci2a,atcnet,45,attention_blocks.4,-1,1,0,0.6428368073425962
leave_dataset_out,heldout_dataset=bci2a,seediv+p300,bci2a,taxonomy,hybrid convolutional collapse with attention/TCN reorganization,conv_projection,bci2a,atcnet,45,conv_block,1,1,1,0.8038105078703713
leave_dataset_out,heldout_dataset=bci2a,seediv+p300,bci2a,majority_class,hybrid convolutional collapse with attention/TCN reorganization,conv_projection,bci2a,atcnet,45,conv_block,-1,1,0,0.8038105078703713
leave_dataset_out,heldout_dataset=bci2a,seediv+p300,bci2a,per_dataset_majority,hybrid convolutional collapse with attention/TCN reorganization,conv_projection,bci2a,atcnet,45,conv_block,-1,1,0,0.8038105078703713
leave_dataset_out,heldout_dataset=bci2a,seediv+p300,bci2a,taxonomy,hybrid convolutional collapse with attention/TCN reorganization,classifier,bci2a,atcnet,45,final_layer.0,1,-1,0,-0.6495342309293801
leave_dataset_out,heldout_dataset=bci2a,seediv+p300,bci2a,majority_class,hybrid convolutional collapse with attention/TCN reorganization,classifier,bci2a,atcnet,45,final_layer.0,-1,-1,1,-0.6495342309293801
leave_dataset_out,heldout_dataset=bci2a,seediv+p300,bci2a,per_dataset_majority,hybrid convolutional collapse with attention/TCN reorganization,classifier,bci2a,atcnet,45,final_layer.0,-1,-1,1,-0.6495342309293801
leave_dataset_out,heldout_dataset=bci2a,seediv+p300,bci2a,taxonomy,hybrid convolutional collapse with attention/TCN reorganization,classifier,bci2a,atcnet,45,final_layer.4,1,1,1,0.5260340988739282
leave_dataset_out,heldout_dataset=bci2a,seediv+p300,bci2a,majority_class,hybrid convolutional collapse with attention/TCN reorganization,classifier,bci2a,atcnet,45,final_layer.4,-1,1,0,0.5260340988739282
leave_dataset_out,heldout_dataset=bci2a,seediv+p300,bci2a,per_dataset_majority,hybrid convolutional collapse with attention/TCN reorganization,classifier,bci2a,atcnet,45,final_layer.4,-1,1,0,0.5260340988739282
leave_dataset_out,heldout_dataset=bci2a,seediv+p300,bci2a,taxonomy,hybrid convolutional collapse with attention/TCN reorganization,classifier,bci2a,atcnet,45,logits,1,1,1,0.3766414051051586
leave_dataset_out,heldout_dataset=bci2a,seediv+p300,bci2a,majority_class,hybrid convolutional collapse with attention/TCN reorganization,classifier,bci2a,atcnet,45,logits,-1,1,0,0.3766414051051586
leave_dataset_out,heldout_dataset=bci2a,seediv+p300,bci2a,per_dataset_majority,hybrid convolutional collapse with attention/TCN reorganization,classifier,bci2a,atcnet,45,logits,-1,1,0,0.3766414051051586
leave_dataset_out,heldout_dataset=bci2a,seediv+p300,bci2a,taxonomy,hybrid convolutional collapse with attention/TCN reorganization,tcn,bci2a,atcnet,45,temporal_conv_nets.0,-1,-1,1,-0.7962100164765138
leave_dataset_out,heldout_dataset=bci2a,seediv+p300,bci2a,majority_class,hybrid convolutional collapse with attention/TCN reorganization,tcn,bci2a,atcnet,45,temporal_conv_nets.0,-1,-1,1,-0.7962100164765138
leave_dataset_out,heldout_dataset=bci2a,seediv+p300,bci2a,per_dataset_majority,hybrid convolutional collapse with attention/TCN reorganization,tcn,bci2a,atcnet,45,temporal_conv_nets.0,-1,-1,1,-0.7962100164765138
leave_dataset_out,heldout_dataset=bci2a,seediv+p300,bci2a,taxonomy,hybrid convolutional collapse with attention/TCN reorganization,tcn,bci2a,atcnet,45,temporal_conv_nets.2,-1,-1,1,-0.8936707477953928
leave_dataset_out,heldout_dataset=bci2a,seediv+p300,bci2a,majority_class,hybrid convolutional collapse with attention/TCN reorganization,tcn,bci2a,atcnet,45,temporal_conv_nets.2,-1,-1,1,-0.8936707477953928
leave_dataset_out,heldout_dataset=bci2a,seediv+p300,bci2a,per_dataset_majority,hybrid convolutional collapse with attention/TCN reorganization,tcn,bci2a,atcnet,45,temporal_conv_nets.2,-1,-1,1,-0.8936707477953928
leave_dataset_out,heldout_dataset=bci2a,seediv+p300,bci2a,taxonomy,hybrid convolutional collapse with attention/TCN reorganization,tcn,bci2a,atcnet,45,temporal_conv_nets.4,-1,1,0,0.753406905551524
leave_dataset_out,heldout_dataset=bci2a,seediv+p300,bci2a,majority_class,hybrid convolutional collapse with attention/TCN reorganization,tcn,bci2a,atcnet,45,temporal_conv_nets.4,-1,1,0,0.753406905551524
leave_dataset_out,heldout_dataset=bci2a,seediv+p300,bci2a,per_dataset_majority,hybrid convolutional collapse with attention/TCN reorganization,tcn,bci2a,atcnet,45,temporal_conv_nets.4,-1,1,0,0.753406905551524
leave_dataset_out,heldout_dataset=bci2a,seediv+p300,bci2a,taxonomy,hybrid convolutional collapse with attention/TCN reorganization,attention,bci2a,atcnet,46,attention_blocks.0,-1,-1,1,-0.5898409375474306
leave_dataset_out,heldout_dataset=bci2a,seediv+p300,bci2a,majority_class,hybrid convolutional collapse with attention/TCN reorganization,attention,bci2a,atcnet,46,attention_blocks.0,-1,-1,1,-0.5898409375474306
leave_dataset_out,heldout_dataset=bci2a,seediv+p300,bci2a,per_dataset_majority,hybrid convolutional collapse with attention/TCN reorganization,attention,bci2a,atcnet,46,attention_blocks.0,-1,-1,1,-0.5898409375474306
leave_dataset_out,heldout_dataset=bci2a,seediv+p300,bci2a,taxonomy,hybrid convolutional collapse with attention/TCN reorganization,attention,bci2a,atcnet,46,attention_blocks.2,-1,-1,1,-0.8192862593931728
leave_dataset_out,heldout_dataset=bci2a,seediv+p300,bci2a,majority_class,hybrid convolutional collapse with attention/TCN reorganization,attention,bci2a,atcnet,46,attention_blocks.2,-1,-1,1,-0.8192862593931728
leave_dataset_out,heldout_dataset=bci2a,seediv+p300,bci2a,per_dataset_majority,hybrid convolutional collapse with attention/TCN reorganization,attention,bci2a,atcnet,46,attention_blocks.2,-1,-1,1,-0.8192862593931728
leave_dataset_out,heldout_dataset=bci2a,seediv+p300,bci2a,taxonomy,hybrid convolutional collapse with attention/TCN reorganization,attention,bci2a,atcnet,46,attention_blocks.4,-1,1,0,0.830891400425839
leave_dataset_out,heldout_dataset=bci2a,seediv+p300,bci2a,majority_class,hybrid convolutional collapse with attention/TCN reorganization,attention,bci2a,atcnet,46,attention_blocks.4,-1,1,0,0.830891400425839
leave_dataset_out,heldout_dataset=bci2a,seediv+p300,bci2a,per_dataset_majority,hybrid convolutional collapse with attention/TCN reorganization,attention,bci2a,atcnet,46,attention_blocks.4,-1,1,0,0.830891400425839
leave_dataset_out,heldout_dataset=bci2a,seediv+p300,bci2a,taxonomy,hybrid convolutional collapse with attention/TCN reorganization,conv_projection,bci2a,atcnet,46,conv_block,1,1,1,0.7213896326057483
leave_dataset_out,heldout_dataset=bci2a,seediv+p300,bci2a,majority_class,hybrid convolutional collapse with attention/TCN reorganization,conv_projection,bci2a,atcnet,46,conv_block,-1,1,0,0.7213896326057483
leave_dataset_out,heldout_dataset=bci2a,seediv+p300,bci2a,per_dataset_majority,hybrid convolutional collapse with attention/TCN reorganization,conv_projection,bci2a,atcnet,46,conv_block,-1,1,0,0.7213896326057483
leave_dataset_out,heldout_dataset=bci2a,seediv+p300,bci2a,taxonomy,hybrid convolutional collapse with attention/TCN reorganization,classifier,bci2a,atcnet,46,final_layer.0,1,-1,0,-0.27008897374397395
leave_dataset_out,heldout_dataset=bci2a,seediv+p300,bci2a,majority_class,hybrid convolutional collapse with attention/TCN reorganization,classifier,bci2a,atcnet,46,final_layer.0,-1,-1,1,-0.27008897374397395
leave_dataset_out,heldout_dataset=bci2a,seediv+p300,bci2a,per_dataset_majority,hybrid convolutional collapse with attention/TCN reorganization,classifier,bci2a,atcnet,46,final_layer.0,-1,-1,1,-0.27008897374397395
leave_dataset_out,heldout_dataset=bci2a,seediv+p300,bci2a,taxonomy,hybrid convolutional collapse with attention/TCN reorganization,classifier,bci2a,atcnet,46,final_layer.4,1,1,1,0.1305680221492452
leave_dataset_out,heldout_dataset=bci2a,seediv+p300,bci2a,majority_class,hybrid convolutional collapse with attention/TCN reorganization,classifier,bci2a,atcnet,46,final_layer.4,-1,1,0,0.1305680221492452
leave_dataset_out,heldout_dataset=bci2a,seediv+p300,bci2a,per_dataset_majority,hybrid convolutional collapse with attention/TCN reorganization,classifier,bci2a,atcnet,46,final_layer.4,-1,1,0,0.1305680221492452
leave_dataset_out,heldout_dataset=bci2a,seediv+p300,bci2a,taxonomy,hybrid convolutional collapse with attention/TCN reorganization,classifier,bci2a,atcnet,46,logits,1,1,1,0.06055747179351103
leave_dataset_out,heldout_dataset=bci2a,seediv+p300,bci2a,majority_class,hybrid convolutional collapse with attention/TCN reorganization,classifier,bci2a,atcnet,46,logits,-1,1,0,0.06055747179351103
leave_dataset_out,heldout_dataset=bci2a,seediv+p300,bci2a,per_dataset_majority,hybrid convolutional collapse with attention/TCN reorganization,classifier,bci2a,atcnet,46,logits,-1,1,0,0.06055747179351103
leave_dataset_out,heldout_dataset=bci2a,seediv+p300,bci2a,taxonomy,hybrid convolutional collapse with attention/TCN reorganization,tcn,bci2a,atcnet,46,temporal_conv_nets.0,-1,-1,1,-0.5363816463297273
leave_dataset_out,heldout_dataset=bci2a,seediv+p300,bci2a,majority_class,hybrid convolutional collapse with attention/TCN reorganization,tcn,bci2a,atcnet,46,temporal_conv_nets.0,-1,-1,1,-0.5363816463297273
leave_dataset_out,heldout_dataset=bci2a,seediv+p300,bci2a,per_dataset_majority,hybrid convolutional collapse with attention/TCN reorganization,tcn,bci2a,atcnet,46,temporal_conv_nets.0,-1,-1,1,-0.5363816463297273
leave_dataset_out,heldout_dataset=bci2a,seediv+p300,bci2a,taxonomy,hybrid convolutional collapse with attention/TCN reorganization,tcn,bci2a,atcnet,46,temporal_conv_nets.2,-1,-1,1,-0.263419004525064
leave_dataset_out,heldout_dataset=bci2a,seediv+p300,bci2a,majority_class,hybrid convolutional collapse with attention/TCN reorganization,tcn,bci2a,atcnet,46,temporal_conv_nets.2,-1,-1,1,-0.263419004525064
leave_dataset_out,heldout_dataset=bci2a,seediv+p300,bci2a,per_dataset_majority,hybrid convolutional collapse with attention/TCN reorganization,tcn,bci2a,atcnet,46,temporal_conv_nets.2,-1,-1,1,-0.263419004525064
leave_dataset_out,heldout_dataset=bci2a,seediv+p300,bci2a,taxonomy,hybrid convolutional collapse with attention/TCN reorganization,tcn,bci2a,atcnet,46,temporal_conv_nets.4,-1,-1,1,-0.029925310176836303
leave_dataset_out,heldout_dataset=bci2a,seediv+p300,bci2a,majority_class,hybrid convolutional collapse with attention/TCN reorganization,tcn,bci2a,atcnet,46,temporal_conv_nets.4,-1,-1,1,-0.029925310176836303
leave_dataset_out,heldout_dataset=bci2a,seediv+p300,bci2a,per_dataset_majority,hybrid convolutional collapse with attention/TCN reorganization,tcn,bci2a,atcnet,46,temporal_conv_nets.4,-1,-1,1,-0.029925310176836303
leave_dataset_out,heldout_dataset=seediv,bci2a+p300,seediv,taxonomy,progressive collapse,early_filtering,seediv,eegnet,41,bnorm_1,1,1,1,0.8686604417977364
leave_dataset_out,heldout_dataset=seediv,bci2a+p300,seediv,majority_class,progressive collapse,early_filtering,seediv,eegnet,41,bnorm_1,-1,1,0,0.8686604417977364
leave_dataset_out,heldout_dataset=seediv,bci2a+p300,seediv,per_dataset_majority,progressive collapse,early_filtering,seediv,eegnet,41,bnorm_1,-1,1,0,0.8686604417977364
leave_dataset_out,heldout_dataset=seediv,bci2a+p300,seediv,taxonomy,progressive collapse,separable_body,seediv,eegnet,41,bnorm_2,1,1,1,0.7556090160021569
leave_dataset_out,heldout_dataset=seediv,bci2a+p300,seediv,majority_class,progressive collapse,separable_body,seediv,eegnet,41,bnorm_2,-1,1,0,0.7556090160021569
leave_dataset_out,heldout_dataset=seediv,bci2a+p300,seediv,per_dataset_majority,progressive collapse,separable_body,seediv,eegnet,41,bnorm_2,-1,1,0,0.7556090160021569
leave_dataset_out,heldout_dataset=seediv,bci2a+p300,seediv,taxonomy,progressive collapse,early_filtering,seediv,eegnet,41,bnorm_temporal,1,1,1,0.6180998729229736
leave_dataset_out,heldout_dataset=seediv,bci2a+p300,seediv,majority_class,progressive collapse,early_filtering,seediv,eegnet,41,bnorm_temporal,-1,1,0,0.6180998729229736
leave_dataset_out,heldout_dataset=seediv,bci2a+p300,seediv,per_dataset_majority,progressive collapse,early_filtering,seediv,eegnet,41,bnorm_temporal,-1,1,0,0.6180998729229736
leave_dataset_out,heldout_dataset=seediv,bci2a+p300,seediv,taxonomy,progressive collapse,separable_body,seediv,eegnet,41,conv_separable_depth,1,1,1,0.9326906235784035
leave_dataset_out,heldout_dataset=seediv,bci2a+p300,seediv,majority_class,progressive collapse,separable_body,seediv,eegnet,41,conv_separable_depth,-1,1,0,0.9326906235784035
leave_dataset_out,heldout_dataset=seediv,bci2a+p300,seediv,per_dataset_majority,progressive collapse,separable_body,seediv,eegnet,41,conv_separable_depth,-1,1,0,0.9326906235784035
leave_dataset_out,heldout_dataset=seediv,bci2a+p300,seediv,taxonomy,progressive collapse,separable_body,seediv,eegnet,41,conv_separable_point,1,1,1,0.9487322700383989
leave_dataset_out,heldout_dataset=seediv,bci2a+p300,seediv,majority_class,progressive collapse,separable_body,seediv,eegnet,41,conv_separable_point,-1,1,0,0.9487322700383989
leave_dataset_out,heldout_dataset=seediv,bci2a+p300,seediv,per_dataset_majority,progressive collapse,separable_body,seediv,eegnet,41,conv_separable_point,-1,1,0,0.9487322700383989
leave_dataset_out,heldout_dataset=seediv,bci2a+p300,seediv,taxonomy,progressive collapse,early_filtering,seediv,eegnet,41,conv_spatial,1,1,1,0.5904461082384581
leave_dataset_out,heldout_dataset=seediv,bci2a+p300,seediv,majority_class,progressive collapse,early_filtering,seediv,eegnet,41,conv_spatial,-1,1,0,0.5904461082384581
leave_dataset_out,heldout_dataset=seediv,bci2a+p300,seediv,per_dataset_majority,progressive collapse,early_filtering,seediv,eegnet,41,conv_spatial,-1,1,0,0.5904461082384581
leave_dataset_out,heldout_dataset=seediv,bci2a+p300,seediv,taxonomy,progressive collapse,early_filtering,seediv,eegnet,41,conv_temporal,1,1,1,0.10964195863290141
leave_dataset_out,heldout_dataset=seediv,bci2a+p300,seediv,majority_class,progressive collapse,early_filtering,seediv,eegnet,41,conv_temporal,-1,1,0,0.10964195863290141
leave_dataset_out,heldout_dataset=seediv,bci2a+p300,seediv,per_dataset_majority,progressive collapse,early_filtering,seediv,eegnet,41,conv_temporal,-1,1,0,0.10964195863290141
leave_dataset_out,heldout_dataset=seediv,bci2a+p300,seediv,taxonomy,progressive collapse,other,seediv,eegnet,41,elu_1,1,1,1,0.8561607389640081
leave_dataset_out,heldout_dataset=seediv,bci2a+p300,seediv,majority_class,progressive collapse,other,seediv,eegnet,41,elu_1,-1,1,0,0.8561607389640081
leave_dataset_out,heldout_dataset=seediv,bci2a+p300,seediv,per_dataset_majority,progressive collapse,other,seediv,eegnet,41,elu_1,-1,1,0,0.8561607389640081
leave_dataset_out,heldout_dataset=seediv,bci2a+p300,seediv,taxonomy,progressive collapse,other,seediv,eegnet,41,elu_2,1,1,1,0.7032256298877662
leave_dataset_out,heldout_dataset=seediv,bci2a+p300,seediv,majority_class,progressive collapse,other,seediv,eegnet,41,elu_2,-1,1,0,0.7032256298877662
leave_dataset_out,heldout_dataset=seediv,bci2a+p300,seediv,per_dataset_majority,progressive collapse,other,seediv,eegnet,41,elu_2,-1,1,0,0.7032256298877662
leave_dataset_out,heldout_dataset=seediv,bci2a+p300,seediv,taxonomy,progressive collapse,classifier,seediv,eegnet,41,final_layer.conv_classifier,1,1,1,0.7340213199857487
leave_dataset_out,heldout_dataset=seediv,bci2a+p300,seediv,majority_class,progressive collapse,classifier,seediv,eegnet,41,final_layer.conv_classifier,-1,1,0,0.7340213199857487
leave_dataset_out,heldout_dataset=seediv,bci2a+p300,seediv,per_dataset_majority,progressive collapse,classifier,seediv,eegnet,41,final_layer.conv_classifier,-1,1,0,0.7340213199857487
leave_dataset_out,heldout_dataset=seediv,bci2a+p300,seediv,taxonomy,progressive collapse,classifier,seediv,eegnet,41,logits,1,1,1,0.7340213199857487
leave_dataset_out,heldout_dataset=seediv,bci2a+p300,seediv,majority_class,progressive collapse,classifier,seediv,eegnet,41,logits,-1,1,0,0.7340213199857487
leave_dataset_out,heldout_dataset=seediv,bci2a+p300,seediv,per_dataset_majority,progressive collapse,classifier,seediv,eegnet,41,logits,-1,1,0,0.7340213199857487
leave_dataset_out,heldout_dataset=seediv,bci2a+p300,seediv,taxonomy,progressive collapse,other,seediv,eegnet,41,pool_1,1,1,1,0.8825230882985018
leave_dataset_out,heldout_dataset=seediv,bci2a+p300,seediv,majority_class,progressive collapse,other,seediv,eegnet,41,pool_1,-1,1,0,0.8825230882985018
leave_dataset_out,heldout_dataset=seediv,bci2a+p300,seediv,per_dataset_majority,progressive collapse,other,seediv,eegnet,41,pool_1,-1,1,0,0.8825230882985018
leave_dataset_out,heldout_dataset=seediv,bci2a+p300,seediv,taxonomy,progressive collapse,separable_body,seediv,eegnet,41,pool_2,1,1,1,0.48317028788072935
leave_dataset_out,heldout_dataset=seediv,bci2a+p300,seediv,majority_class,progressive collapse,separable_body,seediv,eegnet,41,pool_2,-1,1,0,0.48317028788072935
leave_dataset_out,heldout_dataset=seediv,bci2a+p300,seediv,per_dataset_majority,progressive collapse,separable_body,seediv,eegnet,41,pool_2,-1,1,0,0.48317028788072935
leave_dataset_out,heldout_dataset=seediv,bci2a+p300,seediv,taxonomy,progressive collapse,early_filtering,seediv,eegnet,42,bnorm_1,1,1,1,0.8531124193475073
leave_dataset_out,heldout_dataset=seediv,bci2a+p300,seediv,majority_class,progressive collapse,early_filtering,seediv,eegnet,42,bnorm_1,-1,1,0,0.8531124193475073
leave_dataset_out,heldout_dataset=seediv,bci2a+p300,seediv,per_dataset_majority,progressive collapse,early_filtering,seediv,eegnet,42,bnorm_1,-1,1,0,0.8531124193475073
leave_dataset_out,heldout_dataset=seediv,bci2a+p300,seediv,taxonomy,progressive collapse,separable_body,seediv,eegnet,42,bnorm_2,1,1,1,0.7620242155274779
leave_dataset_out,heldout_dataset=seediv,bci2a+p300,seediv,majority_class,progressive collapse,separable_body,seediv,eegnet,42,bnorm_2,-1,1,0,0.7620242155274779
leave_dataset_out,heldout_dataset=seediv,bci2a+p300,seediv,per_dataset_majority,progressive collapse,separable_body,seediv,eegnet,42,bnorm_2,-1,1,0,0.7620242155274779
leave_dataset_out,heldout_dataset=seediv,bci2a+p300,seediv,taxonomy,progressive collapse,early_filtering,seediv,eegnet,42,bnorm_temporal,1,1,1,0.7434841775474177
leave_dataset_out,heldout_dataset=seediv,bci2a+p300,seediv,majority_class,progressive collapse,early_filtering,seediv,eegnet,42,bnorm_temporal,-1,1,0,0.7434841775474177
leave_dataset_out,heldout_dataset=seediv,bci2a+p300,seediv,per_dataset_majority,progressive collapse,early_filtering,seediv,eegnet,42,bnorm_temporal,-1,1,0,0.7434841775474177
leave_dataset_out,heldout_dataset=seediv,bci2a+p300,seediv,taxonomy,progressive collapse,separable_body,seediv,eegnet,42,conv_separable_depth,1,1,1,0.881020641852743
leave_dataset_out,heldout_dataset=seediv,bci2a+p300,seediv,majority_class,progressive collapse,separable_body,seediv,eegnet,42,conv_separable_depth,-1,1,0,0.881020641852743
leave_dataset_out,heldout_dataset=seediv,bci2a+p300,seediv,per_dataset_majority,progressive collapse,separable_body,seediv,eegnet,42,conv_separable_depth,-1,1,0,0.881020641852743
leave_dataset_out,heldout_dataset=seediv,bci2a+p300,seediv,taxonomy,progressive collapse,separable_body,seediv,eegnet,42,conv_separable_point,1,1,1,0.8713299857944361
leave_dataset_out,heldout_dataset=seediv,bci2a+p300,seediv,majority_class,progressive collapse,separable_body,seediv,eegnet,42,conv_separable_point,-1,1,0,0.8713299857944361
leave_dataset_out,heldout_dataset=seediv,bci2a+p300,seediv,per_dataset_majority,progressive collapse,separable_body,seediv,eegnet,42,conv_separable_point,-1,1,0,0.8713299857944361
leave_dataset_out,heldout_dataset=seediv,bci2a+p300,seediv,taxonomy,progressive collapse,early_filtering,seediv,eegnet,42,conv_spatial,1,1,1,0.724905919156606
leave_dataset_out,heldout_dataset=seediv,bci2a+p300,seediv,majority_class,progressive collapse,early_filtering,seediv,eegnet,42,conv_spatial,-1,1,0,0.724905919156606
leave_dataset_out,heldout_dataset=seediv,bci2a+p300,seediv,per_dataset_majority,progressive collapse,early_filtering,seediv,eegnet,42,conv_spatial,-1,1,0,0.724905919156606
leave_dataset_out,heldout_dataset=seediv,bci2a+p300,seediv,taxonomy,progressive collapse,early_filtering,seediv,eegnet,42,conv_temporal,1,1,1,0.665409151198598
leave_dataset_out,heldout_dataset=seediv,bci2a+p300,seediv,majority_class,progressive collapse,early_filtering,seediv,eegnet,42,conv_temporal,-1,1,0,0.665409151198598
leave_dataset_out,heldout_dataset=seediv,bci2a+p300,seediv,per_dataset_majority,progressive collapse,early_filtering,seediv,eegnet,42,conv_temporal,-1,1,0,0.665409151198598
leave_dataset_out,heldout_dataset=seediv,bci2a+p300,seediv,taxonomy,progressive collapse,other,seediv,eegnet,42,elu_1,1,1,1,0.8341247139957799
leave_dataset_out,heldout_dataset=seediv,bci2a+p300,seediv,majority_class,progressive collapse,other,seediv,eegnet,42,elu_1,-1,1,0,0.8341247139957799
leave_dataset_out,heldout_dataset=seediv,bci2a+p300,seediv,per_dataset_majority,progressive collapse,other,seediv,eegnet,42,elu_1,-1,1,0,0.8341247139957799
leave_dataset_out,heldout_dataset=seediv,bci2a+p300,seediv,taxonomy,progressive collapse,other,seediv,eegnet,42,elu_2,1,1,1,0.7556987660405095
leave_dataset_out,heldout_dataset=seediv,bci2a+p300,seediv,majority_class,progressive collapse,other,seediv,eegnet,42,elu_2,-1,1,0,0.7556987660405095
leave_dataset_out,heldout_dataset=seediv,bci2a+p300,seediv,per_dataset_majority,progressive collapse,other,seediv,eegnet,42,elu_2,-1,1,0,0.7556987660405095
leave_dataset_out,heldout_dataset=seediv,bci2a+p300,seediv,taxonomy,progressive collapse,classifier,seediv,eegnet,42,final_layer.conv_classifier,1,1,1,0.4454047195525942
leave_dataset_out,heldout_dataset=seediv,bci2a+p300,seediv,majority_class,progressive collapse,classifier,seediv,eegnet,42,final_layer.conv_classifier,-1,1,0,0.4454047195525942
leave_dataset_out,heldout_dataset=seediv,bci2a+p300,seediv,per_dataset_majority,progressive collapse,classifier,seediv,eegnet,42,final_layer.conv_classifier,-1,1,0,0.4454047195525942
leave_dataset_out,heldout_dataset=seediv,bci2a+p300,seediv,taxonomy,progressive collapse,classifier,seediv,eegnet,42,logits,1,1,1,0.4454047195525942
leave_dataset_out,heldout_dataset=seediv,bci2a+p300,seediv,majority_class,progressive collapse,classifier,seediv,eegnet,42,logits,-1,1,0,0.4454047195525942
leave_dataset_out,heldout_dataset=seediv,bci2a+p300,seediv,per_dataset_majority,progressive collapse,classifier,seediv,eegnet,42,logits,-1,1,0,0.4454047195525942
leave_dataset_out,heldout_dataset=seediv,bci2a+p300,seediv,taxonomy,progressive collapse,other,seediv,eegnet,42,pool_1,1,1,1,0.8566275429406145
leave_dataset_out,heldout_dataset=seediv,bci2a+p300,seediv,majority_class,progressive collapse,other,seediv,eegnet,42,pool_1,-1,1,0,0.8566275429406145
leave_dataset_out,heldout_dataset=seediv,bci2a+p300,seediv,per_dataset_majority,progressive collapse,other,seediv,eegnet,42,pool_1,-1,1,0,0.8566275429406145
leave_dataset_out,heldout_dataset=seediv,bci2a+p300,seediv,taxonomy,progressive collapse,separable_body,seediv,eegnet,42,pool_2,1,1,1,0.6075195672364542
leave_dataset_out,heldout_dataset=seediv,bci2a+p300,seediv,majority_class,progressive collapse,separable_body,seediv,eegnet,42,pool_2,-1,1,0,0.6075195672364542
leave_dataset_out,heldout_dataset=seediv,bci2a+p300,seediv,per_dataset_majority,progressive collapse,separable_body,seediv,eegnet,42,pool_2,-1,1,0,0.6075195672364542
leave_dataset_out,heldout_dataset=seediv,bci2a+p300,seediv,taxonomy,progressive collapse,early_filtering,seediv,eegnet,43,bnorm_1,1,1,1,0.8488720967444454
leave_dataset_out,heldout_dataset=seediv,bci2a+p300,seediv,majority_class,progressive collapse,early_filtering,seediv,eegnet,43,bnorm_1,-1,1,0,0.8488720967444454
leave_dataset_out,heldout_dataset=seediv,bci2a+p300,seediv,per_dataset_majority,progressive collapse,early_filtering,seediv,eegnet,43,bnorm_1,-1,1,0,0.8488720967444454
leave_dataset_out,heldout_dataset=seediv,bci2a+p300,seediv,taxonomy,progressive collapse,separable_body,seediv,eegnet,43,bnorm_2,1,-1,0,-0.10406936995595956
leave_dataset_out,heldout_dataset=seediv,bci2a+p300,seediv,majority_class,progressive collapse,separable_body,seediv,eegnet,43,bnorm_2,-1,-1,1,-0.10406936995595956
leave_dataset_out,heldout_dataset=seediv,bci2a+p300,seediv,per_dataset_majority,progressive collapse,separable_body,seediv,eegnet,43,bnorm_2,-1,-1,1,-0.10406936995595956
leave_dataset_out,heldout_dataset=seediv,bci2a+p300,seediv,taxonomy,progressive collapse,early_filtering,seediv,eegnet,43,bnorm_temporal,1,1,1,0.7998489288971896
leave_dataset_out,heldout_dataset=seediv,bci2a+p300,seediv,majority_class,progressive collapse,early_filtering,seediv,eegnet,43,bnorm_temporal,-1,1,0,0.7998489288971896
leave_dataset_out,heldout_dataset=seediv,bci2a+p300,seediv,per_dataset_majority,progressive collapse,early_filtering,seediv,eegnet,43,bnorm_temporal,-1,1,0,0.7998489288971896
leave_dataset_out,heldout_dataset=seediv,bci2a+p300,seediv,taxonomy,progressive collapse,separable_body,seediv,eegnet,43,conv_separable_depth,1,1,1,0.8602676764968608
leave_dataset_out,heldout_dataset=seediv,bci2a+p300,seediv,majority_class,progressive collapse,separable_body,seediv,eegnet,43,conv_separable_depth,-1,1,0,0.8602676764968608
leave_dataset_out,heldout_dataset=seediv,bci2a+p300,seediv,per_dataset_majority,progressive collapse,separable_body,seediv,eegnet,43,conv_separable_depth,-1,1,0,0.8602676764968608
leave_dataset_out,heldout_dataset=seediv,bci2a+p300,seediv,taxonomy,progressive collapse,separable_body,seediv,eegnet,43,conv_separable_point,1,1,1,0.8682282843881778
leave_dataset_out,heldout_dataset=seediv,bci2a+p300,seediv,majority_class,progressive collapse,separable_body,seediv,eegnet,43,conv_separable_point,-1,1,0,0.8682282843881778
leave_dataset_out,heldout_dataset=seediv,bci2a+p300,seediv,per_dataset_majority,progressive collapse,separable_body,seediv,eegnet,43,conv_separable_point,-1,1,0,0.8682282843881778
leave_dataset_out,heldout_dataset=seediv,bci2a+p300,seediv,taxonomy,progressive collapse,early_filtering,seediv,eegnet,43,conv_spatial,1,1,1,0.8067066647571828
leave_dataset_out,heldout_dataset=seediv,bci2a+p300,seediv,majority_class,progressive collapse,early_filtering,seediv,eegnet,43,conv_spatial,-1,1,0,0.8067066647571828
leave_dataset_out,heldout_dataset=seediv,bci2a+p300,seediv,per_dataset_majority,progressive collapse,early_filtering,seediv,eegnet,43,conv_spatial,-1,1,0,0.8067066647571828
leave_dataset_out,heldout_dataset=seediv,bci2a+p300,seediv,taxonomy,progressive collapse,early_filtering,seediv,eegnet,43,conv_temporal,1,1,1,0.4849593454917536
leave_dataset_out,heldout_dataset=seediv,bci2a+p300,seediv,majority_class,progressive collapse,early_filtering,seediv,eegnet,43,conv_temporal,-1,1,0,0.4849593454917536
leave_dataset_out,heldout_dataset=seediv,bci2a+p300,seediv,per_dataset_majority,progressive collapse,early_filtering,seediv,eegnet,43,conv_temporal,-1,1,0,0.4849593454917536
leave_dataset_out,heldout_dataset=seediv,bci2a+p300,seediv,taxonomy,progressive collapse,other,seediv,eegnet,43,elu_1,1,1,1,0.837261541700548
leave_dataset_out,heldout_dataset=seediv,bci2a+p300,seediv,majority_class,progressive collapse,other,seediv,eegnet,43,elu_1,-1,1,0,0.837261541700548
leave_dataset_out,heldout_dataset=seediv,bci2a+p300,seediv,per_dataset_majority,progressive collapse,other,seediv,eegnet,43,elu_1,-1,1,0,0.837261541700548
leave_dataset_out,heldout_dataset=seediv,bci2a+p300,seediv,taxonomy,progressive collapse,other,seediv,eegnet,43,elu_2,1,-1,0,-0.07706131189935843
leave_dataset_out,heldout_dataset=seediv,bci2a+p300,seediv,majority_class,progressive collapse,other,seediv,eegnet,43,elu_2,-1,-1,1,-0.07706131189935843
leave_dataset_out,heldout_dataset=seediv,bci2a+p300,seediv,per_dataset_majority,progressive collapse,other,seediv,eegnet,43,elu_2,-1,-1,1,-0.07706131189935843
leave_dataset_out,heldout_dataset=seediv,bci2a+p300,seediv,taxonomy,progressive collapse,classifier,seediv,eegnet,43,final_layer.conv_classifier,1,-1,0,-0.06998048943777212
leave_dataset_out,heldout_dataset=seediv,bci2a+p300,seediv,majority_class,progressive collapse,classifier,seediv,eegnet,43,final_layer.conv_classifier,-1,-1,1,-0.06998048943777212
leave_dataset_out,heldout_dataset=seediv,bci2a+p300,seediv,per_dataset_majority,progressive collapse,classifier,seediv,eegnet,43,final_layer.conv_classifier,-1,-1,1,-0.06998048943777212
leave_dataset_out,heldout_dataset=seediv,bci2a+p300,seediv,taxonomy,progressive collapse,classifier,seediv,eegnet,43,logits,1,-1,0,-0.06998048943777212
leave_dataset_out,heldout_dataset=seediv,bci2a+p300,seediv,majority_class,progressive collapse,classifier,seediv,eegnet,43,logits,-1,-1,1,-0.06998048943777212
leave_dataset_out,heldout_dataset=seediv,bci2a+p300,seediv,per_dataset_majority,progressive collapse,classifier,seediv,eegnet,43,logits,-1,-1,1,-0.06998048943777212
leave_dataset_out,heldout_dataset=seediv,bci2a+p300,seediv,taxonomy,progressive collapse,other,seediv,eegnet,43,pool_1,1,1,1,0.8502565361632968
leave_dataset_out,heldout_dataset=seediv,bci2a+p300,seediv,majority_class,progressive collapse,other,seediv,eegnet,43,pool_1,-1,1,0,0.8502565361632968
leave_dataset_out,heldout_dataset=seediv,bci2a+p300,seediv,per_dataset_majority,progressive collapse,other,seediv,eegnet,43,pool_1,-1,1,0,0.8502565361632968
leave_dataset_out,heldout_dataset=seediv,bci2a+p300,seediv,taxonomy,progressive collapse,separable_body,seediv,eegnet,43,pool_2,1,1,1,0.03175152040391982
leave_dataset_out,heldout_dataset=seediv,bci2a+p300,seediv,majority_class,progressive collapse,separable_body,seediv,eegnet,43,pool_2,-1,1,0,0.03175152040391982
leave_dataset_out,heldout_dataset=seediv,bci2a+p300,seediv,per_dataset_majority,progressive collapse,separable_body,seediv,eegnet,43,pool_2,-1,1,0,0.03175152040391982
leave_dataset_out,heldout_dataset=seediv,bci2a+p300,seediv,taxonomy,progressive collapse,early_filtering,seediv,eegnet,44,bnorm_1,1,1,1,0.951195498082115
leave_dataset_out,heldout_dataset=seediv,bci2a+p300,seediv,majority_class,progressive collapse,early_filtering,seediv,eegnet,44,bnorm_1,-1,1,0,0.951195498082115
leave_dataset_out,heldout_dataset=seediv,bci2a+p300,seediv,per_dataset_majority,progressive collapse,early_filtering,seediv,eegnet,44,bnorm_1,-1,1,0,0.951195498082115
leave_dataset_out,heldout_dataset=seediv,bci2a+p300,seediv,taxonomy,progressive collapse,separable_body,seediv,eegnet,44,bnorm_2,1,1,1,0.35514387257358343
leave_dataset_out,heldout_dataset=seediv,bci2a+p300,seediv,majority_class,progressive collapse,separable_body,seediv,eegnet,44,bnorm_2,-1,1,0,0.35514387257358343
leave_dataset_out,heldout_dataset=seediv,bci2a+p300,seediv,per_dataset_majority,progressive collapse,separable_body,seediv,eegnet,44,bnorm_2,-1,1,0,0.35514387257358343
leave_dataset_out,heldout_dataset=seediv,bci2a+p300,seediv,taxonomy,progressive collapse,early_filtering,seediv,eegnet,44,bnorm_temporal,1,1,1,0.8547693584545674
leave_dataset_out,heldout_dataset=seediv,bci2a+p300,seediv,majority_class,progressive collapse,early_filtering,seediv,eegnet,44,bnorm_temporal,-1,1,0,0.8547693584545674
leave_dataset_out,heldout_dataset=seediv,bci2a+p300,seediv,per_dataset_majority,progressive collapse,early_filtering,seediv,eegnet,44,bnorm_temporal,-1,1,0,0.8547693584545674
leave_dataset_out,heldout_dataset=seediv,bci2a+p300,seediv,taxonomy,progressive collapse,separable_body,seediv,eegnet,44,conv_separable_depth,1,1,1,0.9575301485258391
leave_dataset_out,heldout_dataset=seediv,bci2a+p300,seediv,majority_class,progressive collapse,separable_body,seediv,eegnet,44,conv_separable_depth,-1,1,0,0.9575301485258391
leave_dataset_out,heldout_dataset=seediv,bci2a+p300,seediv,per_dataset_majority,progressive collapse,separable_body,seediv,eegnet,44,conv_separable_depth,-1,1,0,0.9575301485258391
leave_dataset_out,heldout_dataset=seediv,bci2a+p300,seediv,taxonomy,progressive collapse,separable_body,seediv,eegnet,44,conv_separable_point,1,1,1,0.9608773338660094
leave_dataset_out,heldout_dataset=seediv,bci2a+p300,seediv,majority_class,progressive collapse,separable_body,seediv,eegnet,44,conv_separable_point,-1,1,0,0.9608773338660094
leave_dataset_out,heldout_dataset=seediv,bci2a+p300,seediv,per_dataset_majority,progressive collapse,separable_body,seediv,eegnet,44,conv_separable_point,-1,1,0,0.9608773338660094
leave_dataset_out,heldout_dataset=seediv,bci2a+p300,seediv,taxonomy,progressive collapse,early_filtering,seediv,eegnet,44,conv_spatial,1,1,1,0.8143214463490624
leave_dataset_out,heldout_dataset=seediv,bci2a+p300,seediv,majority_class,progressive collapse,early_filtering,seediv,eegnet,44,conv_spatial,-1,1,0,0.8143214463490624
leave_dataset_out,heldout_dataset=seediv,bci2a+p300,seediv,per_dataset_majority,progressive collapse,early_filtering,seediv,eegnet,44,conv_spatial,-1,1,0,0.8143214463490624
leave_dataset_out,heldout_dataset=seediv,bci2a+p300,seediv,taxonomy,progressive collapse,early_filtering,seediv,eegnet,44,conv_temporal,1,1,1,0.917999043337101
leave_dataset_out,heldout_dataset=seediv,bci2a+p300,seediv,majority_class,progressive collapse,early_filtering,seediv,eegnet,44,conv_temporal,-1,1,0,0.917999043337101
leave_dataset_out,heldout_dataset=seediv,bci2a+p300,seediv,per_dataset_majority,progressive collapse,early_filtering,seediv,eegnet,44,conv_temporal,-1,1,0,0.917999043337101
leave_dataset_out,heldout_dataset=seediv,bci2a+p300,seediv,taxonomy,progressive collapse,other,seediv,eegnet,44,elu_1,1,1,1,0.9504803559294636
leave_dataset_out,heldout_dataset=seediv,bci2a+p300,seediv,majority_class,progressive collapse,other,seediv,eegnet,44,elu_1,-1,1,0,0.9504803559294636
leave_dataset_out,heldout_dataset=seediv,bci2a+p300,seediv,per_dataset_majority,progressive collapse,other,seediv,eegnet,44,elu_1,-1,1,0,0.9504803559294636
leave_dataset_out,heldout_dataset=seediv,bci2a+p300,seediv,taxonomy,progressive collapse,other,seediv,eegnet,44,elu_2,1,1,1,0.33726958126492423
leave_dataset_out,heldout_dataset=seediv,bci2a+p300,seediv,majority_class,progressive collapse,other,seediv,eegnet,44,elu_2,-1,1,0,0.33726958126492423
leave_dataset_out,heldout_dataset=seediv,bci2a+p300,seediv,per_dataset_majority,progressive collapse,other,seediv,eegnet,44,elu_2,-1,1,0,0.33726958126492423
leave_dataset_out,heldout_dataset=seediv,bci2a+p300,seediv,taxonomy,progressive collapse,classifier,seediv,eegnet,44,final_layer.conv_classifier,1,1,1,0.43070426717281146
leave_dataset_out,heldout_dataset=seediv,bci2a+p300,seediv,majority_class,progressive collapse,classifier,seediv,eegnet,44,final_layer.conv_classifier,-1,1,0,0.43070426717281146
leave_dataset_out,heldout_dataset=seediv,bci2a+p300,seediv,per_dataset_majority,progressive collapse,classifier,seediv,eegnet,44,final_layer.conv_classifier,-1,1,0,0.43070426717281146
leave_dataset_out,heldout_dataset=seediv,bci2a+p300,seediv,taxonomy,progressive collapse,classifier,seediv,eegnet,44,logits,1,1,1,0.43070426717281146
leave_dataset_out,heldout_dataset=seediv,bci2a+p300,seediv,majority_class,progressive collapse,classifier,seediv,eegnet,44,logits,-1,1,0,0.43070426717281146
leave_dataset_out,heldout_dataset=seediv,bci2a+p300,seediv,per_dataset_majority,progressive collapse,classifier,seediv,eegnet,44,logits,-1,1,0,0.43070426717281146
leave_dataset_out,heldout_dataset=seediv,bci2a+p300,seediv,taxonomy,progressive collapse,other,seediv,eegnet,44,pool_1,1,1,1,0.9484299571711674
leave_dataset_out,heldout_dataset=seediv,bci2a+p300,seediv,majority_class,progressive collapse,other,seediv,eegnet,44,pool_1,-1,1,0,0.9484299571711674
leave_dataset_out,heldout_dataset=seediv,bci2a+p300,seediv,per_dataset_majority,progressive collapse,other,seediv,eegnet,44,pool_1,-1,1,0,0.9484299571711674
leave_dataset_out,heldout_dataset=seediv,bci2a+p300,seediv,taxonomy,progressive collapse,separable_body,seediv,eegnet,44,pool_2,1,1,1,0.24433457076377774
leave_dataset_out,heldout_dataset=seediv,bci2a+p300,seediv,majority_class,progressive collapse,separable_body,seediv,eegnet,44,pool_2,-1,1,0,0.24433457076377774
leave_dataset_out,heldout_dataset=seediv,bci2a+p300,seediv,per_dataset_majority,progressive collapse,separable_body,seediv,eegnet,44,pool_2,-1,1,0,0.24433457076377774
leave_dataset_out,heldout_dataset=seediv,bci2a+p300,seediv,taxonomy,progressive collapse,early_filtering,seediv,eegnet,45,bnorm_1,1,1,1,0.8069584490684127
leave_dataset_out,heldout_dataset=seediv,bci2a+p300,seediv,majority_class,progressive collapse,early_filtering,seediv,eegnet,45,bnorm_1,-1,1,0,0.8069584490684127
leave_dataset_out,heldout_dataset=seediv,bci2a+p300,seediv,per_dataset_majority,progressive collapse,early_filtering,seediv,eegnet,45,bnorm_1,-1,1,0,0.8069584490684127
leave_dataset_out,heldout_dataset=seediv,bci2a+p300,seediv,taxonomy,progressive collapse,separable_body,seediv,eegnet,45,bnorm_2,1,1,1,0.4415717946352505
leave_dataset_out,heldout_dataset=seediv,bci2a+p300,seediv,majority_class,progressive collapse,separable_body,seediv,eegnet,45,bnorm_2,-1,1,0,0.4415717946352505
leave_dataset_out,heldout_dataset=seediv,bci2a+p300,seediv,per_dataset_majority,progressive collapse,separable_body,seediv,eegnet,45,bnorm_2,-1,1,0,0.4415717946352505
leave_dataset_out,heldout_dataset=seediv,bci2a+p300,seediv,taxonomy,progressive collapse,early_filtering,seediv,eegnet,45,bnorm_temporal,1,1,1,0.9326430806055926
leave_dataset_out,heldout_dataset=seediv,bci2a+p300,seediv,majority_class,progressive collapse,early_filtering,seediv,eegnet,45,bnorm_temporal,-1,1,0,0.9326430806055926
leave_dataset_out,heldout_dataset=seediv,bci2a+p300,seediv,per_dataset_majority,progressive collapse,early_filtering,seediv,eegnet,45,bnorm_temporal,-1,1,0,0.9326430806055926
leave_dataset_out,heldout_dataset=seediv,bci2a+p300,seediv,taxonomy,progressive collapse,separable_body,seediv,eegnet,45,conv_separable_depth,1,1,1,0.8196469641314581
leave_dataset_out,heldout_dataset=seediv,bci2a+p300,seediv,majority_class,progressive collapse,separable_body,seediv,eegnet,45,conv_separable_depth,-1,1,0,0.8196469641314581
leave_dataset_out,heldout_dataset=seediv,bci2a+p300,seediv,per_dataset_majority,progressive collapse,separable_body,seediv,eegnet,45,conv_separable_depth,-1,1,0,0.8196469641314581
leave_dataset_out,heldout_dataset=seediv,bci2a+p300,seediv,taxonomy,progressive collapse,separable_body,seediv,eegnet,45,conv_separable_point,1,1,1,0.8476054689951743
leave_dataset_out,heldout_dataset=seediv,bci2a+p300,seediv,majority_class,progressive collapse,separable_body,seediv,eegnet,45,conv_separable_point,-1,1,0,0.8476054689951743
leave_dataset_out,heldout_dataset=seediv,bci2a+p300,seediv,per_dataset_majority,progressive collapse,separable_body,seediv,eegnet,45,conv_separable_point,-1,1,0,0.8476054689951743
leave_dataset_out,heldout_dataset=seediv,bci2a+p300,seediv,taxonomy,progressive collapse,early_filtering,seediv,eegnet,45,conv_spatial,1,1,1,0.44652000928044844
leave_dataset_out,heldout_dataset=seediv,bci2a+p300,seediv,majority_class,progressive collapse,early_filtering,seediv,eegnet,45,conv_spatial,-1,1,0,0.44652000928044844
leave_dataset_out,heldout_dataset=seediv,bci2a+p300,seediv,per_dataset_majority,progressive collapse,early_filtering,seediv,eegnet,45,conv_spatial,-1,1,0,0.44652000928044844
leave_dataset_out,heldout_dataset=seediv,bci2a+p300,seediv,taxonomy,progressive collapse,early_filtering,seediv,eegnet,45,conv_temporal,1,1,1,0.5677491376128788
leave_dataset_out,heldout_dataset=seediv,bci2a+p300,seediv,majority_class,progressive collapse,early_filtering,seediv,eegnet,45,conv_temporal,-1,1,0,0.5677491376128788
leave_dataset_out,heldout_dataset=seediv,bci2a+p300,seediv,per_dataset_majority,progressive collapse,early_filtering,seediv,eegnet,45,conv_temporal,-1,1,0,0.5677491376128788
leave_dataset_out,heldout_dataset=seediv,bci2a+p300,seediv,taxonomy,progressive collapse,other,seediv,eegnet,45,elu_1,1,1,1,0.7877661905894496
leave_dataset_out,heldout_dataset=seediv,bci2a+p300,seediv,majority_class,progressive collapse,other,seediv,eegnet,45,elu_1,-1,1,0,0.7877661905894496
leave_dataset_out,heldout_dataset=seediv,bci2a+p300,seediv,per_dataset_majority,progressive collapse,other,seediv,eegnet,45,elu_1,-1,1,0,0.7877661905894496
leave_dataset_out,heldout_dataset=seediv,bci2a+p300,seediv,taxonomy,progressive collapse,other,seediv,eegnet,45,elu_2,1,1,1,0.41293456606579004
leave_dataset_out,heldout_dataset=seediv,bci2a+p300,seediv,majority_class,progressive collapse,other,seediv,eegnet,45,elu_2,-1,1,0,0.41293456606579004
leave_dataset_out,heldout_dataset=seediv,bci2a+p300,seediv,per_dataset_majority,progressive collapse,other,seediv,eegnet,45,elu_2,-1,1,0,0.41293456606579004
leave_dataset_out,heldout_dataset=seediv,bci2a+p300,seediv,taxonomy,progressive collapse,classifier,seediv,eegnet,45,final_layer.conv_classifier,1,1,1,0.3904797357938801
leave_dataset_out,heldout_dataset=seediv,bci2a+p300,seediv,majority_class,progressive collapse,classifier,seediv,eegnet,45,final_layer.conv_classifier,-1,1,0,0.3904797357938801
leave_dataset_out,heldout_dataset=seediv,bci2a+p300,seediv,per_dataset_majority,progressive collapse,classifier,seediv,eegnet,45,final_layer.conv_classifier,-1,1,0,0.3904797357938801
leave_dataset_out,heldout_dataset=seediv,bci2a+p300,seediv,taxonomy,progressive collapse,classifier,seediv,eegnet,45,logits,1,1,1,0.3904797357938801
leave_dataset_out,heldout_dataset=seediv,bci2a+p300,seediv,majority_class,progressive collapse,classifier,seediv,eegnet,45,logits,-1,1,0,0.3904797357938801
leave_dataset_out,heldout_dataset=seediv,bci2a+p300,seediv,per_dataset_majority,progressive collapse,classifier,seediv,eegnet,45,logits,-1,1,0,0.3904797357938801
leave_dataset_out,heldout_dataset=seediv,bci2a+p300,seediv,taxonomy,progressive collapse,other,seediv,eegnet,45,pool_1,1,1,1,0.8081192181930368
leave_dataset_out,heldout_dataset=seediv,bci2a+p300,seediv,majority_class,progressive collapse,other,seediv,eegnet,45,pool_1,-1,1,0,0.8081192181930368
leave_dataset_out,heldout_dataset=seediv,bci2a+p300,seediv,per_dataset_majority,progressive collapse,other,seediv,eegnet,45,pool_1,-1,1,0,0.8081192181930368
leave_dataset_out,heldout_dataset=seediv,bci2a+p300,seediv,taxonomy,progressive collapse,separable_body,seediv,eegnet,45,pool_2,1,1,1,0.3609255105396568
leave_dataset_out,heldout_dataset=seediv,bci2a+p300,seediv,majority_class,progressive collapse,separable_body,seediv,eegnet,45,pool_2,-1,1,0,0.3609255105396568
leave_dataset_out,heldout_dataset=seediv,bci2a+p300,seediv,per_dataset_majority,progressive collapse,separable_body,seediv,eegnet,45,pool_2,-1,1,0,0.3609255105396568
leave_dataset_out,heldout_dataset=seediv,bci2a+p300,seediv,taxonomy,progressive collapse,early_filtering,seediv,eegnet,46,bnorm_1,1,1,1,0.8536076151020191
leave_dataset_out,heldout_dataset=seediv,bci2a+p300,seediv,majority_class,progressive collapse,early_filtering,seediv,eegnet,46,bnorm_1,-1,1,0,0.8536076151020191
leave_dataset_out,heldout_dataset=seediv,bci2a+p300,seediv,per_dataset_majority,progressive collapse,early_filtering,seediv,eegnet,46,bnorm_1,-1,1,0,0.8536076151020191
leave_dataset_out,heldout_dataset=seediv,bci2a+p300,seediv,taxonomy,progressive collapse,separable_body,seediv,eegnet,46,bnorm_2,1,1,1,0.15134409202733845
leave_dataset_out,heldout_dataset=seediv,bci2a+p300,seediv,majority_class,progressive collapse,separable_body,seediv,eegnet,46,bnorm_2,-1,1,0,0.15134409202733845
leave_dataset_out,heldout_dataset=seediv,bci2a+p300,seediv,per_dataset_majority,progressive collapse,separable_body,seediv,eegnet,46,bnorm_2,-1,1,0,0.15134409202733845
leave_dataset_out,heldout_dataset=seediv,bci2a+p300,seediv,taxonomy,progressive collapse,early_filtering,seediv,eegnet,46,bnorm_temporal,1,1,1,0.6934517555290268
leave_dataset_out,heldout_dataset=seediv,bci2a+p300,seediv,majority_class,progressive collapse,early_filtering,seediv,eegnet,46,bnorm_temporal,-1,1,0,0.6934517555290268
leave_dataset_out,heldout_dataset=seediv,bci2a+p300,seediv,per_dataset_majority,progressive collapse,early_filtering,seediv,eegnet,46,bnorm_temporal,-1,1,0,0.6934517555290268
leave_dataset_out,heldout_dataset=seediv,bci2a+p300,seediv,taxonomy,progressive collapse,separable_body,seediv,eegnet,46,conv_separable_depth,1,1,1,0.9048860499004799
leave_dataset_out,heldout_dataset=seediv,bci2a+p300,seediv,majority_class,progressive collapse,separable_body,seediv,eegnet,46,conv_separable_depth,-1,1,0,0.9048860499004799
leave_dataset_out,heldout_dataset=seediv,bci2a+p300,seediv,per_dataset_majority,progressive collapse,separable_body,seediv,eegnet,46,conv_separable_depth,-1,1,0,0.9048860499004799
leave_dataset_out,heldout_dataset=seediv,bci2a+p300,seediv,taxonomy,progressive collapse,separable_body,seediv,eegnet,46,conv_separable_point,1,1,1,0.9119956574738817
leave_dataset_out,heldout_dataset=seediv,bci2a+p300,seediv,majority_class,progressive collapse,separable_body,seediv,eegnet,46,conv_separable_point,-1,1,0,0.9119956574738817
leave_dataset_out,heldout_dataset=seediv,bci2a+p300,seediv,per_dataset_majority,progressive collapse,separable_body,seediv,eegnet,46,conv_separable_point,-1,1,0,0.9119956574738817
leave_dataset_out,heldout_dataset=seediv,bci2a+p300,seediv,taxonomy,progressive collapse,early_filtering,seediv,eegnet,46,conv_spatial,1,1,1,0.6317973683598299
leave_dataset_out,heldout_dataset=seediv,bci2a+p300,seediv,majority_class,progressive collapse,early_filtering,seediv,eegnet,46,conv_spatial,-1,1,0,0.6317973683598299
leave_dataset_out,heldout_dataset=seediv,bci2a+p300,seediv,per_dataset_majority,progressive collapse,early_filtering,seediv,eegnet,46,conv_spatial,-1,1,0,0.6317973683598299
leave_dataset_out,heldout_dataset=seediv,bci2a+p300,seediv,taxonomy,progressive collapse,early_filtering,seediv,eegnet,46,conv_temporal,1,-1,0,-0.23526241456794494
leave_dataset_out,heldout_dataset=seediv,bci2a+p300,seediv,majority_class,progressive collapse,early_filtering,seediv,eegnet,46,conv_temporal,-1,-1,1,-0.23526241456794494
leave_dataset_out,heldout_dataset=seediv,bci2a+p300,seediv,per_dataset_majority,progressive collapse,early_filtering,seediv,eegnet,46,conv_temporal,-1,-1,1,-0.23526241456794494
leave_dataset_out,heldout_dataset=seediv,bci2a+p300,seediv,taxonomy,progressive collapse,other,seediv,eegnet,46,elu_1,1,1,1,0.8395111819038485
leave_dataset_out,heldout_dataset=seediv,bci2a+p300,seediv,majority_class,progressive collapse,other,seediv,eegnet,46,elu_1,-1,1,0,0.8395111819038485
leave_dataset_out,heldout_dataset=seediv,bci2a+p300,seediv,per_dataset_majority,progressive collapse,other,seediv,eegnet,46,elu_1,-1,1,0,0.8395111819038485
leave_dataset_out,heldout_dataset=seediv,bci2a+p300,seediv,taxonomy,progressive collapse,other,seediv,eegnet,46,elu_2,1,1,1,0.11183629330786468
leave_dataset_out,heldout_dataset=seediv,bci2a+p300,seediv,majority_class,progressive collapse,other,seediv,eegnet,46,elu_2,-1,1,0,0.11183629330786468
leave_dataset_out,heldout_dataset=seediv,bci2a+p300,seediv,per_dataset_majority,progressive collapse,other,seediv,eegnet,46,elu_2,-1,1,0,0.11183629330786468
leave_dataset_out,heldout_dataset=seediv,bci2a+p300,seediv,taxonomy,progressive collapse,classifier,seediv,eegnet,46,final_layer.conv_classifier,1,1,1,0.32199696158396357
leave_dataset_out,heldout_dataset=seediv,bci2a+p300,seediv,majority_class,progressive collapse,classifier,seediv,eegnet,46,final_layer.conv_classifier,-1,1,0,0.32199696158396357
leave_dataset_out,heldout_dataset=seediv,bci2a+p300,seediv,per_dataset_majority,progressive collapse,classifier,seediv,eegnet,46,final_layer.conv_classifier,-1,1,0,0.32199696158396357
leave_dataset_out,heldout_dataset=seediv,bci2a+p300,seediv,taxonomy,progressive collapse,classifier,seediv,eegnet,46,logits,1,1,1,0.32199696158396357
leave_dataset_out,heldout_dataset=seediv,bci2a+p300,seediv,majority_class,progressive collapse,classifier,seediv,eegnet,46,logits,-1,1,0,0.32199696158396357
leave_dataset_out,heldout_dataset=seediv,bci2a+p300,seediv,per_dataset_majority,progressive collapse,classifier,seediv,eegnet,46,logits,-1,1,0,0.32199696158396357
leave_dataset_out,heldout_dataset=seediv,bci2a+p300,seediv,taxonomy,progressive collapse,other,seediv,eegnet,46,pool_1,1,1,1,0.855350390705237
leave_dataset_out,heldout_dataset=seediv,bci2a+p300,seediv,majority_class,progressive collapse,other,seediv,eegnet,46,pool_1,-1,1,0,0.855350390705237
leave_dataset_out,heldout_dataset=seediv,bci2a+p300,seediv,per_dataset_majority,progressive collapse,other,seediv,eegnet,46,pool_1,-1,1,0,0.855350390705237
leave_dataset_out,heldout_dataset=seediv,bci2a+p300,seediv,taxonomy,progressive collapse,separable_body,seediv,eegnet,46,pool_2,1,1,1,0.19191630536174803
leave_dataset_out,heldout_dataset=seediv,bci2a+p300,seediv,majority_class,progressive collapse,separable_body,seediv,eegnet,46,pool_2,-1,1,0,0.19191630536174803
leave_dataset_out,heldout_dataset=seediv,bci2a+p300,seediv,per_dataset_majority,progressive collapse,separable_body,seediv,eegnet,46,pool_2,-1,1,0,0.19191630536174803
leave_dataset_out,heldout_dataset=seediv,bci2a+p300,seediv,taxonomy,nonlinear-induced distortion,linear_filtering,seediv,shallowconvnet,41,bnorm,1,1,1,0.8301762476364636
leave_dataset_out,heldout_dataset=seediv,bci2a+p300,seediv,majority_class,nonlinear-induced distortion,linear_filtering,seediv,shallowconvnet,41,bnorm,-1,1,0,0.8301762476364636
leave_dataset_out,heldout_dataset=seediv,bci2a+p300,seediv,per_dataset_majority,nonlinear-induced distortion,linear_filtering,seediv,shallowconvnet,41,bnorm,-1,1,0,0.8301762476364636
leave_dataset_out,heldout_dataset=seediv,bci2a+p300,seediv,taxonomy,nonlinear-induced distortion,linear_filtering,seediv,shallowconvnet,41,conv_nonlin_exp,1,-1,0,-0.4284484506059175
leave_dataset_out,heldout_dataset=seediv,bci2a+p300,seediv,majority_class,nonlinear-induced distortion,linear_filtering,seediv,shallowconvnet,41,conv_nonlin_exp,-1,-1,1,-0.4284484506059175
leave_dataset_out,heldout_dataset=seediv,bci2a+p300,seediv,per_dataset_majority,nonlinear-induced distortion,linear_filtering,seediv,shallowconvnet,41,conv_nonlin_exp,-1,-1,1,-0.4284484506059175
leave_dataset_out,heldout_dataset=seediv,bci2a+p300,seediv,taxonomy,nonlinear-induced distortion,linear_filtering,seediv,shallowconvnet,41,conv_time_spat,1,1,1,0.9487081297892608
leave_dataset_out,heldout_dataset=seediv,bci2a+p300,seediv,majority_class,nonlinear-induced distortion,linear_filtering,seediv,shallowconvnet,41,conv_time_spat,-1,1,0,0.9487081297892608
leave_dataset_out,heldout_dataset=seediv,bci2a+p300,seediv,per_dataset_majority,nonlinear-induced distortion,linear_filtering,seediv,shallowconvnet,41,conv_time_spat,-1,1,0,0.9487081297892608
leave_dataset_out,heldout_dataset=seediv,bci2a+p300,seediv,taxonomy,nonlinear-induced distortion,linear_filtering,seediv,shallowconvnet,41,final_layer.conv_classifier,1,-1,0,-0.9941564346683296
leave_dataset_out,heldout_dataset=seediv,bci2a+p300,seediv,majority_class,nonlinear-induced distortion,linear_filtering,seediv,shallowconvnet,41,final_layer.conv_classifier,-1,-1,1,-0.9941564346683296
leave_dataset_out,heldout_dataset=seediv,bci2a+p300,seediv,per_dataset_majority,nonlinear-induced distortion,linear_filtering,seediv,shallowconvnet,41,final_layer.conv_classifier,-1,-1,1,-0.9941564346683296
leave_dataset_out,heldout_dataset=seediv,bci2a+p300,seediv,taxonomy,nonlinear-induced distortion,log_power,seediv,shallowconvnet,41,logits,-1,-1,1,-0.9941564346683296
leave_dataset_out,heldout_dataset=seediv,bci2a+p300,seediv,majority_class,nonlinear-induced distortion,log_power,seediv,shallowconvnet,41,logits,-1,-1,1,-0.9941564346683296
leave_dataset_out,heldout_dataset=seediv,bci2a+p300,seediv,per_dataset_majority,nonlinear-induced distortion,log_power,seediv,shallowconvnet,41,logits,-1,-1,1,-0.9941564346683296
leave_dataset_out,heldout_dataset=seediv,bci2a+p300,seediv,taxonomy,nonlinear-induced distortion,pooling,seediv,shallowconvnet,41,pool,-1,-1,1,-0.33061964297428803
leave_dataset_out,heldout_dataset=seediv,bci2a+p300,seediv,majority_class,nonlinear-induced distortion,pooling,seediv,shallowconvnet,41,pool,-1,-1,1,-0.33061964297428803
leave_dataset_out,heldout_dataset=seediv,bci2a+p300,seediv,per_dataset_majority,nonlinear-induced distortion,pooling,seediv,shallowconvnet,41,pool,-1,-1,1,-0.33061964297428803
leave_dataset_out,heldout_dataset=seediv,bci2a+p300,seediv,taxonomy,nonlinear-induced distortion,pooling,seediv,shallowconvnet,41,pool_nonlin_exp,-1,-1,1,-0.6088318076977366
leave_dataset_out,heldout_dataset=seediv,bci2a+p300,seediv,majority_class,nonlinear-induced distortion,pooling,seediv,shallowconvnet,41,pool_nonlin_exp,-1,-1,1,-0.6088318076977366
leave_dataset_out,heldout_dataset=seediv,bci2a+p300,seediv,per_dataset_majority,nonlinear-induced distortion,pooling,seediv,shallowconvnet,41,pool_nonlin_exp,-1,-1,1,-0.6088318076977366
leave_dataset_out,heldout_dataset=seediv,bci2a+p300,seediv,taxonomy,nonlinear-induced distortion,linear_filtering,seediv,shallowconvnet,42,bnorm,1,1,1,0.8402408219409749
leave_dataset_out,heldout_dataset=seediv,bci2a+p300,seediv,majority_class,nonlinear-induced distortion,linear_filtering,seediv,shallowconvnet,42,bnorm,-1,1,0,0.8402408219409749
leave_dataset_out,heldout_dataset=seediv,bci2a+p300,seediv,per_dataset_majority,nonlinear-induced distortion,linear_filtering,seediv,shallowconvnet,42,bnorm,-1,1,0,0.8402408219409749
leave_dataset_out,heldout_dataset=seediv,bci2a+p300,seediv,taxonomy,nonlinear-induced distortion,linear_filtering,seediv,shallowconvnet,42,conv_nonlin_exp,1,-1,0,-0.5282918234543675
leave_dataset_out,heldout_dataset=seediv,bci2a+p300,seediv,majority_class,nonlinear-induced distortion,linear_filtering,seediv,shallowconvnet,42,conv_nonlin_exp,-1,-1,1,-0.5282918234543675
leave_dataset_out,heldout_dataset=seediv,bci2a+p300,seediv,per_dataset_majority,nonlinear-induced distortion,linear_filtering,seediv,shallowconvnet,42,conv_nonlin_exp,-1,-1,1,-0.5282918234543675
leave_dataset_out,heldout_dataset=seediv,bci2a+p300,seediv,taxonomy,nonlinear-induced distortion,linear_filtering,seediv,shallowconvnet,42,conv_time_spat,1,1,1,0.8694846517760311
leave_dataset_out,heldout_dataset=seediv,bci2a+p300,seediv,majority_class,nonlinear-induced distortion,linear_filtering,seediv,shallowconvnet,42,conv_time_spat,-1,1,0,0.8694846517760311
leave_dataset_out,heldout_dataset=seediv,bci2a+p300,seediv,per_dataset_majority,nonlinear-induced distortion,linear_filtering,seediv,shallowconvnet,42,conv_time_spat,-1,1,0,0.8694846517760311
leave_dataset_out,heldout_dataset=seediv,bci2a+p300,seediv,taxonomy,nonlinear-induced distortion,linear_filtering,seediv,shallowconvnet,42,final_layer.conv_classifier,1,-1,0,-0.7591055094415049
leave_dataset_out,heldout_dataset=seediv,bci2a+p300,seediv,majority_class,nonlinear-induced distortion,linear_filtering,seediv,shallowconvnet,42,final_layer.conv_classifier,-1,-1,1,-0.7591055094415049
leave_dataset_out,heldout_dataset=seediv,bci2a+p300,seediv,per_dataset_majority,nonlinear-induced distortion,linear_filtering,seediv,shallowconvnet,42,final_layer.conv_classifier,-1,-1,1,-0.7591055094415049
leave_dataset_out,heldout_dataset=seediv,bci2a+p300,seediv,taxonomy,nonlinear-induced distortion,log_power,seediv,shallowconvnet,42,logits,-1,-1,1,-0.7591055094415049
leave_dataset_out,heldout_dataset=seediv,bci2a+p300,seediv,majority_class,nonlinear-induced distortion,log_power,seediv,shallowconvnet,42,logits,-1,-1,1,-0.7591055094415049
leave_dataset_out,heldout_dataset=seediv,bci2a+p300,seediv,per_dataset_majority,nonlinear-induced distortion,log_power,seediv,shallowconvnet,42,logits,-1,-1,1,-0.7591055094415049
leave_dataset_out,heldout_dataset=seediv,bci2a+p300,seediv,taxonomy,nonlinear-induced distortion,pooling,seediv,shallowconvnet,42,pool,-1,-1,1,-0.6259544957397484
leave_dataset_out,heldout_dataset=seediv,bci2a+p300,seediv,majority_class,nonlinear-induced distortion,pooling,seediv,shallowconvnet,42,pool,-1,-1,1,-0.6259544957397484
leave_dataset_out,heldout_dataset=seediv,bci2a+p300,seediv,per_dataset_majority,nonlinear-induced distortion,pooling,seediv,shallowconvnet,42,pool,-1,-1,1,-0.6259544957397484
leave_dataset_out,heldout_dataset=seediv,bci2a+p300,seediv,taxonomy,nonlinear-induced distortion,pooling,seediv,shallowconvnet,42,pool_nonlin_exp,-1,-1,1,-0.596174642679198
leave_dataset_out,heldout_dataset=seediv,bci2a+p300,seediv,majority_class,nonlinear-induced distortion,pooling,seediv,shallowconvnet,42,pool_nonlin_exp,-1,-1,1,-0.596174642679198
leave_dataset_out,heldout_dataset=seediv,bci2a+p300,seediv,per_dataset_majority,nonlinear-induced distortion,pooling,seediv,shallowconvnet,42,pool_nonlin_exp,-1,-1,1,-0.596174642679198
leave_dataset_out,heldout_dataset=seediv,bci2a+p300,seediv,taxonomy,nonlinear-induced distortion,linear_filtering,seediv,shallowconvnet,43,bnorm,1,1,1,0.6436101936870334
leave_dataset_out,heldout_dataset=seediv,bci2a+p300,seediv,majority_class,nonlinear-induced distortion,linear_filtering,seediv,shallowconvnet,43,bnorm,-1,1,0,0.6436101936870334
leave_dataset_out,heldout_dataset=seediv,bci2a+p300,seediv,per_dataset_majority,nonlinear-induced distortion,linear_filtering,seediv,shallowconvnet,43,bnorm,-1,1,0,0.6436101936870334
leave_dataset_out,heldout_dataset=seediv,bci2a+p300,seediv,taxonomy,nonlinear-induced distortion,linear_filtering,seediv,shallowconvnet,43,conv_nonlin_exp,1,-1,0,-0.29877299297110965
leave_dataset_out,heldout_dataset=seediv,bci2a+p300,seediv,majority_class,nonlinear-induced distortion,linear_filtering,seediv,shallowconvnet,43,conv_nonlin_exp,-1,-1,1,-0.29877299297110965
leave_dataset_out,heldout_dataset=seediv,bci2a+p300,seediv,per_dataset_majority,nonlinear-induced distortion,linear_filtering,seediv,shallowconvnet,43,conv_nonlin_exp,-1,-1,1,-0.29877299297110965
leave_dataset_out,heldout_dataset=seediv,bci2a+p300,seediv,taxonomy,nonlinear-induced distortion,linear_filtering,seediv,shallowconvnet,43,conv_time_spat,1,1,1,0.3004340160278146
leave_dataset_out,heldout_dataset=seediv,bci2a+p300,seediv,majority_class,nonlinear-induced distortion,linear_filtering,seediv,shallowconvnet,43,conv_time_spat,-1,1,0,0.3004340160278146
leave_dataset_out,heldout_dataset=seediv,bci2a+p300,seediv,per_dataset_majority,nonlinear-induced distortion,linear_filtering,seediv,shallowconvnet,43,conv_time_spat,-1,1,0,0.3004340160278146
leave_dataset_out,heldout_dataset=seediv,bci2a+p300,seediv,taxonomy,nonlinear-induced distortion,linear_filtering,seediv,shallowconvnet,43,final_layer.conv_classifier,1,-1,0,-0.6566992218562948
leave_dataset_out,heldout_dataset=seediv,bci2a+p300,seediv,majority_class,nonlinear-induced distortion,linear_filtering,seediv,shallowconvnet,43,final_layer.conv_classifier,-1,-1,1,-0.6566992218562948
leave_dataset_out,heldout_dataset=seediv,bci2a+p300,seediv,per_dataset_majority,nonlinear-induced distortion,linear_filtering,seediv,shallowconvnet,43,final_layer.conv_classifier,-1,-1,1,-0.6566992218562948
leave_dataset_out,heldout_dataset=seediv,bci2a+p300,seediv,taxonomy,nonlinear-induced distortion,log_power,seediv,shallowconvnet,43,logits,-1,-1,1,-0.6566992218562948
leave_dataset_out,heldout_dataset=seediv,bci2a+p300,seediv,majority_class,nonlinear-induced distortion,log_power,seediv,shallowconvnet,43,logits,-1,-1,1,-0.6566992218562948
leave_dataset_out,heldout_dataset=seediv,bci2a+p300,seediv,per_dataset_majority,nonlinear-induced distortion,log_power,seediv,shallowconvnet,43,logits,-1,-1,1,-0.6566992218562948
leave_dataset_out,heldout_dataset=seediv,bci2a+p300,seediv,taxonomy,nonlinear-induced distortion,pooling,seediv,shallowconvnet,43,pool,-1,-1,1,-0.35171405455119337
leave_dataset_out,heldout_dataset=seediv,bci2a+p300,seediv,majority_class,nonlinear-induced distortion,pooling,seediv,shallowconvnet,43,pool,-1,-1,1,-0.35171405455119337
leave_dataset_out,heldout_dataset=seediv,bci2a+p300,seediv,per_dataset_majority,nonlinear-induced distortion,pooling,seediv,shallowconvnet,43,pool,-1,-1,1,-0.35171405455119337
leave_dataset_out,heldout_dataset=seediv,bci2a+p300,seediv,taxonomy,nonlinear-induced distortion,pooling,seediv,shallowconvnet,43,pool_nonlin_exp,-1,-1,1,-0.7405731038297639
leave_dataset_out,heldout_dataset=seediv,bci2a+p300,seediv,majority_class,nonlinear-induced distortion,pooling,seediv,shallowconvnet,43,pool_nonlin_exp,-1,-1,1,-0.7405731038297639
leave_dataset_out,heldout_dataset=seediv,bci2a+p300,seediv,per_dataset_majority,nonlinear-induced distortion,pooling,seediv,shallowconvnet,43,pool_nonlin_exp,-1,-1,1,-0.7405731038297639
leave_dataset_out,heldout_dataset=seediv,bci2a+p300,seediv,taxonomy,nonlinear-induced distortion,linear_filtering,seediv,shallowconvnet,44,bnorm,1,1,1,0.6994249751713008
leave_dataset_out,heldout_dataset=seediv,bci2a+p300,seediv,majority_class,nonlinear-induced distortion,linear_filtering,seediv,shallowconvnet,44,bnorm,-1,1,0,0.6994249751713008
leave_dataset_out,heldout_dataset=seediv,bci2a+p300,seediv,per_dataset_majority,nonlinear-induced distortion,linear_filtering,seediv,shallowconvnet,44,bnorm,-1,1,0,0.6994249751713008
leave_dataset_out,heldout_dataset=seediv,bci2a+p300,seediv,taxonomy,nonlinear-induced distortion,linear_filtering,seediv,shallowconvnet,44,conv_nonlin_exp,1,-1,0,-0.5216329527328416
leave_dataset_out,heldout_dataset=seediv,bci2a+p300,seediv,majority_class,nonlinear-induced distortion,linear_filtering,seediv,shallowconvnet,44,conv_nonlin_exp,-1,-1,1,-0.5216329527328416
leave_dataset_out,heldout_dataset=seediv,bci2a+p300,seediv,per_dataset_majority,nonlinear-induced distortion,linear_filtering,seediv,shallowconvnet,44,conv_nonlin_exp,-1,-1,1,-0.5216329527328416
leave_dataset_out,heldout_dataset=seediv,bci2a+p300,seediv,taxonomy,nonlinear-induced distortion,linear_filtering,seediv,shallowconvnet,44,conv_time_spat,1,1,1,0.05795811588164041
leave_dataset_out,heldout_dataset=seediv,bci2a+p300,seediv,majority_class,nonlinear-induced distortion,linear_filtering,seediv,shallowconvnet,44,conv_time_spat,-1,1,0,0.05795811588164041
leave_dataset_out,heldout_dataset=seediv,bci2a+p300,seediv,per_dataset_majority,nonlinear-induced distortion,linear_filtering,seediv,shallowconvnet,44,conv_time_spat,-1,1,0,0.05795811588164041
leave_dataset_out,heldout_dataset=seediv,bci2a+p300,seediv,taxonomy,nonlinear-induced distortion,linear_filtering,seediv,shallowconvnet,44,final_layer.conv_classifier,1,-1,0,-0.969060737887325
leave_dataset_out,heldout_dataset=seediv,bci2a+p300,seediv,majority_class,nonlinear-induced distortion,linear_filtering,seediv,shallowconvnet,44,final_layer.conv_classifier,-1,-1,1,-0.969060737887325
leave_dataset_out,heldout_dataset=seediv,bci2a+p300,seediv,per_dataset_majority,nonlinear-induced distortion,linear_filtering,seediv,shallowconvnet,44,final_layer.conv_classifier,-1,-1,1,-0.969060737887325
leave_dataset_out,heldout_dataset=seediv,bci2a+p300,seediv,taxonomy,nonlinear-induced distortion,log_power,seediv,shallowconvnet,44,logits,-1,-1,1,-0.969060737887325
leave_dataset_out,heldout_dataset=seediv,bci2a+p300,seediv,majority_class,nonlinear-induced distortion,log_power,seediv,shallowconvnet,44,logits,-1,-1,1,-0.969060737887325
leave_dataset_out,heldout_dataset=seediv,bci2a+p300,seediv,per_dataset_majority,nonlinear-induced distortion,log_power,seediv,shallowconvnet,44,logits,-1,-1,1,-0.969060737887325
leave_dataset_out,heldout_dataset=seediv,bci2a+p300,seediv,taxonomy,nonlinear-induced distortion,pooling,seediv,shallowconvnet,44,pool,-1,-1,1,-0.4455490970855574
leave_dataset_out,heldout_dataset=seediv,bci2a+p300,seediv,majority_class,nonlinear-induced distortion,pooling,seediv,shallowconvnet,44,pool,-1,-1,1,-0.4455490970855574
leave_dataset_out,heldout_dataset=seediv,bci2a+p300,seediv,per_dataset_majority,nonlinear-induced distortion,pooling,seediv,shallowconvnet,44,pool,-1,-1,1,-0.4455490970855574
leave_dataset_out,heldout_dataset=seediv,bci2a+p300,seediv,taxonomy,nonlinear-induced distortion,pooling,seediv,shallowconvnet,44,pool_nonlin_exp,-1,-1,1,-0.5554232093750437
leave_dataset_out,heldout_dataset=seediv,bci2a+p300,seediv,majority_class,nonlinear-induced distortion,pooling,seediv,shallowconvnet,44,pool_nonlin_exp,-1,-1,1,-0.5554232093750437
leave_dataset_out,heldout_dataset=seediv,bci2a+p300,seediv,per_dataset_majority,nonlinear-induced distortion,pooling,seediv,shallowconvnet,44,pool_nonlin_exp,-1,-1,1,-0.5554232093750437
leave_dataset_out,heldout_dataset=seediv,bci2a+p300,seediv,taxonomy,nonlinear-induced distortion,linear_filtering,seediv,shallowconvnet,45,bnorm,1,1,1,0.7200739257659872
leave_dataset_out,heldout_dataset=seediv,bci2a+p300,seediv,majority_class,nonlinear-induced distortion,linear_filtering,seediv,shallowconvnet,45,bnorm,-1,1,0,0.7200739257659872
leave_dataset_out,heldout_dataset=seediv,bci2a+p300,seediv,per_dataset_majority,nonlinear-induced distortion,linear_filtering,seediv,shallowconvnet,45,bnorm,-1,1,0,0.7200739257659872
leave_dataset_out,heldout_dataset=seediv,bci2a+p300,seediv,taxonomy,nonlinear-induced distortion,linear_filtering,seediv,shallowconvnet,45,conv_nonlin_exp,1,-1,0,-0.05147771005086768
leave_dataset_out,heldout_dataset=seediv,bci2a+p300,seediv,majority_class,nonlinear-induced distortion,linear_filtering,seediv,shallowconvnet,45,conv_nonlin_exp,-1,-1,1,-0.05147771005086768
leave_dataset_out,heldout_dataset=seediv,bci2a+p300,seediv,per_dataset_majority,nonlinear-induced distortion,linear_filtering,seediv,shallowconvnet,45,conv_nonlin_exp,-1,-1,1,-0.05147771005086768
leave_dataset_out,heldout_dataset=seediv,bci2a+p300,seediv,taxonomy,nonlinear-induced distortion,linear_filtering,seediv,shallowconvnet,45,conv_time_spat,1,1,1,0.8522458946794224
leave_dataset_out,heldout_dataset=seediv,bci2a+p300,seediv,majority_class,nonlinear-induced distortion,linear_filtering,seediv,shallowconvnet,45,conv_time_spat,-1,1,0,0.8522458946794224
leave_dataset_out,heldout_dataset=seediv,bci2a+p300,seediv,per_dataset_majority,nonlinear-induced distortion,linear_filtering,seediv,shallowconvnet,45,conv_time_spat,-1,1,0,0.8522458946794224
leave_dataset_out,heldout_dataset=seediv,bci2a+p300,seediv,taxonomy,nonlinear-induced distortion,linear_filtering,seediv,shallowconvnet,45,final_layer.conv_classifier,1,-1,0,-0.7625840459599466
leave_dataset_out,heldout_dataset=seediv,bci2a+p300,seediv,majority_class,nonlinear-induced distortion,linear_filtering,seediv,shallowconvnet,45,final_layer.conv_classifier,-1,-1,1,-0.7625840459599466
leave_dataset_out,heldout_dataset=seediv,bci2a+p300,seediv,per_dataset_majority,nonlinear-induced distortion,linear_filtering,seediv,shallowconvnet,45,final_layer.conv_classifier,-1,-1,1,-0.7625840459599466
leave_dataset_out,heldout_dataset=seediv,bci2a+p300,seediv,taxonomy,nonlinear-induced distortion,log_power,seediv,shallowconvnet,45,logits,-1,-1,1,-0.7625840459599466
leave_dataset_out,heldout_dataset=seediv,bci2a+p300,seediv,majority_class,nonlinear-induced distortion,log_power,seediv,shallowconvnet,45,logits,-1,-1,1,-0.7625840459599466
leave_dataset_out,heldout_dataset=seediv,bci2a+p300,seediv,per_dataset_majority,nonlinear-induced distortion,log_power,seediv,shallowconvnet,45,logits,-1,-1,1,-0.7625840459599466
leave_dataset_out,heldout_dataset=seediv,bci2a+p300,seediv,taxonomy,nonlinear-induced distortion,pooling,seediv,shallowconvnet,45,pool,-1,-1,1,-0.11894226706147201
leave_dataset_out,heldout_dataset=seediv,bci2a+p300,seediv,majority_class,nonlinear-induced distortion,pooling,seediv,shallowconvnet,45,pool,-1,-1,1,-0.11894226706147201
leave_dataset_out,heldout_dataset=seediv,bci2a+p300,seediv,per_dataset_majority,nonlinear-induced distortion,pooling,seediv,shallowconvnet,45,pool,-1,-1,1,-0.11894226706147201
leave_dataset_out,heldout_dataset=seediv,bci2a+p300,seediv,taxonomy,nonlinear-induced distortion,pooling,seediv,shallowconvnet,45,pool_nonlin_exp,-1,-1,1,-0.9513703724458314
leave_dataset_out,heldout_dataset=seediv,bci2a+p300,seediv,majority_class,nonlinear-induced distortion,pooling,seediv,shallowconvnet,45,pool_nonlin_exp,-1,-1,1,-0.9513703724458314
leave_dataset_out,heldout_dataset=seediv,bci2a+p300,seediv,per_dataset_majority,nonlinear-induced distortion,pooling,seediv,shallowconvnet,45,pool_nonlin_exp,-1,-1,1,-0.9513703724458314
leave_dataset_out,heldout_dataset=seediv,bci2a+p300,seediv,taxonomy,nonlinear-induced distortion,linear_filtering,seediv,shallowconvnet,46,bnorm,1,1,1,0.7195701463720822
leave_dataset_out,heldout_dataset=seediv,bci2a+p300,seediv,majority_class,nonlinear-induced distortion,linear_filtering,seediv,shallowconvnet,46,bnorm,-1,1,0,0.7195701463720822
leave_dataset_out,heldout_dataset=seediv,bci2a+p300,seediv,per_dataset_majority,nonlinear-induced distortion,linear_filtering,seediv,shallowconvnet,46,bnorm,-1,1,0,0.7195701463720822
leave_dataset_out,heldout_dataset=seediv,bci2a+p300,seediv,taxonomy,nonlinear-induced distortion,linear_filtering,seediv,shallowconvnet,46,conv_nonlin_exp,1,-1,0,-0.2978170499240467
leave_dataset_out,heldout_dataset=seediv,bci2a+p300,seediv,majority_class,nonlinear-induced distortion,linear_filtering,seediv,shallowconvnet,46,conv_nonlin_exp,-1,-1,1,-0.2978170499240467
leave_dataset_out,heldout_dataset=seediv,bci2a+p300,seediv,per_dataset_majority,nonlinear-induced distortion,linear_filtering,seediv,shallowconvnet,46,conv_nonlin_exp,-1,-1,1,-0.2978170499240467
leave_dataset_out,heldout_dataset=seediv,bci2a+p300,seediv,taxonomy,nonlinear-induced distortion,linear_filtering,seediv,shallowconvnet,46,conv_time_spat,1,1,1,0.7785148277565646
leave_dataset_out,heldout_dataset=seediv,bci2a+p300,seediv,majority_class,nonlinear-induced distortion,linear_filtering,seediv,shallowconvnet,46,conv_time_spat,-1,1,0,0.7785148277565646
leave_dataset_out,heldout_dataset=seediv,bci2a+p300,seediv,per_dataset_majority,nonlinear-induced distortion,linear_filtering,seediv,shallowconvnet,46,conv_time_spat,-1,1,0,0.7785148277565646
leave_dataset_out,heldout_dataset=seediv,bci2a+p300,seediv,taxonomy,nonlinear-induced distortion,linear_filtering,seediv,shallowconvnet,46,final_layer.conv_classifier,1,-1,0,-0.7738592552810383
leave_dataset_out,heldout_dataset=seediv,bci2a+p300,seediv,majority_class,nonlinear-induced distortion,linear_filtering,seediv,shallowconvnet,46,final_layer.conv_classifier,-1,-1,1,-0.7738592552810383
leave_dataset_out,heldout_dataset=seediv,bci2a+p300,seediv,per_dataset_majority,nonlinear-induced distortion,linear_filtering,seediv,shallowconvnet,46,final_layer.conv_classifier,-1,-1,1,-0.7738592552810383
leave_dataset_out,heldout_dataset=seediv,bci2a+p300,seediv,taxonomy,nonlinear-induced distortion,log_power,seediv,shallowconvnet,46,logits,-1,-1,1,-0.7738592552810383
leave_dataset_out,heldout_dataset=seediv,bci2a+p300,seediv,majority_class,nonlinear-induced distortion,log_power,seediv,shallowconvnet,46,logits,-1,-1,1,-0.7738592552810383
leave_dataset_out,heldout_dataset=seediv,bci2a+p300,seediv,per_dataset_majority,nonlinear-induced distortion,log_power,seediv,shallowconvnet,46,logits,-1,-1,1,-0.7738592552810383
leave_dataset_out,heldout_dataset=seediv,bci2a+p300,seediv,taxonomy,nonlinear-induced distortion,pooling,seediv,shallowconvnet,46,pool,-1,-1,1,-0.3244517728104341
leave_dataset_out,heldout_dataset=seediv,bci2a+p300,seediv,majority_class,nonlinear-induced distortion,pooling,seediv,shallowconvnet,46,pool,-1,-1,1,-0.3244517728104341
leave_dataset_out,heldout_dataset=seediv,bci2a+p300,seediv,per_dataset_majority,nonlinear-induced distortion,pooling,seediv,shallowconvnet,46,pool,-1,-1,1,-0.3244517728104341
leave_dataset_out,heldout_dataset=seediv,bci2a+p300,seediv,taxonomy,nonlinear-induced distortion,pooling,seediv,shallowconvnet,46,pool_nonlin_exp,-1,-1,1,-0.9451393454059591
leave_dataset_out,heldout_dataset=seediv,bci2a+p300,seediv,majority_class,nonlinear-induced distortion,pooling,seediv,shallowconvnet,46,pool_nonlin_exp,-1,-1,1,-0.9451393454059591
leave_dataset_out,heldout_dataset=seediv,bci2a+p300,seediv,per_dataset_majority,nonlinear-induced distortion,pooling,seediv,shallowconvnet,46,pool_nonlin_exp,-1,-1,1,-0.9451393454059591
leave_dataset_out,heldout_dataset=seediv,bci2a+p300,seediv,taxonomy,architecture-induced collapse with training reorganization,classifier,seediv,eegconformer,41,fc,-1,-1,1,-0.7898058769371696
leave_dataset_out,heldout_dataset=seediv,bci2a+p300,seediv,majority_class,architecture-induced collapse with training reorganization,classifier,seediv,eegconformer,41,fc,-1,-1,1,-0.7898058769371696
leave_dataset_out,heldout_dataset=seediv,bci2a+p300,seediv,per_dataset_majority,architecture-induced collapse with training reorganization,classifier,seediv,eegconformer,41,fc,-1,-1,1,-0.7898058769371696
leave_dataset_out,heldout_dataset=seediv,bci2a+p300,seediv,taxonomy,architecture-induced collapse with training reorganization,classifier,seediv,eegconformer,41,final_layer,-1,-1,1,-0.6519929486982956
leave_dataset_out,heldout_dataset=seediv,bci2a+p300,seediv,majority_class,architecture-induced collapse with training reorganization,classifier,seediv,eegconformer,41,final_layer,-1,-1,1,-0.6519929486982956
leave_dataset_out,heldout_dataset=seediv,bci2a+p300,seediv,per_dataset_majority,architecture-induced collapse with training reorganization,classifier,seediv,eegconformer,41,final_layer,-1,-1,1,-0.6519929486982956
leave_dataset_out,heldout_dataset=seediv,bci2a+p300,seediv,taxonomy,architecture-induced collapse with training reorganization,classifier,seediv,eegconformer,41,logits,-1,-1,1,-0.6519929486982956
leave_dataset_out,heldout_dataset=seediv,bci2a+p300,seediv,majority_class,architecture-induced collapse with training reorganization,classifier,seediv,eegconformer,41,logits,-1,-1,1,-0.6519929486982956
leave_dataset_out,heldout_dataset=seediv,bci2a+p300,seediv,per_dataset_majority,architecture-induced collapse with training reorganization,classifier,seediv,eegconformer,41,logits,-1,-1,1,-0.6519929486982956
leave_dataset_out,heldout_dataset=seediv,bci2a+p300,seediv,taxonomy,architecture-induced collapse with training reorganization,patch_embedding,seediv,eegconformer,41,patch_embedding,-1,-1,1,-0.8786256862121138
leave_dataset_out,heldout_dataset=seediv,bci2a+p300,seediv,majority_class,architecture-induced collapse with training reorganization,patch_embedding,seediv,eegconformer,41,patch_embedding,-1,-1,1,-0.8786256862121138
leave_dataset_out,heldout_dataset=seediv,bci2a+p300,seediv,per_dataset_majority,architecture-induced collapse with training reorganization,patch_embedding,seediv,eegconformer,41,patch_embedding,-1,-1,1,-0.8786256862121138
leave_dataset_out,heldout_dataset=seediv,bci2a+p300,seediv,taxonomy,architecture-induced collapse with training reorganization,patch_embedding,seediv,eegconformer,41,patch_embedding.projection,-1,-1,1,-0.8786256862121138
leave_dataset_out,heldout_dataset=seediv,bci2a+p300,seediv,majority_class,architecture-induced collapse with training reorganization,patch_embedding,seediv,eegconformer,41,patch_embedding.projection,-1,-1,1,-0.8786256862121138
leave_dataset_out,heldout_dataset=seediv,bci2a+p300,seediv,per_dataset_majority,architecture-induced collapse with training reorganization,patch_embedding,seediv,eegconformer,41,patch_embedding.projection,-1,-1,1,-0.8786256862121138
leave_dataset_out,heldout_dataset=seediv,bci2a+p300,seediv,taxonomy,architecture-induced collapse with training reorganization,patch_embedding,seediv,eegconformer,41,patch_embedding.shallownet,-1,-1,1,-0.23384019877702958
leave_dataset_out,heldout_dataset=seediv,bci2a+p300,seediv,majority_class,architecture-induced collapse with training reorganization,patch_embedding,seediv,eegconformer,41,patch_embedding.shallownet,-1,-1,1,-0.23384019877702958
leave_dataset_out,heldout_dataset=seediv,bci2a+p300,seediv,per_dataset_majority,architecture-induced collapse with training reorganization,patch_embedding,seediv,eegconformer,41,patch_embedding.shallownet,-1,-1,1,-0.23384019877702958
leave_dataset_out,heldout_dataset=seediv,bci2a+p300,seediv,taxonomy,architecture-induced collapse with training reorganization,transformer,seediv,eegconformer,41,transformer,-1,-1,1,-0.8269103182443429
leave_dataset_out,heldout_dataset=seediv,bci2a+p300,seediv,majority_class,architecture-induced collapse with training reorganization,transformer,seediv,eegconformer,41,transformer,-1,-1,1,-0.8269103182443429
leave_dataset_out,heldout_dataset=seediv,bci2a+p300,seediv,per_dataset_majority,architecture-induced collapse with training reorganization,transformer,seediv,eegconformer,41,transformer,-1,-1,1,-0.8269103182443429
leave_dataset_out,heldout_dataset=seediv,bci2a+p300,seediv,taxonomy,architecture-induced collapse with training reorganization,transformer,seediv,eegconformer,41,transformer.0,-1,-1,1,-0.8982174868803101
leave_dataset_out,heldout_dataset=seediv,bci2a+p300,seediv,majority_class,architecture-induced collapse with training reorganization,transformer,seediv,eegconformer,41,transformer.0,-1,-1,1,-0.8982174868803101
leave_dataset_out,heldout_dataset=seediv,bci2a+p300,seediv,per_dataset_majority,architecture-induced collapse with training reorganization,transformer,seediv,eegconformer,41,transformer.0,-1,-1,1,-0.8982174868803101
leave_dataset_out,heldout_dataset=seediv,bci2a+p300,seediv,taxonomy,architecture-induced collapse with training reorganization,transformer,seediv,eegconformer,41,transformer.2,-1,-1,1,-0.8754057390189874
leave_dataset_out,heldout_dataset=seediv,bci2a+p300,seediv,majority_class,architecture-induced collapse with training reorganization,transformer,seediv,eegconformer,41,transformer.2,-1,-1,1,-0.8754057390189874
leave_dataset_out,heldout_dataset=seediv,bci2a+p300,seediv,per_dataset_majority,architecture-induced collapse with training reorganization,transformer,seediv,eegconformer,41,transformer.2,-1,-1,1,-0.8754057390189874
leave_dataset_out,heldout_dataset=seediv,bci2a+p300,seediv,taxonomy,architecture-induced collapse with training reorganization,transformer,seediv,eegconformer,41,transformer.5,-1,-1,1,-0.8269103182443429
leave_dataset_out,heldout_dataset=seediv,bci2a+p300,seediv,majority_class,architecture-induced collapse with training reorganization,transformer,seediv,eegconformer,41,transformer.5,-1,-1,1,-0.8269103182443429
leave_dataset_out,heldout_dataset=seediv,bci2a+p300,seediv,per_dataset_majority,architecture-induced collapse with training reorganization,transformer,seediv,eegconformer,41,transformer.5,-1,-1,1,-0.8269103182443429
leave_dataset_out,heldout_dataset=seediv,bci2a+p300,seediv,taxonomy,architecture-induced collapse with training reorganization,classifier,seediv,eegconformer,42,fc,-1,-1,1,-0.8342173184548447
leave_dataset_out,heldout_dataset=seediv,bci2a+p300,seediv,majority_class,architecture-induced collapse with training reorganization,classifier,seediv,eegconformer,42,fc,-1,-1,1,-0.8342173184548447
leave_dataset_out,heldout_dataset=seediv,bci2a+p300,seediv,per_dataset_majority,architecture-induced collapse with training reorganization,classifier,seediv,eegconformer,42,fc,-1,-1,1,-0.8342173184548447
leave_dataset_out,heldout_dataset=seediv,bci2a+p300,seediv,taxonomy,architecture-induced collapse with training reorganization,classifier,seediv,eegconformer,42,final_layer,-1,-1,1,-0.8628372284995789
leave_dataset_out,heldout_dataset=seediv,bci2a+p300,seediv,majority_class,architecture-induced collapse with training reorganization,classifier,seediv,eegconformer,42,final_layer,-1,-1,1,-0.8628372284995789
leave_dataset_out,heldout_dataset=seediv,bci2a+p300,seediv,per_dataset_majority,architecture-induced collapse with training reorganization,classifier,seediv,eegconformer,42,final_layer,-1,-1,1,-0.8628372284995789
leave_dataset_out,heldout_dataset=seediv,bci2a+p300,seediv,taxonomy,architecture-induced collapse with training reorganization,classifier,seediv,eegconformer,42,logits,-1,-1,1,-0.8628372284995789
leave_dataset_out,heldout_dataset=seediv,bci2a+p300,seediv,majority_class,architecture-induced collapse with training reorganization,classifier,seediv,eegconformer,42,logits,-1,-1,1,-0.8628372284995789
leave_dataset_out,heldout_dataset=seediv,bci2a+p300,seediv,per_dataset_majority,architecture-induced collapse with training reorganization,classifier,seediv,eegconformer,42,logits,-1,-1,1,-0.8628372284995789
leave_dataset_out,heldout_dataset=seediv,bci2a+p300,seediv,taxonomy,architecture-induced collapse with training reorganization,patch_embedding,seediv,eegconformer,42,patch_embedding,-1,-1,1,-0.8672431149503591
leave_dataset_out,heldout_dataset=seediv,bci2a+p300,seediv,majority_class,architecture-induced collapse with training reorganization,patch_embedding,seediv,eegconformer,42,patch_embedding,-1,-1,1,-0.8672431149503591
leave_dataset_out,heldout_dataset=seediv,bci2a+p300,seediv,per_dataset_majority,architecture-induced collapse with training reorganization,patch_embedding,seediv,eegconformer,42,patch_embedding,-1,-1,1,-0.8672431149503591
leave_dataset_out,heldout_dataset=seediv,bci2a+p300,seediv,taxonomy,architecture-induced collapse with training reorganization,patch_embedding,seediv,eegconformer,42,patch_embedding.projection,-1,-1,1,-0.8672431149503591
leave_dataset_out,heldout_dataset=seediv,bci2a+p300,seediv,majority_class,architecture-induced collapse with training reorganization,patch_embedding,seediv,eegconformer,42,patch_embedding.projection,-1,-1,1,-0.8672431149503591
leave_dataset_out,heldout_dataset=seediv,bci2a+p300,seediv,per_dataset_majority,architecture-induced collapse with training reorganization,patch_embedding,seediv,eegconformer,42,patch_embedding.projection,-1,-1,1,-0.8672431149503591
leave_dataset_out,heldout_dataset=seediv,bci2a+p300,seediv,taxonomy,architecture-induced collapse with training reorganization,patch_embedding,seediv,eegconformer,42,patch_embedding.shallownet,-1,-1,1,-0.3169216295072946
leave_dataset_out,heldout_dataset=seediv,bci2a+p300,seediv,majority_class,architecture-induced collapse with training reorganization,patch_embedding,seediv,eegconformer,42,patch_embedding.shallownet,-1,-1,1,-0.3169216295072946
leave_dataset_out,heldout_dataset=seediv,bci2a+p300,seediv,per_dataset_majority,architecture-induced collapse with training reorganization,patch_embedding,seediv,eegconformer,42,patch_embedding.shallownet,-1,-1,1,-0.3169216295072946
leave_dataset_out,heldout_dataset=seediv,bci2a+p300,seediv,taxonomy,architecture-induced collapse with training reorganization,transformer,seediv,eegconformer,42,transformer,-1,-1,1,-0.9735173126137391
leave_dataset_out,heldout_dataset=seediv,bci2a+p300,seediv,majority_class,architecture-induced collapse with training reorganization,transformer,seediv,eegconformer,42,transformer,-1,-1,1,-0.9735173126137391
leave_dataset_out,heldout_dataset=seediv,bci2a+p300,seediv,per_dataset_majority,architecture-induced collapse with training reorganization,transformer,seediv,eegconformer,42,transformer,-1,-1,1,-0.9735173126137391
leave_dataset_out,heldout_dataset=seediv,bci2a+p300,seediv,taxonomy,architecture-induced collapse with training reorganization,transformer,seediv,eegconformer,42,transformer.0,-1,-1,1,-0.9763294188080799
leave_dataset_out,heldout_dataset=seediv,bci2a+p300,seediv,majority_class,architecture-induced collapse with training reorganization,transformer,seediv,eegconformer,42,transformer.0,-1,-1,1,-0.9763294188080799
leave_dataset_out,heldout_dataset=seediv,bci2a+p300,seediv,per_dataset_majority,architecture-induced collapse with training reorganization,transformer,seediv,eegconformer,42,transformer.0,-1,-1,1,-0.9763294188080799
leave_dataset_out,heldout_dataset=seediv,bci2a+p300,seediv,taxonomy,architecture-induced collapse with training reorganization,transformer,seediv,eegconformer,42,transformer.2,-1,-1,1,-0.9771320607732648
leave_dataset_out,heldout_dataset=seediv,bci2a+p300,seediv,majority_class,architecture-induced collapse with training reorganization,transformer,seediv,eegconformer,42,transformer.2,-1,-1,1,-0.9771320607732648
leave_dataset_out,heldout_dataset=seediv,bci2a+p300,seediv,per_dataset_majority,architecture-induced collapse with training reorganization,transformer,seediv,eegconformer,42,transformer.2,-1,-1,1,-0.9771320607732648
leave_dataset_out,heldout_dataset=seediv,bci2a+p300,seediv,taxonomy,architecture-induced collapse with training reorganization,transformer,seediv,eegconformer,42,transformer.5,-1,-1,1,-0.9735173126137391
leave_dataset_out,heldout_dataset=seediv,bci2a+p300,seediv,majority_class,architecture-induced collapse with training reorganization,transformer,seediv,eegconformer,42,transformer.5,-1,-1,1,-0.9735173126137391
leave_dataset_out,heldout_dataset=seediv,bci2a+p300,seediv,per_dataset_majority,architecture-induced collapse with training reorganization,transformer,seediv,eegconformer,42,transformer.5,-1,-1,1,-0.9735173126137391
leave_dataset_out,heldout_dataset=seediv,bci2a+p300,seediv,taxonomy,architecture-induced collapse with training reorganization,classifier,seediv,eegconformer,43,fc,-1,-1,1,-0.7893078937082892
leave_dataset_out,heldout_dataset=seediv,bci2a+p300,seediv,majority_class,architecture-induced collapse with training reorganization,classifier,seediv,eegconformer,43,fc,-1,-1,1,-0.7893078937082892
leave_dataset_out,heldout_dataset=seediv,bci2a+p300,seediv,per_dataset_majority,architecture-induced collapse with training reorganization,classifier,seediv,eegconformer,43,fc,-1,-1,1,-0.7893078937082892
leave_dataset_out,heldout_dataset=seediv,bci2a+p300,seediv,taxonomy,architecture-induced collapse with training reorganization,classifier,seediv,eegconformer,43,final_layer,-1,-1,1,-0.8553266628164614
leave_dataset_out,heldout_dataset=seediv,bci2a+p300,seediv,majority_class,architecture-induced collapse with training reorganization,classifier,seediv,eegconformer,43,final_layer,-1,-1,1,-0.8553266628164614
leave_dataset_out,heldout_dataset=seediv,bci2a+p300,seediv,per_dataset_majority,architecture-induced collapse with training reorganization,classifier,seediv,eegconformer,43,final_layer,-1,-1,1,-0.8553266628164614
leave_dataset_out,heldout_dataset=seediv,bci2a+p300,seediv,taxonomy,architecture-induced collapse with training reorganization,classifier,seediv,eegconformer,43,logits,-1,-1,1,-0.8553266628164614
leave_dataset_out,heldout_dataset=seediv,bci2a+p300,seediv,majority_class,architecture-induced collapse with training reorganization,classifier,seediv,eegconformer,43,logits,-1,-1,1,-0.8553266628164614
leave_dataset_out,heldout_dataset=seediv,bci2a+p300,seediv,per_dataset_majority,architecture-induced collapse with training reorganization,classifier,seediv,eegconformer,43,logits,-1,-1,1,-0.8553266628164614
leave_dataset_out,heldout_dataset=seediv,bci2a+p300,seediv,taxonomy,architecture-induced collapse with training reorganization,patch_embedding,seediv,eegconformer,43,patch_embedding,-1,-1,1,-0.8655576926235832
leave_dataset_out,heldout_dataset=seediv,bci2a+p300,seediv,majority_class,architecture-induced collapse with training reorganization,patch_embedding,seediv,eegconformer,43,patch_embedding,-1,-1,1,-0.8655576926235832
leave_dataset_out,heldout_dataset=seediv,bci2a+p300,seediv,per_dataset_majority,architecture-induced collapse with training reorganization,patch_embedding,seediv,eegconformer,43,patch_embedding,-1,-1,1,-0.8655576926235832
leave_dataset_out,heldout_dataset=seediv,bci2a+p300,seediv,taxonomy,architecture-induced collapse with training reorganization,patch_embedding,seediv,eegconformer,43,patch_embedding.projection,-1,-1,1,-0.8655576926235832
leave_dataset_out,heldout_dataset=seediv,bci2a+p300,seediv,majority_class,architecture-induced collapse with training reorganization,patch_embedding,seediv,eegconformer,43,patch_embedding.projection,-1,-1,1,-0.8655576926235832
leave_dataset_out,heldout_dataset=seediv,bci2a+p300,seediv,per_dataset_majority,architecture-induced collapse with training reorganization,patch_embedding,seediv,eegconformer,43,patch_embedding.projection,-1,-1,1,-0.8655576926235832
leave_dataset_out,heldout_dataset=seediv,bci2a+p300,seediv,taxonomy,architecture-induced collapse with training reorganization,patch_embedding,seediv,eegconformer,43,patch_embedding.shallownet,-1,-1,1,-0.8233287476593376
leave_dataset_out,heldout_dataset=seediv,bci2a+p300,seediv,majority_class,architecture-induced collapse with training reorganization,patch_embedding,seediv,eegconformer,43,patch_embedding.shallownet,-1,-1,1,-0.8233287476593376
leave_dataset_out,heldout_dataset=seediv,bci2a+p300,seediv,per_dataset_majority,architecture-induced collapse with training reorganization,patch_embedding,seediv,eegconformer,43,patch_embedding.shallownet,-1,-1,1,-0.8233287476593376
leave_dataset_out,heldout_dataset=seediv,bci2a+p300,seediv,taxonomy,architecture-induced collapse with training reorganization,transformer,seediv,eegconformer,43,transformer,-1,-1,1,-0.7943680076631082
leave_dataset_out,heldout_dataset=seediv,bci2a+p300,seediv,majority_class,architecture-induced collapse with training reorganization,transformer,seediv,eegconformer,43,transformer,-1,-1,1,-0.7943680076631082
leave_dataset_out,heldout_dataset=seediv,bci2a+p300,seediv,per_dataset_majority,architecture-induced collapse with training reorganization,transformer,seediv,eegconformer,43,transformer,-1,-1,1,-0.7943680076631082
leave_dataset_out,heldout_dataset=seediv,bci2a+p300,seediv,taxonomy,architecture-induced collapse with training reorganization,transformer,seediv,eegconformer,43,transformer.0,-1,-1,1,-0.7742040247437098
leave_dataset_out,heldout_dataset=seediv,bci2a+p300,seediv,majority_class,architecture-induced collapse with training reorganization,transformer,seediv,eegconformer,43,transformer.0,-1,-1,1,-0.7742040247437098
leave_dataset_out,heldout_dataset=seediv,bci2a+p300,seediv,per_dataset_majority,architecture-induced collapse with training reorganization,transformer,seediv,eegconformer,43,transformer.0,-1,-1,1,-0.7742040247437098
leave_dataset_out,heldout_dataset=seediv,bci2a+p300,seediv,taxonomy,architecture-induced collapse with training reorganization,transformer,seediv,eegconformer,43,transformer.2,-1,-1,1,-0.7984044836960206
leave_dataset_out,heldout_dataset=seediv,bci2a+p300,seediv,majority_class,architecture-induced collapse with training reorganization,transformer,seediv,eegconformer,43,transformer.2,-1,-1,1,-0.7984044836960206
leave_dataset_out,heldout_dataset=seediv,bci2a+p300,seediv,per_dataset_majority,architecture-induced collapse with training reorganization,transformer,seediv,eegconformer,43,transformer.2,-1,-1,1,-0.7984044836960206
leave_dataset_out,heldout_dataset=seediv,bci2a+p300,seediv,taxonomy,architecture-induced collapse with training reorganization,transformer,seediv,eegconformer,43,transformer.5,-1,-1,1,-0.7943680076631082
leave_dataset_out,heldout_dataset=seediv,bci2a+p300,seediv,majority_class,architecture-induced collapse with training reorganization,transformer,seediv,eegconformer,43,transformer.5,-1,-1,1,-0.7943680076631082
leave_dataset_out,heldout_dataset=seediv,bci2a+p300,seediv,per_dataset_majority,architecture-induced collapse with training reorganization,transformer,seediv,eegconformer,43,transformer.5,-1,-1,1,-0.7943680076631082
leave_dataset_out,heldout_dataset=seediv,bci2a+p300,seediv,taxonomy,architecture-induced collapse with training reorganization,classifier,seediv,eegconformer,44,fc,-1,-1,1,-0.8409682995288291
leave_dataset_out,heldout_dataset=seediv,bci2a+p300,seediv,majority_class,architecture-induced collapse with training reorganization,classifier,seediv,eegconformer,44,fc,-1,-1,1,-0.8409682995288291
leave_dataset_out,heldout_dataset=seediv,bci2a+p300,seediv,per_dataset_majority,architecture-induced collapse with training reorganization,classifier,seediv,eegconformer,44,fc,-1,-1,1,-0.8409682995288291
leave_dataset_out,heldout_dataset=seediv,bci2a+p300,seediv,taxonomy,architecture-induced collapse with training reorganization,classifier,seediv,eegconformer,44,final_layer,-1,-1,1,-0.7691785266304386
leave_dataset_out,heldout_dataset=seediv,bci2a+p300,seediv,majority_class,architecture-induced collapse with training reorganization,classifier,seediv,eegconformer,44,final_layer,-1,-1,1,-0.7691785266304386
leave_dataset_out,heldout_dataset=seediv,bci2a+p300,seediv,per_dataset_majority,architecture-induced collapse with training reorganization,classifier,seediv,eegconformer,44,final_layer,-1,-1,1,-0.7691785266304386
leave_dataset_out,heldout_dataset=seediv,bci2a+p300,seediv,taxonomy,architecture-induced collapse with training reorganization,classifier,seediv,eegconformer,44,logits,-1,-1,1,-0.7691785266304386
leave_dataset_out,heldout_dataset=seediv,bci2a+p300,seediv,majority_class,architecture-induced collapse with training reorganization,classifier,seediv,eegconformer,44,logits,-1,-1,1,-0.7691785266304386
leave_dataset_out,heldout_dataset=seediv,bci2a+p300,seediv,per_dataset_majority,architecture-induced collapse with training reorganization,classifier,seediv,eegconformer,44,logits,-1,-1,1,-0.7691785266304386
leave_dataset_out,heldout_dataset=seediv,bci2a+p300,seediv,taxonomy,architecture-induced collapse with training reorganization,patch_embedding,seediv,eegconformer,44,patch_embedding,-1,-1,1,-0.7469349553881166
leave_dataset_out,heldout_dataset=seediv,bci2a+p300,seediv,majority_class,architecture-induced collapse with training reorganization,patch_embedding,seediv,eegconformer,44,patch_embedding,-1,-1,1,-0.7469349553881166
leave_dataset_out,heldout_dataset=seediv,bci2a+p300,seediv,per_dataset_majority,architecture-induced collapse with training reorganization,patch_embedding,seediv,eegconformer,44,patch_embedding,-1,-1,1,-0.7469349553881166
leave_dataset_out,heldout_dataset=seediv,bci2a+p300,seediv,taxonomy,architecture-induced collapse with training reorganization,patch_embedding,seediv,eegconformer,44,patch_embedding.projection,-1,-1,1,-0.7469349553881166
leave_dataset_out,heldout_dataset=seediv,bci2a+p300,seediv,majority_class,architecture-induced collapse with training reorganization,patch_embedding,seediv,eegconformer,44,patch_embedding.projection,-1,-1,1,-0.7469349553881166
leave_dataset_out,heldout_dataset=seediv,bci2a+p300,seediv,per_dataset_majority,architecture-induced collapse with training reorganization,patch_embedding,seediv,eegconformer,44,patch_embedding.projection,-1,-1,1,-0.7469349553881166
leave_dataset_out,heldout_dataset=seediv,bci2a+p300,seediv,taxonomy,architecture-induced collapse with training reorganization,patch_embedding,seediv,eegconformer,44,patch_embedding.shallownet,-1,-1,1,-0.23475802789047823
leave_dataset_out,heldout_dataset=seediv,bci2a+p300,seediv,majority_class,architecture-induced collapse with training reorganization,patch_embedding,seediv,eegconformer,44,patch_embedding.shallownet,-1,-1,1,-0.23475802789047823
leave_dataset_out,heldout_dataset=seediv,bci2a+p300,seediv,per_dataset_majority,architecture-induced collapse with training reorganization,patch_embedding,seediv,eegconformer,44,patch_embedding.shallownet,-1,-1,1,-0.23475802789047823
leave_dataset_out,heldout_dataset=seediv,bci2a+p300,seediv,taxonomy,architecture-induced collapse with training reorganization,transformer,seediv,eegconformer,44,transformer,-1,-1,1,-0.8774778149264091
leave_dataset_out,heldout_dataset=seediv,bci2a+p300,seediv,majority_class,architecture-induced collapse with training reorganization,transformer,seediv,eegconformer,44,transformer,-1,-1,1,-0.8774778149264091
leave_dataset_out,heldout_dataset=seediv,bci2a+p300,seediv,per_dataset_majority,architecture-induced collapse with training reorganization,transformer,seediv,eegconformer,44,transformer,-1,-1,1,-0.8774778149264091
leave_dataset_out,heldout_dataset=seediv,bci2a+p300,seediv,taxonomy,architecture-induced collapse with training reorganization,transformer,seediv,eegconformer,44,transformer.0,-1,-1,1,-0.873790321041281
leave_dataset_out,heldout_dataset=seediv,bci2a+p300,seediv,majority_class,architecture-induced collapse with training reorganization,transformer,seediv,eegconformer,44,transformer.0,-1,-1,1,-0.873790321041281
leave_dataset_out,heldout_dataset=seediv,bci2a+p300,seediv,per_dataset_majority,architecture-induced collapse with training reorganization,transformer,seediv,eegconformer,44,transformer.0,-1,-1,1,-0.873790321041281
leave_dataset_out,heldout_dataset=seediv,bci2a+p300,seediv,taxonomy,architecture-induced collapse with training reorganization,transformer,seediv,eegconformer,44,transformer.2,-1,-1,1,-0.9115399130268261
leave_dataset_out,heldout_dataset=seediv,bci2a+p300,seediv,majority_class,architecture-induced collapse with training reorganization,transformer,seediv,eegconformer,44,transformer.2,-1,-1,1,-0.9115399130268261
leave_dataset_out,heldout_dataset=seediv,bci2a+p300,seediv,per_dataset_majority,architecture-induced collapse with training reorganization,transformer,seediv,eegconformer,44,transformer.2,-1,-1,1,-0.9115399130268261
leave_dataset_out,heldout_dataset=seediv,bci2a+p300,seediv,taxonomy,architecture-induced collapse with training reorganization,transformer,seediv,eegconformer,44,transformer.5,-1,-1,1,-0.8774778149264091
leave_dataset_out,heldout_dataset=seediv,bci2a+p300,seediv,majority_class,architecture-induced collapse with training reorganization,transformer,seediv,eegconformer,44,transformer.5,-1,-1,1,-0.8774778149264091
leave_dataset_out,heldout_dataset=seediv,bci2a+p300,seediv,per_dataset_majority,architecture-induced collapse with training reorganization,transformer,seediv,eegconformer,44,transformer.5,-1,-1,1,-0.8774778149264091
leave_dataset_out,heldout_dataset=seediv,bci2a+p300,seediv,taxonomy,architecture-induced collapse with training reorganization,classifier,seediv,eegconformer,45,fc,-1,-1,1,-0.5349045756421744
leave_dataset_out,heldout_dataset=seediv,bci2a+p300,seediv,majority_class,architecture-induced collapse with training reorganization,classifier,seediv,eegconformer,45,fc,-1,-1,1,-0.5349045756421744
leave_dataset_out,heldout_dataset=seediv,bci2a+p300,seediv,per_dataset_majority,architecture-induced collapse with training reorganization,classifier,seediv,eegconformer,45,fc,-1,-1,1,-0.5349045756421744
leave_dataset_out,heldout_dataset=seediv,bci2a+p300,seediv,taxonomy,architecture-induced collapse with training reorganization,classifier,seediv,eegconformer,45,final_layer,-1,-1,1,-0.278644173528939
leave_dataset_out,heldout_dataset=seediv,bci2a+p300,seediv,majority_class,architecture-induced collapse with training reorganization,classifier,seediv,eegconformer,45,final_layer,-1,-1,1,-0.278644173528939
leave_dataset_out,heldout_dataset=seediv,bci2a+p300,seediv,per_dataset_majority,architecture-induced collapse with training reorganization,classifier,seediv,eegconformer,45,final_layer,-1,-1,1,-0.278644173528939
leave_dataset_out,heldout_dataset=seediv,bci2a+p300,seediv,taxonomy,architecture-induced collapse with training reorganization,classifier,seediv,eegconformer,45,logits,-1,-1,1,-0.278644173528939
leave_dataset_out,heldout_dataset=seediv,bci2a+p300,seediv,majority_class,architecture-induced collapse with training reorganization,classifier,seediv,eegconformer,45,logits,-1,-1,1,-0.278644173528939
leave_dataset_out,heldout_dataset=seediv,bci2a+p300,seediv,per_dataset_majority,architecture-induced collapse with training reorganization,classifier,seediv,eegconformer,45,logits,-1,-1,1,-0.278644173528939
leave_dataset_out,heldout_dataset=seediv,bci2a+p300,seediv,taxonomy,architecture-induced collapse with training reorganization,patch_embedding,seediv,eegconformer,45,patch_embedding,-1,-1,1,-0.6327141153713159
leave_dataset_out,heldout_dataset=seediv,bci2a+p300,seediv,majority_class,architecture-induced collapse with training reorganization,patch_embedding,seediv,eegconformer,45,patch_embedding,-1,-1,1,-0.6327141153713159
leave_dataset_out,heldout_dataset=seediv,bci2a+p300,seediv,per_dataset_majority,architecture-induced collapse with training reorganization,patch_embedding,seediv,eegconformer,45,patch_embedding,-1,-1,1,-0.6327141153713159
leave_dataset_out,heldout_dataset=seediv,bci2a+p300,seediv,taxonomy,architecture-induced collapse with training reorganization,patch_embedding,seediv,eegconformer,45,patch_embedding.projection,-1,-1,1,-0.6327141153713159
leave_dataset_out,heldout_dataset=seediv,bci2a+p300,seediv,majority_class,architecture-induced collapse with training reorganization,patch_embedding,seediv,eegconformer,45,patch_embedding.projection,-1,-1,1,-0.6327141153713159
leave_dataset_out,heldout_dataset=seediv,bci2a+p300,seediv,per_dataset_majority,architecture-induced collapse with training reorganization,patch_embedding,seediv,eegconformer,45,patch_embedding.projection,-1,-1,1,-0.6327141153713159
leave_dataset_out,heldout_dataset=seediv,bci2a+p300,seediv,taxonomy,architecture-induced collapse with training reorganization,patch_embedding,seediv,eegconformer,45,patch_embedding.shallownet,-1,-1,1,-0.669750514235121
leave_dataset_out,heldout_dataset=seediv,bci2a+p300,seediv,majority_class,architecture-induced collapse with training reorganization,patch_embedding,seediv,eegconformer,45,patch_embedding.shallownet,-1,-1,1,-0.669750514235121
leave_dataset_out,heldout_dataset=seediv,bci2a+p300,seediv,per_dataset_majority,architecture-induced collapse with training reorganization,patch_embedding,seediv,eegconformer,45,patch_embedding.shallownet,-1,-1,1,-0.669750514235121
leave_dataset_out,heldout_dataset=seediv,bci2a+p300,seediv,taxonomy,architecture-induced collapse with training reorganization,transformer,seediv,eegconformer,45,transformer,-1,-1,1,-0.5509223868077917
leave_dataset_out,heldout_dataset=seediv,bci2a+p300,seediv,majority_class,architecture-induced collapse with training reorganization,transformer,seediv,eegconformer,45,transformer,-1,-1,1,-0.5509223868077917
leave_dataset_out,heldout_dataset=seediv,bci2a+p300,seediv,per_dataset_majority,architecture-induced collapse with training reorganization,transformer,seediv,eegconformer,45,transformer,-1,-1,1,-0.5509223868077917
leave_dataset_out,heldout_dataset=seediv,bci2a+p300,seediv,taxonomy,architecture-induced collapse with training reorganization,transformer,seediv,eegconformer,45,transformer.0,-1,-1,1,-0.559402093934194
leave_dataset_out,heldout_dataset=seediv,bci2a+p300,seediv,majority_class,architecture-induced collapse with training reorganization,transformer,seediv,eegconformer,45,transformer.0,-1,-1,1,-0.559402093934194
leave_dataset_out,heldout_dataset=seediv,bci2a+p300,seediv,per_dataset_majority,architecture-induced collapse with training reorganization,transformer,seediv,eegconformer,45,transformer.0,-1,-1,1,-0.559402093934194
leave_dataset_out,heldout_dataset=seediv,bci2a+p300,seediv,taxonomy,architecture-induced collapse with training reorganization,transformer,seediv,eegconformer,45,transformer.2,-1,-1,1,-0.5141629669374583
leave_dataset_out,heldout_dataset=seediv,bci2a+p300,seediv,majority_class,architecture-induced collapse with training reorganization,transformer,seediv,eegconformer,45,transformer.2,-1,-1,1,-0.5141629669374583
leave_dataset_out,heldout_dataset=seediv,bci2a+p300,seediv,per_dataset_majority,architecture-induced collapse with training reorganization,transformer,seediv,eegconformer,45,transformer.2,-1,-1,1,-0.5141629669374583
leave_dataset_out,heldout_dataset=seediv,bci2a+p300,seediv,taxonomy,architecture-induced collapse with training reorganization,transformer,seediv,eegconformer,45,transformer.5,-1,-1,1,-0.5509223868077917
leave_dataset_out,heldout_dataset=seediv,bci2a+p300,seediv,majority_class,architecture-induced collapse with training reorganization,transformer,seediv,eegconformer,45,transformer.5,-1,-1,1,-0.5509223868077917
leave_dataset_out,heldout_dataset=seediv,bci2a+p300,seediv,per_dataset_majority,architecture-induced collapse with training reorganization,transformer,seediv,eegconformer,45,transformer.5,-1,-1,1,-0.5509223868077917
leave_dataset_out,heldout_dataset=seediv,bci2a+p300,seediv,taxonomy,architecture-induced collapse with training reorganization,classifier,seediv,eegconformer,46,fc,-1,-1,1,-0.8740391325776351
leave_dataset_out,heldout_dataset=seediv,bci2a+p300,seediv,majority_class,architecture-induced collapse with training reorganization,classifier,seediv,eegconformer,46,fc,-1,-1,1,-0.8740391325776351
leave_dataset_out,heldout_dataset=seediv,bci2a+p300,seediv,per_dataset_majority,architecture-induced collapse with training reorganization,classifier,seediv,eegconformer,46,fc,-1,-1,1,-0.8740391325776351
leave_dataset_out,heldout_dataset=seediv,bci2a+p300,seediv,taxonomy,architecture-induced collapse with training reorganization,classifier,seediv,eegconformer,46,final_layer,-1,-1,1,-0.8709266764074971
leave_dataset_out,heldout_dataset=seediv,bci2a+p300,seediv,majority_class,architecture-induced collapse with training reorganization,classifier,seediv,eegconformer,46,final_layer,-1,-1,1,-0.8709266764074971
leave_dataset_out,heldout_dataset=seediv,bci2a+p300,seediv,per_dataset_majority,architecture-induced collapse with training reorganization,classifier,seediv,eegconformer,46,final_layer,-1,-1,1,-0.8709266764074971
leave_dataset_out,heldout_dataset=seediv,bci2a+p300,seediv,taxonomy,architecture-induced collapse with training reorganization,classifier,seediv,eegconformer,46,logits,-1,-1,1,-0.8709266764074971
leave_dataset_out,heldout_dataset=seediv,bci2a+p300,seediv,majority_class,architecture-induced collapse with training reorganization,classifier,seediv,eegconformer,46,logits,-1,-1,1,-0.8709266764074971
leave_dataset_out,heldout_dataset=seediv,bci2a+p300,seediv,per_dataset_majority,architecture-induced collapse with training reorganization,classifier,seediv,eegconformer,46,logits,-1,-1,1,-0.8709266764074971
leave_dataset_out,heldout_dataset=seediv,bci2a+p300,seediv,taxonomy,architecture-induced collapse with training reorganization,patch_embedding,seediv,eegconformer,46,patch_embedding,-1,-1,1,-0.8976157654536628
leave_dataset_out,heldout_dataset=seediv,bci2a+p300,seediv,majority_class,architecture-induced collapse with training reorganization,patch_embedding,seediv,eegconformer,46,patch_embedding,-1,-1,1,-0.8976157654536628
leave_dataset_out,heldout_dataset=seediv,bci2a+p300,seediv,per_dataset_majority,architecture-induced collapse with training reorganization,patch_embedding,seediv,eegconformer,46,patch_embedding,-1,-1,1,-0.8976157654536628
leave_dataset_out,heldout_dataset=seediv,bci2a+p300,seediv,taxonomy,architecture-induced collapse with training reorganization,patch_embedding,seediv,eegconformer,46,patch_embedding.projection,-1,-1,1,-0.8976157654536628
leave_dataset_out,heldout_dataset=seediv,bci2a+p300,seediv,majority_class,architecture-induced collapse with training reorganization,patch_embedding,seediv,eegconformer,46,patch_embedding.projection,-1,-1,1,-0.8976157654536628
leave_dataset_out,heldout_dataset=seediv,bci2a+p300,seediv,per_dataset_majority,architecture-induced collapse with training reorganization,patch_embedding,seediv,eegconformer,46,patch_embedding.projection,-1,-1,1,-0.8976157654536628
leave_dataset_out,heldout_dataset=seediv,bci2a+p300,seediv,taxonomy,architecture-induced collapse with training reorganization,patch_embedding,seediv,eegconformer,46,patch_embedding.shallownet,-1,-1,1,-0.4404119747086098
leave_dataset_out,heldout_dataset=seediv,bci2a+p300,seediv,majority_class,architecture-induced collapse with training reorganization,patch_embedding,seediv,eegconformer,46,patch_embedding.shallownet,-1,-1,1,-0.4404119747086098
leave_dataset_out,heldout_dataset=seediv,bci2a+p300,seediv,per_dataset_majority,architecture-induced collapse with training reorganization,patch_embedding,seediv,eegconformer,46,patch_embedding.shallownet,-1,-1,1,-0.4404119747086098
leave_dataset_out,heldout_dataset=seediv,bci2a+p300,seediv,taxonomy,architecture-induced collapse with training reorganization,transformer,seediv,eegconformer,46,transformer,-1,-1,1,-0.9040786993465245
leave_dataset_out,heldout_dataset=seediv,bci2a+p300,seediv,majority_class,architecture-induced collapse with training reorganization,transformer,seediv,eegconformer,46,transformer,-1,-1,1,-0.9040786993465245
leave_dataset_out,heldout_dataset=seediv,bci2a+p300,seediv,per_dataset_majority,architecture-induced collapse with training reorganization,transformer,seediv,eegconformer,46,transformer,-1,-1,1,-0.9040786993465245
leave_dataset_out,heldout_dataset=seediv,bci2a+p300,seediv,taxonomy,architecture-induced collapse with training reorganization,transformer,seediv,eegconformer,46,transformer.0,-1,-1,1,-0.9575584356394666
leave_dataset_out,heldout_dataset=seediv,bci2a+p300,seediv,majority_class,architecture-induced collapse with training reorganization,transformer,seediv,eegconformer,46,transformer.0,-1,-1,1,-0.9575584356394666
leave_dataset_out,heldout_dataset=seediv,bci2a+p300,seediv,per_dataset_majority,architecture-induced collapse with training reorganization,transformer,seediv,eegconformer,46,transformer.0,-1,-1,1,-0.9575584356394666
leave_dataset_out,heldout_dataset=seediv,bci2a+p300,seediv,taxonomy,architecture-induced collapse with training reorganization,transformer,seediv,eegconformer,46,transformer.2,-1,-1,1,-0.9313976201773492
leave_dataset_out,heldout_dataset=seediv,bci2a+p300,seediv,majority_class,architecture-induced collapse with training reorganization,transformer,seediv,eegconformer,46,transformer.2,-1,-1,1,-0.9313976201773492
leave_dataset_out,heldout_dataset=seediv,bci2a+p300,seediv,per_dataset_majority,architecture-induced collapse with training reorganization,transformer,seediv,eegconformer,46,transformer.2,-1,-1,1,-0.9313976201773492
leave_dataset_out,heldout_dataset=seediv,bci2a+p300,seediv,taxonomy,architecture-induced collapse with training reorganization,transformer,seediv,eegconformer,46,transformer.5,-1,-1,1,-0.9040786993465245
leave_dataset_out,heldout_dataset=seediv,bci2a+p300,seediv,majority_class,architecture-induced collapse with training reorganization,transformer,seediv,eegconformer,46,transformer.5,-1,-1,1,-0.9040786993465245
leave_dataset_out,heldout_dataset=seediv,bci2a+p300,seediv,per_dataset_majority,architecture-induced collapse with training reorganization,transformer,seediv,eegconformer,46,transformer.5,-1,-1,1,-0.9040786993465245
leave_dataset_out,heldout_dataset=seediv,bci2a+p300,seediv,taxonomy,multi-branch fusion-induced reorganization,spatial_asymmetry,seediv,tsception,41,batch_spatial_lay,1,-1,0,-0.7313936832373459
leave_dataset_out,heldout_dataset=seediv,bci2a+p300,seediv,majority_class,multi-branch fusion-induced reorganization,spatial_asymmetry,seediv,tsception,41,batch_spatial_lay,-1,-1,1,-0.7313936832373459
leave_dataset_out,heldout_dataset=seediv,bci2a+p300,seediv,per_dataset_majority,multi-branch fusion-induced reorganization,spatial_asymmetry,seediv,tsception,41,batch_spatial_lay,-1,-1,1,-0.7313936832373459
leave_dataset_out,heldout_dataset=seediv,bci2a+p300,seediv,taxonomy,multi-branch fusion-induced reorganization,temporal_multiscale,seediv,tsception,41,batch_temporal_lay,-1,1,0,0.20557573231597684
leave_dataset_out,heldout_dataset=seediv,bci2a+p300,seediv,majority_class,multi-branch fusion-induced reorganization,temporal_multiscale,seediv,tsception,41,batch_temporal_lay,-1,1,0,0.20557573231597684
leave_dataset_out,heldout_dataset=seediv,bci2a+p300,seediv,per_dataset_majority,multi-branch fusion-induced reorganization,temporal_multiscale,seediv,tsception,41,batch_temporal_lay,-1,1,0,0.20557573231597684
leave_dataset_out,heldout_dataset=seediv,bci2a+p300,seediv,taxonomy,multi-branch fusion-induced reorganization,fusion_classifier,seediv,tsception,41,dense_layer,-1,-1,1,-0.45340732749756385
leave_dataset_out,heldout_dataset=seediv,bci2a+p300,seediv,majority_class,multi-branch fusion-induced reorganization,fusion_classifier,seediv,tsception,41,dense_layer,-1,-1,1,-0.45340732749756385
leave_dataset_out,heldout_dataset=seediv,bci2a+p300,seediv,per_dataset_majority,multi-branch fusion-induced reorganization,fusion_classifier,seediv,tsception,41,dense_layer,-1,-1,1,-0.45340732749756385
leave_dataset_out,heldout_dataset=seediv,bci2a+p300,seediv,taxonomy,multi-branch fusion-induced reorganization,fusion_classifier,seediv,tsception,41,final_layer,-1,-1,1,-0.9755893915944208
leave_dataset_out,heldout_dataset=seediv,bci2a+p300,seediv,majority_class,multi-branch fusion-induced reorganization,fusion_classifier,seediv,tsception,41,final_layer,-1,-1,1,-0.9755893915944208
leave_dataset_out,heldout_dataset=seediv,bci2a+p300,seediv,per_dataset_majority,multi-branch fusion-induced reorganization,fusion_classifier,seediv,tsception,41,final_layer,-1,-1,1,-0.9755893915944208
leave_dataset_out,heldout_dataset=seediv,bci2a+p300,seediv,taxonomy,multi-branch fusion-induced reorganization,fusion_classifier,seediv,tsception,41,logits,-1,-1,1,-0.9755893915944208
leave_dataset_out,heldout_dataset=seediv,bci2a+p300,seediv,majority_class,multi-branch fusion-induced reorganization,fusion_classifier,seediv,tsception,41,logits,-1,-1,1,-0.9755893915944208
leave_dataset_out,heldout_dataset=seediv,bci2a+p300,seediv,per_dataset_majority,multi-branch fusion-induced reorganization,fusion_classifier,seediv,tsception,41,logits,-1,-1,1,-0.9755893915944208
leave_dataset_out,heldout_dataset=seediv,bci2a+p300,seediv,taxonomy,multi-branch fusion-induced reorganization,spatial_asymmetry,seediv,tsception,41,spatial_block_1,1,-1,0,-0.001413125764524143
leave_dataset_out,heldout_dataset=seediv,bci2a+p300,seediv,majority_class,multi-branch fusion-induced reorganization,spatial_asymmetry,seediv,tsception,41,spatial_block_1,-1,-1,1,-0.001413125764524143
leave_dataset_out,heldout_dataset=seediv,bci2a+p300,seediv,per_dataset_majority,multi-branch fusion-induced reorganization,spatial_asymmetry,seediv,tsception,41,spatial_block_1,-1,-1,1,-0.001413125764524143
leave_dataset_out,heldout_dataset=seediv,bci2a+p300,seediv,taxonomy,multi-branch fusion-induced reorganization,spatial_asymmetry,seediv,tsception,41,spatial_block_2,1,-1,0,-0.8569069514145591
leave_dataset_out,heldout_dataset=seediv,bci2a+p300,seediv,majority_class,multi-branch fusion-induced reorganization,spatial_asymmetry,seediv,tsception,41,spatial_block_2,-1,-1,1,-0.8569069514145591
leave_dataset_out,heldout_dataset=seediv,bci2a+p300,seediv,per_dataset_majority,multi-branch fusion-induced reorganization,spatial_asymmetry,seediv,tsception,41,spatial_block_2,-1,-1,1,-0.8569069514145591
leave_dataset_out,heldout_dataset=seediv,bci2a+p300,seediv,taxonomy,multi-branch fusion-induced reorganization,temporal_multiscale,seediv,tsception,41,temporal_blocks.0,-1,-1,1,-0.9191076072866116
leave_dataset_out,heldout_dataset=seediv,bci2a+p300,seediv,majority_class,multi-branch fusion-induced reorganization,temporal_multiscale,seediv,tsception,41,temporal_blocks.0,-1,-1,1,-0.9191076072866116
leave_dataset_out,heldout_dataset=seediv,bci2a+p300,seediv,per_dataset_majority,multi-branch fusion-induced reorganization,temporal_multiscale,seediv,tsception,41,temporal_blocks.0,-1,-1,1,-0.9191076072866116
leave_dataset_out,heldout_dataset=seediv,bci2a+p300,seediv,taxonomy,multi-branch fusion-induced reorganization,temporal_multiscale,seediv,tsception,41,temporal_blocks.1,-1,-1,1,-0.5803908643167452
leave_dataset_out,heldout_dataset=seediv,bci2a+p300,seediv,majority_class,multi-branch fusion-induced reorganization,temporal_multiscale,seediv,tsception,41,temporal_blocks.1,-1,-1,1,-0.5803908643167452
leave_dataset_out,heldout_dataset=seediv,bci2a+p300,seediv,per_dataset_majority,multi-branch fusion-induced reorganization,temporal_multiscale,seediv,tsception,41,temporal_blocks.1,-1,-1,1,-0.5803908643167452
leave_dataset_out,heldout_dataset=seediv,bci2a+p300,seediv,taxonomy,multi-branch fusion-induced reorganization,temporal_multiscale,seediv,tsception,41,temporal_blocks.2,-1,-1,1,-0.8822560309665981
leave_dataset_out,heldout_dataset=seediv,bci2a+p300,seediv,majority_class,multi-branch fusion-induced reorganization,temporal_multiscale,seediv,tsception,41,temporal_blocks.2,-1,-1,1,-0.8822560309665981
leave_dataset_out,heldout_dataset=seediv,bci2a+p300,seediv,per_dataset_majority,multi-branch fusion-induced reorganization,temporal_multiscale,seediv,tsception,41,temporal_blocks.2,-1,-1,1,-0.8822560309665981
leave_dataset_out,heldout_dataset=seediv,bci2a+p300,seediv,taxonomy,multi-branch fusion-induced reorganization,spatial_asymmetry,seediv,tsception,42,batch_spatial_lay,1,1,1,0.0074805455254054725
leave_dataset_out,heldout_dataset=seediv,bci2a+p300,seediv,majority_class,multi-branch fusion-induced reorganization,spatial_asymmetry,seediv,tsception,42,batch_spatial_lay,-1,1,0,0.0074805455254054725
leave_dataset_out,heldout_dataset=seediv,bci2a+p300,seediv,per_dataset_majority,multi-branch fusion-induced reorganization,spatial_asymmetry,seediv,tsception,42,batch_spatial_lay,-1,1,0,0.0074805455254054725
leave_dataset_out,heldout_dataset=seediv,bci2a+p300,seediv,taxonomy,multi-branch fusion-induced reorganization,temporal_multiscale,seediv,tsception,42,batch_temporal_lay,-1,1,0,0.6789373727942906
leave_dataset_out,heldout_dataset=seediv,bci2a+p300,seediv,majority_class,multi-branch fusion-induced reorganization,temporal_multiscale,seediv,tsception,42,batch_temporal_lay,-1,1,0,0.6789373727942906
leave_dataset_out,heldout_dataset=seediv,bci2a+p300,seediv,per_dataset_majority,multi-branch fusion-induced reorganization,temporal_multiscale,seediv,tsception,42,batch_temporal_lay,-1,1,0,0.6789373727942906
leave_dataset_out,heldout_dataset=seediv,bci2a+p300,seediv,taxonomy,multi-branch fusion-induced reorganization,fusion_classifier,seediv,tsception,42,dense_layer,-1,-1,1,-0.22315601873602903
leave_dataset_out,heldout_dataset=seediv,bci2a+p300,seediv,majority_class,multi-branch fusion-induced reorganization,fusion_classifier,seediv,tsception,42,dense_layer,-1,-1,1,-0.22315601873602903
leave_dataset_out,heldout_dataset=seediv,bci2a+p300,seediv,per_dataset_majority,multi-branch fusion-induced reorganization,fusion_classifier,seediv,tsception,42,dense_layer,-1,-1,1,-0.22315601873602903
leave_dataset_out,heldout_dataset=seediv,bci2a+p300,seediv,taxonomy,multi-branch fusion-induced reorganization,fusion_classifier,seediv,tsception,42,final_layer,-1,-1,1,-0.6257888248493878
leave_dataset_out,heldout_dataset=seediv,bci2a+p300,seediv,majority_class,multi-branch fusion-induced reorganization,fusion_classifier,seediv,tsception,42,final_layer,-1,-1,1,-0.6257888248493878
leave_dataset_out,heldout_dataset=seediv,bci2a+p300,seediv,per_dataset_majority,multi-branch fusion-induced reorganization,fusion_classifier,seediv,tsception,42,final_layer,-1,-1,1,-0.6257888248493878
leave_dataset_out,heldout_dataset=seediv,bci2a+p300,seediv,taxonomy,multi-branch fusion-induced reorganization,fusion_classifier,seediv,tsception,42,logits,-1,-1,1,-0.6257888248493878
leave_dataset_out,heldout_dataset=seediv,bci2a+p300,seediv,majority_class,multi-branch fusion-induced reorganization,fusion_classifier,seediv,tsception,42,logits,-1,-1,1,-0.6257888248493878
leave_dataset_out,heldout_dataset=seediv,bci2a+p300,seediv,per_dataset_majority,multi-branch fusion-induced reorganization,fusion_classifier,seediv,tsception,42,logits,-1,-1,1,-0.6257888248493878
leave_dataset_out,heldout_dataset=seediv,bci2a+p300,seediv,taxonomy,multi-branch fusion-induced reorganization,spatial_asymmetry,seediv,tsception,42,spatial_block_1,1,1,1,0.5955361480454645
leave_dataset_out,heldout_dataset=seediv,bci2a+p300,seediv,majority_class,multi-branch fusion-induced reorganization,spatial_asymmetry,seediv,tsception,42,spatial_block_1,-1,1,0,0.5955361480454645
leave_dataset_out,heldout_dataset=seediv,bci2a+p300,seediv,per_dataset_majority,multi-branch fusion-induced reorganization,spatial_asymmetry,seediv,tsception,42,spatial_block_1,-1,1,0,0.5955361480454645
leave_dataset_out,heldout_dataset=seediv,bci2a+p300,seediv,taxonomy,multi-branch fusion-induced reorganization,spatial_asymmetry,seediv,tsception,42,spatial_block_2,1,-1,0,-0.6014609648104771
leave_dataset_out,heldout_dataset=seediv,bci2a+p300,seediv,majority_class,multi-branch fusion-induced reorganization,spatial_asymmetry,seediv,tsception,42,spatial_block_2,-1,-1,1,-0.6014609648104771
leave_dataset_out,heldout_dataset=seediv,bci2a+p300,seediv,per_dataset_majority,multi-branch fusion-induced reorganization,spatial_asymmetry,seediv,tsception,42,spatial_block_2,-1,-1,1,-0.6014609648104771
leave_dataset_out,heldout_dataset=seediv,bci2a+p300,seediv,taxonomy,multi-branch fusion-induced reorganization,temporal_multiscale,seediv,tsception,42,temporal_blocks.0,-1,-1,1,-0.6970973170885162
leave_dataset_out,heldout_dataset=seediv,bci2a+p300,seediv,majority_class,multi-branch fusion-induced reorganization,temporal_multiscale,seediv,tsception,42,temporal_blocks.0,-1,-1,1,-0.6970973170885162
leave_dataset_out,heldout_dataset=seediv,bci2a+p300,seediv,per_dataset_majority,multi-branch fusion-induced reorganization,temporal_multiscale,seediv,tsception,42,temporal_blocks.0,-1,-1,1,-0.6970973170885162
leave_dataset_out,heldout_dataset=seediv,bci2a+p300,seediv,taxonomy,multi-branch fusion-induced reorganization,temporal_multiscale,seediv,tsception,42,temporal_blocks.1,-1,-1,1,-0.343919502583056
leave_dataset_out,heldout_dataset=seediv,bci2a+p300,seediv,majority_class,multi-branch fusion-induced reorganization,temporal_multiscale,seediv,tsception,42,temporal_blocks.1,-1,-1,1,-0.343919502583056
leave_dataset_out,heldout_dataset=seediv,bci2a+p300,seediv,per_dataset_majority,multi-branch fusion-induced reorganization,temporal_multiscale,seediv,tsception,42,temporal_blocks.1,-1,-1,1,-0.343919502583056
leave_dataset_out,heldout_dataset=seediv,bci2a+p300,seediv,taxonomy,multi-branch fusion-induced reorganization,temporal_multiscale,seediv,tsception,42,temporal_blocks.2,-1,-1,1,-0.59125098100183
leave_dataset_out,heldout_dataset=seediv,bci2a+p300,seediv,majority_class,multi-branch fusion-induced reorganization,temporal_multiscale,seediv,tsception,42,temporal_blocks.2,-1,-1,1,-0.59125098100183
leave_dataset_out,heldout_dataset=seediv,bci2a+p300,seediv,per_dataset_majority,multi-branch fusion-induced reorganization,temporal_multiscale,seediv,tsception,42,temporal_blocks.2,-1,-1,1,-0.59125098100183
leave_dataset_out,heldout_dataset=seediv,bci2a+p300,seediv,taxonomy,multi-branch fusion-induced reorganization,spatial_asymmetry,seediv,tsception,43,batch_spatial_lay,1,-1,0,-0.5029758714664407
leave_dataset_out,heldout_dataset=seediv,bci2a+p300,seediv,majority_class,multi-branch fusion-induced reorganization,spatial_asymmetry,seediv,tsception,43,batch_spatial_lay,-1,-1,1,-0.5029758714664407
leave_dataset_out,heldout_dataset=seediv,bci2a+p300,seediv,per_dataset_majority,multi-branch fusion-induced reorganization,spatial_asymmetry,seediv,tsception,43,batch_spatial_lay,-1,-1,1,-0.5029758714664407
leave_dataset_out,heldout_dataset=seediv,bci2a+p300,seediv,taxonomy,multi-branch fusion-induced reorganization,temporal_multiscale,seediv,tsception,43,batch_temporal_lay,-1,1,0,0.23993826031263016
leave_dataset_out,heldout_dataset=seediv,bci2a+p300,seediv,majority_class,multi-branch fusion-induced reorganization,temporal_multiscale,seediv,tsception,43,batch_temporal_lay,-1,1,0,0.23993826031263016
leave_dataset_out,heldout_dataset=seediv,bci2a+p300,seediv,per_dataset_majority,multi-branch fusion-induced reorganization,temporal_multiscale,seediv,tsception,43,batch_temporal_lay,-1,1,0,0.23993826031263016
leave_dataset_out,heldout_dataset=seediv,bci2a+p300,seediv,taxonomy,multi-branch fusion-induced reorganization,fusion_classifier,seediv,tsception,43,dense_layer,-1,-1,1,-0.840329479532525
leave_dataset_out,heldout_dataset=seediv,bci2a+p300,seediv,majority_class,multi-branch fusion-induced reorganization,fusion_classifier,seediv,tsception,43,dense_layer,-1,-1,1,-0.840329479532525
leave_dataset_out,heldout_dataset=seediv,bci2a+p300,seediv,per_dataset_majority,multi-branch fusion-induced reorganization,fusion_classifier,seediv,tsception,43,dense_layer,-1,-1,1,-0.840329479532525
leave_dataset_out,heldout_dataset=seediv,bci2a+p300,seediv,taxonomy,multi-branch fusion-induced reorganization,fusion_classifier,seediv,tsception,43,final_layer,-1,-1,1,-0.9170031319213374
leave_dataset_out,heldout_dataset=seediv,bci2a+p300,seediv,majority_class,multi-branch fusion-induced reorganization,fusion_classifier,seediv,tsception,43,final_layer,-1,-1,1,-0.9170031319213374
leave_dataset_out,heldout_dataset=seediv,bci2a+p300,seediv,per_dataset_majority,multi-branch fusion-induced reorganization,fusion_classifier,seediv,tsception,43,final_layer,-1,-1,1,-0.9170031319213374
leave_dataset_out,heldout_dataset=seediv,bci2a+p300,seediv,taxonomy,multi-branch fusion-induced reorganization,fusion_classifier,seediv,tsception,43,logits,-1,-1,1,-0.9170031319213374
leave_dataset_out,heldout_dataset=seediv,bci2a+p300,seediv,majority_class,multi-branch fusion-induced reorganization,fusion_classifier,seediv,tsception,43,logits,-1,-1,1,-0.9170031319213374
leave_dataset_out,heldout_dataset=seediv,bci2a+p300,seediv,per_dataset_majority,multi-branch fusion-induced reorganization,fusion_classifier,seediv,tsception,43,logits,-1,-1,1,-0.9170031319213374
leave_dataset_out,heldout_dataset=seediv,bci2a+p300,seediv,taxonomy,multi-branch fusion-induced reorganization,spatial_asymmetry,seediv,tsception,43,spatial_block_1,1,1,1,0.4446870399505739
leave_dataset_out,heldout_dataset=seediv,bci2a+p300,seediv,majority_class,multi-branch fusion-induced reorganization,spatial_asymmetry,seediv,tsception,43,spatial_block_1,-1,1,0,0.4446870399505739
leave_dataset_out,heldout_dataset=seediv,bci2a+p300,seediv,per_dataset_majority,multi-branch fusion-induced reorganization,spatial_asymmetry,seediv,tsception,43,spatial_block_1,-1,1,0,0.4446870399505739
leave_dataset_out,heldout_dataset=seediv,bci2a+p300,seediv,taxonomy,multi-branch fusion-induced reorganization,spatial_asymmetry,seediv,tsception,43,spatial_block_2,1,-1,0,-0.5460914445595894
leave_dataset_out,heldout_dataset=seediv,bci2a+p300,seediv,majority_class,multi-branch fusion-induced reorganization,spatial_asymmetry,seediv,tsception,43,spatial_block_2,-1,-1,1,-0.5460914445595894
leave_dataset_out,heldout_dataset=seediv,bci2a+p300,seediv,per_dataset_majority,multi-branch fusion-induced reorganization,spatial_asymmetry,seediv,tsception,43,spatial_block_2,-1,-1,1,-0.5460914445595894
leave_dataset_out,heldout_dataset=seediv,bci2a+p300,seediv,taxonomy,multi-branch fusion-induced reorganization,temporal_multiscale,seediv,tsception,43,temporal_blocks.0,-1,-1,1,-0.8821828462555448
leave_dataset_out,heldout_dataset=seediv,bci2a+p300,seediv,majority_class,multi-branch fusion-induced reorganization,temporal_multiscale,seediv,tsception,43,temporal_blocks.0,-1,-1,1,-0.8821828462555448
leave_dataset_out,heldout_dataset=seediv,bci2a+p300,seediv,per_dataset_majority,multi-branch fusion-induced reorganization,temporal_multiscale,seediv,tsception,43,temporal_blocks.0,-1,-1,1,-0.8821828462555448
leave_dataset_out,heldout_dataset=seediv,bci2a+p300,seediv,taxonomy,multi-branch fusion-induced reorganization,temporal_multiscale,seediv,tsception,43,temporal_blocks.1,-1,-1,1,-0.01907241154322453
leave_dataset_out,heldout_dataset=seediv,bci2a+p300,seediv,majority_class,multi-branch fusion-induced reorganization,temporal_multiscale,seediv,tsception,43,temporal_blocks.1,-1,-1,1,-0.01907241154322453
leave_dataset_out,heldout_dataset=seediv,bci2a+p300,seediv,per_dataset_majority,multi-branch fusion-induced reorganization,temporal_multiscale,seediv,tsception,43,temporal_blocks.1,-1,-1,1,-0.01907241154322453
leave_dataset_out,heldout_dataset=seediv,bci2a+p300,seediv,taxonomy,multi-branch fusion-induced reorganization,temporal_multiscale,seediv,tsception,43,temporal_blocks.2,-1,-1,1,-0.40218997185570204
leave_dataset_out,heldout_dataset=seediv,bci2a+p300,seediv,majority_class,multi-branch fusion-induced reorganization,temporal_multiscale,seediv,tsception,43,temporal_blocks.2,-1,-1,1,-0.40218997185570204
leave_dataset_out,heldout_dataset=seediv,bci2a+p300,seediv,per_dataset_majority,multi-branch fusion-induced reorganization,temporal_multiscale,seediv,tsception,43,temporal_blocks.2,-1,-1,1,-0.40218997185570204
leave_dataset_out,heldout_dataset=seediv,bci2a+p300,seediv,taxonomy,multi-branch fusion-induced reorganization,spatial_asymmetry,seediv,tsception,44,batch_spatial_lay,1,-1,0,-0.7122527426644044
leave_dataset_out,heldout_dataset=seediv,bci2a+p300,seediv,majority_class,multi-branch fusion-induced reorganization,spatial_asymmetry,seediv,tsception,44,batch_spatial_lay,-1,-1,1,-0.7122527426644044
leave_dataset_out,heldout_dataset=seediv,bci2a+p300,seediv,per_dataset_majority,multi-branch fusion-induced reorganization,spatial_asymmetry,seediv,tsception,44,batch_spatial_lay,-1,-1,1,-0.7122527426644044
leave_dataset_out,heldout_dataset=seediv,bci2a+p300,seediv,taxonomy,multi-branch fusion-induced reorganization,temporal_multiscale,seediv,tsception,44,batch_temporal_lay,-1,-1,1,-0.2768887643475467
leave_dataset_out,heldout_dataset=seediv,bci2a+p300,seediv,majority_class,multi-branch fusion-induced reorganization,temporal_multiscale,seediv,tsception,44,batch_temporal_lay,-1,-1,1,-0.2768887643475467
leave_dataset_out,heldout_dataset=seediv,bci2a+p300,seediv,per_dataset_majority,multi-branch fusion-induced reorganization,temporal_multiscale,seediv,tsception,44,batch_temporal_lay,-1,-1,1,-0.2768887643475467
leave_dataset_out,heldout_dataset=seediv,bci2a+p300,seediv,taxonomy,multi-branch fusion-induced reorganization,fusion_classifier,seediv,tsception,44,dense_layer,-1,-1,1,-0.7302384891849921
leave_dataset_out,heldout_dataset=seediv,bci2a+p300,seediv,majority_class,multi-branch fusion-induced reorganization,fusion_classifier,seediv,tsception,44,dense_layer,-1,-1,1,-0.7302384891849921
leave_dataset_out,heldout_dataset=seediv,bci2a+p300,seediv,per_dataset_majority,multi-branch fusion-induced reorganization,fusion_classifier,seediv,tsception,44,dense_layer,-1,-1,1,-0.7302384891849921
leave_dataset_out,heldout_dataset=seediv,bci2a+p300,seediv,taxonomy,multi-branch fusion-induced reorganization,fusion_classifier,seediv,tsception,44,final_layer,-1,-1,1,-0.8934396898795649
leave_dataset_out,heldout_dataset=seediv,bci2a+p300,seediv,majority_class,multi-branch fusion-induced reorganization,fusion_classifier,seediv,tsception,44,final_layer,-1,-1,1,-0.8934396898795649
leave_dataset_out,heldout_dataset=seediv,bci2a+p300,seediv,per_dataset_majority,multi-branch fusion-induced reorganization,fusion_classifier,seediv,tsception,44,final_layer,-1,-1,1,-0.8934396898795649
leave_dataset_out,heldout_dataset=seediv,bci2a+p300,seediv,taxonomy,multi-branch fusion-induced reorganization,fusion_classifier,seediv,tsception,44,logits,-1,-1,1,-0.8934396898795649
leave_dataset_out,heldout_dataset=seediv,bci2a+p300,seediv,majority_class,multi-branch fusion-induced reorganization,fusion_classifier,seediv,tsception,44,logits,-1,-1,1,-0.8934396898795649
leave_dataset_out,heldout_dataset=seediv,bci2a+p300,seediv,per_dataset_majority,multi-branch fusion-induced reorganization,fusion_classifier,seediv,tsception,44,logits,-1,-1,1,-0.8934396898795649
leave_dataset_out,heldout_dataset=seediv,bci2a+p300,seediv,taxonomy,multi-branch fusion-induced reorganization,spatial_asymmetry,seediv,tsception,44,spatial_block_1,1,-1,0,-0.47358618859237755
leave_dataset_out,heldout_dataset=seediv,bci2a+p300,seediv,majority_class,multi-branch fusion-induced reorganization,spatial_asymmetry,seediv,tsception,44,spatial_block_1,-1,-1,1,-0.47358618859237755
leave_dataset_out,heldout_dataset=seediv,bci2a+p300,seediv,per_dataset_majority,multi-branch fusion-induced reorganization,spatial_asymmetry,seediv,tsception,44,spatial_block_1,-1,-1,1,-0.47358618859237755
leave_dataset_out,heldout_dataset=seediv,bci2a+p300,seediv,taxonomy,multi-branch fusion-induced reorganization,spatial_asymmetry,seediv,tsception,44,spatial_block_2,1,-1,0,-0.6179413926431135
leave_dataset_out,heldout_dataset=seediv,bci2a+p300,seediv,majority_class,multi-branch fusion-induced reorganization,spatial_asymmetry,seediv,tsception,44,spatial_block_2,-1,-1,1,-0.6179413926431135
leave_dataset_out,heldout_dataset=seediv,bci2a+p300,seediv,per_dataset_majority,multi-branch fusion-induced reorganization,spatial_asymmetry,seediv,tsception,44,spatial_block_2,-1,-1,1,-0.6179413926431135
leave_dataset_out,heldout_dataset=seediv,bci2a+p300,seediv,taxonomy,multi-branch fusion-induced reorganization,temporal_multiscale,seediv,tsception,44,temporal_blocks.0,-1,-1,1,-0.8639448271204198
leave_dataset_out,heldout_dataset=seediv,bci2a+p300,seediv,majority_class,multi-branch fusion-induced reorganization,temporal_multiscale,seediv,tsception,44,temporal_blocks.0,-1,-1,1,-0.8639448271204198
leave_dataset_out,heldout_dataset=seediv,bci2a+p300,seediv,per_dataset_majority,multi-branch fusion-induced reorganization,temporal_multiscale,seediv,tsception,44,temporal_blocks.0,-1,-1,1,-0.8639448271204198
leave_dataset_out,heldout_dataset=seediv,bci2a+p300,seediv,taxonomy,multi-branch fusion-induced reorganization,temporal_multiscale,seediv,tsception,44,temporal_blocks.1,-1,-1,1,-0.8589182889495215
leave_dataset_out,heldout_dataset=seediv,bci2a+p300,seediv,majority_class,multi-branch fusion-induced reorganization,temporal_multiscale,seediv,tsception,44,temporal_blocks.1,-1,-1,1,-0.8589182889495215
leave_dataset_out,heldout_dataset=seediv,bci2a+p300,seediv,per_dataset_majority,multi-branch fusion-induced reorganization,temporal_multiscale,seediv,tsception,44,temporal_blocks.1,-1,-1,1,-0.8589182889495215
leave_dataset_out,heldout_dataset=seediv,bci2a+p300,seediv,taxonomy,multi-branch fusion-induced reorganization,temporal_multiscale,seediv,tsception,44,temporal_blocks.2,-1,-1,1,-0.7608243263869591
leave_dataset_out,heldout_dataset=seediv,bci2a+p300,seediv,majority_class,multi-branch fusion-induced reorganization,temporal_multiscale,seediv,tsception,44,temporal_blocks.2,-1,-1,1,-0.7608243263869591
leave_dataset_out,heldout_dataset=seediv,bci2a+p300,seediv,per_dataset_majority,multi-branch fusion-induced reorganization,temporal_multiscale,seediv,tsception,44,temporal_blocks.2,-1,-1,1,-0.7608243263869591
leave_dataset_out,heldout_dataset=seediv,bci2a+p300,seediv,taxonomy,multi-branch fusion-induced reorganization,spatial_asymmetry,seediv,tsception,45,batch_spatial_lay,1,-1,0,-0.19323099545470596
leave_dataset_out,heldout_dataset=seediv,bci2a+p300,seediv,majority_class,multi-branch fusion-induced reorganization,spatial_asymmetry,seediv,tsception,45,batch_spatial_lay,-1,-1,1,-0.19323099545470596
leave_dataset_out,heldout_dataset=seediv,bci2a+p300,seediv,per_dataset_majority,multi-branch fusion-induced reorganization,spatial_asymmetry,seediv,tsception,45,batch_spatial_lay,-1,-1,1,-0.19323099545470596
leave_dataset_out,heldout_dataset=seediv,bci2a+p300,seediv,taxonomy,multi-branch fusion-induced reorganization,temporal_multiscale,seediv,tsception,45,batch_temporal_lay,-1,1,0,0.013752807457845368
leave_dataset_out,heldout_dataset=seediv,bci2a+p300,seediv,majority_class,multi-branch fusion-induced reorganization,temporal_multiscale,seediv,tsception,45,batch_temporal_lay,-1,1,0,0.013752807457845368
leave_dataset_out,heldout_dataset=seediv,bci2a+p300,seediv,per_dataset_majority,multi-branch fusion-induced reorganization,temporal_multiscale,seediv,tsception,45,batch_temporal_lay,-1,1,0,0.013752807457845368
leave_dataset_out,heldout_dataset=seediv,bci2a+p300,seediv,taxonomy,multi-branch fusion-induced reorganization,fusion_classifier,seediv,tsception,45,dense_layer,-1,-1,1,-0.5968626759632375
leave_dataset_out,heldout_dataset=seediv,bci2a+p300,seediv,majority_class,multi-branch fusion-induced reorganization,fusion_classifier,seediv,tsception,45,dense_layer,-1,-1,1,-0.5968626759632375
leave_dataset_out,heldout_dataset=seediv,bci2a+p300,seediv,per_dataset_majority,multi-branch fusion-induced reorganization,fusion_classifier,seediv,tsception,45,dense_layer,-1,-1,1,-0.5968626759632375
leave_dataset_out,heldout_dataset=seediv,bci2a+p300,seediv,taxonomy,multi-branch fusion-induced reorganization,fusion_classifier,seediv,tsception,45,final_layer,-1,-1,1,-0.8942422230871437
leave_dataset_out,heldout_dataset=seediv,bci2a+p300,seediv,majority_class,multi-branch fusion-induced reorganization,fusion_classifier,seediv,tsception,45,final_layer,-1,-1,1,-0.8942422230871437
leave_dataset_out,heldout_dataset=seediv,bci2a+p300,seediv,per_dataset_majority,multi-branch fusion-induced reorganization,fusion_classifier,seediv,tsception,45,final_layer,-1,-1,1,-0.8942422230871437
leave_dataset_out,heldout_dataset=seediv,bci2a+p300,seediv,taxonomy,multi-branch fusion-induced reorganization,fusion_classifier,seediv,tsception,45,logits,-1,-1,1,-0.8942422230871437
leave_dataset_out,heldout_dataset=seediv,bci2a+p300,seediv,majority_class,multi-branch fusion-induced reorganization,fusion_classifier,seediv,tsception,45,logits,-1,-1,1,-0.8942422230871437
leave_dataset_out,heldout_dataset=seediv,bci2a+p300,seediv,per_dataset_majority,multi-branch fusion-induced reorganization,fusion_classifier,seediv,tsception,45,logits,-1,-1,1,-0.8942422230871437
leave_dataset_out,heldout_dataset=seediv,bci2a+p300,seediv,taxonomy,multi-branch fusion-induced reorganization,spatial_asymmetry,seediv,tsception,45,spatial_block_1,1,1,1,0.07076583835551949
leave_dataset_out,heldout_dataset=seediv,bci2a+p300,seediv,majority_class,multi-branch fusion-induced reorganization,spatial_asymmetry,seediv,tsception,45,spatial_block_1,-1,1,0,0.07076583835551949
leave_dataset_out,heldout_dataset=seediv,bci2a+p300,seediv,per_dataset_majority,multi-branch fusion-induced reorganization,spatial_asymmetry,seediv,tsception,45,spatial_block_1,-1,1,0,0.07076583835551949
leave_dataset_out,heldout_dataset=seediv,bci2a+p300,seediv,taxonomy,multi-branch fusion-induced reorganization,spatial_asymmetry,seediv,tsception,45,spatial_block_2,1,1,1,0.18905973023652956
leave_dataset_out,heldout_dataset=seediv,bci2a+p300,seediv,majority_class,multi-branch fusion-induced reorganization,spatial_asymmetry,seediv,tsception,45,spatial_block_2,-1,1,0,0.18905973023652956
leave_dataset_out,heldout_dataset=seediv,bci2a+p300,seediv,per_dataset_majority,multi-branch fusion-induced reorganization,spatial_asymmetry,seediv,tsception,45,spatial_block_2,-1,1,0,0.18905973023652956
leave_dataset_out,heldout_dataset=seediv,bci2a+p300,seediv,taxonomy,multi-branch fusion-induced reorganization,temporal_multiscale,seediv,tsception,45,temporal_blocks.0,-1,-1,1,-0.07248372971907967
leave_dataset_out,heldout_dataset=seediv,bci2a+p300,seediv,majority_class,multi-branch fusion-induced reorganization,temporal_multiscale,seediv,tsception,45,temporal_blocks.0,-1,-1,1,-0.07248372971907967
leave_dataset_out,heldout_dataset=seediv,bci2a+p300,seediv,per_dataset_majority,multi-branch fusion-induced reorganization,temporal_multiscale,seediv,tsception,45,temporal_blocks.0,-1,-1,1,-0.07248372971907967
leave_dataset_out,heldout_dataset=seediv,bci2a+p300,seediv,taxonomy,multi-branch fusion-induced reorganization,temporal_multiscale,seediv,tsception,45,temporal_blocks.1,-1,-1,1,-0.8762841677908314
leave_dataset_out,heldout_dataset=seediv,bci2a+p300,seediv,majority_class,multi-branch fusion-induced reorganization,temporal_multiscale,seediv,tsception,45,temporal_blocks.1,-1,-1,1,-0.8762841677908314
leave_dataset_out,heldout_dataset=seediv,bci2a+p300,seediv,per_dataset_majority,multi-branch fusion-induced reorganization,temporal_multiscale,seediv,tsception,45,temporal_blocks.1,-1,-1,1,-0.8762841677908314
leave_dataset_out,heldout_dataset=seediv,bci2a+p300,seediv,taxonomy,multi-branch fusion-induced reorganization,temporal_multiscale,seediv,tsception,45,temporal_blocks.2,-1,-1,1,-0.8417035438774326
leave_dataset_out,heldout_dataset=seediv,bci2a+p300,seediv,majority_class,multi-branch fusion-induced reorganization,temporal_multiscale,seediv,tsception,45,temporal_blocks.2,-1,-1,1,-0.8417035438774326
leave_dataset_out,heldout_dataset=seediv,bci2a+p300,seediv,per_dataset_majority,multi-branch fusion-induced reorganization,temporal_multiscale,seediv,tsception,45,temporal_blocks.2,-1,-1,1,-0.8417035438774326
leave_dataset_out,heldout_dataset=seediv,bci2a+p300,seediv,taxonomy,multi-branch fusion-induced reorganization,spatial_asymmetry,seediv,tsception,46,batch_spatial_lay,1,1,1,0.34411120783567317
leave_dataset_out,heldout_dataset=seediv,bci2a+p300,seediv,majority_class,multi-branch fusion-induced reorganization,spatial_asymmetry,seediv,tsception,46,batch_spatial_lay,-1,1,0,0.34411120783567317
leave_dataset_out,heldout_dataset=seediv,bci2a+p300,seediv,per_dataset_majority,multi-branch fusion-induced reorganization,spatial_asymmetry,seediv,tsception,46,batch_spatial_lay,-1,1,0,0.34411120783567317
leave_dataset_out,heldout_dataset=seediv,bci2a+p300,seediv,taxonomy,multi-branch fusion-induced reorganization,temporal_multiscale,seediv,tsception,46,batch_temporal_lay,-1,1,0,0.6172827783058445
leave_dataset_out,heldout_dataset=seediv,bci2a+p300,seediv,majority_class,multi-branch fusion-induced reorganization,temporal_multiscale,seediv,tsception,46,batch_temporal_lay,-1,1,0,0.6172827783058445
leave_dataset_out,heldout_dataset=seediv,bci2a+p300,seediv,per_dataset_majority,multi-branch fusion-induced reorganization,temporal_multiscale,seediv,tsception,46,batch_temporal_lay,-1,1,0,0.6172827783058445
leave_dataset_out,heldout_dataset=seediv,bci2a+p300,seediv,taxonomy,multi-branch fusion-induced reorganization,fusion_classifier,seediv,tsception,46,dense_layer,-1,-1,1,-0.028383355235266694
leave_dataset_out,heldout_dataset=seediv,bci2a+p300,seediv,majority_class,multi-branch fusion-induced reorganization,fusion_classifier,seediv,tsception,46,dense_layer,-1,-1,1,-0.028383355235266694
leave_dataset_out,heldout_dataset=seediv,bci2a+p300,seediv,per_dataset_majority,multi-branch fusion-induced reorganization,fusion_classifier,seediv,tsception,46,dense_layer,-1,-1,1,-0.028383355235266694
leave_dataset_out,heldout_dataset=seediv,bci2a+p300,seediv,taxonomy,multi-branch fusion-induced reorganization,fusion_classifier,seediv,tsception,46,final_layer,-1,-1,1,-0.4788198909564698
leave_dataset_out,heldout_dataset=seediv,bci2a+p300,seediv,majority_class,multi-branch fusion-induced reorganization,fusion_classifier,seediv,tsception,46,final_layer,-1,-1,1,-0.4788198909564698
leave_dataset_out,heldout_dataset=seediv,bci2a+p300,seediv,per_dataset_majority,multi-branch fusion-induced reorganization,fusion_classifier,seediv,tsception,46,final_layer,-1,-1,1,-0.4788198909564698
leave_dataset_out,heldout_dataset=seediv,bci2a+p300,seediv,taxonomy,multi-branch fusion-induced reorganization,fusion_classifier,seediv,tsception,46,logits,-1,-1,1,-0.4788198909564698
leave_dataset_out,heldout_dataset=seediv,bci2a+p300,seediv,majority_class,multi-branch fusion-induced reorganization,fusion_classifier,seediv,tsception,46,logits,-1,-1,1,-0.4788198909564698
leave_dataset_out,heldout_dataset=seediv,bci2a+p300,seediv,per_dataset_majority,multi-branch fusion-induced reorganization,fusion_classifier,seediv,tsception,46,logits,-1,-1,1,-0.4788198909564698
leave_dataset_out,heldout_dataset=seediv,bci2a+p300,seediv,taxonomy,multi-branch fusion-induced reorganization,spatial_asymmetry,seediv,tsception,46,spatial_block_1,1,1,1,0.2103753000373844
leave_dataset_out,heldout_dataset=seediv,bci2a+p300,seediv,majority_class,multi-branch fusion-induced reorganization,spatial_asymmetry,seediv,tsception,46,spatial_block_1,-1,1,0,0.2103753000373844
leave_dataset_out,heldout_dataset=seediv,bci2a+p300,seediv,per_dataset_majority,multi-branch fusion-induced reorganization,spatial_asymmetry,seediv,tsception,46,spatial_block_1,-1,1,0,0.2103753000373844
leave_dataset_out,heldout_dataset=seediv,bci2a+p300,seediv,taxonomy,multi-branch fusion-induced reorganization,spatial_asymmetry,seediv,tsception,46,spatial_block_2,1,1,1,0.444624182362776
leave_dataset_out,heldout_dataset=seediv,bci2a+p300,seediv,majority_class,multi-branch fusion-induced reorganization,spatial_asymmetry,seediv,tsception,46,spatial_block_2,-1,1,0,0.444624182362776
leave_dataset_out,heldout_dataset=seediv,bci2a+p300,seediv,per_dataset_majority,multi-branch fusion-induced reorganization,spatial_asymmetry,seediv,tsception,46,spatial_block_2,-1,1,0,0.444624182362776
leave_dataset_out,heldout_dataset=seediv,bci2a+p300,seediv,taxonomy,multi-branch fusion-induced reorganization,temporal_multiscale,seediv,tsception,46,temporal_blocks.0,-1,-1,1,-0.5037020087092304
leave_dataset_out,heldout_dataset=seediv,bci2a+p300,seediv,majority_class,multi-branch fusion-induced reorganization,temporal_multiscale,seediv,tsception,46,temporal_blocks.0,-1,-1,1,-0.5037020087092304
leave_dataset_out,heldout_dataset=seediv,bci2a+p300,seediv,per_dataset_majority,multi-branch fusion-induced reorganization,temporal_multiscale,seediv,tsception,46,temporal_blocks.0,-1,-1,1,-0.5037020087092304
leave_dataset_out,heldout_dataset=seediv,bci2a+p300,seediv,taxonomy,multi-branch fusion-induced reorganization,temporal_multiscale,seediv,tsception,46,temporal_blocks.1,-1,1,0,0.10641427357493333
leave_dataset_out,heldout_dataset=seediv,bci2a+p300,seediv,majority_class,multi-branch fusion-induced reorganization,temporal_multiscale,seediv,tsception,46,temporal_blocks.1,-1,1,0,0.10641427357493333
leave_dataset_out,heldout_dataset=seediv,bci2a+p300,seediv,per_dataset_majority,multi-branch fusion-induced reorganization,temporal_multiscale,seediv,tsception,46,temporal_blocks.1,-1,1,0,0.10641427357493333
leave_dataset_out,heldout_dataset=seediv,bci2a+p300,seediv,taxonomy,multi-branch fusion-induced reorganization,temporal_multiscale,seediv,tsception,46,temporal_blocks.2,-1,-1,1,-0.529935796901884
leave_dataset_out,heldout_dataset=seediv,bci2a+p300,seediv,majority_class,multi-branch fusion-induced reorganization,temporal_multiscale,seediv,tsception,46,temporal_blocks.2,-1,-1,1,-0.529935796901884
leave_dataset_out,heldout_dataset=seediv,bci2a+p300,seediv,per_dataset_majority,multi-branch fusion-induced reorganization,temporal_multiscale,seediv,tsception,46,temporal_blocks.2,-1,-1,1,-0.529935796901884
leave_dataset_out,heldout_dataset=seediv,bci2a+p300,seediv,taxonomy,hybrid convolutional collapse with attention/TCN reorganization,attention,seediv,atcnet,41,attention_blocks.0,-1,-1,1,-0.7429668762535109
leave_dataset_out,heldout_dataset=seediv,bci2a+p300,seediv,majority_class,hybrid convolutional collapse with attention/TCN reorganization,attention,seediv,atcnet,41,attention_blocks.0,-1,-1,1,-0.7429668762535109
leave_dataset_out,heldout_dataset=seediv,bci2a+p300,seediv,per_dataset_majority,hybrid convolutional collapse with attention/TCN reorganization,attention,seediv,atcnet,41,attention_blocks.0,-1,-1,1,-0.7429668762535109
leave_dataset_out,heldout_dataset=seediv,bci2a+p300,seediv,taxonomy,hybrid convolutional collapse with attention/TCN reorganization,attention,seediv,atcnet,41,attention_blocks.2,-1,-1,1,-0.4535380607351507
leave_dataset_out,heldout_dataset=seediv,bci2a+p300,seediv,majority_class,hybrid convolutional collapse with attention/TCN reorganization,attention,seediv,atcnet,41,attention_blocks.2,-1,-1,1,-0.4535380607351507
leave_dataset_out,heldout_dataset=seediv,bci2a+p300,seediv,per_dataset_majority,hybrid convolutional collapse with attention/TCN reorganization,attention,seediv,atcnet,41,attention_blocks.2,-1,-1,1,-0.4535380607351507
leave_dataset_out,heldout_dataset=seediv,bci2a+p300,seediv,taxonomy,hybrid convolutional collapse with attention/TCN reorganization,attention,seediv,atcnet,41,attention_blocks.4,-1,1,0,0.5387433953097176
leave_dataset_out,heldout_dataset=seediv,bci2a+p300,seediv,majority_class,hybrid convolutional collapse with attention/TCN reorganization,attention,seediv,atcnet,41,attention_blocks.4,-1,1,0,0.5387433953097176
leave_dataset_out,heldout_dataset=seediv,bci2a+p300,seediv,per_dataset_majority,hybrid convolutional collapse with attention/TCN reorganization,attention,seediv,atcnet,41,attention_blocks.4,-1,1,0,0.5387433953097176
leave_dataset_out,heldout_dataset=seediv,bci2a+p300,seediv,taxonomy,hybrid convolutional collapse with attention/TCN reorganization,conv_projection,seediv,atcnet,41,conv_block,1,1,1,0.36308062750785813
leave_dataset_out,heldout_dataset=seediv,bci2a+p300,seediv,majority_class,hybrid convolutional collapse with attention/TCN reorganization,conv_projection,seediv,atcnet,41,conv_block,-1,1,0,0.36308062750785813
leave_dataset_out,heldout_dataset=seediv,bci2a+p300,seediv,per_dataset_majority,hybrid convolutional collapse with attention/TCN reorganization,conv_projection,seediv,atcnet,41,conv_block,-1,1,0,0.36308062750785813
leave_dataset_out,heldout_dataset=seediv,bci2a+p300,seediv,taxonomy,hybrid convolutional collapse with attention/TCN reorganization,classifier,seediv,atcnet,41,final_layer.0,-1,-1,1,-0.175040163324463
leave_dataset_out,heldout_dataset=seediv,bci2a+p300,seediv,majority_class,hybrid convolutional collapse with attention/TCN reorganization,classifier,seediv,atcnet,41,final_layer.0,-1,-1,1,-0.175040163324463
leave_dataset_out,heldout_dataset=seediv,bci2a+p300,seediv,per_dataset_majority,hybrid convolutional collapse with attention/TCN reorganization,classifier,seediv,atcnet,41,final_layer.0,-1,-1,1,-0.175040163324463
leave_dataset_out,heldout_dataset=seediv,bci2a+p300,seediv,taxonomy,hybrid convolutional collapse with attention/TCN reorganization,classifier,seediv,atcnet,41,final_layer.4,-1,1,0,0.7534080830784697
leave_dataset_out,heldout_dataset=seediv,bci2a+p300,seediv,majority_class,hybrid convolutional collapse with attention/TCN reorganization,classifier,seediv,atcnet,41,final_layer.4,-1,1,0,0.7534080830784697
leave_dataset_out,heldout_dataset=seediv,bci2a+p300,seediv,per_dataset_majority,hybrid convolutional collapse with attention/TCN reorganization,classifier,seediv,atcnet,41,final_layer.4,-1,1,0,0.7534080830784697
leave_dataset_out,heldout_dataset=seediv,bci2a+p300,seediv,taxonomy,hybrid convolutional collapse with attention/TCN reorganization,classifier,seediv,atcnet,41,logits,-1,1,0,0.5097535014524558
leave_dataset_out,heldout_dataset=seediv,bci2a+p300,seediv,majority_class,hybrid convolutional collapse with attention/TCN reorganization,classifier,seediv,atcnet,41,logits,-1,1,0,0.5097535014524558
leave_dataset_out,heldout_dataset=seediv,bci2a+p300,seediv,per_dataset_majority,hybrid convolutional collapse with attention/TCN reorganization,classifier,seediv,atcnet,41,logits,-1,1,0,0.5097535014524558
leave_dataset_out,heldout_dataset=seediv,bci2a+p300,seediv,taxonomy,hybrid convolutional collapse with attention/TCN reorganization,tcn,seediv,atcnet,41,temporal_conv_nets.0,-1,-1,1,-0.729467710385733
leave_dataset_out,heldout_dataset=seediv,bci2a+p300,seediv,majority_class,hybrid convolutional collapse with attention/TCN reorganization,tcn,seediv,atcnet,41,temporal_conv_nets.0,-1,-1,1,-0.729467710385733
leave_dataset_out,heldout_dataset=seediv,bci2a+p300,seediv,per_dataset_majority,hybrid convolutional collapse with attention/TCN reorganization,tcn,seediv,atcnet,41,temporal_conv_nets.0,-1,-1,1,-0.729467710385733
leave_dataset_out,heldout_dataset=seediv,bci2a+p300,seediv,taxonomy,hybrid convolutional collapse with attention/TCN reorganization,tcn,seediv,atcnet,41,temporal_conv_nets.2,-1,-1,1,-0.36457670282701843
leave_dataset_out,heldout_dataset=seediv,bci2a+p300,seediv,majority_class,hybrid convolutional collapse with attention/TCN reorganization,tcn,seediv,atcnet,41,temporal_conv_nets.2,-1,-1,1,-0.36457670282701843
leave_dataset_out,heldout_dataset=seediv,bci2a+p300,seediv,per_dataset_majority,hybrid convolutional collapse with attention/TCN reorganization,tcn,seediv,atcnet,41,temporal_conv_nets.2,-1,-1,1,-0.36457670282701843
leave_dataset_out,heldout_dataset=seediv,bci2a+p300,seediv,taxonomy,hybrid convolutional collapse with attention/TCN reorganization,tcn,seediv,atcnet,41,temporal_conv_nets.4,-1,1,0,0.5238686038980246
leave_dataset_out,heldout_dataset=seediv,bci2a+p300,seediv,majority_class,hybrid convolutional collapse with attention/TCN reorganization,tcn,seediv,atcnet,41,temporal_conv_nets.4,-1,1,0,0.5238686038980246
leave_dataset_out,heldout_dataset=seediv,bci2a+p300,seediv,per_dataset_majority,hybrid convolutional collapse with attention/TCN reorganization,tcn,seediv,atcnet,41,temporal_conv_nets.4,-1,1,0,0.5238686038980246
leave_dataset_out,heldout_dataset=seediv,bci2a+p300,seediv,taxonomy,hybrid convolutional collapse with attention/TCN reorganization,attention,seediv,atcnet,42,attention_blocks.0,-1,-1,1,-0.20659061798539857
leave_dataset_out,heldout_dataset=seediv,bci2a+p300,seediv,majority_class,hybrid convolutional collapse with attention/TCN reorganization,attention,seediv,atcnet,42,attention_blocks.0,-1,-1,1,-0.20659061798539857
leave_dataset_out,heldout_dataset=seediv,bci2a+p300,seediv,per_dataset_majority,hybrid convolutional collapse with attention/TCN reorganization,attention,seediv,atcnet,42,attention_blocks.0,-1,-1,1,-0.20659061798539857
leave_dataset_out,heldout_dataset=seediv,bci2a+p300,seediv,taxonomy,hybrid convolutional collapse with attention/TCN reorganization,attention,seediv,atcnet,42,attention_blocks.2,-1,1,0,0.7765430548594705
leave_dataset_out,heldout_dataset=seediv,bci2a+p300,seediv,majority_class,hybrid convolutional collapse with attention/TCN reorganization,attention,seediv,atcnet,42,attention_blocks.2,-1,1,0,0.7765430548594705
leave_dataset_out,heldout_dataset=seediv,bci2a+p300,seediv,per_dataset_majority,hybrid convolutional collapse with attention/TCN reorganization,attention,seediv,atcnet,42,attention_blocks.2,-1,1,0,0.7765430548594705
leave_dataset_out,heldout_dataset=seediv,bci2a+p300,seediv,taxonomy,hybrid convolutional collapse with attention/TCN reorganization,attention,seediv,atcnet,42,attention_blocks.4,-1,-1,1,-0.4928982600138002
leave_dataset_out,heldout_dataset=seediv,bci2a+p300,seediv,majority_class,hybrid convolutional collapse with attention/TCN reorganization,attention,seediv,atcnet,42,attention_blocks.4,-1,-1,1,-0.4928982600138002
leave_dataset_out,heldout_dataset=seediv,bci2a+p300,seediv,per_dataset_majority,hybrid convolutional collapse with attention/TCN reorganization,attention,seediv,atcnet,42,attention_blocks.4,-1,-1,1,-0.4928982600138002
leave_dataset_out,heldout_dataset=seediv,bci2a+p300,seediv,taxonomy,hybrid convolutional collapse with attention/TCN reorganization,conv_projection,seediv,atcnet,42,conv_block,1,1,1,0.7822396749995506
leave_dataset_out,heldout_dataset=seediv,bci2a+p300,seediv,majority_class,hybrid convolutional collapse with attention/TCN reorganization,conv_projection,seediv,atcnet,42,conv_block,-1,1,0,0.7822396749995506
leave_dataset_out,heldout_dataset=seediv,bci2a+p300,seediv,per_dataset_majority,hybrid convolutional collapse with attention/TCN reorganization,conv_projection,seediv,atcnet,42,conv_block,-1,1,0,0.7822396749995506
leave_dataset_out,heldout_dataset=seediv,bci2a+p300,seediv,taxonomy,hybrid convolutional collapse with attention/TCN reorganization,classifier,seediv,atcnet,42,final_layer.0,-1,1,0,0.48448492789179143
leave_dataset_out,heldout_dataset=seediv,bci2a+p300,seediv,majority_class,hybrid convolutional collapse with attention/TCN reorganization,classifier,seediv,atcnet,42,final_layer.0,-1,1,0,0.48448492789179143
leave_dataset_out,heldout_dataset=seediv,bci2a+p300,seediv,per_dataset_majority,hybrid convolutional collapse with attention/TCN reorganization,classifier,seediv,atcnet,42,final_layer.0,-1,1,0,0.48448492789179143
leave_dataset_out,heldout_dataset=seediv,bci2a+p300,seediv,taxonomy,hybrid convolutional collapse with attention/TCN reorganization,classifier,seediv,atcnet,42,final_layer.4,-1,-1,1,-0.3195161545530388
leave_dataset_out,heldout_dataset=seediv,bci2a+p300,seediv,majority_class,hybrid convolutional collapse with attention/TCN reorganization,classifier,seediv,atcnet,42,final_layer.4,-1,-1,1,-0.3195161545530388
leave_dataset_out,heldout_dataset=seediv,bci2a+p300,seediv,per_dataset_majority,hybrid convolutional collapse with attention/TCN reorganization,classifier,seediv,atcnet,42,final_layer.4,-1,-1,1,-0.3195161545530388
leave_dataset_out,heldout_dataset=seediv,bci2a+p300,seediv,taxonomy,hybrid convolutional collapse with attention/TCN reorganization,classifier,seediv,atcnet,42,logits,-1,1,0,0.3786324100819786
leave_dataset_out,heldout_dataset=seediv,bci2a+p300,seediv,majority_class,hybrid convolutional collapse with attention/TCN reorganization,classifier,seediv,atcnet,42,logits,-1,1,0,0.3786324100819786
leave_dataset_out,heldout_dataset=seediv,bci2a+p300,seediv,per_dataset_majority,hybrid convolutional collapse with attention/TCN reorganization,classifier,seediv,atcnet,42,logits,-1,1,0,0.3786324100819786
leave_dataset_out,heldout_dataset=seediv,bci2a+p300,seediv,taxonomy,hybrid convolutional collapse with attention/TCN reorganization,tcn,seediv,atcnet,42,temporal_conv_nets.0,-1,1,0,0.07354919079128816
leave_dataset_out,heldout_dataset=seediv,bci2a+p300,seediv,majority_class,hybrid convolutional collapse with attention/TCN reorganization,tcn,seediv,atcnet,42,temporal_conv_nets.0,-1,1,0,0.07354919079128816
leave_dataset_out,heldout_dataset=seediv,bci2a+p300,seediv,per_dataset_majority,hybrid convolutional collapse with attention/TCN reorganization,tcn,seediv,atcnet,42,temporal_conv_nets.0,-1,1,0,0.07354919079128816
leave_dataset_out,heldout_dataset=seediv,bci2a+p300,seediv,taxonomy,hybrid convolutional collapse with attention/TCN reorganization,tcn,seediv,atcnet,42,temporal_conv_nets.2,-1,1,0,0.772197195422714
leave_dataset_out,heldout_dataset=seediv,bci2a+p300,seediv,majority_class,hybrid convolutional collapse with attention/TCN reorganization,tcn,seediv,atcnet,42,temporal_conv_nets.2,-1,1,0,0.772197195422714
leave_dataset_out,heldout_dataset=seediv,bci2a+p300,seediv,per_dataset_majority,hybrid convolutional collapse with attention/TCN reorganization,tcn,seediv,atcnet,42,temporal_conv_nets.2,-1,1,0,0.772197195422714
leave_dataset_out,heldout_dataset=seediv,bci2a+p300,seediv,taxonomy,hybrid convolutional collapse with attention/TCN reorganization,tcn,seediv,atcnet,42,temporal_conv_nets.4,-1,1,0,0.001275906895681114
leave_dataset_out,heldout_dataset=seediv,bci2a+p300,seediv,majority_class,hybrid convolutional collapse with attention/TCN reorganization,tcn,seediv,atcnet,42,temporal_conv_nets.4,-1,1,0,0.001275906895681114
leave_dataset_out,heldout_dataset=seediv,bci2a+p300,seediv,per_dataset_majority,hybrid convolutional collapse with attention/TCN reorganization,tcn,seediv,atcnet,42,temporal_conv_nets.4,-1,1,0,0.001275906895681114
leave_dataset_out,heldout_dataset=seediv,bci2a+p300,seediv,taxonomy,hybrid convolutional collapse with attention/TCN reorganization,attention,seediv,atcnet,43,attention_blocks.0,-1,1,0,0.36221097540359376
leave_dataset_out,heldout_dataset=seediv,bci2a+p300,seediv,majority_class,hybrid convolutional collapse with attention/TCN reorganization,attention,seediv,atcnet,43,attention_blocks.0,-1,1,0,0.36221097540359376
leave_dataset_out,heldout_dataset=seediv,bci2a+p300,seediv,per_dataset_majority,hybrid convolutional collapse with attention/TCN reorganization,attention,seediv,atcnet,43,attention_blocks.0,-1,1,0,0.36221097540359376
leave_dataset_out,heldout_dataset=seediv,bci2a+p300,seediv,taxonomy,hybrid convolutional collapse with attention/TCN reorganization,attention,seediv,atcnet,43,attention_blocks.2,-1,-1,1,-0.5378788320820649
leave_dataset_out,heldout_dataset=seediv,bci2a+p300,seediv,majority_class,hybrid convolutional collapse with attention/TCN reorganization,attention,seediv,atcnet,43,attention_blocks.2,-1,-1,1,-0.5378788320820649
leave_dataset_out,heldout_dataset=seediv,bci2a+p300,seediv,per_dataset_majority,hybrid convolutional collapse with attention/TCN reorganization,attention,seediv,atcnet,43,attention_blocks.2,-1,-1,1,-0.5378788320820649
leave_dataset_out,heldout_dataset=seediv,bci2a+p300,seediv,taxonomy,hybrid convolutional collapse with attention/TCN reorganization,attention,seediv,atcnet,43,attention_blocks.4,-1,-1,1,-0.6724436100205874
leave_dataset_out,heldout_dataset=seediv,bci2a+p300,seediv,majority_class,hybrid convolutional collapse with attention/TCN reorganization,attention,seediv,atcnet,43,attention_blocks.4,-1,-1,1,-0.6724436100205874
leave_dataset_out,heldout_dataset=seediv,bci2a+p300,seediv,per_dataset_majority,hybrid convolutional collapse with attention/TCN reorganization,attention,seediv,atcnet,43,attention_blocks.4,-1,-1,1,-0.6724436100205874
leave_dataset_out,heldout_dataset=seediv,bci2a+p300,seediv,taxonomy,hybrid convolutional collapse with attention/TCN reorganization,conv_projection,seediv,atcnet,43,conv_block,1,1,1,0.5459364380226022
leave_dataset_out,heldout_dataset=seediv,bci2a+p300,seediv,majority_class,hybrid convolutional collapse with attention/TCN reorganization,conv_projection,seediv,atcnet,43,conv_block,-1,1,0,0.5459364380226022
leave_dataset_out,heldout_dataset=seediv,bci2a+p300,seediv,per_dataset_majority,hybrid convolutional collapse with attention/TCN reorganization,conv_projection,seediv,atcnet,43,conv_block,-1,1,0,0.5459364380226022
leave_dataset_out,heldout_dataset=seediv,bci2a+p300,seediv,taxonomy,hybrid convolutional collapse with attention/TCN reorganization,classifier,seediv,atcnet,43,final_layer.0,-1,1,0,0.5318315242232594
leave_dataset_out,heldout_dataset=seediv,bci2a+p300,seediv,majority_class,hybrid convolutional collapse with attention/TCN reorganization,classifier,seediv,atcnet,43,final_layer.0,-1,1,0,0.5318315242232594
leave_dataset_out,heldout_dataset=seediv,bci2a+p300,seediv,per_dataset_majority,hybrid convolutional collapse with attention/TCN reorganization,classifier,seediv,atcnet,43,final_layer.0,-1,1,0,0.5318315242232594
leave_dataset_out,heldout_dataset=seediv,bci2a+p300,seediv,taxonomy,hybrid convolutional collapse with attention/TCN reorganization,classifier,seediv,atcnet,43,final_layer.4,-1,-1,1,-0.4284540408755955
leave_dataset_out,heldout_dataset=seediv,bci2a+p300,seediv,majority_class,hybrid convolutional collapse with attention/TCN reorganization,classifier,seediv,atcnet,43,final_layer.4,-1,-1,1,-0.4284540408755955
leave_dataset_out,heldout_dataset=seediv,bci2a+p300,seediv,per_dataset_majority,hybrid convolutional collapse with attention/TCN reorganization,classifier,seediv,atcnet,43,final_layer.4,-1,-1,1,-0.4284540408755955
leave_dataset_out,heldout_dataset=seediv,bci2a+p300,seediv,taxonomy,hybrid convolutional collapse with attention/TCN reorganization,classifier,seediv,atcnet,43,logits,-1,1,0,0.4128549482288432
leave_dataset_out,heldout_dataset=seediv,bci2a+p300,seediv,majority_class,hybrid convolutional collapse with attention/TCN reorganization,classifier,seediv,atcnet,43,logits,-1,1,0,0.4128549482288432
leave_dataset_out,heldout_dataset=seediv,bci2a+p300,seediv,per_dataset_majority,hybrid convolutional collapse with attention/TCN reorganization,classifier,seediv,atcnet,43,logits,-1,1,0,0.4128549482288432
leave_dataset_out,heldout_dataset=seediv,bci2a+p300,seediv,taxonomy,hybrid convolutional collapse with attention/TCN reorganization,tcn,seediv,atcnet,43,temporal_conv_nets.0,-1,1,0,0.4541541923302241
leave_dataset_out,heldout_dataset=seediv,bci2a+p300,seediv,majority_class,hybrid convolutional collapse with attention/TCN reorganization,tcn,seediv,atcnet,43,temporal_conv_nets.0,-1,1,0,0.4541541923302241
leave_dataset_out,heldout_dataset=seediv,bci2a+p300,seediv,per_dataset_majority,hybrid convolutional collapse with attention/TCN reorganization,tcn,seediv,atcnet,43,temporal_conv_nets.0,-1,1,0,0.4541541923302241
leave_dataset_out,heldout_dataset=seediv,bci2a+p300,seediv,taxonomy,hybrid convolutional collapse with attention/TCN reorganization,tcn,seediv,atcnet,43,temporal_conv_nets.2,-1,-1,1,-0.10336058369633411
leave_dataset_out,heldout_dataset=seediv,bci2a+p300,seediv,majority_class,hybrid convolutional collapse with attention/TCN reorganization,tcn,seediv,atcnet,43,temporal_conv_nets.2,-1,-1,1,-0.10336058369633411
leave_dataset_out,heldout_dataset=seediv,bci2a+p300,seediv,per_dataset_majority,hybrid convolutional collapse with attention/TCN reorganization,tcn,seediv,atcnet,43,temporal_conv_nets.2,-1,-1,1,-0.10336058369633411
leave_dataset_out,heldout_dataset=seediv,bci2a+p300,seediv,taxonomy,hybrid convolutional collapse with attention/TCN reorganization,tcn,seediv,atcnet,43,temporal_conv_nets.4,-1,-1,1,-0.3955800086584548
leave_dataset_out,heldout_dataset=seediv,bci2a+p300,seediv,majority_class,hybrid convolutional collapse with attention/TCN reorganization,tcn,seediv,atcnet,43,temporal_conv_nets.4,-1,-1,1,-0.3955800086584548
leave_dataset_out,heldout_dataset=seediv,bci2a+p300,seediv,per_dataset_majority,hybrid convolutional collapse with attention/TCN reorganization,tcn,seediv,atcnet,43,temporal_conv_nets.4,-1,-1,1,-0.3955800086584548
leave_dataset_out,heldout_dataset=seediv,bci2a+p300,seediv,taxonomy,hybrid convolutional collapse with attention/TCN reorganization,attention,seediv,atcnet,44,attention_blocks.0,-1,-1,1,-0.6147970362590043
leave_dataset_out,heldout_dataset=seediv,bci2a+p300,seediv,majority_class,hybrid convolutional collapse with attention/TCN reorganization,attention,seediv,atcnet,44,attention_blocks.0,-1,-1,1,-0.6147970362590043
leave_dataset_out,heldout_dataset=seediv,bci2a+p300,seediv,per_dataset_majority,hybrid convolutional collapse with attention/TCN reorganization,attention,seediv,atcnet,44,attention_blocks.0,-1,-1,1,-0.6147970362590043
leave_dataset_out,heldout_dataset=seediv,bci2a+p300,seediv,taxonomy,hybrid convolutional collapse with attention/TCN reorganization,attention,seediv,atcnet,44,attention_blocks.2,-1,-1,1,-0.3840024715560118
leave_dataset_out,heldout_dataset=seediv,bci2a+p300,seediv,majority_class,hybrid convolutional collapse with attention/TCN reorganization,attention,seediv,atcnet,44,attention_blocks.2,-1,-1,1,-0.3840024715560118
leave_dataset_out,heldout_dataset=seediv,bci2a+p300,seediv,per_dataset_majority,hybrid convolutional collapse with attention/TCN reorganization,attention,seediv,atcnet,44,attention_blocks.2,-1,-1,1,-0.3840024715560118
leave_dataset_out,heldout_dataset=seediv,bci2a+p300,seediv,taxonomy,hybrid convolutional collapse with attention/TCN reorganization,attention,seediv,atcnet,44,attention_blocks.4,-1,-1,1,-0.42421932474073104
leave_dataset_out,heldout_dataset=seediv,bci2a+p300,seediv,majority_class,hybrid convolutional collapse with attention/TCN reorganization,attention,seediv,atcnet,44,attention_blocks.4,-1,-1,1,-0.42421932474073104
leave_dataset_out,heldout_dataset=seediv,bci2a+p300,seediv,per_dataset_majority,hybrid convolutional collapse with attention/TCN reorganization,attention,seediv,atcnet,44,attention_blocks.4,-1,-1,1,-0.42421932474073104
leave_dataset_out,heldout_dataset=seediv,bci2a+p300,seediv,taxonomy,hybrid convolutional collapse with attention/TCN reorganization,conv_projection,seediv,atcnet,44,conv_block,1,1,1,0.4884326816743428
leave_dataset_out,heldout_dataset=seediv,bci2a+p300,seediv,majority_class,hybrid convolutional collapse with attention/TCN reorganization,conv_projection,seediv,atcnet,44,conv_block,-1,1,0,0.4884326816743428
leave_dataset_out,heldout_dataset=seediv,bci2a+p300,seediv,per_dataset_majority,hybrid convolutional collapse with attention/TCN reorganization,conv_projection,seediv,atcnet,44,conv_block,-1,1,0,0.4884326816743428
leave_dataset_out,heldout_dataset=seediv,bci2a+p300,seediv,taxonomy,hybrid convolutional collapse with attention/TCN reorganization,classifier,seediv,atcnet,44,final_layer.0,-1,-1,1,-0.7277462946133251
leave_dataset_out,heldout_dataset=seediv,bci2a+p300,seediv,majority_class,hybrid convolutional collapse with attention/TCN reorganization,classifier,seediv,atcnet,44,final_layer.0,-1,-1,1,-0.7277462946133251
leave_dataset_out,heldout_dataset=seediv,bci2a+p300,seediv,per_dataset_majority,hybrid convolutional collapse with attention/TCN reorganization,classifier,seediv,atcnet,44,final_layer.0,-1,-1,1,-0.7277462946133251
leave_dataset_out,heldout_dataset=seediv,bci2a+p300,seediv,taxonomy,hybrid convolutional collapse with attention/TCN reorganization,classifier,seediv,atcnet,44,final_layer.4,-1,-1,1,-0.6374969316513671
leave_dataset_out,heldout_dataset=seediv,bci2a+p300,seediv,majority_class,hybrid convolutional collapse with attention/TCN reorganization,classifier,seediv,atcnet,44,final_layer.4,-1,-1,1,-0.6374969316513671
leave_dataset_out,heldout_dataset=seediv,bci2a+p300,seediv,per_dataset_majority,hybrid convolutional collapse with attention/TCN reorganization,classifier,seediv,atcnet,44,final_layer.4,-1,-1,1,-0.6374969316513671
leave_dataset_out,heldout_dataset=seediv,bci2a+p300,seediv,taxonomy,hybrid convolutional collapse with attention/TCN reorganization,classifier,seediv,atcnet,44,logits,-1,1,0,0.11799023236889172
leave_dataset_out,heldout_dataset=seediv,bci2a+p300,seediv,majority_class,hybrid convolutional collapse with attention/TCN reorganization,classifier,seediv,atcnet,44,logits,-1,1,0,0.11799023236889172
leave_dataset_out,heldout_dataset=seediv,bci2a+p300,seediv,per_dataset_majority,hybrid convolutional collapse with attention/TCN reorganization,classifier,seediv,atcnet,44,logits,-1,1,0,0.11799023236889172
leave_dataset_out,heldout_dataset=seediv,bci2a+p300,seediv,taxonomy,hybrid convolutional collapse with attention/TCN reorganization,tcn,seediv,atcnet,44,temporal_conv_nets.0,-1,-1,1,-0.5761953690078946
leave_dataset_out,heldout_dataset=seediv,bci2a+p300,seediv,majority_class,hybrid convolutional collapse with attention/TCN reorganization,tcn,seediv,atcnet,44,temporal_conv_nets.0,-1,-1,1,-0.5761953690078946
leave_dataset_out,heldout_dataset=seediv,bci2a+p300,seediv,per_dataset_majority,hybrid convolutional collapse with attention/TCN reorganization,tcn,seediv,atcnet,44,temporal_conv_nets.0,-1,-1,1,-0.5761953690078946
leave_dataset_out,heldout_dataset=seediv,bci2a+p300,seediv,taxonomy,hybrid convolutional collapse with attention/TCN reorganization,tcn,seediv,atcnet,44,temporal_conv_nets.2,-1,-1,1,-0.025811836432198962
leave_dataset_out,heldout_dataset=seediv,bci2a+p300,seediv,majority_class,hybrid convolutional collapse with attention/TCN reorganization,tcn,seediv,atcnet,44,temporal_conv_nets.2,-1,-1,1,-0.025811836432198962
leave_dataset_out,heldout_dataset=seediv,bci2a+p300,seediv,per_dataset_majority,hybrid convolutional collapse with attention/TCN reorganization,tcn,seediv,atcnet,44,temporal_conv_nets.2,-1,-1,1,-0.025811836432198962
leave_dataset_out,heldout_dataset=seediv,bci2a+p300,seediv,taxonomy,hybrid convolutional collapse with attention/TCN reorganization,tcn,seediv,atcnet,44,temporal_conv_nets.4,-1,-1,1,-0.09543032011821961
leave_dataset_out,heldout_dataset=seediv,bci2a+p300,seediv,majority_class,hybrid convolutional collapse with attention/TCN reorganization,tcn,seediv,atcnet,44,temporal_conv_nets.4,-1,-1,1,-0.09543032011821961
leave_dataset_out,heldout_dataset=seediv,bci2a+p300,seediv,per_dataset_majority,hybrid convolutional collapse with attention/TCN reorganization,tcn,seediv,atcnet,44,temporal_conv_nets.4,-1,-1,1,-0.09543032011821961
leave_dataset_out,heldout_dataset=seediv,bci2a+p300,seediv,taxonomy,hybrid convolutional collapse with attention/TCN reorganization,attention,seediv,atcnet,45,attention_blocks.0,-1,-1,1,-0.08993413616780851
leave_dataset_out,heldout_dataset=seediv,bci2a+p300,seediv,majority_class,hybrid convolutional collapse with attention/TCN reorganization,attention,seediv,atcnet,45,attention_blocks.0,-1,-1,1,-0.08993413616780851
leave_dataset_out,heldout_dataset=seediv,bci2a+p300,seediv,per_dataset_majority,hybrid convolutional collapse with attention/TCN reorganization,attention,seediv,atcnet,45,attention_blocks.0,-1,-1,1,-0.08993413616780851
leave_dataset_out,heldout_dataset=seediv,bci2a+p300,seediv,taxonomy,hybrid convolutional collapse with attention/TCN reorganization,attention,seediv,atcnet,45,attention_blocks.2,-1,-1,1,-0.5173266716538482
leave_dataset_out,heldout_dataset=seediv,bci2a+p300,seediv,majority_class,hybrid convolutional collapse with attention/TCN reorganization,attention,seediv,atcnet,45,attention_blocks.2,-1,-1,1,-0.5173266716538482
leave_dataset_out,heldout_dataset=seediv,bci2a+p300,seediv,per_dataset_majority,hybrid convolutional collapse with attention/TCN reorganization,attention,seediv,atcnet,45,attention_blocks.2,-1,-1,1,-0.5173266716538482
leave_dataset_out,heldout_dataset=seediv,bci2a+p300,seediv,taxonomy,hybrid convolutional collapse with attention/TCN reorganization,attention,seediv,atcnet,45,attention_blocks.4,-1,-1,1,-0.3501907828015322
leave_dataset_out,heldout_dataset=seediv,bci2a+p300,seediv,majority_class,hybrid convolutional collapse with attention/TCN reorganization,attention,seediv,atcnet,45,attention_blocks.4,-1,-1,1,-0.3501907828015322
leave_dataset_out,heldout_dataset=seediv,bci2a+p300,seediv,per_dataset_majority,hybrid convolutional collapse with attention/TCN reorganization,attention,seediv,atcnet,45,attention_blocks.4,-1,-1,1,-0.3501907828015322
leave_dataset_out,heldout_dataset=seediv,bci2a+p300,seediv,taxonomy,hybrid convolutional collapse with attention/TCN reorganization,conv_projection,seediv,atcnet,45,conv_block,1,1,1,0.6330534820541525
leave_dataset_out,heldout_dataset=seediv,bci2a+p300,seediv,majority_class,hybrid convolutional collapse with attention/TCN reorganization,conv_projection,seediv,atcnet,45,conv_block,-1,1,0,0.6330534820541525
leave_dataset_out,heldout_dataset=seediv,bci2a+p300,seediv,per_dataset_majority,hybrid convolutional collapse with attention/TCN reorganization,conv_projection,seediv,atcnet,45,conv_block,-1,1,0,0.6330534820541525
leave_dataset_out,heldout_dataset=seediv,bci2a+p300,seediv,taxonomy,hybrid convolutional collapse with attention/TCN reorganization,classifier,seediv,atcnet,45,final_layer.0,-1,-1,1,-0.6743263090258088
leave_dataset_out,heldout_dataset=seediv,bci2a+p300,seediv,majority_class,hybrid convolutional collapse with attention/TCN reorganization,classifier,seediv,atcnet,45,final_layer.0,-1,-1,1,-0.6743263090258088
leave_dataset_out,heldout_dataset=seediv,bci2a+p300,seediv,per_dataset_majority,hybrid convolutional collapse with attention/TCN reorganization,classifier,seediv,atcnet,45,final_layer.0,-1,-1,1,-0.6743263090258088
leave_dataset_out,heldout_dataset=seediv,bci2a+p300,seediv,taxonomy,hybrid convolutional collapse with attention/TCN reorganization,classifier,seediv,atcnet,45,final_layer.4,-1,-1,1,-0.48413727341807883
leave_dataset_out,heldout_dataset=seediv,bci2a+p300,seediv,majority_class,hybrid convolutional collapse with attention/TCN reorganization,classifier,seediv,atcnet,45,final_layer.4,-1,-1,1,-0.48413727341807883
leave_dataset_out,heldout_dataset=seediv,bci2a+p300,seediv,per_dataset_majority,hybrid convolutional collapse with attention/TCN reorganization,classifier,seediv,atcnet,45,final_layer.4,-1,-1,1,-0.48413727341807883
leave_dataset_out,heldout_dataset=seediv,bci2a+p300,seediv,taxonomy,hybrid convolutional collapse with attention/TCN reorganization,classifier,seediv,atcnet,45,logits,-1,1,0,0.044315237200473555
leave_dataset_out,heldout_dataset=seediv,bci2a+p300,seediv,majority_class,hybrid convolutional collapse with attention/TCN reorganization,classifier,seediv,atcnet,45,logits,-1,1,0,0.044315237200473555
leave_dataset_out,heldout_dataset=seediv,bci2a+p300,seediv,per_dataset_majority,hybrid convolutional collapse with attention/TCN reorganization,classifier,seediv,atcnet,45,logits,-1,1,0,0.044315237200473555
leave_dataset_out,heldout_dataset=seediv,bci2a+p300,seediv,taxonomy,hybrid convolutional collapse with attention/TCN reorganization,tcn,seediv,atcnet,45,temporal_conv_nets.0,-1,-1,1,-0.21257121719388175
leave_dataset_out,heldout_dataset=seediv,bci2a+p300,seediv,majority_class,hybrid convolutional collapse with attention/TCN reorganization,tcn,seediv,atcnet,45,temporal_conv_nets.0,-1,-1,1,-0.21257121719388175
leave_dataset_out,heldout_dataset=seediv,bci2a+p300,seediv,per_dataset_majority,hybrid convolutional collapse with attention/TCN reorganization,tcn,seediv,atcnet,45,temporal_conv_nets.0,-1,-1,1,-0.21257121719388175
leave_dataset_out,heldout_dataset=seediv,bci2a+p300,seediv,taxonomy,hybrid convolutional collapse with attention/TCN reorganization,tcn,seediv,atcnet,45,temporal_conv_nets.2,-1,-1,1,-0.28837662722722734
leave_dataset_out,heldout_dataset=seediv,bci2a+p300,seediv,majority_class,hybrid convolutional collapse with attention/TCN reorganization,tcn,seediv,atcnet,45,temporal_conv_nets.2,-1,-1,1,-0.28837662722722734
leave_dataset_out,heldout_dataset=seediv,bci2a+p300,seediv,per_dataset_majority,hybrid convolutional collapse with attention/TCN reorganization,tcn,seediv,atcnet,45,temporal_conv_nets.2,-1,-1,1,-0.28837662722722734
leave_dataset_out,heldout_dataset=seediv,bci2a+p300,seediv,taxonomy,hybrid convolutional collapse with attention/TCN reorganization,tcn,seediv,atcnet,45,temporal_conv_nets.4,-1,-1,1,-0.3179004427358327
leave_dataset_out,heldout_dataset=seediv,bci2a+p300,seediv,majority_class,hybrid convolutional collapse with attention/TCN reorganization,tcn,seediv,atcnet,45,temporal_conv_nets.4,-1,-1,1,-0.3179004427358327
leave_dataset_out,heldout_dataset=seediv,bci2a+p300,seediv,per_dataset_majority,hybrid convolutional collapse with attention/TCN reorganization,tcn,seediv,atcnet,45,temporal_conv_nets.4,-1,-1,1,-0.3179004427358327
leave_dataset_out,heldout_dataset=seediv,bci2a+p300,seediv,taxonomy,hybrid convolutional collapse with attention/TCN reorganization,attention,seediv,atcnet,46,attention_blocks.0,-1,-1,1,-0.610367009580824
leave_dataset_out,heldout_dataset=seediv,bci2a+p300,seediv,majority_class,hybrid convolutional collapse with attention/TCN reorganization,attention,seediv,atcnet,46,attention_blocks.0,-1,-1,1,-0.610367009580824
leave_dataset_out,heldout_dataset=seediv,bci2a+p300,seediv,per_dataset_majority,hybrid convolutional collapse with attention/TCN reorganization,attention,seediv,atcnet,46,attention_blocks.0,-1,-1,1,-0.610367009580824
leave_dataset_out,heldout_dataset=seediv,bci2a+p300,seediv,taxonomy,hybrid convolutional collapse with attention/TCN reorganization,attention,seediv,atcnet,46,attention_blocks.2,-1,1,0,0.07442503206386598
leave_dataset_out,heldout_dataset=seediv,bci2a+p300,seediv,majority_class,hybrid convolutional collapse with attention/TCN reorganization,attention,seediv,atcnet,46,attention_blocks.2,-1,1,0,0.07442503206386598
leave_dataset_out,heldout_dataset=seediv,bci2a+p300,seediv,per_dataset_majority,hybrid convolutional collapse with attention/TCN reorganization,attention,seediv,atcnet,46,attention_blocks.2,-1,1,0,0.07442503206386598
leave_dataset_out,heldout_dataset=seediv,bci2a+p300,seediv,taxonomy,hybrid convolutional collapse with attention/TCN reorganization,attention,seediv,atcnet,46,attention_blocks.4,-1,-1,1,-0.030337605191640363
leave_dataset_out,heldout_dataset=seediv,bci2a+p300,seediv,majority_class,hybrid convolutional collapse with attention/TCN reorganization,attention,seediv,atcnet,46,attention_blocks.4,-1,-1,1,-0.030337605191640363
leave_dataset_out,heldout_dataset=seediv,bci2a+p300,seediv,per_dataset_majority,hybrid convolutional collapse with attention/TCN reorganization,attention,seediv,atcnet,46,attention_blocks.4,-1,-1,1,-0.030337605191640363
leave_dataset_out,heldout_dataset=seediv,bci2a+p300,seediv,taxonomy,hybrid convolutional collapse with attention/TCN reorganization,conv_projection,seediv,atcnet,46,conv_block,1,1,1,0.6785270200973444
leave_dataset_out,heldout_dataset=seediv,bci2a+p300,seediv,majority_class,hybrid convolutional collapse with attention/TCN reorganization,conv_projection,seediv,atcnet,46,conv_block,-1,1,0,0.6785270200973444
leave_dataset_out,heldout_dataset=seediv,bci2a+p300,seediv,per_dataset_majority,hybrid convolutional collapse with attention/TCN reorganization,conv_projection,seediv,atcnet,46,conv_block,-1,1,0,0.6785270200973444
leave_dataset_out,heldout_dataset=seediv,bci2a+p300,seediv,taxonomy,hybrid convolutional collapse with attention/TCN reorganization,classifier,seediv,atcnet,46,final_layer.0,-1,-1,1,-0.10182591929062217
leave_dataset_out,heldout_dataset=seediv,bci2a+p300,seediv,majority_class,hybrid convolutional collapse with attention/TCN reorganization,classifier,seediv,atcnet,46,final_layer.0,-1,-1,1,-0.10182591929062217
leave_dataset_out,heldout_dataset=seediv,bci2a+p300,seediv,per_dataset_majority,hybrid convolutional collapse with attention/TCN reorganization,classifier,seediv,atcnet,46,final_layer.0,-1,-1,1,-0.10182591929062217
leave_dataset_out,heldout_dataset=seediv,bci2a+p300,seediv,taxonomy,hybrid convolutional collapse with attention/TCN reorganization,classifier,seediv,atcnet,46,final_layer.4,-1,1,0,0.8483573078451815
leave_dataset_out,heldout_dataset=seediv,bci2a+p300,seediv,majority_class,hybrid convolutional collapse with attention/TCN reorganization,classifier,seediv,atcnet,46,final_layer.4,-1,1,0,0.8483573078451815
leave_dataset_out,heldout_dataset=seediv,bci2a+p300,seediv,per_dataset_majority,hybrid convolutional collapse with attention/TCN reorganization,classifier,seediv,atcnet,46,final_layer.4,-1,1,0,0.8483573078451815
leave_dataset_out,heldout_dataset=seediv,bci2a+p300,seediv,taxonomy,hybrid convolutional collapse with attention/TCN reorganization,classifier,seediv,atcnet,46,logits,-1,-1,1,-0.02081358171235385
leave_dataset_out,heldout_dataset=seediv,bci2a+p300,seediv,majority_class,hybrid convolutional collapse with attention/TCN reorganization,classifier,seediv,atcnet,46,logits,-1,-1,1,-0.02081358171235385
leave_dataset_out,heldout_dataset=seediv,bci2a+p300,seediv,per_dataset_majority,hybrid convolutional collapse with attention/TCN reorganization,classifier,seediv,atcnet,46,logits,-1,-1,1,-0.02081358171235385
leave_dataset_out,heldout_dataset=seediv,bci2a+p300,seediv,taxonomy,hybrid convolutional collapse with attention/TCN reorganization,tcn,seediv,atcnet,46,temporal_conv_nets.0,-1,1,0,0.005346920270437474
leave_dataset_out,heldout_dataset=seediv,bci2a+p300,seediv,majority_class,hybrid convolutional collapse with attention/TCN reorganization,tcn,seediv,atcnet,46,temporal_conv_nets.0,-1,1,0,0.005346920270437474
leave_dataset_out,heldout_dataset=seediv,bci2a+p300,seediv,per_dataset_majority,hybrid convolutional collapse with attention/TCN reorganization,tcn,seediv,atcnet,46,temporal_conv_nets.0,-1,1,0,0.005346920270437474
leave_dataset_out,heldout_dataset=seediv,bci2a+p300,seediv,taxonomy,hybrid convolutional collapse with attention/TCN reorganization,tcn,seediv,atcnet,46,temporal_conv_nets.2,-1,1,0,0.29040840155429315
leave_dataset_out,heldout_dataset=seediv,bci2a+p300,seediv,majority_class,hybrid convolutional collapse with attention/TCN reorganization,tcn,seediv,atcnet,46,temporal_conv_nets.2,-1,1,0,0.29040840155429315
leave_dataset_out,heldout_dataset=seediv,bci2a+p300,seediv,per_dataset_majority,hybrid convolutional collapse with attention/TCN reorganization,tcn,seediv,atcnet,46,temporal_conv_nets.2,-1,1,0,0.29040840155429315
leave_dataset_out,heldout_dataset=seediv,bci2a+p300,seediv,taxonomy,hybrid convolutional collapse with attention/TCN reorganization,tcn,seediv,atcnet,46,temporal_conv_nets.4,-1,-1,1,-0.0815195044088272
leave_dataset_out,heldout_dataset=seediv,bci2a+p300,seediv,majority_class,hybrid convolutional collapse with attention/TCN reorganization,tcn,seediv,atcnet,46,temporal_conv_nets.4,-1,-1,1,-0.0815195044088272
leave_dataset_out,heldout_dataset=seediv,bci2a+p300,seediv,per_dataset_majority,hybrid convolutional collapse with attention/TCN reorganization,tcn,seediv,atcnet,46,temporal_conv_nets.4,-1,-1,1,-0.0815195044088272
leave_dataset_out,heldout_dataset=p300,bci2a+seediv,p300,taxonomy,progressive collapse,early_filtering,p300,eegnet,41,bnorm_1,1,1,1,0.7700450840306201
leave_dataset_out,heldout_dataset=p300,bci2a+seediv,p300,majority_class,progressive collapse,early_filtering,p300,eegnet,41,bnorm_1,-1,1,0,0.7700450840306201
leave_dataset_out,heldout_dataset=p300,bci2a+seediv,p300,per_dataset_majority,progressive collapse,early_filtering,p300,eegnet,41,bnorm_1,-1,1,0,0.7700450840306201
leave_dataset_out,heldout_dataset=p300,bci2a+seediv,p300,taxonomy,progressive collapse,separable_body,p300,eegnet,41,bnorm_2,1,1,1,0.9149879078878357
leave_dataset_out,heldout_dataset=p300,bci2a+seediv,p300,majority_class,progressive collapse,separable_body,p300,eegnet,41,bnorm_2,-1,1,0,0.9149879078878357
leave_dataset_out,heldout_dataset=p300,bci2a+seediv,p300,per_dataset_majority,progressive collapse,separable_body,p300,eegnet,41,bnorm_2,-1,1,0,0.9149879078878357
leave_dataset_out,heldout_dataset=p300,bci2a+seediv,p300,taxonomy,progressive collapse,early_filtering,p300,eegnet,41,bnorm_temporal,1,1,1,0.7508098660813364
leave_dataset_out,heldout_dataset=p300,bci2a+seediv,p300,majority_class,progressive collapse,early_filtering,p300,eegnet,41,bnorm_temporal,-1,1,0,0.7508098660813364
leave_dataset_out,heldout_dataset=p300,bci2a+seediv,p300,per_dataset_majority,progressive collapse,early_filtering,p300,eegnet,41,bnorm_temporal,-1,1,0,0.7508098660813364
leave_dataset_out,heldout_dataset=p300,bci2a+seediv,p300,taxonomy,progressive collapse,separable_body,p300,eegnet,41,conv_separable_depth,1,1,1,0.699587159905299
leave_dataset_out,heldout_dataset=p300,bci2a+seediv,p300,majority_class,progressive collapse,separable_body,p300,eegnet,41,conv_separable_depth,-1,1,0,0.699587159905299
leave_dataset_out,heldout_dataset=p300,bci2a+seediv,p300,per_dataset_majority,progressive collapse,separable_body,p300,eegnet,41,conv_separable_depth,-1,1,0,0.699587159905299
leave_dataset_out,heldout_dataset=p300,bci2a+seediv,p300,taxonomy,progressive collapse,separable_body,p300,eegnet,41,conv_separable_point,1,1,1,0.6609424057343785
leave_dataset_out,heldout_dataset=p300,bci2a+seediv,p300,majority_class,progressive collapse,separable_body,p300,eegnet,41,conv_separable_point,-1,1,0,0.6609424057343785
leave_dataset_out,heldout_dataset=p300,bci2a+seediv,p300,per_dataset_majority,progressive collapse,separable_body,p300,eegnet,41,conv_separable_point,-1,1,0,0.6609424057343785
leave_dataset_out,heldout_dataset=p300,bci2a+seediv,p300,taxonomy,progressive collapse,early_filtering,p300,eegnet,41,conv_spatial,1,1,1,0.5961453937969303
leave_dataset_out,heldout_dataset=p300,bci2a+seediv,p300,majority_class,progressive collapse,early_filtering,p300,eegnet,41,conv_spatial,-1,1,0,0.5961453937969303
leave_dataset_out,heldout_dataset=p300,bci2a+seediv,p300,per_dataset_majority,progressive collapse,early_filtering,p300,eegnet,41,conv_spatial,-1,1,0,0.5961453937969303
leave_dataset_out,heldout_dataset=p300,bci2a+seediv,p300,taxonomy,progressive collapse,early_filtering,p300,eegnet,41,conv_temporal,1,1,1,0.7554824690164044
leave_dataset_out,heldout_dataset=p300,bci2a+seediv,p300,majority_class,progressive collapse,early_filtering,p300,eegnet,41,conv_temporal,-1,1,0,0.7554824690164044
leave_dataset_out,heldout_dataset=p300,bci2a+seediv,p300,per_dataset_majority,progressive collapse,early_filtering,p300,eegnet,41,conv_temporal,-1,1,0,0.7554824690164044
leave_dataset_out,heldout_dataset=p300,bci2a+seediv,p300,taxonomy,progressive collapse,other,p300,eegnet,41,elu_1,1,1,1,0.8003718135530029
leave_dataset_out,heldout_dataset=p300,bci2a+seediv,p300,majority_class,progressive collapse,other,p300,eegnet,41,elu_1,-1,1,0,0.8003718135530029
leave_dataset_out,heldout_dataset=p300,bci2a+seediv,p300,per_dataset_majority,progressive collapse,other,p300,eegnet,41,elu_1,-1,1,0,0.8003718135530029
leave_dataset_out,heldout_dataset=p300,bci2a+seediv,p300,taxonomy,progressive collapse,other,p300,eegnet,41,elu_2,1,1,1,0.914115344457555
leave_dataset_out,heldout_dataset=p300,bci2a+seediv,p300,majority_class,progressive collapse,other,p300,eegnet,41,elu_2,-1,1,0,0.914115344457555
leave_dataset_out,heldout_dataset=p300,bci2a+seediv,p300,per_dataset_majority,progressive collapse,other,p300,eegnet,41,elu_2,-1,1,0,0.914115344457555
leave_dataset_out,heldout_dataset=p300,bci2a+seediv,p300,taxonomy,progressive collapse,classifier,p300,eegnet,41,final_layer.conv_classifier,1,1,1,0.93641097269918
leave_dataset_out,heldout_dataset=p300,bci2a+seediv,p300,majority_class,progressive collapse,classifier,p300,eegnet,41,final_layer.conv_classifier,-1,1,0,0.93641097269918
leave_dataset_out,heldout_dataset=p300,bci2a+seediv,p300,per_dataset_majority,progressive collapse,classifier,p300,eegnet,41,final_layer.conv_classifier,-1,1,0,0.93641097269918
leave_dataset_out,heldout_dataset=p300,bci2a+seediv,p300,taxonomy,progressive collapse,classifier,p300,eegnet,41,logits,1,1,1,0.93641097269918
leave_dataset_out,heldout_dataset=p300,bci2a+seediv,p300,majority_class,progressive collapse,classifier,p300,eegnet,41,logits,-1,1,0,0.93641097269918
leave_dataset_out,heldout_dataset=p300,bci2a+seediv,p300,per_dataset_majority,progressive collapse,classifier,p300,eegnet,41,logits,-1,1,0,0.93641097269918
leave_dataset_out,heldout_dataset=p300,bci2a+seediv,p300,taxonomy,progressive collapse,other,p300,eegnet,41,pool_1,1,1,1,0.8371262676920819
leave_dataset_out,heldout_dataset=p300,bci2a+seediv,p300,majority_class,progressive collapse,other,p300,eegnet,41,pool_1,-1,1,0,0.8371262676920819
leave_dataset_out,heldout_dataset=p300,bci2a+seediv,p300,per_dataset_majority,progressive collapse,other,p300,eegnet,41,pool_1,-1,1,0,0.8371262676920819
leave_dataset_out,heldout_dataset=p300,bci2a+seediv,p300,taxonomy,progressive collapse,separable_body,p300,eegnet,41,pool_2,1,1,1,0.990371060791961
leave_dataset_out,heldout_dataset=p300,bci2a+seediv,p300,majority_class,progressive collapse,separable_body,p300,eegnet,41,pool_2,-1,1,0,0.990371060791961
leave_dataset_out,heldout_dataset=p300,bci2a+seediv,p300,per_dataset_majority,progressive collapse,separable_body,p300,eegnet,41,pool_2,-1,1,0,0.990371060791961
leave_dataset_out,heldout_dataset=p300,bci2a+seediv,p300,taxonomy,progressive collapse,early_filtering,p300,eegnet,42,bnorm_1,1,1,1,0.6921386392059266
leave_dataset_out,heldout_dataset=p300,bci2a+seediv,p300,majority_class,progressive collapse,early_filtering,p300,eegnet,42,bnorm_1,-1,1,0,0.6921386392059266
leave_dataset_out,heldout_dataset=p300,bci2a+seediv,p300,per_dataset_majority,progressive collapse,early_filtering,p300,eegnet,42,bnorm_1,-1,1,0,0.6921386392059266
leave_dataset_out,heldout_dataset=p300,bci2a+seediv,p300,taxonomy,progressive collapse,separable_body,p300,eegnet,42,bnorm_2,1,1,1,0.8445215845710299
leave_dataset_out,heldout_dataset=p300,bci2a+seediv,p300,majority_class,progressive collapse,separable_body,p300,eegnet,42,bnorm_2,-1,1,0,0.8445215845710299
leave_dataset_out,heldout_dataset=p300,bci2a+seediv,p300,per_dataset_majority,progressive collapse,separable_body,p300,eegnet,42,bnorm_2,-1,1,0,0.8445215845710299
leave_dataset_out,heldout_dataset=p300,bci2a+seediv,p300,taxonomy,progressive collapse,early_filtering,p300,eegnet,42,bnorm_temporal,1,1,1,0.6097543310033264
leave_dataset_out,heldout_dataset=p300,bci2a+seediv,p300,majority_class,progressive collapse,early_filtering,p300,eegnet,42,bnorm_temporal,-1,1,0,0.6097543310033264
leave_dataset_out,heldout_dataset=p300,bci2a+seediv,p300,per_dataset_majority,progressive collapse,early_filtering,p300,eegnet,42,bnorm_temporal,-1,1,0,0.6097543310033264
leave_dataset_out,heldout_dataset=p300,bci2a+seediv,p300,taxonomy,progressive collapse,separable_body,p300,eegnet,42,conv_separable_depth,1,1,1,0.5502844970683073
leave_dataset_out,heldout_dataset=p300,bci2a+seediv,p300,majority_class,progressive collapse,separable_body,p300,eegnet,42,conv_separable_depth,-1,1,0,0.5502844970683073
leave_dataset_out,heldout_dataset=p300,bci2a+seediv,p300,per_dataset_majority,progressive collapse,separable_body,p300,eegnet,42,conv_separable_depth,-1,1,0,0.5502844970683073
leave_dataset_out,heldout_dataset=p300,bci2a+seediv,p300,taxonomy,progressive collapse,separable_body,p300,eegnet,42,conv_separable_point,1,1,1,0.5522044938410248
leave_dataset_out,heldout_dataset=p300,bci2a+seediv,p300,majority_class,progressive collapse,separable_body,p300,eegnet,42,conv_separable_point,-1,1,0,0.5522044938410248
leave_dataset_out,heldout_dataset=p300,bci2a+seediv,p300,per_dataset_majority,progressive collapse,separable_body,p300,eegnet,42,conv_separable_point,-1,1,0,0.5522044938410248
leave_dataset_out,heldout_dataset=p300,bci2a+seediv,p300,taxonomy,progressive collapse,early_filtering,p300,eegnet,42,conv_spatial,1,1,1,0.24226784664760737
leave_dataset_out,heldout_dataset=p300,bci2a+seediv,p300,majority_class,progressive collapse,early_filtering,p300,eegnet,42,conv_spatial,-1,1,0,0.24226784664760737
leave_dataset_out,heldout_dataset=p300,bci2a+seediv,p300,per_dataset_majority,progressive collapse,early_filtering,p300,eegnet,42,conv_spatial,-1,1,0,0.24226784664760737
leave_dataset_out,heldout_dataset=p300,bci2a+seediv,p300,taxonomy,progressive collapse,early_filtering,p300,eegnet,42,conv_temporal,1,1,1,0.5957672663599528
leave_dataset_out,heldout_dataset=p300,bci2a+seediv,p300,majority_class,progressive collapse,early_filtering,p300,eegnet,42,conv_temporal,-1,1,0,0.5957672663599528
leave_dataset_out,heldout_dataset=p300,bci2a+seediv,p300,per_dataset_majority,progressive collapse,early_filtering,p300,eegnet,42,conv_temporal,-1,1,0,0.5957672663599528
leave_dataset_out,heldout_dataset=p300,bci2a+seediv,p300,taxonomy,progressive collapse,other,p300,eegnet,42,elu_1,1,1,1,0.7372691955192725
leave_dataset_out,heldout_dataset=p300,bci2a+seediv,p300,majority_class,progressive collapse,other,p300,eegnet,42,elu_1,-1,1,0,0.7372691955192725
leave_dataset_out,heldout_dataset=p300,bci2a+seediv,p300,per_dataset_majority,progressive collapse,other,p300,eegnet,42,elu_1,-1,1,0,0.7372691955192725
leave_dataset_out,heldout_dataset=p300,bci2a+seediv,p300,taxonomy,progressive collapse,other,p300,eegnet,42,elu_2,1,1,1,0.838863076266599
leave_dataset_out,heldout_dataset=p300,bci2a+seediv,p300,majority_class,progressive collapse,other,p300,eegnet,42,elu_2,-1,1,0,0.838863076266599
leave_dataset_out,heldout_dataset=p300,bci2a+seediv,p300,per_dataset_majority,progressive collapse,other,p300,eegnet,42,elu_2,-1,1,0,0.838863076266599
leave_dataset_out,heldout_dataset=p300,bci2a+seediv,p300,taxonomy,progressive collapse,classifier,p300,eegnet,42,final_layer.conv_classifier,1,1,1,0.8993839965588256
leave_dataset_out,heldout_dataset=p300,bci2a+seediv,p300,majority_class,progressive collapse,classifier,p300,eegnet,42,final_layer.conv_classifier,-1,1,0,0.8993839965588256
leave_dataset_out,heldout_dataset=p300,bci2a+seediv,p300,per_dataset_majority,progressive collapse,classifier,p300,eegnet,42,final_layer.conv_classifier,-1,1,0,0.8993839965588256
leave_dataset_out,heldout_dataset=p300,bci2a+seediv,p300,taxonomy,progressive collapse,classifier,p300,eegnet,42,logits,1,1,1,0.8993839965588256
leave_dataset_out,heldout_dataset=p300,bci2a+seediv,p300,majority_class,progressive collapse,classifier,p300,eegnet,42,logits,-1,1,0,0.8993839965588256
leave_dataset_out,heldout_dataset=p300,bci2a+seediv,p300,per_dataset_majority,progressive collapse,classifier,p300,eegnet,42,logits,-1,1,0,0.8993839965588256
leave_dataset_out,heldout_dataset=p300,bci2a+seediv,p300,taxonomy,progressive collapse,other,p300,eegnet,42,pool_1,1,1,1,0.7794336116465642
leave_dataset_out,heldout_dataset=p300,bci2a+seediv,p300,majority_class,progressive collapse,other,p300,eegnet,42,pool_1,-1,1,0,0.7794336116465642
leave_dataset_out,heldout_dataset=p300,bci2a+seediv,p300,per_dataset_majority,progressive collapse,other,p300,eegnet,42,pool_1,-1,1,0,0.7794336116465642
leave_dataset_out,heldout_dataset=p300,bci2a+seediv,p300,taxonomy,progressive collapse,separable_body,p300,eegnet,42,pool_2,1,1,1,0.9696552180144851
leave_dataset_out,heldout_dataset=p300,bci2a+seediv,p300,majority_class,progressive collapse,separable_body,p300,eegnet,42,pool_2,-1,1,0,0.9696552180144851
leave_dataset_out,heldout_dataset=p300,bci2a+seediv,p300,per_dataset_majority,progressive collapse,separable_body,p300,eegnet,42,pool_2,-1,1,0,0.9696552180144851
leave_dataset_out,heldout_dataset=p300,bci2a+seediv,p300,taxonomy,progressive collapse,early_filtering,p300,eegnet,43,bnorm_1,1,1,1,0.8737281864346714
leave_dataset_out,heldout_dataset=p300,bci2a+seediv,p300,majority_class,progressive collapse,early_filtering,p300,eegnet,43,bnorm_1,-1,1,0,0.8737281864346714
leave_dataset_out,heldout_dataset=p300,bci2a+seediv,p300,per_dataset_majority,progressive collapse,early_filtering,p300,eegnet,43,bnorm_1,-1,1,0,0.8737281864346714
leave_dataset_out,heldout_dataset=p300,bci2a+seediv,p300,taxonomy,progressive collapse,separable_body,p300,eegnet,43,bnorm_2,1,1,1,0.9560780762900812
leave_dataset_out,heldout_dataset=p300,bci2a+seediv,p300,majority_class,progressive collapse,separable_body,p300,eegnet,43,bnorm_2,-1,1,0,0.9560780762900812
leave_dataset_out,heldout_dataset=p300,bci2a+seediv,p300,per_dataset_majority,progressive collapse,separable_body,p300,eegnet,43,bnorm_2,-1,1,0,0.9560780762900812
leave_dataset_out,heldout_dataset=p300,bci2a+seediv,p300,taxonomy,progressive collapse,early_filtering,p300,eegnet,43,bnorm_temporal,1,1,1,0.6132470137415055
leave_dataset_out,heldout_dataset=p300,bci2a+seediv,p300,majority_class,progressive collapse,early_filtering,p300,eegnet,43,bnorm_temporal,-1,1,0,0.6132470137415055
leave_dataset_out,heldout_dataset=p300,bci2a+seediv,p300,per_dataset_majority,progressive collapse,early_filtering,p300,eegnet,43,bnorm_temporal,-1,1,0,0.6132470137415055
leave_dataset_out,heldout_dataset=p300,bci2a+seediv,p300,taxonomy,progressive collapse,separable_body,p300,eegnet,43,conv_separable_depth,1,1,1,0.8647879905092765
leave_dataset_out,heldout_dataset=p300,bci2a+seediv,p300,majority_class,progressive collapse,separable_body,p300,eegnet,43,conv_separable_depth,-1,1,0,0.8647879905092765
leave_dataset_out,heldout_dataset=p300,bci2a+seediv,p300,per_dataset_majority,progressive collapse,separable_body,p300,eegnet,43,conv_separable_depth,-1,1,0,0.8647879905092765
leave_dataset_out,heldout_dataset=p300,bci2a+seediv,p300,taxonomy,progressive collapse,separable_body,p300,eegnet,43,conv_separable_point,1,1,1,0.8420661198736048
leave_dataset_out,heldout_dataset=p300,bci2a+seediv,p300,majority_class,progressive collapse,separable_body,p300,eegnet,43,conv_separable_point,-1,1,0,0.8420661198736048
leave_dataset_out,heldout_dataset=p300,bci2a+seediv,p300,per_dataset_majority,progressive collapse,separable_body,p300,eegnet,43,conv_separable_point,-1,1,0,0.8420661198736048
leave_dataset_out,heldout_dataset=p300,bci2a+seediv,p300,taxonomy,progressive collapse,early_filtering,p300,eegnet,43,conv_spatial,1,1,1,0.5308076721248434
leave_dataset_out,heldout_dataset=p300,bci2a+seediv,p300,majority_class,progressive collapse,early_filtering,p300,eegnet,43,conv_spatial,-1,1,0,0.5308076721248434
leave_dataset_out,heldout_dataset=p300,bci2a+seediv,p300,per_dataset_majority,progressive collapse,early_filtering,p300,eegnet,43,conv_spatial,-1,1,0,0.5308076721248434
leave_dataset_out,heldout_dataset=p300,bci2a+seediv,p300,taxonomy,progressive collapse,early_filtering,p300,eegnet,43,conv_temporal,1,1,1,0.6927964050381166
leave_dataset_out,heldout_dataset=p300,bci2a+seediv,p300,majority_class,progressive collapse,early_filtering,p300,eegnet,43,conv_temporal,-1,1,0,0.6927964050381166
leave_dataset_out,heldout_dataset=p300,bci2a+seediv,p300,per_dataset_majority,progressive collapse,early_filtering,p300,eegnet,43,conv_temporal,-1,1,0,0.6927964050381166
leave_dataset_out,heldout_dataset=p300,bci2a+seediv,p300,taxonomy,progressive collapse,other,p300,eegnet,43,elu_1,1,1,1,0.8950398457173859
leave_dataset_out,heldout_dataset=p300,bci2a+seediv,p300,majority_class,progressive collapse,other,p300,eegnet,43,elu_1,-1,1,0,0.8950398457173859
leave_dataset_out,heldout_dataset=p300,bci2a+seediv,p300,per_dataset_majority,progressive collapse,other,p300,eegnet,43,elu_1,-1,1,0,0.8950398457173859
leave_dataset_out,heldout_dataset=p300,bci2a+seediv,p300,taxonomy,progressive collapse,other,p300,eegnet,43,elu_2,1,1,1,0.9550441398263164
leave_dataset_out,heldout_dataset=p300,bci2a+seediv,p300,majority_class,progressive collapse,other,p300,eegnet,43,elu_2,-1,1,0,0.9550441398263164
leave_dataset_out,heldout_dataset=p300,bci2a+seediv,p300,per_dataset_majority,progressive collapse,other,p300,eegnet,43,elu_2,-1,1,0,0.9550441398263164
leave_dataset_out,heldout_dataset=p300,bci2a+seediv,p300,taxonomy,progressive collapse,classifier,p300,eegnet,43,final_layer.conv_classifier,1,1,1,0.8372554120426663
leave_dataset_out,heldout_dataset=p300,bci2a+seediv,p300,majority_class,progressive collapse,classifier,p300,eegnet,43,final_layer.conv_classifier,-1,1,0,0.8372554120426663
leave_dataset_out,heldout_dataset=p300,bci2a+seediv,p300,per_dataset_majority,progressive collapse,classifier,p300,eegnet,43,final_layer.conv_classifier,-1,1,0,0.8372554120426663
leave_dataset_out,heldout_dataset=p300,bci2a+seediv,p300,taxonomy,progressive collapse,classifier,p300,eegnet,43,logits,1,1,1,0.8372554120426663
leave_dataset_out,heldout_dataset=p300,bci2a+seediv,p300,majority_class,progressive collapse,classifier,p300,eegnet,43,logits,-1,1,0,0.8372554120426663
leave_dataset_out,heldout_dataset=p300,bci2a+seediv,p300,per_dataset_majority,progressive collapse,classifier,p300,eegnet,43,logits,-1,1,0,0.8372554120426663
leave_dataset_out,heldout_dataset=p300,bci2a+seediv,p300,taxonomy,progressive collapse,other,p300,eegnet,43,pool_1,1,1,1,0.9087784663616498
leave_dataset_out,heldout_dataset=p300,bci2a+seediv,p300,majority_class,progressive collapse,other,p300,eegnet,43,pool_1,-1,1,0,0.9087784663616498
leave_dataset_out,heldout_dataset=p300,bci2a+seediv,p300,per_dataset_majority,progressive collapse,other,p300,eegnet,43,pool_1,-1,1,0,0.9087784663616498
leave_dataset_out,heldout_dataset=p300,bci2a+seediv,p300,taxonomy,progressive collapse,separable_body,p300,eegnet,43,pool_2,1,1,1,0.9815474997543203
leave_dataset_out,heldout_dataset=p300,bci2a+seediv,p300,majority_class,progressive collapse,separable_body,p300,eegnet,43,pool_2,-1,1,0,0.9815474997543203
leave_dataset_out,heldout_dataset=p300,bci2a+seediv,p300,per_dataset_majority,progressive collapse,separable_body,p300,eegnet,43,pool_2,-1,1,0,0.9815474997543203
leave_dataset_out,heldout_dataset=p300,bci2a+seediv,p300,taxonomy,progressive collapse,early_filtering,p300,eegnet,44,bnorm_1,1,1,1,0.9647275856164467
leave_dataset_out,heldout_dataset=p300,bci2a+seediv,p300,majority_class,progressive collapse,early_filtering,p300,eegnet,44,bnorm_1,-1,1,0,0.9647275856164467
leave_dataset_out,heldout_dataset=p300,bci2a+seediv,p300,per_dataset_majority,progressive collapse,early_filtering,p300,eegnet,44,bnorm_1,-1,1,0,0.9647275856164467
leave_dataset_out,heldout_dataset=p300,bci2a+seediv,p300,taxonomy,progressive collapse,separable_body,p300,eegnet,44,bnorm_2,1,1,1,0.9269954441238837
leave_dataset_out,heldout_dataset=p300,bci2a+seediv,p300,majority_class,progressive collapse,separable_body,p300,eegnet,44,bnorm_2,-1,1,0,0.9269954441238837
leave_dataset_out,heldout_dataset=p300,bci2a+seediv,p300,per_dataset_majority,progressive collapse,separable_body,p300,eegnet,44,bnorm_2,-1,1,0,0.9269954441238837
leave_dataset_out,heldout_dataset=p300,bci2a+seediv,p300,taxonomy,progressive collapse,early_filtering,p300,eegnet,44,bnorm_temporal,1,1,1,0.9533102207621577
leave_dataset_out,heldout_dataset=p300,bci2a+seediv,p300,majority_class,progressive collapse,early_filtering,p300,eegnet,44,bnorm_temporal,-1,1,0,0.9533102207621577
leave_dataset_out,heldout_dataset=p300,bci2a+seediv,p300,per_dataset_majority,progressive collapse,early_filtering,p300,eegnet,44,bnorm_temporal,-1,1,0,0.9533102207621577
leave_dataset_out,heldout_dataset=p300,bci2a+seediv,p300,taxonomy,progressive collapse,separable_body,p300,eegnet,44,conv_separable_depth,1,1,1,0.9681440508813205
leave_dataset_out,heldout_dataset=p300,bci2a+seediv,p300,majority_class,progressive collapse,separable_body,p300,eegnet,44,conv_separable_depth,-1,1,0,0.9681440508813205
leave_dataset_out,heldout_dataset=p300,bci2a+seediv,p300,per_dataset_majority,progressive collapse,separable_body,p300,eegnet,44,conv_separable_depth,-1,1,0,0.9681440508813205
leave_dataset_out,heldout_dataset=p300,bci2a+seediv,p300,taxonomy,progressive collapse,separable_body,p300,eegnet,44,conv_separable_point,1,1,1,0.9663595991706796
leave_dataset_out,heldout_dataset=p300,bci2a+seediv,p300,majority_class,progressive collapse,separable_body,p300,eegnet,44,conv_separable_point,-1,1,0,0.9663595991706796
leave_dataset_out,heldout_dataset=p300,bci2a+seediv,p300,per_dataset_majority,progressive collapse,separable_body,p300,eegnet,44,conv_separable_point,-1,1,0,0.9663595991706796
leave_dataset_out,heldout_dataset=p300,bci2a+seediv,p300,taxonomy,progressive collapse,early_filtering,p300,eegnet,44,conv_spatial,1,1,1,0.8924026770743351
leave_dataset_out,heldout_dataset=p300,bci2a+seediv,p300,majority_class,progressive collapse,early_filtering,p300,eegnet,44,conv_spatial,-1,1,0,0.8924026770743351
leave_dataset_out,heldout_dataset=p300,bci2a+seediv,p300,per_dataset_majority,progressive collapse,early_filtering,p300,eegnet,44,conv_spatial,-1,1,0,0.8924026770743351
leave_dataset_out,heldout_dataset=p300,bci2a+seediv,p300,taxonomy,progressive collapse,early_filtering,p300,eegnet,44,conv_temporal,1,1,1,0.9587426671667676
leave_dataset_out,heldout_dataset=p300,bci2a+seediv,p300,majority_class,progressive collapse,early_filtering,p300,eegnet,44,conv_temporal,-1,1,0,0.9587426671667676
leave_dataset_out,heldout_dataset=p300,bci2a+seediv,p300,per_dataset_majority,progressive collapse,early_filtering,p300,eegnet,44,conv_temporal,-1,1,0,0.9587426671667676
leave_dataset_out,heldout_dataset=p300,bci2a+seediv,p300,taxonomy,progressive collapse,other,p300,eegnet,44,elu_1,1,1,1,0.972574997362056
leave_dataset_out,heldout_dataset=p300,bci2a+seediv,p300,majority_class,progressive collapse,other,p300,eegnet,44,elu_1,-1,1,0,0.972574997362056
leave_dataset_out,heldout_dataset=p300,bci2a+seediv,p300,per_dataset_majority,progressive collapse,other,p300,eegnet,44,elu_1,-1,1,0,0.972574997362056
leave_dataset_out,heldout_dataset=p300,bci2a+seediv,p300,taxonomy,progressive collapse,other,p300,eegnet,44,elu_2,1,1,1,0.9199025238268865
leave_dataset_out,heldout_dataset=p300,bci2a+seediv,p300,majority_class,progressive collapse,other,p300,eegnet,44,elu_2,-1,1,0,0.9199025238268865
leave_dataset_out,heldout_dataset=p300,bci2a+seediv,p300,per_dataset_majority,progressive collapse,other,p300,eegnet,44,elu_2,-1,1,0,0.9199025238268865
leave_dataset_out,heldout_dataset=p300,bci2a+seediv,p300,taxonomy,progressive collapse,classifier,p300,eegnet,44,final_layer.conv_classifier,1,1,1,0.7846488657217044
leave_dataset_out,heldout_dataset=p300,bci2a+seediv,p300,majority_class,progressive collapse,classifier,p300,eegnet,44,final_layer.conv_classifier,-1,1,0,0.7846488657217044
leave_dataset_out,heldout_dataset=p300,bci2a+seediv,p300,per_dataset_majority,progressive collapse,classifier,p300,eegnet,44,final_layer.conv_classifier,-1,1,0,0.7846488657217044
leave_dataset_out,heldout_dataset=p300,bci2a+seediv,p300,taxonomy,progressive collapse,classifier,p300,eegnet,44,logits,1,1,1,0.7846488657217044
leave_dataset_out,heldout_dataset=p300,bci2a+seediv,p300,majority_class,progressive collapse,classifier,p300,eegnet,44,logits,-1,1,0,0.7846488657217044
leave_dataset_out,heldout_dataset=p300,bci2a+seediv,p300,per_dataset_majority,progressive collapse,classifier,p300,eegnet,44,logits,-1,1,0,0.7846488657217044
leave_dataset_out,heldout_dataset=p300,bci2a+seediv,p300,taxonomy,progressive collapse,other,p300,eegnet,44,pool_1,1,1,1,0.9801428355016132
leave_dataset_out,heldout_dataset=p300,bci2a+seediv,p300,majority_class,progressive collapse,other,p300,eegnet,44,pool_1,-1,1,0,0.9801428355016132
leave_dataset_out,heldout_dataset=p300,bci2a+seediv,p300,per_dataset_majority,progressive collapse,other,p300,eegnet,44,pool_1,-1,1,0,0.9801428355016132
leave_dataset_out,heldout_dataset=p300,bci2a+seediv,p300,taxonomy,progressive collapse,separable_body,p300,eegnet,44,pool_2,1,1,1,0.82431830966479
leave_dataset_out,heldout_dataset=p300,bci2a+seediv,p300,majority_class,progressive collapse,separable_body,p300,eegnet,44,pool_2,-1,1,0,0.82431830966479
leave_dataset_out,heldout_dataset=p300,bci2a+seediv,p300,per_dataset_majority,progressive collapse,separable_body,p300,eegnet,44,pool_2,-1,1,0,0.82431830966479
leave_dataset_out,heldout_dataset=p300,bci2a+seediv,p300,taxonomy,progressive collapse,early_filtering,p300,eegnet,45,bnorm_1,1,1,1,0.8832781705314753
leave_dataset_out,heldout_dataset=p300,bci2a+seediv,p300,majority_class,progressive collapse,early_filtering,p300,eegnet,45,bnorm_1,-1,1,0,0.8832781705314753
leave_dataset_out,heldout_dataset=p300,bci2a+seediv,p300,per_dataset_majority,progressive collapse,early_filtering,p300,eegnet,45,bnorm_1,-1,1,0,0.8832781705314753
leave_dataset_out,heldout_dataset=p300,bci2a+seediv,p300,taxonomy,progressive collapse,separable_body,p300,eegnet,45,bnorm_2,1,1,1,0.9103013483826702
leave_dataset_out,heldout_dataset=p300,bci2a+seediv,p300,majority_class,progressive collapse,separable_body,p300,eegnet,45,bnorm_2,-1,1,0,0.9103013483826702
leave_dataset_out,heldout_dataset=p300,bci2a+seediv,p300,per_dataset_majority,progressive collapse,separable_body,p300,eegnet,45,bnorm_2,-1,1,0,0.9103013483826702
leave_dataset_out,heldout_dataset=p300,bci2a+seediv,p300,taxonomy,progressive collapse,early_filtering,p300,eegnet,45,bnorm_temporal,1,1,1,0.8810576346716531
leave_dataset_out,heldout_dataset=p300,bci2a+seediv,p300,majority_class,progressive collapse,early_filtering,p300,eegnet,45,bnorm_temporal,-1,1,0,0.8810576346716531
leave_dataset_out,heldout_dataset=p300,bci2a+seediv,p300,per_dataset_majority,progressive collapse,early_filtering,p300,eegnet,45,bnorm_temporal,-1,1,0,0.8810576346716531
leave_dataset_out,heldout_dataset=p300,bci2a+seediv,p300,taxonomy,progressive collapse,separable_body,p300,eegnet,45,conv_separable_depth,1,1,1,0.8616609721666189
leave_dataset_out,heldout_dataset=p300,bci2a+seediv,p300,majority_class,progressive collapse,separable_body,p300,eegnet,45,conv_separable_depth,-1,1,0,0.8616609721666189
leave_dataset_out,heldout_dataset=p300,bci2a+seediv,p300,per_dataset_majority,progressive collapse,separable_body,p300,eegnet,45,conv_separable_depth,-1,1,0,0.8616609721666189
leave_dataset_out,heldout_dataset=p300,bci2a+seediv,p300,taxonomy,progressive collapse,separable_body,p300,eegnet,45,conv_separable_point,1,1,1,0.8645591388062922
leave_dataset_out,heldout_dataset=p300,bci2a+seediv,p300,majority_class,progressive collapse,separable_body,p300,eegnet,45,conv_separable_point,-1,1,0,0.8645591388062922
leave_dataset_out,heldout_dataset=p300,bci2a+seediv,p300,per_dataset_majority,progressive collapse,separable_body,p300,eegnet,45,conv_separable_point,-1,1,0,0.8645591388062922
leave_dataset_out,heldout_dataset=p300,bci2a+seediv,p300,taxonomy,progressive collapse,early_filtering,p300,eegnet,45,conv_spatial,1,1,1,0.8689861327090226
leave_dataset_out,heldout_dataset=p300,bci2a+seediv,p300,majority_class,progressive collapse,early_filtering,p300,eegnet,45,conv_spatial,-1,1,0,0.8689861327090226
leave_dataset_out,heldout_dataset=p300,bci2a+seediv,p300,per_dataset_majority,progressive collapse,early_filtering,p300,eegnet,45,conv_spatial,-1,1,0,0.8689861327090226
leave_dataset_out,heldout_dataset=p300,bci2a+seediv,p300,taxonomy,progressive collapse,early_filtering,p300,eegnet,45,conv_temporal,1,1,1,0.8692285596676131
leave_dataset_out,heldout_dataset=p300,bci2a+seediv,p300,majority_class,progressive collapse,early_filtering,p300,eegnet,45,conv_temporal,-1,1,0,0.8692285596676131
leave_dataset_out,heldout_dataset=p300,bci2a+seediv,p300,per_dataset_majority,progressive collapse,early_filtering,p300,eegnet,45,conv_temporal,-1,1,0,0.8692285596676131
leave_dataset_out,heldout_dataset=p300,bci2a+seediv,p300,taxonomy,progressive collapse,other,p300,eegnet,45,elu_1,1,1,1,0.8972649562882873
leave_dataset_out,heldout_dataset=p300,bci2a+seediv,p300,majority_class,progressive collapse,other,p300,eegnet,45,elu_1,-1,1,0,0.8972649562882873
leave_dataset_out,heldout_dataset=p300,bci2a+seediv,p300,per_dataset_majority,progressive collapse,other,p300,eegnet,45,elu_1,-1,1,0,0.8972649562882873
leave_dataset_out,heldout_dataset=p300,bci2a+seediv,p300,taxonomy,progressive collapse,other,p300,eegnet,45,elu_2,1,1,1,0.9109073209448272
leave_dataset_out,heldout_dataset=p300,bci2a+seediv,p300,majority_class,progressive collapse,other,p300,eegnet,45,elu_2,-1,1,0,0.9109073209448272
leave_dataset_out,heldout_dataset=p300,bci2a+seediv,p300,per_dataset_majority,progressive collapse,other,p300,eegnet,45,elu_2,-1,1,0,0.9109073209448272
leave_dataset_out,heldout_dataset=p300,bci2a+seediv,p300,taxonomy,progressive collapse,classifier,p300,eegnet,45,final_layer.conv_classifier,1,1,1,0.8268359607826122
leave_dataset_out,heldout_dataset=p300,bci2a+seediv,p300,majority_class,progressive collapse,classifier,p300,eegnet,45,final_layer.conv_classifier,-1,1,0,0.8268359607826122
leave_dataset_out,heldout_dataset=p300,bci2a+seediv,p300,per_dataset_majority,progressive collapse,classifier,p300,eegnet,45,final_layer.conv_classifier,-1,1,0,0.8268359607826122
leave_dataset_out,heldout_dataset=p300,bci2a+seediv,p300,taxonomy,progressive collapse,classifier,p300,eegnet,45,logits,1,1,1,0.8268359607826122
leave_dataset_out,heldout_dataset=p300,bci2a+seediv,p300,majority_class,progressive collapse,classifier,p300,eegnet,45,logits,-1,1,0,0.8268359607826122
leave_dataset_out,heldout_dataset=p300,bci2a+seediv,p300,per_dataset_majority,progressive collapse,classifier,p300,eegnet,45,logits,-1,1,0,0.8268359607826122
leave_dataset_out,heldout_dataset=p300,bci2a+seediv,p300,taxonomy,progressive collapse,other,p300,eegnet,45,pool_1,1,1,1,0.9071763533780481
leave_dataset_out,heldout_dataset=p300,bci2a+seediv,p300,majority_class,progressive collapse,other,p300,eegnet,45,pool_1,-1,1,0,0.9071763533780481
leave_dataset_out,heldout_dataset=p300,bci2a+seediv,p300,per_dataset_majority,progressive collapse,other,p300,eegnet,45,pool_1,-1,1,0,0.9071763533780481
leave_dataset_out,heldout_dataset=p300,bci2a+seediv,p300,taxonomy,progressive collapse,separable_body,p300,eegnet,45,pool_2,1,1,1,0.8896276708197572
leave_dataset_out,heldout_dataset=p300,bci2a+seediv,p300,majority_class,progressive collapse,separable_body,p300,eegnet,45,pool_2,-1,1,0,0.8896276708197572
leave_dataset_out,heldout_dataset=p300,bci2a+seediv,p300,per_dataset_majority,progressive collapse,separable_body,p300,eegnet,45,pool_2,-1,1,0,0.8896276708197572
leave_dataset_out,heldout_dataset=p300,bci2a+seediv,p300,taxonomy,progressive collapse,early_filtering,p300,eegnet,46,bnorm_1,1,1,1,0.8883565923508449
leave_dataset_out,heldout_dataset=p300,bci2a+seediv,p300,majority_class,progressive collapse,early_filtering,p300,eegnet,46,bnorm_1,-1,1,0,0.8883565923508449
leave_dataset_out,heldout_dataset=p300,bci2a+seediv,p300,per_dataset_majority,progressive collapse,early_filtering,p300,eegnet,46,bnorm_1,-1,1,0,0.8883565923508449
leave_dataset_out,heldout_dataset=p300,bci2a+seediv,p300,taxonomy,progressive collapse,separable_body,p300,eegnet,46,bnorm_2,1,1,1,0.9585720027715431
leave_dataset_out,heldout_dataset=p300,bci2a+seediv,p300,majority_class,progressive collapse,separable_body,p300,eegnet,46,bnorm_2,-1,1,0,0.9585720027715431
leave_dataset_out,heldout_dataset=p300,bci2a+seediv,p300,per_dataset_majority,progressive collapse,separable_body,p300,eegnet,46,bnorm_2,-1,1,0,0.9585720027715431
leave_dataset_out,heldout_dataset=p300,bci2a+seediv,p300,taxonomy,progressive collapse,early_filtering,p300,eegnet,46,bnorm_temporal,1,1,1,0.7735386485411757
leave_dataset_out,heldout_dataset=p300,bci2a+seediv,p300,majority_class,progressive collapse,early_filtering,p300,eegnet,46,bnorm_temporal,-1,1,0,0.7735386485411757
leave_dataset_out,heldout_dataset=p300,bci2a+seediv,p300,per_dataset_majority,progressive collapse,early_filtering,p300,eegnet,46,bnorm_temporal,-1,1,0,0.7735386485411757
leave_dataset_out,heldout_dataset=p300,bci2a+seediv,p300,taxonomy,progressive collapse,separable_body,p300,eegnet,46,conv_separable_depth,1,1,1,0.8972122351709141
leave_dataset_out,heldout_dataset=p300,bci2a+seediv,p300,majority_class,progressive collapse,separable_body,p300,eegnet,46,conv_separable_depth,-1,1,0,0.8972122351709141
leave_dataset_out,heldout_dataset=p300,bci2a+seediv,p300,per_dataset_majority,progressive collapse,separable_body,p300,eegnet,46,conv_separable_depth,-1,1,0,0.8972122351709141
leave_dataset_out,heldout_dataset=p300,bci2a+seediv,p300,taxonomy,progressive collapse,separable_body,p300,eegnet,46,conv_separable_point,1,1,1,0.6512108987260191
leave_dataset_out,heldout_dataset=p300,bci2a+seediv,p300,majority_class,progressive collapse,separable_body,p300,eegnet,46,conv_separable_point,-1,1,0,0.6512108987260191
leave_dataset_out,heldout_dataset=p300,bci2a+seediv,p300,per_dataset_majority,progressive collapse,separable_body,p300,eegnet,46,conv_separable_point,-1,1,0,0.6512108987260191
leave_dataset_out,heldout_dataset=p300,bci2a+seediv,p300,taxonomy,progressive collapse,early_filtering,p300,eegnet,46,conv_spatial,1,1,1,0.7052413181564985
leave_dataset_out,heldout_dataset=p300,bci2a+seediv,p300,majority_class,progressive collapse,early_filtering,p300,eegnet,46,conv_spatial,-1,1,0,0.7052413181564985
leave_dataset_out,heldout_dataset=p300,bci2a+seediv,p300,per_dataset_majority,progressive collapse,early_filtering,p300,eegnet,46,conv_spatial,-1,1,0,0.7052413181564985
leave_dataset_out,heldout_dataset=p300,bci2a+seediv,p300,taxonomy,progressive collapse,early_filtering,p300,eegnet,46,conv_temporal,1,1,1,0.7814726930718675
leave_dataset_out,heldout_dataset=p300,bci2a+seediv,p300,majority_class,progressive collapse,early_filtering,p300,eegnet,46,conv_temporal,-1,1,0,0.7814726930718675
leave_dataset_out,heldout_dataset=p300,bci2a+seediv,p300,per_dataset_majority,progressive collapse,early_filtering,p300,eegnet,46,conv_temporal,-1,1,0,0.7814726930718675
leave_dataset_out,heldout_dataset=p300,bci2a+seediv,p300,taxonomy,progressive collapse,other,p300,eegnet,46,elu_1,1,1,1,0.94426005580482
leave_dataset_out,heldout_dataset=p300,bci2a+seediv,p300,majority_class,progressive collapse,other,p300,eegnet,46,elu_1,-1,1,0,0.94426005580482
leave_dataset_out,heldout_dataset=p300,bci2a+seediv,p300,per_dataset_majority,progressive collapse,other,p300,eegnet,46,elu_1,-1,1,0,0.94426005580482
leave_dataset_out,heldout_dataset=p300,bci2a+seediv,p300,taxonomy,progressive collapse,other,p300,eegnet,46,elu_2,1,1,1,0.9581795248036689
leave_dataset_out,heldout_dataset=p300,bci2a+seediv,p300,majority_class,progressive collapse,other,p300,eegnet,46,elu_2,-1,1,0,0.9581795248036689
leave_dataset_out,heldout_dataset=p300,bci2a+seediv,p300,per_dataset_majority,progressive collapse,other,p300,eegnet,46,elu_2,-1,1,0,0.9581795248036689
leave_dataset_out,heldout_dataset=p300,bci2a+seediv,p300,taxonomy,progressive collapse,classifier,p300,eegnet,46,final_layer.conv_classifier,1,1,1,0.9416213041741003
leave_dataset_out,heldout_dataset=p300,bci2a+seediv,p300,majority_class,progressive collapse,classifier,p300,eegnet,46,final_layer.conv_classifier,-1,1,0,0.9416213041741003
leave_dataset_out,heldout_dataset=p300,bci2a+seediv,p300,per_dataset_majority,progressive collapse,classifier,p300,eegnet,46,final_layer.conv_classifier,-1,1,0,0.9416213041741003
leave_dataset_out,heldout_dataset=p300,bci2a+seediv,p300,taxonomy,progressive collapse,classifier,p300,eegnet,46,logits,1,1,1,0.9416213041741003
leave_dataset_out,heldout_dataset=p300,bci2a+seediv,p300,majority_class,progressive collapse,classifier,p300,eegnet,46,logits,-1,1,0,0.9416213041741003
leave_dataset_out,heldout_dataset=p300,bci2a+seediv,p300,per_dataset_majority,progressive collapse,classifier,p300,eegnet,46,logits,-1,1,0,0.9416213041741003
leave_dataset_out,heldout_dataset=p300,bci2a+seediv,p300,taxonomy,progressive collapse,other,p300,eegnet,46,pool_1,1,1,1,0.9560303754978126
leave_dataset_out,heldout_dataset=p300,bci2a+seediv,p300,majority_class,progressive collapse,other,p300,eegnet,46,pool_1,-1,1,0,0.9560303754978126
leave_dataset_out,heldout_dataset=p300,bci2a+seediv,p300,per_dataset_majority,progressive collapse,other,p300,eegnet,46,pool_1,-1,1,0,0.9560303754978126
leave_dataset_out,heldout_dataset=p300,bci2a+seediv,p300,taxonomy,progressive collapse,separable_body,p300,eegnet,46,pool_2,1,1,1,0.9706262570984341
leave_dataset_out,heldout_dataset=p300,bci2a+seediv,p300,majority_class,progressive collapse,separable_body,p300,eegnet,46,pool_2,-1,1,0,0.9706262570984341
leave_dataset_out,heldout_dataset=p300,bci2a+seediv,p300,per_dataset_majority,progressive collapse,separable_body,p300,eegnet,46,pool_2,-1,1,0,0.9706262570984341
leave_dataset_out,heldout_dataset=p300,bci2a+seediv,p300,taxonomy,nonlinear-induced distortion,linear_filtering,p300,shallowconvnet,41,bnorm,1,1,1,0.6786355721766143
leave_dataset_out,heldout_dataset=p300,bci2a+seediv,p300,majority_class,nonlinear-induced distortion,linear_filtering,p300,shallowconvnet,41,bnorm,-1,1,0,0.6786355721766143
leave_dataset_out,heldout_dataset=p300,bci2a+seediv,p300,per_dataset_majority,nonlinear-induced distortion,linear_filtering,p300,shallowconvnet,41,bnorm,-1,1,0,0.6786355721766143
leave_dataset_out,heldout_dataset=p300,bci2a+seediv,p300,taxonomy,nonlinear-induced distortion,linear_filtering,p300,shallowconvnet,41,conv_nonlin_exp,1,-1,0,-0.33204146347650493
leave_dataset_out,heldout_dataset=p300,bci2a+seediv,p300,majority_class,nonlinear-induced distortion,linear_filtering,p300,shallowconvnet,41,conv_nonlin_exp,-1,-1,1,-0.33204146347650493
leave_dataset_out,heldout_dataset=p300,bci2a+seediv,p300,per_dataset_majority,nonlinear-induced distortion,linear_filtering,p300,shallowconvnet,41,conv_nonlin_exp,-1,-1,1,-0.33204146347650493
leave_dataset_out,heldout_dataset=p300,bci2a+seediv,p300,taxonomy,nonlinear-induced distortion,linear_filtering,p300,shallowconvnet,41,conv_time_spat,1,1,1,0.8118767925796948
leave_dataset_out,heldout_dataset=p300,bci2a+seediv,p300,majority_class,nonlinear-induced distortion,linear_filtering,p300,shallowconvnet,41,conv_time_spat,-1,1,0,0.8118767925796948
leave_dataset_out,heldout_dataset=p300,bci2a+seediv,p300,per_dataset_majority,nonlinear-induced distortion,linear_filtering,p300,shallowconvnet,41,conv_time_spat,-1,1,0,0.8118767925796948
leave_dataset_out,heldout_dataset=p300,bci2a+seediv,p300,taxonomy,nonlinear-induced distortion,linear_filtering,p300,shallowconvnet,41,final_layer.conv_classifier,1,-1,0,-0.9140388841069179
leave_dataset_out,heldout_dataset=p300,bci2a+seediv,p300,majority_class,nonlinear-induced distortion,linear_filtering,p300,shallowconvnet,41,final_layer.conv_classifier,-1,-1,1,-0.9140388841069179
leave_dataset_out,heldout_dataset=p300,bci2a+seediv,p300,per_dataset_majority,nonlinear-induced distortion,linear_filtering,p300,shallowconvnet,41,final_layer.conv_classifier,-1,-1,1,-0.9140388841069179
leave_dataset_out,heldout_dataset=p300,bci2a+seediv,p300,taxonomy,nonlinear-induced distortion,log_power,p300,shallowconvnet,41,logits,-1,-1,1,-0.9140388841069179
leave_dataset_out,heldout_dataset=p300,bci2a+seediv,p300,majority_class,nonlinear-induced distortion,log_power,p300,shallowconvnet,41,logits,-1,-1,1,-0.9140388841069179
leave_dataset_out,heldout_dataset=p300,bci2a+seediv,p300,per_dataset_majority,nonlinear-induced distortion,log_power,p300,shallowconvnet,41,logits,-1,-1,1,-0.9140388841069179
leave_dataset_out,heldout_dataset=p300,bci2a+seediv,p300,taxonomy,nonlinear-induced distortion,pooling,p300,shallowconvnet,41,pool,-1,-1,1,-0.7848837595709014
leave_dataset_out,heldout_dataset=p300,bci2a+seediv,p300,majority_class,nonlinear-induced distortion,pooling,p300,shallowconvnet,41,pool,-1,-1,1,-0.7848837595709014
leave_dataset_out,heldout_dataset=p300,bci2a+seediv,p300,per_dataset_majority,nonlinear-induced distortion,pooling,p300,shallowconvnet,41,pool,-1,-1,1,-0.7848837595709014
leave_dataset_out,heldout_dataset=p300,bci2a+seediv,p300,taxonomy,nonlinear-induced distortion,pooling,p300,shallowconvnet,41,pool_nonlin_exp,-1,-1,1,-0.9572517621305738
leave_dataset_out,heldout_dataset=p300,bci2a+seediv,p300,majority_class,nonlinear-induced distortion,pooling,p300,shallowconvnet,41,pool_nonlin_exp,-1,-1,1,-0.9572517621305738
leave_dataset_out,heldout_dataset=p300,bci2a+seediv,p300,per_dataset_majority,nonlinear-induced distortion,pooling,p300,shallowconvnet,41,pool_nonlin_exp,-1,-1,1,-0.9572517621305738
leave_dataset_out,heldout_dataset=p300,bci2a+seediv,p300,taxonomy,nonlinear-induced distortion,linear_filtering,p300,shallowconvnet,42,bnorm,1,1,1,0.6433712573022625
leave_dataset_out,heldout_dataset=p300,bci2a+seediv,p300,majority_class,nonlinear-induced distortion,linear_filtering,p300,shallowconvnet,42,bnorm,-1,1,0,0.6433712573022625
leave_dataset_out,heldout_dataset=p300,bci2a+seediv,p300,per_dataset_majority,nonlinear-induced distortion,linear_filtering,p300,shallowconvnet,42,bnorm,-1,1,0,0.6433712573022625
leave_dataset_out,heldout_dataset=p300,bci2a+seediv,p300,taxonomy,nonlinear-induced distortion,linear_filtering,p300,shallowconvnet,42,conv_nonlin_exp,1,1,1,0.8383680628294405
leave_dataset_out,heldout_dataset=p300,bci2a+seediv,p300,majority_class,nonlinear-induced distortion,linear_filtering,p300,shallowconvnet,42,conv_nonlin_exp,-1,1,0,0.8383680628294405
leave_dataset_out,heldout_dataset=p300,bci2a+seediv,p300,per_dataset_majority,nonlinear-induced distortion,linear_filtering,p300,shallowconvnet,42,conv_nonlin_exp,-1,1,0,0.8383680628294405
leave_dataset_out,heldout_dataset=p300,bci2a+seediv,p300,taxonomy,nonlinear-induced distortion,linear_filtering,p300,shallowconvnet,42,conv_time_spat,1,1,1,0.7401230108301646
leave_dataset_out,heldout_dataset=p300,bci2a+seediv,p300,majority_class,nonlinear-induced distortion,linear_filtering,p300,shallowconvnet,42,conv_time_spat,-1,1,0,0.7401230108301646
leave_dataset_out,heldout_dataset=p300,bci2a+seediv,p300,per_dataset_majority,nonlinear-induced distortion,linear_filtering,p300,shallowconvnet,42,conv_time_spat,-1,1,0,0.7401230108301646
leave_dataset_out,heldout_dataset=p300,bci2a+seediv,p300,taxonomy,nonlinear-induced distortion,linear_filtering,p300,shallowconvnet,42,final_layer.conv_classifier,1,-1,0,-0.9197651250649183
leave_dataset_out,heldout_dataset=p300,bci2a+seediv,p300,majority_class,nonlinear-induced distortion,linear_filtering,p300,shallowconvnet,42,final_layer.conv_classifier,-1,-1,1,-0.9197651250649183
leave_dataset_out,heldout_dataset=p300,bci2a+seediv,p300,per_dataset_majority,nonlinear-induced distortion,linear_filtering,p300,shallowconvnet,42,final_layer.conv_classifier,-1,-1,1,-0.9197651250649183
leave_dataset_out,heldout_dataset=p300,bci2a+seediv,p300,taxonomy,nonlinear-induced distortion,log_power,p300,shallowconvnet,42,logits,-1,-1,1,-0.9197651250649183
leave_dataset_out,heldout_dataset=p300,bci2a+seediv,p300,majority_class,nonlinear-induced distortion,log_power,p300,shallowconvnet,42,logits,-1,-1,1,-0.9197651250649183
leave_dataset_out,heldout_dataset=p300,bci2a+seediv,p300,per_dataset_majority,nonlinear-induced distortion,log_power,p300,shallowconvnet,42,logits,-1,-1,1,-0.9197651250649183
leave_dataset_out,heldout_dataset=p300,bci2a+seediv,p300,taxonomy,nonlinear-induced distortion,pooling,p300,shallowconvnet,42,pool,-1,1,0,0.9444958337851951
leave_dataset_out,heldout_dataset=p300,bci2a+seediv,p300,majority_class,nonlinear-induced distortion,pooling,p300,shallowconvnet,42,pool,-1,1,0,0.9444958337851951
leave_dataset_out,heldout_dataset=p300,bci2a+seediv,p300,per_dataset_majority,nonlinear-induced distortion,pooling,p300,shallowconvnet,42,pool,-1,1,0,0.9444958337851951
leave_dataset_out,heldout_dataset=p300,bci2a+seediv,p300,taxonomy,nonlinear-induced distortion,pooling,p300,shallowconvnet,42,pool_nonlin_exp,-1,-1,1,-0.963191508709406
leave_dataset_out,heldout_dataset=p300,bci2a+seediv,p300,majority_class,nonlinear-induced distortion,pooling,p300,shallowconvnet,42,pool_nonlin_exp,-1,-1,1,-0.963191508709406
leave_dataset_out,heldout_dataset=p300,bci2a+seediv,p300,per_dataset_majority,nonlinear-induced distortion,pooling,p300,shallowconvnet,42,pool_nonlin_exp,-1,-1,1,-0.963191508709406
leave_dataset_out,heldout_dataset=p300,bci2a+seediv,p300,taxonomy,nonlinear-induced distortion,linear_filtering,p300,shallowconvnet,43,bnorm,1,1,1,0.6281084558759955
leave_dataset_out,heldout_dataset=p300,bci2a+seediv,p300,majority_class,nonlinear-induced distortion,linear_filtering,p300,shallowconvnet,43,bnorm,-1,1,0,0.6281084558759955
leave_dataset_out,heldout_dataset=p300,bci2a+seediv,p300,per_dataset_majority,nonlinear-induced distortion,linear_filtering,p300,shallowconvnet,43,bnorm,-1,1,0,0.6281084558759955
leave_dataset_out,heldout_dataset=p300,bci2a+seediv,p300,taxonomy,nonlinear-induced distortion,linear_filtering,p300,shallowconvnet,43,conv_nonlin_exp,1,1,1,0.5102565877981052
leave_dataset_out,heldout_dataset=p300,bci2a+seediv,p300,majority_class,nonlinear-induced distortion,linear_filtering,p300,shallowconvnet,43,conv_nonlin_exp,-1,1,0,0.5102565877981052
leave_dataset_out,heldout_dataset=p300,bci2a+seediv,p300,per_dataset_majority,nonlinear-induced distortion,linear_filtering,p300,shallowconvnet,43,conv_nonlin_exp,-1,1,0,0.5102565877981052
leave_dataset_out,heldout_dataset=p300,bci2a+seediv,p300,taxonomy,nonlinear-induced distortion,linear_filtering,p300,shallowconvnet,43,conv_time_spat,1,1,1,0.8757785688113576
leave_dataset_out,heldout_dataset=p300,bci2a+seediv,p300,majority_class,nonlinear-induced distortion,linear_filtering,p300,shallowconvnet,43,conv_time_spat,-1,1,0,0.8757785688113576
leave_dataset_out,heldout_dataset=p300,bci2a+seediv,p300,per_dataset_majority,nonlinear-induced distortion,linear_filtering,p300,shallowconvnet,43,conv_time_spat,-1,1,0,0.8757785688113576
leave_dataset_out,heldout_dataset=p300,bci2a+seediv,p300,taxonomy,nonlinear-induced distortion,linear_filtering,p300,shallowconvnet,43,final_layer.conv_classifier,1,-1,0,-0.6943039496986718
leave_dataset_out,heldout_dataset=p300,bci2a+seediv,p300,majority_class,nonlinear-induced distortion,linear_filtering,p300,shallowconvnet,43,final_layer.conv_classifier,-1,-1,1,-0.6943039496986718
leave_dataset_out,heldout_dataset=p300,bci2a+seediv,p300,per_dataset_majority,nonlinear-induced distortion,linear_filtering,p300,shallowconvnet,43,final_layer.conv_classifier,-1,-1,1,-0.6943039496986718
leave_dataset_out,heldout_dataset=p300,bci2a+seediv,p300,taxonomy,nonlinear-induced distortion,log_power,p300,shallowconvnet,43,logits,-1,-1,1,-0.6943039496986718
leave_dataset_out,heldout_dataset=p300,bci2a+seediv,p300,majority_class,nonlinear-induced distortion,log_power,p300,shallowconvnet,43,logits,-1,-1,1,-0.6943039496986718
leave_dataset_out,heldout_dataset=p300,bci2a+seediv,p300,per_dataset_majority,nonlinear-induced distortion,log_power,p300,shallowconvnet,43,logits,-1,-1,1,-0.6943039496986718
leave_dataset_out,heldout_dataset=p300,bci2a+seediv,p300,taxonomy,nonlinear-induced distortion,pooling,p300,shallowconvnet,43,pool,-1,-1,1,-0.4092842399966329
leave_dataset_out,heldout_dataset=p300,bci2a+seediv,p300,majority_class,nonlinear-induced distortion,pooling,p300,shallowconvnet,43,pool,-1,-1,1,-0.4092842399966329
leave_dataset_out,heldout_dataset=p300,bci2a+seediv,p300,per_dataset_majority,nonlinear-induced distortion,pooling,p300,shallowconvnet,43,pool,-1,-1,1,-0.4092842399966329
leave_dataset_out,heldout_dataset=p300,bci2a+seediv,p300,taxonomy,nonlinear-induced distortion,pooling,p300,shallowconvnet,43,pool_nonlin_exp,-1,-1,1,-0.9150298825189678
leave_dataset_out,heldout_dataset=p300,bci2a+seediv,p300,majority_class,nonlinear-induced distortion,pooling,p300,shallowconvnet,43,pool_nonlin_exp,-1,-1,1,-0.9150298825189678
leave_dataset_out,heldout_dataset=p300,bci2a+seediv,p300,per_dataset_majority,nonlinear-induced distortion,pooling,p300,shallowconvnet,43,pool_nonlin_exp,-1,-1,1,-0.9150298825189678
leave_dataset_out,heldout_dataset=p300,bci2a+seediv,p300,taxonomy,nonlinear-induced distortion,linear_filtering,p300,shallowconvnet,44,bnorm,1,1,1,0.7556002961348058
leave_dataset_out,heldout_dataset=p300,bci2a+seediv,p300,majority_class,nonlinear-induced distortion,linear_filtering,p300,shallowconvnet,44,bnorm,-1,1,0,0.7556002961348058
leave_dataset_out,heldout_dataset=p300,bci2a+seediv,p300,per_dataset_majority,nonlinear-induced distortion,linear_filtering,p300,shallowconvnet,44,bnorm,-1,1,0,0.7556002961348058
leave_dataset_out,heldout_dataset=p300,bci2a+seediv,p300,taxonomy,nonlinear-induced distortion,linear_filtering,p300,shallowconvnet,44,conv_nonlin_exp,1,-1,0,-0.18695310883953248
leave_dataset_out,heldout_dataset=p300,bci2a+seediv,p300,majority_class,nonlinear-induced distortion,linear_filtering,p300,shallowconvnet,44,conv_nonlin_exp,-1,-1,1,-0.18695310883953248
leave_dataset_out,heldout_dataset=p300,bci2a+seediv,p300,per_dataset_majority,nonlinear-induced distortion,linear_filtering,p300,shallowconvnet,44,conv_nonlin_exp,-1,-1,1,-0.18695310883953248
leave_dataset_out,heldout_dataset=p300,bci2a+seediv,p300,taxonomy,nonlinear-induced distortion,linear_filtering,p300,shallowconvnet,44,conv_time_spat,1,1,1,0.7839344918384786
leave_dataset_out,heldout_dataset=p300,bci2a+seediv,p300,majority_class,nonlinear-induced distortion,linear_filtering,p300,shallowconvnet,44,conv_time_spat,-1,1,0,0.7839344918384786
leave_dataset_out,heldout_dataset=p300,bci2a+seediv,p300,per_dataset_majority,nonlinear-induced distortion,linear_filtering,p300,shallowconvnet,44,conv_time_spat,-1,1,0,0.7839344918384786
leave_dataset_out,heldout_dataset=p300,bci2a+seediv,p300,taxonomy,nonlinear-induced distortion,linear_filtering,p300,shallowconvnet,44,final_layer.conv_classifier,1,-1,0,-0.5065003314144932
leave_dataset_out,heldout_dataset=p300,bci2a+seediv,p300,majority_class,nonlinear-induced distortion,linear_filtering,p300,shallowconvnet,44,final_layer.conv_classifier,-1,-1,1,-0.5065003314144932
leave_dataset_out,heldout_dataset=p300,bci2a+seediv,p300,per_dataset_majority,nonlinear-induced distortion,linear_filtering,p300,shallowconvnet,44,final_layer.conv_classifier,-1,-1,1,-0.5065003314144932
leave_dataset_out,heldout_dataset=p300,bci2a+seediv,p300,taxonomy,nonlinear-induced distortion,log_power,p300,shallowconvnet,44,logits,-1,-1,1,-0.5065003314144932
leave_dataset_out,heldout_dataset=p300,bci2a+seediv,p300,majority_class,nonlinear-induced distortion,log_power,p300,shallowconvnet,44,logits,-1,-1,1,-0.5065003314144932
leave_dataset_out,heldout_dataset=p300,bci2a+seediv,p300,per_dataset_majority,nonlinear-induced distortion,log_power,p300,shallowconvnet,44,logits,-1,-1,1,-0.5065003314144932
leave_dataset_out,heldout_dataset=p300,bci2a+seediv,p300,taxonomy,nonlinear-induced distortion,pooling,p300,shallowconvnet,44,pool,-1,-1,1,-0.5053568282630247
leave_dataset_out,heldout_dataset=p300,bci2a+seediv,p300,majority_class,nonlinear-induced distortion,pooling,p300,shallowconvnet,44,pool,-1,-1,1,-0.5053568282630247
leave_dataset_out,heldout_dataset=p300,bci2a+seediv,p300,per_dataset_majority,nonlinear-induced distortion,pooling,p300,shallowconvnet,44,pool,-1,-1,1,-0.5053568282630247
leave_dataset_out,heldout_dataset=p300,bci2a+seediv,p300,taxonomy,nonlinear-induced distortion,pooling,p300,shallowconvnet,44,pool_nonlin_exp,-1,-1,1,-0.5075907457079808
leave_dataset_out,heldout_dataset=p300,bci2a+seediv,p300,majority_class,nonlinear-induced distortion,pooling,p300,shallowconvnet,44,pool_nonlin_exp,-1,-1,1,-0.5075907457079808
leave_dataset_out,heldout_dataset=p300,bci2a+seediv,p300,per_dataset_majority,nonlinear-induced distortion,pooling,p300,shallowconvnet,44,pool_nonlin_exp,-1,-1,1,-0.5075907457079808
leave_dataset_out,heldout_dataset=p300,bci2a+seediv,p300,taxonomy,nonlinear-induced distortion,linear_filtering,p300,shallowconvnet,45,bnorm,1,1,1,0.6566373939285425
leave_dataset_out,heldout_dataset=p300,bci2a+seediv,p300,majority_class,nonlinear-induced distortion,linear_filtering,p300,shallowconvnet,45,bnorm,-1,1,0,0.6566373939285425
leave_dataset_out,heldout_dataset=p300,bci2a+seediv,p300,per_dataset_majority,nonlinear-induced distortion,linear_filtering,p300,shallowconvnet,45,bnorm,-1,1,0,0.6566373939285425
leave_dataset_out,heldout_dataset=p300,bci2a+seediv,p300,taxonomy,nonlinear-induced distortion,linear_filtering,p300,shallowconvnet,45,conv_nonlin_exp,1,1,1,0.023821237476759318
leave_dataset_out,heldout_dataset=p300,bci2a+seediv,p300,majority_class,nonlinear-induced distortion,linear_filtering,p300,shallowconvnet,45,conv_nonlin_exp,-1,1,0,0.023821237476759318
leave_dataset_out,heldout_dataset=p300,bci2a+seediv,p300,per_dataset_majority,nonlinear-induced distortion,linear_filtering,p300,shallowconvnet,45,conv_nonlin_exp,-1,1,0,0.023821237476759318
leave_dataset_out,heldout_dataset=p300,bci2a+seediv,p300,taxonomy,nonlinear-induced distortion,linear_filtering,p300,shallowconvnet,45,conv_time_spat,1,1,1,0.6942730702970248
leave_dataset_out,heldout_dataset=p300,bci2a+seediv,p300,majority_class,nonlinear-induced distortion,linear_filtering,p300,shallowconvnet,45,conv_time_spat,-1,1,0,0.6942730702970248
leave_dataset_out,heldout_dataset=p300,bci2a+seediv,p300,per_dataset_majority,nonlinear-induced distortion,linear_filtering,p300,shallowconvnet,45,conv_time_spat,-1,1,0,0.6942730702970248
leave_dataset_out,heldout_dataset=p300,bci2a+seediv,p300,taxonomy,nonlinear-induced distortion,linear_filtering,p300,shallowconvnet,45,final_layer.conv_classifier,1,-1,0,-0.9402418309060417
leave_dataset_out,heldout_dataset=p300,bci2a+seediv,p300,majority_class,nonlinear-induced distortion,linear_filtering,p300,shallowconvnet,45,final_layer.conv_classifier,-1,-1,1,-0.9402418309060417
leave_dataset_out,heldout_dataset=p300,bci2a+seediv,p300,per_dataset_majority,nonlinear-induced distortion,linear_filtering,p300,shallowconvnet,45,final_layer.conv_classifier,-1,-1,1,-0.9402418309060417
leave_dataset_out,heldout_dataset=p300,bci2a+seediv,p300,taxonomy,nonlinear-induced distortion,log_power,p300,shallowconvnet,45,logits,-1,-1,1,-0.9402418309060417
leave_dataset_out,heldout_dataset=p300,bci2a+seediv,p300,majority_class,nonlinear-induced distortion,log_power,p300,shallowconvnet,45,logits,-1,-1,1,-0.9402418309060417
leave_dataset_out,heldout_dataset=p300,bci2a+seediv,p300,per_dataset_majority,nonlinear-induced distortion,log_power,p300,shallowconvnet,45,logits,-1,-1,1,-0.9402418309060417
leave_dataset_out,heldout_dataset=p300,bci2a+seediv,p300,taxonomy,nonlinear-induced distortion,pooling,p300,shallowconvnet,45,pool,-1,-1,1,-0.8001908091800289
leave_dataset_out,heldout_dataset=p300,bci2a+seediv,p300,majority_class,nonlinear-induced distortion,pooling,p300,shallowconvnet,45,pool,-1,-1,1,-0.8001908091800289
leave_dataset_out,heldout_dataset=p300,bci2a+seediv,p300,per_dataset_majority,nonlinear-induced distortion,pooling,p300,shallowconvnet,45,pool,-1,-1,1,-0.8001908091800289
leave_dataset_out,heldout_dataset=p300,bci2a+seediv,p300,taxonomy,nonlinear-induced distortion,pooling,p300,shallowconvnet,45,pool_nonlin_exp,-1,-1,1,-0.7637076890476056
leave_dataset_out,heldout_dataset=p300,bci2a+seediv,p300,majority_class,nonlinear-induced distortion,pooling,p300,shallowconvnet,45,pool_nonlin_exp,-1,-1,1,-0.7637076890476056
leave_dataset_out,heldout_dataset=p300,bci2a+seediv,p300,per_dataset_majority,nonlinear-induced distortion,pooling,p300,shallowconvnet,45,pool_nonlin_exp,-1,-1,1,-0.7637076890476056
leave_dataset_out,heldout_dataset=p300,bci2a+seediv,p300,taxonomy,nonlinear-induced distortion,linear_filtering,p300,shallowconvnet,46,bnorm,1,1,1,0.7612742708922879
leave_dataset_out,heldout_dataset=p300,bci2a+seediv,p300,majority_class,nonlinear-induced distortion,linear_filtering,p300,shallowconvnet,46,bnorm,-1,1,0,0.7612742708922879
leave_dataset_out,heldout_dataset=p300,bci2a+seediv,p300,per_dataset_majority,nonlinear-induced distortion,linear_filtering,p300,shallowconvnet,46,bnorm,-1,1,0,0.7612742708922879
leave_dataset_out,heldout_dataset=p300,bci2a+seediv,p300,taxonomy,nonlinear-induced distortion,linear_filtering,p300,shallowconvnet,46,conv_nonlin_exp,1,1,1,0.5845875862533098
leave_dataset_out,heldout_dataset=p300,bci2a+seediv,p300,majority_class,nonlinear-induced distortion,linear_filtering,p300,shallowconvnet,46,conv_nonlin_exp,-1,1,0,0.5845875862533098
leave_dataset_out,heldout_dataset=p300,bci2a+seediv,p300,per_dataset_majority,nonlinear-induced distortion,linear_filtering,p300,shallowconvnet,46,conv_nonlin_exp,-1,1,0,0.5845875862533098
leave_dataset_out,heldout_dataset=p300,bci2a+seediv,p300,taxonomy,nonlinear-induced distortion,linear_filtering,p300,shallowconvnet,46,conv_time_spat,1,1,1,0.7859028094119801
leave_dataset_out,heldout_dataset=p300,bci2a+seediv,p300,majority_class,nonlinear-induced distortion,linear_filtering,p300,shallowconvnet,46,conv_time_spat,-1,1,0,0.7859028094119801
leave_dataset_out,heldout_dataset=p300,bci2a+seediv,p300,per_dataset_majority,nonlinear-induced distortion,linear_filtering,p300,shallowconvnet,46,conv_time_spat,-1,1,0,0.7859028094119801
leave_dataset_out,heldout_dataset=p300,bci2a+seediv,p300,taxonomy,nonlinear-induced distortion,linear_filtering,p300,shallowconvnet,46,final_layer.conv_classifier,1,-1,0,-0.8362957061818981
leave_dataset_out,heldout_dataset=p300,bci2a+seediv,p300,majority_class,nonlinear-induced distortion,linear_filtering,p300,shallowconvnet,46,final_layer.conv_classifier,-1,-1,1,-0.8362957061818981
leave_dataset_out,heldout_dataset=p300,bci2a+seediv,p300,per_dataset_majority,nonlinear-induced distortion,linear_filtering,p300,shallowconvnet,46,final_layer.conv_classifier,-1,-1,1,-0.8362957061818981
leave_dataset_out,heldout_dataset=p300,bci2a+seediv,p300,taxonomy,nonlinear-induced distortion,log_power,p300,shallowconvnet,46,logits,-1,-1,1,-0.8362957061818981
leave_dataset_out,heldout_dataset=p300,bci2a+seediv,p300,majority_class,nonlinear-induced distortion,log_power,p300,shallowconvnet,46,logits,-1,-1,1,-0.8362957061818981
leave_dataset_out,heldout_dataset=p300,bci2a+seediv,p300,per_dataset_majority,nonlinear-induced distortion,log_power,p300,shallowconvnet,46,logits,-1,-1,1,-0.8362957061818981
leave_dataset_out,heldout_dataset=p300,bci2a+seediv,p300,taxonomy,nonlinear-induced distortion,pooling,p300,shallowconvnet,46,pool,-1,1,0,0.34750424367971666
leave_dataset_out,heldout_dataset=p300,bci2a+seediv,p300,majority_class,nonlinear-induced distortion,pooling,p300,shallowconvnet,46,pool,-1,1,0,0.34750424367971666
leave_dataset_out,heldout_dataset=p300,bci2a+seediv,p300,per_dataset_majority,nonlinear-induced distortion,pooling,p300,shallowconvnet,46,pool,-1,1,0,0.34750424367971666
leave_dataset_out,heldout_dataset=p300,bci2a+seediv,p300,taxonomy,nonlinear-induced distortion,pooling,p300,shallowconvnet,46,pool_nonlin_exp,-1,-1,1,-0.8604386983443528
leave_dataset_out,heldout_dataset=p300,bci2a+seediv,p300,majority_class,nonlinear-induced distortion,pooling,p300,shallowconvnet,46,pool_nonlin_exp,-1,-1,1,-0.8604386983443528
leave_dataset_out,heldout_dataset=p300,bci2a+seediv,p300,per_dataset_majority,nonlinear-induced distortion,pooling,p300,shallowconvnet,46,pool_nonlin_exp,-1,-1,1,-0.8604386983443528
leave_dataset_out,heldout_dataset=p300,bci2a+seediv,p300,taxonomy,architecture-induced collapse with training reorganization,classifier,p300,eegconformer,41,fc,-1,-1,1,-0.9853224543652891
leave_dataset_out,heldout_dataset=p300,bci2a+seediv,p300,majority_class,architecture-induced collapse with training reorganization,classifier,p300,eegconformer,41,fc,-1,-1,1,-0.9853224543652891
leave_dataset_out,heldout_dataset=p300,bci2a+seediv,p300,per_dataset_majority,architecture-induced collapse with training reorganization,classifier,p300,eegconformer,41,fc,-1,-1,1,-0.9853224543652891
leave_dataset_out,heldout_dataset=p300,bci2a+seediv,p300,taxonomy,architecture-induced collapse with training reorganization,classifier,p300,eegconformer,41,final_layer,-1,-1,1,-0.6933694354797082
leave_dataset_out,heldout_dataset=p300,bci2a+seediv,p300,majority_class,architecture-induced collapse with training reorganization,classifier,p300,eegconformer,41,final_layer,-1,-1,1,-0.6933694354797082
leave_dataset_out,heldout_dataset=p300,bci2a+seediv,p300,per_dataset_majority,architecture-induced collapse with training reorganization,classifier,p300,eegconformer,41,final_layer,-1,-1,1,-0.6933694354797082
leave_dataset_out,heldout_dataset=p300,bci2a+seediv,p300,taxonomy,architecture-induced collapse with training reorganization,classifier,p300,eegconformer,41,logits,-1,-1,1,-0.6933694354797082
leave_dataset_out,heldout_dataset=p300,bci2a+seediv,p300,majority_class,architecture-induced collapse with training reorganization,classifier,p300,eegconformer,41,logits,-1,-1,1,-0.6933694354797082
leave_dataset_out,heldout_dataset=p300,bci2a+seediv,p300,per_dataset_majority,architecture-induced collapse with training reorganization,classifier,p300,eegconformer,41,logits,-1,-1,1,-0.6933694354797082
leave_dataset_out,heldout_dataset=p300,bci2a+seediv,p300,taxonomy,architecture-induced collapse with training reorganization,patch_embedding,p300,eegconformer,41,patch_embedding,-1,-1,1,-0.9448998556604773
leave_dataset_out,heldout_dataset=p300,bci2a+seediv,p300,majority_class,architecture-induced collapse with training reorganization,patch_embedding,p300,eegconformer,41,patch_embedding,-1,-1,1,-0.9448998556604773
leave_dataset_out,heldout_dataset=p300,bci2a+seediv,p300,per_dataset_majority,architecture-induced collapse with training reorganization,patch_embedding,p300,eegconformer,41,patch_embedding,-1,-1,1,-0.9448998556604773
leave_dataset_out,heldout_dataset=p300,bci2a+seediv,p300,taxonomy,architecture-induced collapse with training reorganization,patch_embedding,p300,eegconformer,41,patch_embedding.projection,-1,-1,1,-0.9448998556604773
leave_dataset_out,heldout_dataset=p300,bci2a+seediv,p300,majority_class,architecture-induced collapse with training reorganization,patch_embedding,p300,eegconformer,41,patch_embedding.projection,-1,-1,1,-0.9448998556604773
leave_dataset_out,heldout_dataset=p300,bci2a+seediv,p300,per_dataset_majority,architecture-induced collapse with training reorganization,patch_embedding,p300,eegconformer,41,patch_embedding.projection,-1,-1,1,-0.9448998556604773
leave_dataset_out,heldout_dataset=p300,bci2a+seediv,p300,taxonomy,architecture-induced collapse with training reorganization,patch_embedding,p300,eegconformer,41,patch_embedding.shallownet,-1,-1,1,-0.8940270755092249
leave_dataset_out,heldout_dataset=p300,bci2a+seediv,p300,majority_class,architecture-induced collapse with training reorganization,patch_embedding,p300,eegconformer,41,patch_embedding.shallownet,-1,-1,1,-0.8940270755092249
leave_dataset_out,heldout_dataset=p300,bci2a+seediv,p300,per_dataset_majority,architecture-induced collapse with training reorganization,patch_embedding,p300,eegconformer,41,patch_embedding.shallownet,-1,-1,1,-0.8940270755092249
leave_dataset_out,heldout_dataset=p300,bci2a+seediv,p300,taxonomy,architecture-induced collapse with training reorganization,transformer,p300,eegconformer,41,transformer,-1,-1,1,-0.989410176261264
leave_dataset_out,heldout_dataset=p300,bci2a+seediv,p300,majority_class,architecture-induced collapse with training reorganization,transformer,p300,eegconformer,41,transformer,-1,-1,1,-0.989410176261264
leave_dataset_out,heldout_dataset=p300,bci2a+seediv,p300,per_dataset_majority,architecture-induced collapse with training reorganization,transformer,p300,eegconformer,41,transformer,-1,-1,1,-0.989410176261264
leave_dataset_out,heldout_dataset=p300,bci2a+seediv,p300,taxonomy,architecture-induced collapse with training reorganization,transformer,p300,eegconformer,41,transformer.0,-1,-1,1,-0.9716736102432202
leave_dataset_out,heldout_dataset=p300,bci2a+seediv,p300,majority_class,architecture-induced collapse with training reorganization,transformer,p300,eegconformer,41,transformer.0,-1,-1,1,-0.9716736102432202
leave_dataset_out,heldout_dataset=p300,bci2a+seediv,p300,per_dataset_majority,architecture-induced collapse with training reorganization,transformer,p300,eegconformer,41,transformer.0,-1,-1,1,-0.9716736102432202
leave_dataset_out,heldout_dataset=p300,bci2a+seediv,p300,taxonomy,architecture-induced collapse with training reorganization,transformer,p300,eegconformer,41,transformer.2,-1,-1,1,-0.9944118316522573
leave_dataset_out,heldout_dataset=p300,bci2a+seediv,p300,majority_class,architecture-induced collapse with training reorganization,transformer,p300,eegconformer,41,transformer.2,-1,-1,1,-0.9944118316522573
leave_dataset_out,heldout_dataset=p300,bci2a+seediv,p300,per_dataset_majority,architecture-induced collapse with training reorganization,transformer,p300,eegconformer,41,transformer.2,-1,-1,1,-0.9944118316522573
leave_dataset_out,heldout_dataset=p300,bci2a+seediv,p300,taxonomy,architecture-induced collapse with training reorganization,transformer,p300,eegconformer,41,transformer.5,-1,-1,1,-0.989410176261264
leave_dataset_out,heldout_dataset=p300,bci2a+seediv,p300,majority_class,architecture-induced collapse with training reorganization,transformer,p300,eegconformer,41,transformer.5,-1,-1,1,-0.989410176261264
leave_dataset_out,heldout_dataset=p300,bci2a+seediv,p300,per_dataset_majority,architecture-induced collapse with training reorganization,transformer,p300,eegconformer,41,transformer.5,-1,-1,1,-0.989410176261264
leave_dataset_out,heldout_dataset=p300,bci2a+seediv,p300,taxonomy,architecture-induced collapse with training reorganization,classifier,p300,eegconformer,42,fc,-1,-1,1,-0.9494655419147597
leave_dataset_out,heldout_dataset=p300,bci2a+seediv,p300,majority_class,architecture-induced collapse with training reorganization,classifier,p300,eegconformer,42,fc,-1,-1,1,-0.9494655419147597
leave_dataset_out,heldout_dataset=p300,bci2a+seediv,p300,per_dataset_majority,architecture-induced collapse with training reorganization,classifier,p300,eegconformer,42,fc,-1,-1,1,-0.9494655419147597
leave_dataset_out,heldout_dataset=p300,bci2a+seediv,p300,taxonomy,architecture-induced collapse with training reorganization,classifier,p300,eegconformer,42,final_layer,-1,-1,1,-0.49284898522660564
leave_dataset_out,heldout_dataset=p300,bci2a+seediv,p300,majority_class,architecture-induced collapse with training reorganization,classifier,p300,eegconformer,42,final_layer,-1,-1,1,-0.49284898522660564
leave_dataset_out,heldout_dataset=p300,bci2a+seediv,p300,per_dataset_majority,architecture-induced collapse with training reorganization,classifier,p300,eegconformer,42,final_layer,-1,-1,1,-0.49284898522660564
leave_dataset_out,heldout_dataset=p300,bci2a+seediv,p300,taxonomy,architecture-induced collapse with training reorganization,classifier,p300,eegconformer,42,logits,-1,-1,1,-0.49284898522660564
leave_dataset_out,heldout_dataset=p300,bci2a+seediv,p300,majority_class,architecture-induced collapse with training reorganization,classifier,p300,eegconformer,42,logits,-1,-1,1,-0.49284898522660564
leave_dataset_out,heldout_dataset=p300,bci2a+seediv,p300,per_dataset_majority,architecture-induced collapse with training reorganization,classifier,p300,eegconformer,42,logits,-1,-1,1,-0.49284898522660564
leave_dataset_out,heldout_dataset=p300,bci2a+seediv,p300,taxonomy,architecture-induced collapse with training reorganization,patch_embedding,p300,eegconformer,42,patch_embedding,-1,-1,1,-0.9086653162552971
leave_dataset_out,heldout_dataset=p300,bci2a+seediv,p300,majority_class,architecture-induced collapse with training reorganization,patch_embedding,p300,eegconformer,42,patch_embedding,-1,-1,1,-0.9086653162552971
leave_dataset_out,heldout_dataset=p300,bci2a+seediv,p300,per_dataset_majority,architecture-induced collapse with training reorganization,patch_embedding,p300,eegconformer,42,patch_embedding,-1,-1,1,-0.9086653162552971
leave_dataset_out,heldout_dataset=p300,bci2a+seediv,p300,taxonomy,architecture-induced collapse with training reorganization,patch_embedding,p300,eegconformer,42,patch_embedding.projection,-1,-1,1,-0.9086653162552971
leave_dataset_out,heldout_dataset=p300,bci2a+seediv,p300,majority_class,architecture-induced collapse with training reorganization,patch_embedding,p300,eegconformer,42,patch_embedding.projection,-1,-1,1,-0.9086653162552971
leave_dataset_out,heldout_dataset=p300,bci2a+seediv,p300,per_dataset_majority,architecture-induced collapse with training reorganization,patch_embedding,p300,eegconformer,42,patch_embedding.projection,-1,-1,1,-0.9086653162552971
leave_dataset_out,heldout_dataset=p300,bci2a+seediv,p300,taxonomy,architecture-induced collapse with training reorganization,patch_embedding,p300,eegconformer,42,patch_embedding.shallownet,-1,-1,1,-0.8250768787135185
leave_dataset_out,heldout_dataset=p300,bci2a+seediv,p300,majority_class,architecture-induced collapse with training reorganization,patch_embedding,p300,eegconformer,42,patch_embedding.shallownet,-1,-1,1,-0.8250768787135185
leave_dataset_out,heldout_dataset=p300,bci2a+seediv,p300,per_dataset_majority,architecture-induced collapse with training reorganization,patch_embedding,p300,eegconformer,42,patch_embedding.shallownet,-1,-1,1,-0.8250768787135185
leave_dataset_out,heldout_dataset=p300,bci2a+seediv,p300,taxonomy,architecture-induced collapse with training reorganization,transformer,p300,eegconformer,42,transformer,-1,-1,1,-0.9446360573692244
leave_dataset_out,heldout_dataset=p300,bci2a+seediv,p300,majority_class,architecture-induced collapse with training reorganization,transformer,p300,eegconformer,42,transformer,-1,-1,1,-0.9446360573692244
leave_dataset_out,heldout_dataset=p300,bci2a+seediv,p300,per_dataset_majority,architecture-induced collapse with training reorganization,transformer,p300,eegconformer,42,transformer,-1,-1,1,-0.9446360573692244
leave_dataset_out,heldout_dataset=p300,bci2a+seediv,p300,taxonomy,architecture-induced collapse with training reorganization,transformer,p300,eegconformer,42,transformer.0,-1,-1,1,-0.9707244584581058
leave_dataset_out,heldout_dataset=p300,bci2a+seediv,p300,majority_class,architecture-induced collapse with training reorganization,transformer,p300,eegconformer,42,transformer.0,-1,-1,1,-0.9707244584581058
leave_dataset_out,heldout_dataset=p300,bci2a+seediv,p300,per_dataset_majority,architecture-induced collapse with training reorganization,transformer,p300,eegconformer,42,transformer.0,-1,-1,1,-0.9707244584581058
leave_dataset_out,heldout_dataset=p300,bci2a+seediv,p300,taxonomy,architecture-induced collapse with training reorganization,transformer,p300,eegconformer,42,transformer.2,-1,-1,1,-0.9666369584558991
leave_dataset_out,heldout_dataset=p300,bci2a+seediv,p300,majority_class,architecture-induced collapse with training reorganization,transformer,p300,eegconformer,42,transformer.2,-1,-1,1,-0.9666369584558991
leave_dataset_out,heldout_dataset=p300,bci2a+seediv,p300,per_dataset_majority,architecture-induced collapse with training reorganization,transformer,p300,eegconformer,42,transformer.2,-1,-1,1,-0.9666369584558991
leave_dataset_out,heldout_dataset=p300,bci2a+seediv,p300,taxonomy,architecture-induced collapse with training reorganization,transformer,p300,eegconformer,42,transformer.5,-1,-1,1,-0.9446360573692244
leave_dataset_out,heldout_dataset=p300,bci2a+seediv,p300,majority_class,architecture-induced collapse with training reorganization,transformer,p300,eegconformer,42,transformer.5,-1,-1,1,-0.9446360573692244
leave_dataset_out,heldout_dataset=p300,bci2a+seediv,p300,per_dataset_majority,architecture-induced collapse with training reorganization,transformer,p300,eegconformer,42,transformer.5,-1,-1,1,-0.9446360573692244
leave_dataset_out,heldout_dataset=p300,bci2a+seediv,p300,taxonomy,architecture-induced collapse with training reorganization,classifier,p300,eegconformer,43,fc,-1,-1,1,-0.1990885544402243
leave_dataset_out,heldout_dataset=p300,bci2a+seediv,p300,majority_class,architecture-induced collapse with training reorganization,classifier,p300,eegconformer,43,fc,-1,-1,1,-0.1990885544402243
leave_dataset_out,heldout_dataset=p300,bci2a+seediv,p300,per_dataset_majority,architecture-induced collapse with training reorganization,classifier,p300,eegconformer,43,fc,-1,-1,1,-0.1990885544402243
leave_dataset_out,heldout_dataset=p300,bci2a+seediv,p300,taxonomy,architecture-induced collapse with training reorganization,classifier,p300,eegconformer,43,final_layer,-1,-1,1,-0.01248305239599511
leave_dataset_out,heldout_dataset=p300,bci2a+seediv,p300,majority_class,architecture-induced collapse with training reorganization,classifier,p300,eegconformer,43,final_layer,-1,-1,1,-0.01248305239599511
leave_dataset_out,heldout_dataset=p300,bci2a+seediv,p300,per_dataset_majority,architecture-induced collapse with training reorganization,classifier,p300,eegconformer,43,final_layer,-1,-1,1,-0.01248305239599511
leave_dataset_out,heldout_dataset=p300,bci2a+seediv,p300,taxonomy,architecture-induced collapse with training reorganization,classifier,p300,eegconformer,43,logits,-1,-1,1,-0.01248305239599511
leave_dataset_out,heldout_dataset=p300,bci2a+seediv,p300,majority_class,architecture-induced collapse with training reorganization,classifier,p300,eegconformer,43,logits,-1,-1,1,-0.01248305239599511
leave_dataset_out,heldout_dataset=p300,bci2a+seediv,p300,per_dataset_majority,architecture-induced collapse with training reorganization,classifier,p300,eegconformer,43,logits,-1,-1,1,-0.01248305239599511
leave_dataset_out,heldout_dataset=p300,bci2a+seediv,p300,taxonomy,architecture-induced collapse with training reorganization,patch_embedding,p300,eegconformer,43,patch_embedding,-1,-1,1,-0.8530583947144312
leave_dataset_out,heldout_dataset=p300,bci2a+seediv,p300,majority_class,architecture-induced collapse with training reorganization,patch_embedding,p300,eegconformer,43,patch_embedding,-1,-1,1,-0.8530583947144312
leave_dataset_out,heldout_dataset=p300,bci2a+seediv,p300,per_dataset_majority,architecture-induced collapse with training reorganization,patch_embedding,p300,eegconformer,43,patch_embedding,-1,-1,1,-0.8530583947144312
leave_dataset_out,heldout_dataset=p300,bci2a+seediv,p300,taxonomy,architecture-induced collapse with training reorganization,patch_embedding,p300,eegconformer,43,patch_embedding.projection,-1,-1,1,-0.8530583947144312
leave_dataset_out,heldout_dataset=p300,bci2a+seediv,p300,majority_class,architecture-induced collapse with training reorganization,patch_embedding,p300,eegconformer,43,patch_embedding.projection,-1,-1,1,-0.8530583947144312
leave_dataset_out,heldout_dataset=p300,bci2a+seediv,p300,per_dataset_majority,architecture-induced collapse with training reorganization,patch_embedding,p300,eegconformer,43,patch_embedding.projection,-1,-1,1,-0.8530583947144312
leave_dataset_out,heldout_dataset=p300,bci2a+seediv,p300,taxonomy,architecture-induced collapse with training reorganization,patch_embedding,p300,eegconformer,43,patch_embedding.shallownet,-1,-1,1,-0.8411762780649115
leave_dataset_out,heldout_dataset=p300,bci2a+seediv,p300,majority_class,architecture-induced collapse with training reorganization,patch_embedding,p300,eegconformer,43,patch_embedding.shallownet,-1,-1,1,-0.8411762780649115
leave_dataset_out,heldout_dataset=p300,bci2a+seediv,p300,per_dataset_majority,architecture-induced collapse with training reorganization,patch_embedding,p300,eegconformer,43,patch_embedding.shallownet,-1,-1,1,-0.8411762780649115
leave_dataset_out,heldout_dataset=p300,bci2a+seediv,p300,taxonomy,architecture-induced collapse with training reorganization,transformer,p300,eegconformer,43,transformer,-1,-1,1,-0.5629735327117231
leave_dataset_out,heldout_dataset=p300,bci2a+seediv,p300,majority_class,architecture-induced collapse with training reorganization,transformer,p300,eegconformer,43,transformer,-1,-1,1,-0.5629735327117231
leave_dataset_out,heldout_dataset=p300,bci2a+seediv,p300,per_dataset_majority,architecture-induced collapse with training reorganization,transformer,p300,eegconformer,43,transformer,-1,-1,1,-0.5629735327117231
leave_dataset_out,heldout_dataset=p300,bci2a+seediv,p300,taxonomy,architecture-induced collapse with training reorganization,transformer,p300,eegconformer,43,transformer.0,-1,-1,1,-0.7473423611808916
leave_dataset_out,heldout_dataset=p300,bci2a+seediv,p300,majority_class,architecture-induced collapse with training reorganization,transformer,p300,eegconformer,43,transformer.0,-1,-1,1,-0.7473423611808916
leave_dataset_out,heldout_dataset=p300,bci2a+seediv,p300,per_dataset_majority,architecture-induced collapse with training reorganization,transformer,p300,eegconformer,43,transformer.0,-1,-1,1,-0.7473423611808916
leave_dataset_out,heldout_dataset=p300,bci2a+seediv,p300,taxonomy,architecture-induced collapse with training reorganization,transformer,p300,eegconformer,43,transformer.2,-1,-1,1,-0.5879900884235147
leave_dataset_out,heldout_dataset=p300,bci2a+seediv,p300,majority_class,architecture-induced collapse with training reorganization,transformer,p300,eegconformer,43,transformer.2,-1,-1,1,-0.5879900884235147
leave_dataset_out,heldout_dataset=p300,bci2a+seediv,p300,per_dataset_majority,architecture-induced collapse with training reorganization,transformer,p300,eegconformer,43,transformer.2,-1,-1,1,-0.5879900884235147
leave_dataset_out,heldout_dataset=p300,bci2a+seediv,p300,taxonomy,architecture-induced collapse with training reorganization,transformer,p300,eegconformer,43,transformer.5,-1,-1,1,-0.5629735327117231
leave_dataset_out,heldout_dataset=p300,bci2a+seediv,p300,majority_class,architecture-induced collapse with training reorganization,transformer,p300,eegconformer,43,transformer.5,-1,-1,1,-0.5629735327117231
leave_dataset_out,heldout_dataset=p300,bci2a+seediv,p300,per_dataset_majority,architecture-induced collapse with training reorganization,transformer,p300,eegconformer,43,transformer.5,-1,-1,1,-0.5629735327117231
leave_dataset_out,heldout_dataset=p300,bci2a+seediv,p300,taxonomy,architecture-induced collapse with training reorganization,classifier,p300,eegconformer,44,fc,-1,-1,1,-0.743725674139574
leave_dataset_out,heldout_dataset=p300,bci2a+seediv,p300,majority_class,architecture-induced collapse with training reorganization,classifier,p300,eegconformer,44,fc,-1,-1,1,-0.743725674139574
leave_dataset_out,heldout_dataset=p300,bci2a+seediv,p300,per_dataset_majority,architecture-induced collapse with training reorganization,classifier,p300,eegconformer,44,fc,-1,-1,1,-0.743725674139574
leave_dataset_out,heldout_dataset=p300,bci2a+seediv,p300,taxonomy,architecture-induced collapse with training reorganization,classifier,p300,eegconformer,44,final_layer,-1,-1,1,-0.2688946257935045
leave_dataset_out,heldout_dataset=p300,bci2a+seediv,p300,majority_class,architecture-induced collapse with training reorganization,classifier,p300,eegconformer,44,final_layer,-1,-1,1,-0.2688946257935045
leave_dataset_out,heldout_dataset=p300,bci2a+seediv,p300,per_dataset_majority,architecture-induced collapse with training reorganization,classifier,p300,eegconformer,44,final_layer,-1,-1,1,-0.2688946257935045
leave_dataset_out,heldout_dataset=p300,bci2a+seediv,p300,taxonomy,architecture-induced collapse with training reorganization,classifier,p300,eegconformer,44,logits,-1,-1,1,-0.2688946257935045
leave_dataset_out,heldout_dataset=p300,bci2a+seediv,p300,majority_class,architecture-induced collapse with training reorganization,classifier,p300,eegconformer,44,logits,-1,-1,1,-0.2688946257935045
leave_dataset_out,heldout_dataset=p300,bci2a+seediv,p300,per_dataset_majority,architecture-induced collapse with training reorganization,classifier,p300,eegconformer,44,logits,-1,-1,1,-0.2688946257935045
leave_dataset_out,heldout_dataset=p300,bci2a+seediv,p300,taxonomy,architecture-induced collapse with training reorganization,patch_embedding,p300,eegconformer,44,patch_embedding,-1,-1,1,-0.93772200405429
leave_dataset_out,heldout_dataset=p300,bci2a+seediv,p300,majority_class,architecture-induced collapse with training reorganization,patch_embedding,p300,eegconformer,44,patch_embedding,-1,-1,1,-0.93772200405429
leave_dataset_out,heldout_dataset=p300,bci2a+seediv,p300,per_dataset_majority,architecture-induced collapse with training reorganization,patch_embedding,p300,eegconformer,44,patch_embedding,-1,-1,1,-0.93772200405429
leave_dataset_out,heldout_dataset=p300,bci2a+seediv,p300,taxonomy,architecture-induced collapse with training reorganization,patch_embedding,p300,eegconformer,44,patch_embedding.projection,-1,-1,1,-0.93772200405429
leave_dataset_out,heldout_dataset=p300,bci2a+seediv,p300,majority_class,architecture-induced collapse with training reorganization,patch_embedding,p300,eegconformer,44,patch_embedding.projection,-1,-1,1,-0.93772200405429
leave_dataset_out,heldout_dataset=p300,bci2a+seediv,p300,per_dataset_majority,architecture-induced collapse with training reorganization,patch_embedding,p300,eegconformer,44,patch_embedding.projection,-1,-1,1,-0.93772200405429
leave_dataset_out,heldout_dataset=p300,bci2a+seediv,p300,taxonomy,architecture-induced collapse with training reorganization,patch_embedding,p300,eegconformer,44,patch_embedding.shallownet,-1,-1,1,-0.9026156915360259
leave_dataset_out,heldout_dataset=p300,bci2a+seediv,p300,majority_class,architecture-induced collapse with training reorganization,patch_embedding,p300,eegconformer,44,patch_embedding.shallownet,-1,-1,1,-0.9026156915360259
leave_dataset_out,heldout_dataset=p300,bci2a+seediv,p300,per_dataset_majority,architecture-induced collapse with training reorganization,patch_embedding,p300,eegconformer,44,patch_embedding.shallownet,-1,-1,1,-0.9026156915360259
leave_dataset_out,heldout_dataset=p300,bci2a+seediv,p300,taxonomy,architecture-induced collapse with training reorganization,transformer,p300,eegconformer,44,transformer,-1,-1,1,-0.806806820687626
leave_dataset_out,heldout_dataset=p300,bci2a+seediv,p300,majority_class,architecture-induced collapse with training reorganization,transformer,p300,eegconformer,44,transformer,-1,-1,1,-0.806806820687626
leave_dataset_out,heldout_dataset=p300,bci2a+seediv,p300,per_dataset_majority,architecture-induced collapse with training reorganization,transformer,p300,eegconformer,44,transformer,-1,-1,1,-0.806806820687626
leave_dataset_out,heldout_dataset=p300,bci2a+seediv,p300,taxonomy,architecture-induced collapse with training reorganization,transformer,p300,eegconformer,44,transformer.0,-1,-1,1,-0.8999292996210287
leave_dataset_out,heldout_dataset=p300,bci2a+seediv,p300,majority_class,architecture-induced collapse with training reorganization,transformer,p300,eegconformer,44,transformer.0,-1,-1,1,-0.8999292996210287
leave_dataset_out,heldout_dataset=p300,bci2a+seediv,p300,per_dataset_majority,architecture-induced collapse with training reorganization,transformer,p300,eegconformer,44,transformer.0,-1,-1,1,-0.8999292996210287
leave_dataset_out,heldout_dataset=p300,bci2a+seediv,p300,taxonomy,architecture-induced collapse with training reorganization,transformer,p300,eegconformer,44,transformer.2,-1,-1,1,-0.8246893180597793
leave_dataset_out,heldout_dataset=p300,bci2a+seediv,p300,majority_class,architecture-induced collapse with training reorganization,transformer,p300,eegconformer,44,transformer.2,-1,-1,1,-0.8246893180597793
leave_dataset_out,heldout_dataset=p300,bci2a+seediv,p300,per_dataset_majority,architecture-induced collapse with training reorganization,transformer,p300,eegconformer,44,transformer.2,-1,-1,1,-0.8246893180597793
leave_dataset_out,heldout_dataset=p300,bci2a+seediv,p300,taxonomy,architecture-induced collapse with training reorganization,transformer,p300,eegconformer,44,transformer.5,-1,-1,1,-0.806806820687626
leave_dataset_out,heldout_dataset=p300,bci2a+seediv,p300,majority_class,architecture-induced collapse with training reorganization,transformer,p300,eegconformer,44,transformer.5,-1,-1,1,-0.806806820687626
leave_dataset_out,heldout_dataset=p300,bci2a+seediv,p300,per_dataset_majority,architecture-induced collapse with training reorganization,transformer,p300,eegconformer,44,transformer.5,-1,-1,1,-0.806806820687626
leave_dataset_out,heldout_dataset=p300,bci2a+seediv,p300,taxonomy,architecture-induced collapse with training reorganization,classifier,p300,eegconformer,45,fc,-1,-1,1,-0.9256741649941052
leave_dataset_out,heldout_dataset=p300,bci2a+seediv,p300,majority_class,architecture-induced collapse with training reorganization,classifier,p300,eegconformer,45,fc,-1,-1,1,-0.9256741649941052
leave_dataset_out,heldout_dataset=p300,bci2a+seediv,p300,per_dataset_majority,architecture-induced collapse with training reorganization,classifier,p300,eegconformer,45,fc,-1,-1,1,-0.9256741649941052
leave_dataset_out,heldout_dataset=p300,bci2a+seediv,p300,taxonomy,architecture-induced collapse with training reorganization,classifier,p300,eegconformer,45,final_layer,-1,1,0,0.004430914446457276
leave_dataset_out,heldout_dataset=p300,bci2a+seediv,p300,majority_class,architecture-induced collapse with training reorganization,classifier,p300,eegconformer,45,final_layer,-1,1,0,0.004430914446457276
leave_dataset_out,heldout_dataset=p300,bci2a+seediv,p300,per_dataset_majority,architecture-induced collapse with training reorganization,classifier,p300,eegconformer,45,final_layer,-1,1,0,0.004430914446457276
leave_dataset_out,heldout_dataset=p300,bci2a+seediv,p300,taxonomy,architecture-induced collapse with training reorganization,classifier,p300,eegconformer,45,logits,-1,1,0,0.004430914446457276
leave_dataset_out,heldout_dataset=p300,bci2a+seediv,p300,majority_class,architecture-induced collapse with training reorganization,classifier,p300,eegconformer,45,logits,-1,1,0,0.004430914446457276
leave_dataset_out,heldout_dataset=p300,bci2a+seediv,p300,per_dataset_majority,architecture-induced collapse with training reorganization,classifier,p300,eegconformer,45,logits,-1,1,0,0.004430914446457276
leave_dataset_out,heldout_dataset=p300,bci2a+seediv,p300,taxonomy,architecture-induced collapse with training reorganization,patch_embedding,p300,eegconformer,45,patch_embedding,-1,-1,1,-0.9305118078754985
leave_dataset_out,heldout_dataset=p300,bci2a+seediv,p300,majority_class,architecture-induced collapse with training reorganization,patch_embedding,p300,eegconformer,45,patch_embedding,-1,-1,1,-0.9305118078754985
leave_dataset_out,heldout_dataset=p300,bci2a+seediv,p300,per_dataset_majority,architecture-induced collapse with training reorganization,patch_embedding,p300,eegconformer,45,patch_embedding,-1,-1,1,-0.9305118078754985
leave_dataset_out,heldout_dataset=p300,bci2a+seediv,p300,taxonomy,architecture-induced collapse with training reorganization,patch_embedding,p300,eegconformer,45,patch_embedding.projection,-1,-1,1,-0.9305118078754985
leave_dataset_out,heldout_dataset=p300,bci2a+seediv,p300,majority_class,architecture-induced collapse with training reorganization,patch_embedding,p300,eegconformer,45,patch_embedding.projection,-1,-1,1,-0.9305118078754985
leave_dataset_out,heldout_dataset=p300,bci2a+seediv,p300,per_dataset_majority,architecture-induced collapse with training reorganization,patch_embedding,p300,eegconformer,45,patch_embedding.projection,-1,-1,1,-0.9305118078754985
leave_dataset_out,heldout_dataset=p300,bci2a+seediv,p300,taxonomy,architecture-induced collapse with training reorganization,patch_embedding,p300,eegconformer,45,patch_embedding.shallownet,-1,-1,1,-0.9142054162638935
leave_dataset_out,heldout_dataset=p300,bci2a+seediv,p300,majority_class,architecture-induced collapse with training reorganization,patch_embedding,p300,eegconformer,45,patch_embedding.shallownet,-1,-1,1,-0.9142054162638935
leave_dataset_out,heldout_dataset=p300,bci2a+seediv,p300,per_dataset_majority,architecture-induced collapse with training reorganization,patch_embedding,p300,eegconformer,45,patch_embedding.shallownet,-1,-1,1,-0.9142054162638935
leave_dataset_out,heldout_dataset=p300,bci2a+seediv,p300,taxonomy,architecture-induced collapse with training reorganization,transformer,p300,eegconformer,45,transformer,-1,-1,1,-0.9733805327642501
leave_dataset_out,heldout_dataset=p300,bci2a+seediv,p300,majority_class,architecture-induced collapse with training reorganization,transformer,p300,eegconformer,45,transformer,-1,-1,1,-0.9733805327642501
leave_dataset_out,heldout_dataset=p300,bci2a+seediv,p300,per_dataset_majority,architecture-induced collapse with training reorganization,transformer,p300,eegconformer,45,transformer,-1,-1,1,-0.9733805327642501
leave_dataset_out,heldout_dataset=p300,bci2a+seediv,p300,taxonomy,architecture-induced collapse with training reorganization,transformer,p300,eegconformer,45,transformer.0,-1,-1,1,-0.9717836609660953
leave_dataset_out,heldout_dataset=p300,bci2a+seediv,p300,majority_class,architecture-induced collapse with training reorganization,transformer,p300,eegconformer,45,transformer.0,-1,-1,1,-0.9717836609660953
leave_dataset_out,heldout_dataset=p300,bci2a+seediv,p300,per_dataset_majority,architecture-induced collapse with training reorganization,transformer,p300,eegconformer,45,transformer.0,-1,-1,1,-0.9717836609660953
leave_dataset_out,heldout_dataset=p300,bci2a+seediv,p300,taxonomy,architecture-induced collapse with training reorganization,transformer,p300,eegconformer,45,transformer.2,-1,-1,1,-0.9042287583763081
leave_dataset_out,heldout_dataset=p300,bci2a+seediv,p300,majority_class,architecture-induced collapse with training reorganization,transformer,p300,eegconformer,45,transformer.2,-1,-1,1,-0.9042287583763081
leave_dataset_out,heldout_dataset=p300,bci2a+seediv,p300,per_dataset_majority,architecture-induced collapse with training reorganization,transformer,p300,eegconformer,45,transformer.2,-1,-1,1,-0.9042287583763081
leave_dataset_out,heldout_dataset=p300,bci2a+seediv,p300,taxonomy,architecture-induced collapse with training reorganization,transformer,p300,eegconformer,45,transformer.5,-1,-1,1,-0.9733805327642501
leave_dataset_out,heldout_dataset=p300,bci2a+seediv,p300,majority_class,architecture-induced collapse with training reorganization,transformer,p300,eegconformer,45,transformer.5,-1,-1,1,-0.9733805327642501
leave_dataset_out,heldout_dataset=p300,bci2a+seediv,p300,per_dataset_majority,architecture-induced collapse with training reorganization,transformer,p300,eegconformer,45,transformer.5,-1,-1,1,-0.9733805327642501
leave_dataset_out,heldout_dataset=p300,bci2a+seediv,p300,taxonomy,architecture-induced collapse with training reorganization,classifier,p300,eegconformer,46,fc,-1,-1,1,-0.8868240755898715
leave_dataset_out,heldout_dataset=p300,bci2a+seediv,p300,majority_class,architecture-induced collapse with training reorganization,classifier,p300,eegconformer,46,fc,-1,-1,1,-0.8868240755898715
leave_dataset_out,heldout_dataset=p300,bci2a+seediv,p300,per_dataset_majority,architecture-induced collapse with training reorganization,classifier,p300,eegconformer,46,fc,-1,-1,1,-0.8868240755898715
leave_dataset_out,heldout_dataset=p300,bci2a+seediv,p300,taxonomy,architecture-induced collapse with training reorganization,classifier,p300,eegconformer,46,final_layer,-1,-1,1,-0.3192130034197482
leave_dataset_out,heldout_dataset=p300,bci2a+seediv,p300,majority_class,architecture-induced collapse with training reorganization,classifier,p300,eegconformer,46,final_layer,-1,-1,1,-0.3192130034197482
leave_dataset_out,heldout_dataset=p300,bci2a+seediv,p300,per_dataset_majority,architecture-induced collapse with training reorganization,classifier,p300,eegconformer,46,final_layer,-1,-1,1,-0.3192130034197482
leave_dataset_out,heldout_dataset=p300,bci2a+seediv,p300,taxonomy,architecture-induced collapse with training reorganization,classifier,p300,eegconformer,46,logits,-1,-1,1,-0.3192130034197482
leave_dataset_out,heldout_dataset=p300,bci2a+seediv,p300,majority_class,architecture-induced collapse with training reorganization,classifier,p300,eegconformer,46,logits,-1,-1,1,-0.3192130034197482
leave_dataset_out,heldout_dataset=p300,bci2a+seediv,p300,per_dataset_majority,architecture-induced collapse with training reorganization,classifier,p300,eegconformer,46,logits,-1,-1,1,-0.3192130034197482
leave_dataset_out,heldout_dataset=p300,bci2a+seediv,p300,taxonomy,architecture-induced collapse with training reorganization,patch_embedding,p300,eegconformer,46,patch_embedding,-1,-1,1,-0.9136759423080659
leave_dataset_out,heldout_dataset=p300,bci2a+seediv,p300,majority_class,architecture-induced collapse with training reorganization,patch_embedding,p300,eegconformer,46,patch_embedding,-1,-1,1,-0.9136759423080659
leave_dataset_out,heldout_dataset=p300,bci2a+seediv,p300,per_dataset_majority,architecture-induced collapse with training reorganization,patch_embedding,p300,eegconformer,46,patch_embedding,-1,-1,1,-0.9136759423080659
leave_dataset_out,heldout_dataset=p300,bci2a+seediv,p300,taxonomy,architecture-induced collapse with training reorganization,patch_embedding,p300,eegconformer,46,patch_embedding.projection,-1,-1,1,-0.9136759423080659
leave_dataset_out,heldout_dataset=p300,bci2a+seediv,p300,majority_class,architecture-induced collapse with training reorganization,patch_embedding,p300,eegconformer,46,patch_embedding.projection,-1,-1,1,-0.9136759423080659
leave_dataset_out,heldout_dataset=p300,bci2a+seediv,p300,per_dataset_majority,architecture-induced collapse with training reorganization,patch_embedding,p300,eegconformer,46,patch_embedding.projection,-1,-1,1,-0.9136759423080659
leave_dataset_out,heldout_dataset=p300,bci2a+seediv,p300,taxonomy,architecture-induced collapse with training reorganization,patch_embedding,p300,eegconformer,46,patch_embedding.shallownet,-1,-1,1,-0.9024757993041956
leave_dataset_out,heldout_dataset=p300,bci2a+seediv,p300,majority_class,architecture-induced collapse with training reorganization,patch_embedding,p300,eegconformer,46,patch_embedding.shallownet,-1,-1,1,-0.9024757993041956
leave_dataset_out,heldout_dataset=p300,bci2a+seediv,p300,per_dataset_majority,architecture-induced collapse with training reorganization,patch_embedding,p300,eegconformer,46,patch_embedding.shallownet,-1,-1,1,-0.9024757993041956
leave_dataset_out,heldout_dataset=p300,bci2a+seediv,p300,taxonomy,architecture-induced collapse with training reorganization,transformer,p300,eegconformer,46,transformer,-1,-1,1,-0.9617365664634399
leave_dataset_out,heldout_dataset=p300,bci2a+seediv,p300,majority_class,architecture-induced collapse with training reorganization,transformer,p300,eegconformer,46,transformer,-1,-1,1,-0.9617365664634399
leave_dataset_out,heldout_dataset=p300,bci2a+seediv,p300,per_dataset_majority,architecture-induced collapse with training reorganization,transformer,p300,eegconformer,46,transformer,-1,-1,1,-0.9617365664634399
leave_dataset_out,heldout_dataset=p300,bci2a+seediv,p300,taxonomy,architecture-induced collapse with training reorganization,transformer,p300,eegconformer,46,transformer.0,-1,-1,1,-0.990735478317018
leave_dataset_out,heldout_dataset=p300,bci2a+seediv,p300,majority_class,architecture-induced collapse with training reorganization,transformer,p300,eegconformer,46,transformer.0,-1,-1,1,-0.990735478317018
leave_dataset_out,heldout_dataset=p300,bci2a+seediv,p300,per_dataset_majority,architecture-induced collapse with training reorganization,transformer,p300,eegconformer,46,transformer.0,-1,-1,1,-0.990735478317018
leave_dataset_out,heldout_dataset=p300,bci2a+seediv,p300,taxonomy,architecture-induced collapse with training reorganization,transformer,p300,eegconformer,46,transformer.2,-1,-1,1,-0.9813554604908533
leave_dataset_out,heldout_dataset=p300,bci2a+seediv,p300,majority_class,architecture-induced collapse with training reorganization,transformer,p300,eegconformer,46,transformer.2,-1,-1,1,-0.9813554604908533
leave_dataset_out,heldout_dataset=p300,bci2a+seediv,p300,per_dataset_majority,architecture-induced collapse with training reorganization,transformer,p300,eegconformer,46,transformer.2,-1,-1,1,-0.9813554604908533
leave_dataset_out,heldout_dataset=p300,bci2a+seediv,p300,taxonomy,architecture-induced collapse with training reorganization,transformer,p300,eegconformer,46,transformer.5,-1,-1,1,-0.9617365664634399
leave_dataset_out,heldout_dataset=p300,bci2a+seediv,p300,majority_class,architecture-induced collapse with training reorganization,transformer,p300,eegconformer,46,transformer.5,-1,-1,1,-0.9617365664634399
leave_dataset_out,heldout_dataset=p300,bci2a+seediv,p300,per_dataset_majority,architecture-induced collapse with training reorganization,transformer,p300,eegconformer,46,transformer.5,-1,-1,1,-0.9617365664634399
leave_dataset_out,heldout_dataset=p300,bci2a+seediv,p300,taxonomy,multi-branch fusion-induced reorganization,spatial_asymmetry,p300,tsception,41,batch_spatial_lay,-1,1,0,0.6220585540588369
leave_dataset_out,heldout_dataset=p300,bci2a+seediv,p300,majority_class,multi-branch fusion-induced reorganization,spatial_asymmetry,p300,tsception,41,batch_spatial_lay,-1,1,0,0.6220585540588369
leave_dataset_out,heldout_dataset=p300,bci2a+seediv,p300,per_dataset_majority,multi-branch fusion-induced reorganization,spatial_asymmetry,p300,tsception,41,batch_spatial_lay,-1,1,0,0.6220585540588369
leave_dataset_out,heldout_dataset=p300,bci2a+seediv,p300,taxonomy,multi-branch fusion-induced reorganization,temporal_multiscale,p300,tsception,41,batch_temporal_lay,-1,1,0,0.7572604529712549
leave_dataset_out,heldout_dataset=p300,bci2a+seediv,p300,majority_class,multi-branch fusion-induced reorganization,temporal_multiscale,p300,tsception,41,batch_temporal_lay,-1,1,0,0.7572604529712549
leave_dataset_out,heldout_dataset=p300,bci2a+seediv,p300,per_dataset_majority,multi-branch fusion-induced reorganization,temporal_multiscale,p300,tsception,41,batch_temporal_lay,-1,1,0,0.7572604529712549
leave_dataset_out,heldout_dataset=p300,bci2a+seediv,p300,taxonomy,multi-branch fusion-induced reorganization,fusion_classifier,p300,tsception,41,dense_layer,-1,-1,1,-0.7401282652275858
leave_dataset_out,heldout_dataset=p300,bci2a+seediv,p300,majority_class,multi-branch fusion-induced reorganization,fusion_classifier,p300,tsception,41,dense_layer,-1,-1,1,-0.7401282652275858
leave_dataset_out,heldout_dataset=p300,bci2a+seediv,p300,per_dataset_majority,multi-branch fusion-induced reorganization,fusion_classifier,p300,tsception,41,dense_layer,-1,-1,1,-0.7401282652275858
leave_dataset_out,heldout_dataset=p300,bci2a+seediv,p300,taxonomy,multi-branch fusion-induced reorganization,fusion_classifier,p300,tsception,41,final_layer,-1,-1,1,-0.11958231989192541
leave_dataset_out,heldout_dataset=p300,bci2a+seediv,p300,majority_class,multi-branch fusion-induced reorganization,fusion_classifier,p300,tsception,41,final_layer,-1,-1,1,-0.11958231989192541
leave_dataset_out,heldout_dataset=p300,bci2a+seediv,p300,per_dataset_majority,multi-branch fusion-induced reorganization,fusion_classifier,p300,tsception,41,final_layer,-1,-1,1,-0.11958231989192541
leave_dataset_out,heldout_dataset=p300,bci2a+seediv,p300,taxonomy,multi-branch fusion-induced reorganization,fusion_classifier,p300,tsception,41,logits,-1,-1,1,-0.11958231989192541
leave_dataset_out,heldout_dataset=p300,bci2a+seediv,p300,majority_class,multi-branch fusion-induced reorganization,fusion_classifier,p300,tsception,41,logits,-1,-1,1,-0.11958231989192541
leave_dataset_out,heldout_dataset=p300,bci2a+seediv,p300,per_dataset_majority,multi-branch fusion-induced reorganization,fusion_classifier,p300,tsception,41,logits,-1,-1,1,-0.11958231989192541
leave_dataset_out,heldout_dataset=p300,bci2a+seediv,p300,taxonomy,multi-branch fusion-induced reorganization,spatial_asymmetry,p300,tsception,41,spatial_block_1,-1,1,0,0.08297792351246283
leave_dataset_out,heldout_dataset=p300,bci2a+seediv,p300,majority_class,multi-branch fusion-induced reorganization,spatial_asymmetry,p300,tsception,41,spatial_block_1,-1,1,0,0.08297792351246283
leave_dataset_out,heldout_dataset=p300,bci2a+seediv,p300,per_dataset_majority,multi-branch fusion-induced reorganization,spatial_asymmetry,p300,tsception,41,spatial_block_1,-1,1,0,0.08297792351246283
leave_dataset_out,heldout_dataset=p300,bci2a+seediv,p300,taxonomy,multi-branch fusion-induced reorganization,spatial_asymmetry,p300,tsception,41,spatial_block_2,-1,1,0,0.5365787353966351
leave_dataset_out,heldout_dataset=p300,bci2a+seediv,p300,majority_class,multi-branch fusion-induced reorganization,spatial_asymmetry,p300,tsception,41,spatial_block_2,-1,1,0,0.5365787353966351
leave_dataset_out,heldout_dataset=p300,bci2a+seediv,p300,per_dataset_majority,multi-branch fusion-induced reorganization,spatial_asymmetry,p300,tsception,41,spatial_block_2,-1,1,0,0.5365787353966351
leave_dataset_out,heldout_dataset=p300,bci2a+seediv,p300,taxonomy,multi-branch fusion-induced reorganization,temporal_multiscale,p300,tsception,41,temporal_blocks.0,-1,-1,1,-0.28859031615061304
leave_dataset_out,heldout_dataset=p300,bci2a+seediv,p300,majority_class,multi-branch fusion-induced reorganization,temporal_multiscale,p300,tsception,41,temporal_blocks.0,-1,-1,1,-0.28859031615061304
leave_dataset_out,heldout_dataset=p300,bci2a+seediv,p300,per_dataset_majority,multi-branch fusion-induced reorganization,temporal_multiscale,p300,tsception,41,temporal_blocks.0,-1,-1,1,-0.28859031615061304
leave_dataset_out,heldout_dataset=p300,bci2a+seediv,p300,taxonomy,multi-branch fusion-induced reorganization,temporal_multiscale,p300,tsception,41,temporal_blocks.1,-1,-1,1,-0.8438190304172947
leave_dataset_out,heldout_dataset=p300,bci2a+seediv,p300,majority_class,multi-branch fusion-induced reorganization,temporal_multiscale,p300,tsception,41,temporal_blocks.1,-1,-1,1,-0.8438190304172947
leave_dataset_out,heldout_dataset=p300,bci2a+seediv,p300,per_dataset_majority,multi-branch fusion-induced reorganization,temporal_multiscale,p300,tsception,41,temporal_blocks.1,-1,-1,1,-0.8438190304172947
leave_dataset_out,heldout_dataset=p300,bci2a+seediv,p300,taxonomy,multi-branch fusion-induced reorganization,temporal_multiscale,p300,tsception,41,temporal_blocks.2,-1,-1,1,-0.6437405266277076
leave_dataset_out,heldout_dataset=p300,bci2a+seediv,p300,majority_class,multi-branch fusion-induced reorganization,temporal_multiscale,p300,tsception,41,temporal_blocks.2,-1,-1,1,-0.6437405266277076
leave_dataset_out,heldout_dataset=p300,bci2a+seediv,p300,per_dataset_majority,multi-branch fusion-induced reorganization,temporal_multiscale,p300,tsception,41,temporal_blocks.2,-1,-1,1,-0.6437405266277076
leave_dataset_out,heldout_dataset=p300,bci2a+seediv,p300,taxonomy,multi-branch fusion-induced reorganization,spatial_asymmetry,p300,tsception,42,batch_spatial_lay,-1,-1,1,-0.7810192050113031
leave_dataset_out,heldout_dataset=p300,bci2a+seediv,p300,majority_class,multi-branch fusion-induced reorganization,spatial_asymmetry,p300,tsception,42,batch_spatial_lay,-1,-1,1,-0.7810192050113031
leave_dataset_out,heldout_dataset=p300,bci2a+seediv,p300,per_dataset_majority,multi-branch fusion-induced reorganization,spatial_asymmetry,p300,tsception,42,batch_spatial_lay,-1,-1,1,-0.7810192050113031
leave_dataset_out,heldout_dataset=p300,bci2a+seediv,p300,taxonomy,multi-branch fusion-induced reorganization,temporal_multiscale,p300,tsception,42,batch_temporal_lay,-1,1,0,0.8709498750515665
leave_dataset_out,heldout_dataset=p300,bci2a+seediv,p300,majority_class,multi-branch fusion-induced reorganization,temporal_multiscale,p300,tsception,42,batch_temporal_lay,-1,1,0,0.8709498750515665
leave_dataset_out,heldout_dataset=p300,bci2a+seediv,p300,per_dataset_majority,multi-branch fusion-induced reorganization,temporal_multiscale,p300,tsception,42,batch_temporal_lay,-1,1,0,0.8709498750515665
leave_dataset_out,heldout_dataset=p300,bci2a+seediv,p300,taxonomy,multi-branch fusion-induced reorganization,fusion_classifier,p300,tsception,42,dense_layer,-1,-1,1,-0.8002103994336288
leave_dataset_out,heldout_dataset=p300,bci2a+seediv,p300,majority_class,multi-branch fusion-induced reorganization,fusion_classifier,p300,tsception,42,dense_layer,-1,-1,1,-0.8002103994336288
leave_dataset_out,heldout_dataset=p300,bci2a+seediv,p300,per_dataset_majority,multi-branch fusion-induced reorganization,fusion_classifier,p300,tsception,42,dense_layer,-1,-1,1,-0.8002103994336288
leave_dataset_out,heldout_dataset=p300,bci2a+seediv,p300,taxonomy,multi-branch fusion-induced reorganization,fusion_classifier,p300,tsception,42,final_layer,-1,1,0,0.8925051801034922
leave_dataset_out,heldout_dataset=p300,bci2a+seediv,p300,majority_class,multi-branch fusion-induced reorganization,fusion_classifier,p300,tsception,42,final_layer,-1,1,0,0.8925051801034922
leave_dataset_out,heldout_dataset=p300,bci2a+seediv,p300,per_dataset_majority,multi-branch fusion-induced reorganization,fusion_classifier,p300,tsception,42,final_layer,-1,1,0,0.8925051801034922
leave_dataset_out,heldout_dataset=p300,bci2a+seediv,p300,taxonomy,multi-branch fusion-induced reorganization,fusion_classifier,p300,tsception,42,logits,-1,1,0,0.8925051801034922
leave_dataset_out,heldout_dataset=p300,bci2a+seediv,p300,majority_class,multi-branch fusion-induced reorganization,fusion_classifier,p300,tsception,42,logits,-1,1,0,0.8925051801034922
leave_dataset_out,heldout_dataset=p300,bci2a+seediv,p300,per_dataset_majority,multi-branch fusion-induced reorganization,fusion_classifier,p300,tsception,42,logits,-1,1,0,0.8925051801034922
leave_dataset_out,heldout_dataset=p300,bci2a+seediv,p300,taxonomy,multi-branch fusion-induced reorganization,spatial_asymmetry,p300,tsception,42,spatial_block_1,-1,1,0,0.7427816184488047
leave_dataset_out,heldout_dataset=p300,bci2a+seediv,p300,majority_class,multi-branch fusion-induced reorganization,spatial_asymmetry,p300,tsception,42,spatial_block_1,-1,1,0,0.7427816184488047
leave_dataset_out,heldout_dataset=p300,bci2a+seediv,p300,per_dataset_majority,multi-branch fusion-induced reorganization,spatial_asymmetry,p300,tsception,42,spatial_block_1,-1,1,0,0.7427816184488047
leave_dataset_out,heldout_dataset=p300,bci2a+seediv,p300,taxonomy,multi-branch fusion-induced reorganization,spatial_asymmetry,p300,tsception,42,spatial_block_2,-1,-1,1,-0.49201696516491683
leave_dataset_out,heldout_dataset=p300,bci2a+seediv,p300,majority_class,multi-branch fusion-induced reorganization,spatial_asymmetry,p300,tsception,42,spatial_block_2,-1,-1,1,-0.49201696516491683
leave_dataset_out,heldout_dataset=p300,bci2a+seediv,p300,per_dataset_majority,multi-branch fusion-induced reorganization,spatial_asymmetry,p300,tsception,42,spatial_block_2,-1,-1,1,-0.49201696516491683
leave_dataset_out,heldout_dataset=p300,bci2a+seediv,p300,taxonomy,multi-branch fusion-induced reorganization,temporal_multiscale,p300,tsception,42,temporal_blocks.0,-1,-1,1,-0.40954109093181984
leave_dataset_out,heldout_dataset=p300,bci2a+seediv,p300,majority_class,multi-branch fusion-induced reorganization,temporal_multiscale,p300,tsception,42,temporal_blocks.0,-1,-1,1,-0.40954109093181984
leave_dataset_out,heldout_dataset=p300,bci2a+seediv,p300,per_dataset_majority,multi-branch fusion-induced reorganization,temporal_multiscale,p300,tsception,42,temporal_blocks.0,-1,-1,1,-0.40954109093181984
leave_dataset_out,heldout_dataset=p300,bci2a+seediv,p300,taxonomy,multi-branch fusion-induced reorganization,temporal_multiscale,p300,tsception,42,temporal_blocks.1,-1,1,0,0.4789243440945706
leave_dataset_out,heldout_dataset=p300,bci2a+seediv,p300,majority_class,multi-branch fusion-induced reorganization,temporal_multiscale,p300,tsception,42,temporal_blocks.1,-1,1,0,0.4789243440945706
leave_dataset_out,heldout_dataset=p300,bci2a+seediv,p300,per_dataset_majority,multi-branch fusion-induced reorganization,temporal_multiscale,p300,tsception,42,temporal_blocks.1,-1,1,0,0.4789243440945706
leave_dataset_out,heldout_dataset=p300,bci2a+seediv,p300,taxonomy,multi-branch fusion-induced reorganization,temporal_multiscale,p300,tsception,42,temporal_blocks.2,-1,-1,1,-0.5395100470835175
leave_dataset_out,heldout_dataset=p300,bci2a+seediv,p300,majority_class,multi-branch fusion-induced reorganization,temporal_multiscale,p300,tsception,42,temporal_blocks.2,-1,-1,1,-0.5395100470835175
leave_dataset_out,heldout_dataset=p300,bci2a+seediv,p300,per_dataset_majority,multi-branch fusion-induced reorganization,temporal_multiscale,p300,tsception,42,temporal_blocks.2,-1,-1,1,-0.5395100470835175
leave_dataset_out,heldout_dataset=p300,bci2a+seediv,p300,taxonomy,multi-branch fusion-induced reorganization,spatial_asymmetry,p300,tsception,43,batch_spatial_lay,-1,1,0,0.3861921918912714
leave_dataset_out,heldout_dataset=p300,bci2a+seediv,p300,majority_class,multi-branch fusion-induced reorganization,spatial_asymmetry,p300,tsception,43,batch_spatial_lay,-1,1,0,0.3861921918912714
leave_dataset_out,heldout_dataset=p300,bci2a+seediv,p300,per_dataset_majority,multi-branch fusion-induced reorganization,spatial_asymmetry,p300,tsception,43,batch_spatial_lay,-1,1,0,0.3861921918912714
leave_dataset_out,heldout_dataset=p300,bci2a+seediv,p300,taxonomy,multi-branch fusion-induced reorganization,temporal_multiscale,p300,tsception,43,batch_temporal_lay,-1,1,0,0.8630858138341964
leave_dataset_out,heldout_dataset=p300,bci2a+seediv,p300,majority_class,multi-branch fusion-induced reorganization,temporal_multiscale,p300,tsception,43,batch_temporal_lay,-1,1,0,0.8630858138341964
leave_dataset_out,heldout_dataset=p300,bci2a+seediv,p300,per_dataset_majority,multi-branch fusion-induced reorganization,temporal_multiscale,p300,tsception,43,batch_temporal_lay,-1,1,0,0.8630858138341964
leave_dataset_out,heldout_dataset=p300,bci2a+seediv,p300,taxonomy,multi-branch fusion-induced reorganization,fusion_classifier,p300,tsception,43,dense_layer,-1,-1,1,-0.4060089631856837
leave_dataset_out,heldout_dataset=p300,bci2a+seediv,p300,majority_class,multi-branch fusion-induced reorganization,fusion_classifier,p300,tsception,43,dense_layer,-1,-1,1,-0.4060089631856837
leave_dataset_out,heldout_dataset=p300,bci2a+seediv,p300,per_dataset_majority,multi-branch fusion-induced reorganization,fusion_classifier,p300,tsception,43,dense_layer,-1,-1,1,-0.4060089631856837
leave_dataset_out,heldout_dataset=p300,bci2a+seediv,p300,taxonomy,multi-branch fusion-induced reorganization,fusion_classifier,p300,tsception,43,final_layer,-1,-1,1,-0.6605879052365495
leave_dataset_out,heldout_dataset=p300,bci2a+seediv,p300,majority_class,multi-branch fusion-induced reorganization,fusion_classifier,p300,tsception,43,final_layer,-1,-1,1,-0.6605879052365495
leave_dataset_out,heldout_dataset=p300,bci2a+seediv,p300,per_dataset_majority,multi-branch fusion-induced reorganization,fusion_classifier,p300,tsception,43,final_layer,-1,-1,1,-0.6605879052365495
leave_dataset_out,heldout_dataset=p300,bci2a+seediv,p300,taxonomy,multi-branch fusion-induced reorganization,fusion_classifier,p300,tsception,43,logits,-1,-1,1,-0.6605879052365495
leave_dataset_out,heldout_dataset=p300,bci2a+seediv,p300,majority_class,multi-branch fusion-induced reorganization,fusion_classifier,p300,tsception,43,logits,-1,-1,1,-0.6605879052365495
leave_dataset_out,heldout_dataset=p300,bci2a+seediv,p300,per_dataset_majority,multi-branch fusion-induced reorganization,fusion_classifier,p300,tsception,43,logits,-1,-1,1,-0.6605879052365495
leave_dataset_out,heldout_dataset=p300,bci2a+seediv,p300,taxonomy,multi-branch fusion-induced reorganization,spatial_asymmetry,p300,tsception,43,spatial_block_1,-1,1,0,0.9108253063673554
leave_dataset_out,heldout_dataset=p300,bci2a+seediv,p300,majority_class,multi-branch fusion-induced reorganization,spatial_asymmetry,p300,tsception,43,spatial_block_1,-1,1,0,0.9108253063673554
leave_dataset_out,heldout_dataset=p300,bci2a+seediv,p300,per_dataset_majority,multi-branch fusion-induced reorganization,spatial_asymmetry,p300,tsception,43,spatial_block_1,-1,1,0,0.9108253063673554
leave_dataset_out,heldout_dataset=p300,bci2a+seediv,p300,taxonomy,multi-branch fusion-induced reorganization,spatial_asymmetry,p300,tsception,43,spatial_block_2,-1,1,0,0.45051108569166937
leave_dataset_out,heldout_dataset=p300,bci2a+seediv,p300,majority_class,multi-branch fusion-induced reorganization,spatial_asymmetry,p300,tsception,43,spatial_block_2,-1,1,0,0.45051108569166937
leave_dataset_out,heldout_dataset=p300,bci2a+seediv,p300,per_dataset_majority,multi-branch fusion-induced reorganization,spatial_asymmetry,p300,tsception,43,spatial_block_2,-1,1,0,0.45051108569166937
leave_dataset_out,heldout_dataset=p300,bci2a+seediv,p300,taxonomy,multi-branch fusion-induced reorganization,temporal_multiscale,p300,tsception,43,temporal_blocks.0,-1,-1,1,-0.44879122221686113
leave_dataset_out,heldout_dataset=p300,bci2a+seediv,p300,majority_class,multi-branch fusion-induced reorganization,temporal_multiscale,p300,tsception,43,temporal_blocks.0,-1,-1,1,-0.44879122221686113
leave_dataset_out,heldout_dataset=p300,bci2a+seediv,p300,per_dataset_majority,multi-branch fusion-induced reorganization,temporal_multiscale,p300,tsception,43,temporal_blocks.0,-1,-1,1,-0.44879122221686113
leave_dataset_out,heldout_dataset=p300,bci2a+seediv,p300,taxonomy,multi-branch fusion-induced reorganization,temporal_multiscale,p300,tsception,43,temporal_blocks.1,-1,-1,1,-0.704141579218513
leave_dataset_out,heldout_dataset=p300,bci2a+seediv,p300,majority_class,multi-branch fusion-induced reorganization,temporal_multiscale,p300,tsception,43,temporal_blocks.1,-1,-1,1,-0.704141579218513
leave_dataset_out,heldout_dataset=p300,bci2a+seediv,p300,per_dataset_majority,multi-branch fusion-induced reorganization,temporal_multiscale,p300,tsception,43,temporal_blocks.1,-1,-1,1,-0.704141579218513
leave_dataset_out,heldout_dataset=p300,bci2a+seediv,p300,taxonomy,multi-branch fusion-induced reorganization,temporal_multiscale,p300,tsception,43,temporal_blocks.2,-1,-1,1,-0.02803480278083411
leave_dataset_out,heldout_dataset=p300,bci2a+seediv,p300,majority_class,multi-branch fusion-induced reorganization,temporal_multiscale,p300,tsception,43,temporal_blocks.2,-1,-1,1,-0.02803480278083411
leave_dataset_out,heldout_dataset=p300,bci2a+seediv,p300,per_dataset_majority,multi-branch fusion-induced reorganization,temporal_multiscale,p300,tsception,43,temporal_blocks.2,-1,-1,1,-0.02803480278083411
leave_dataset_out,heldout_dataset=p300,bci2a+seediv,p300,taxonomy,multi-branch fusion-induced reorganization,spatial_asymmetry,p300,tsception,44,batch_spatial_lay,-1,-1,1,-0.30113764867111675
leave_dataset_out,heldout_dataset=p300,bci2a+seediv,p300,majority_class,multi-branch fusion-induced reorganization,spatial_asymmetry,p300,tsception,44,batch_spatial_lay,-1,-1,1,-0.30113764867111675
leave_dataset_out,heldout_dataset=p300,bci2a+seediv,p300,per_dataset_majority,multi-branch fusion-induced reorganization,spatial_asymmetry,p300,tsception,44,batch_spatial_lay,-1,-1,1,-0.30113764867111675
leave_dataset_out,heldout_dataset=p300,bci2a+seediv,p300,taxonomy,multi-branch fusion-induced reorganization,temporal_multiscale,p300,tsception,44,batch_temporal_lay,-1,1,0,0.3938850491376085
leave_dataset_out,heldout_dataset=p300,bci2a+seediv,p300,majority_class,multi-branch fusion-induced reorganization,temporal_multiscale,p300,tsception,44,batch_temporal_lay,-1,1,0,0.3938850491376085
leave_dataset_out,heldout_dataset=p300,bci2a+seediv,p300,per_dataset_majority,multi-branch fusion-induced reorganization,temporal_multiscale,p300,tsception,44,batch_temporal_lay,-1,1,0,0.3938850491376085
leave_dataset_out,heldout_dataset=p300,bci2a+seediv,p300,taxonomy,multi-branch fusion-induced reorganization,fusion_classifier,p300,tsception,44,dense_layer,-1,-1,1,-0.6577205615495962
leave_dataset_out,heldout_dataset=p300,bci2a+seediv,p300,majority_class,multi-branch fusion-induced reorganization,fusion_classifier,p300,tsception,44,dense_layer,-1,-1,1,-0.6577205615495962
leave_dataset_out,heldout_dataset=p300,bci2a+seediv,p300,per_dataset_majority,multi-branch fusion-induced reorganization,fusion_classifier,p300,tsception,44,dense_layer,-1,-1,1,-0.6577205615495962
leave_dataset_out,heldout_dataset=p300,bci2a+seediv,p300,taxonomy,multi-branch fusion-induced reorganization,fusion_classifier,p300,tsception,44,final_layer,-1,-1,1,-0.33228883570827855
leave_dataset_out,heldout_dataset=p300,bci2a+seediv,p300,majority_class,multi-branch fusion-induced reorganization,fusion_classifier,p300,tsception,44,final_layer,-1,-1,1,-0.33228883570827855
leave_dataset_out,heldout_dataset=p300,bci2a+seediv,p300,per_dataset_majority,multi-branch fusion-induced reorganization,fusion_classifier,p300,tsception,44,final_layer,-1,-1,1,-0.33228883570827855
leave_dataset_out,heldout_dataset=p300,bci2a+seediv,p300,taxonomy,multi-branch fusion-induced reorganization,fusion_classifier,p300,tsception,44,logits,-1,-1,1,-0.33228883570827855
leave_dataset_out,heldout_dataset=p300,bci2a+seediv,p300,majority_class,multi-branch fusion-induced reorganization,fusion_classifier,p300,tsception,44,logits,-1,-1,1,-0.33228883570827855
leave_dataset_out,heldout_dataset=p300,bci2a+seediv,p300,per_dataset_majority,multi-branch fusion-induced reorganization,fusion_classifier,p300,tsception,44,logits,-1,-1,1,-0.33228883570827855
leave_dataset_out,heldout_dataset=p300,bci2a+seediv,p300,taxonomy,multi-branch fusion-induced reorganization,spatial_asymmetry,p300,tsception,44,spatial_block_1,-1,-1,1,-0.4681510534150923
leave_dataset_out,heldout_dataset=p300,bci2a+seediv,p300,majority_class,multi-branch fusion-induced reorganization,spatial_asymmetry,p300,tsception,44,spatial_block_1,-1,-1,1,-0.4681510534150923
leave_dataset_out,heldout_dataset=p300,bci2a+seediv,p300,per_dataset_majority,multi-branch fusion-induced reorganization,spatial_asymmetry,p300,tsception,44,spatial_block_1,-1,-1,1,-0.4681510534150923
leave_dataset_out,heldout_dataset=p300,bci2a+seediv,p300,taxonomy,multi-branch fusion-induced reorganization,spatial_asymmetry,p300,tsception,44,spatial_block_2,-1,-1,1,-0.45596580242896717
leave_dataset_out,heldout_dataset=p300,bci2a+seediv,p300,majority_class,multi-branch fusion-induced reorganization,spatial_asymmetry,p300,tsception,44,spatial_block_2,-1,-1,1,-0.45596580242896717
leave_dataset_out,heldout_dataset=p300,bci2a+seediv,p300,per_dataset_majority,multi-branch fusion-induced reorganization,spatial_asymmetry,p300,tsception,44,spatial_block_2,-1,-1,1,-0.45596580242896717
leave_dataset_out,heldout_dataset=p300,bci2a+seediv,p300,taxonomy,multi-branch fusion-induced reorganization,temporal_multiscale,p300,tsception,44,temporal_blocks.0,-1,-1,1,-0.6369868658622381
leave_dataset_out,heldout_dataset=p300,bci2a+seediv,p300,majority_class,multi-branch fusion-induced reorganization,temporal_multiscale,p300,tsception,44,temporal_blocks.0,-1,-1,1,-0.6369868658622381
leave_dataset_out,heldout_dataset=p300,bci2a+seediv,p300,per_dataset_majority,multi-branch fusion-induced reorganization,temporal_multiscale,p300,tsception,44,temporal_blocks.0,-1,-1,1,-0.6369868658622381
leave_dataset_out,heldout_dataset=p300,bci2a+seediv,p300,taxonomy,multi-branch fusion-induced reorganization,temporal_multiscale,p300,tsception,44,temporal_blocks.1,-1,-1,1,-0.8274761943214376
leave_dataset_out,heldout_dataset=p300,bci2a+seediv,p300,majority_class,multi-branch fusion-induced reorganization,temporal_multiscale,p300,tsception,44,temporal_blocks.1,-1,-1,1,-0.8274761943214376
leave_dataset_out,heldout_dataset=p300,bci2a+seediv,p300,per_dataset_majority,multi-branch fusion-induced reorganization,temporal_multiscale,p300,tsception,44,temporal_blocks.1,-1,-1,1,-0.8274761943214376
leave_dataset_out,heldout_dataset=p300,bci2a+seediv,p300,taxonomy,multi-branch fusion-induced reorganization,temporal_multiscale,p300,tsception,44,temporal_blocks.2,-1,-1,1,-0.7040754553974014
leave_dataset_out,heldout_dataset=p300,bci2a+seediv,p300,majority_class,multi-branch fusion-induced reorganization,temporal_multiscale,p300,tsception,44,temporal_blocks.2,-1,-1,1,-0.7040754553974014
leave_dataset_out,heldout_dataset=p300,bci2a+seediv,p300,per_dataset_majority,multi-branch fusion-induced reorganization,temporal_multiscale,p300,tsception,44,temporal_blocks.2,-1,-1,1,-0.7040754553974014
leave_dataset_out,heldout_dataset=p300,bci2a+seediv,p300,taxonomy,multi-branch fusion-induced reorganization,spatial_asymmetry,p300,tsception,45,batch_spatial_lay,-1,1,0,0.2883680533165444
leave_dataset_out,heldout_dataset=p300,bci2a+seediv,p300,majority_class,multi-branch fusion-induced reorganization,spatial_asymmetry,p300,tsception,45,batch_spatial_lay,-1,1,0,0.2883680533165444
leave_dataset_out,heldout_dataset=p300,bci2a+seediv,p300,per_dataset_majority,multi-branch fusion-induced reorganization,spatial_asymmetry,p300,tsception,45,batch_spatial_lay,-1,1,0,0.2883680533165444
leave_dataset_out,heldout_dataset=p300,bci2a+seediv,p300,taxonomy,multi-branch fusion-induced reorganization,temporal_multiscale,p300,tsception,45,batch_temporal_lay,-1,1,0,0.9451474401462663
leave_dataset_out,heldout_dataset=p300,bci2a+seediv,p300,majority_class,multi-branch fusion-induced reorganization,temporal_multiscale,p300,tsception,45,batch_temporal_lay,-1,1,0,0.9451474401462663
leave_dataset_out,heldout_dataset=p300,bci2a+seediv,p300,per_dataset_majority,multi-branch fusion-induced reorganization,temporal_multiscale,p300,tsception,45,batch_temporal_lay,-1,1,0,0.9451474401462663
leave_dataset_out,heldout_dataset=p300,bci2a+seediv,p300,taxonomy,multi-branch fusion-induced reorganization,fusion_classifier,p300,tsception,45,dense_layer,-1,-1,1,-0.11931238362968957
leave_dataset_out,heldout_dataset=p300,bci2a+seediv,p300,majority_class,multi-branch fusion-induced reorganization,fusion_classifier,p300,tsception,45,dense_layer,-1,-1,1,-0.11931238362968957
leave_dataset_out,heldout_dataset=p300,bci2a+seediv,p300,per_dataset_majority,multi-branch fusion-induced reorganization,fusion_classifier,p300,tsception,45,dense_layer,-1,-1,1,-0.11931238362968957
leave_dataset_out,heldout_dataset=p300,bci2a+seediv,p300,taxonomy,multi-branch fusion-induced reorganization,fusion_classifier,p300,tsception,45,final_layer,-1,1,0,0.10257180079345424
leave_dataset_out,heldout_dataset=p300,bci2a+seediv,p300,majority_class,multi-branch fusion-induced reorganization,fusion_classifier,p300,tsception,45,final_layer,-1,1,0,0.10257180079345424
leave_dataset_out,heldout_dataset=p300,bci2a+seediv,p300,per_dataset_majority,multi-branch fusion-induced reorganization,fusion_classifier,p300,tsception,45,final_layer,-1,1,0,0.10257180079345424
leave_dataset_out,heldout_dataset=p300,bci2a+seediv,p300,taxonomy,multi-branch fusion-induced reorganization,fusion_classifier,p300,tsception,45,logits,-1,1,0,0.10257180079345424
leave_dataset_out,heldout_dataset=p300,bci2a+seediv,p300,majority_class,multi-branch fusion-induced reorganization,fusion_classifier,p300,tsception,45,logits,-1,1,0,0.10257180079345424
leave_dataset_out,heldout_dataset=p300,bci2a+seediv,p300,per_dataset_majority,multi-branch fusion-induced reorganization,fusion_classifier,p300,tsception,45,logits,-1,1,0,0.10257180079345424
leave_dataset_out,heldout_dataset=p300,bci2a+seediv,p300,taxonomy,multi-branch fusion-induced reorganization,spatial_asymmetry,p300,tsception,45,spatial_block_1,-1,1,0,0.7641277249661765
leave_dataset_out,heldout_dataset=p300,bci2a+seediv,p300,majority_class,multi-branch fusion-induced reorganization,spatial_asymmetry,p300,tsception,45,spatial_block_1,-1,1,0,0.7641277249661765
leave_dataset_out,heldout_dataset=p300,bci2a+seediv,p300,per_dataset_majority,multi-branch fusion-induced reorganization,spatial_asymmetry,p300,tsception,45,spatial_block_1,-1,1,0,0.7641277249661765
leave_dataset_out,heldout_dataset=p300,bci2a+seediv,p300,taxonomy,multi-branch fusion-induced reorganization,spatial_asymmetry,p300,tsception,45,spatial_block_2,-1,-1,1,-0.6301372197286262
leave_dataset_out,heldout_dataset=p300,bci2a+seediv,p300,majority_class,multi-branch fusion-induced reorganization,spatial_asymmetry,p300,tsception,45,spatial_block_2,-1,-1,1,-0.6301372197286262
leave_dataset_out,heldout_dataset=p300,bci2a+seediv,p300,per_dataset_majority,multi-branch fusion-induced reorganization,spatial_asymmetry,p300,tsception,45,spatial_block_2,-1,-1,1,-0.6301372197286262
leave_dataset_out,heldout_dataset=p300,bci2a+seediv,p300,taxonomy,multi-branch fusion-induced reorganization,temporal_multiscale,p300,tsception,45,temporal_blocks.0,-1,-1,1,-0.4035332512888457
leave_dataset_out,heldout_dataset=p300,bci2a+seediv,p300,majority_class,multi-branch fusion-induced reorganization,temporal_multiscale,p300,tsception,45,temporal_blocks.0,-1,-1,1,-0.4035332512888457
leave_dataset_out,heldout_dataset=p300,bci2a+seediv,p300,per_dataset_majority,multi-branch fusion-induced reorganization,temporal_multiscale,p300,tsception,45,temporal_blocks.0,-1,-1,1,-0.4035332512888457
leave_dataset_out,heldout_dataset=p300,bci2a+seediv,p300,taxonomy,multi-branch fusion-induced reorganization,temporal_multiscale,p300,tsception,45,temporal_blocks.1,-1,-1,1,-0.7461199637903336
leave_dataset_out,heldout_dataset=p300,bci2a+seediv,p300,majority_class,multi-branch fusion-induced reorganization,temporal_multiscale,p300,tsception,45,temporal_blocks.1,-1,-1,1,-0.7461199637903336
leave_dataset_out,heldout_dataset=p300,bci2a+seediv,p300,per_dataset_majority,multi-branch fusion-induced reorganization,temporal_multiscale,p300,tsception,45,temporal_blocks.1,-1,-1,1,-0.7461199637903336
leave_dataset_out,heldout_dataset=p300,bci2a+seediv,p300,taxonomy,multi-branch fusion-induced reorganization,temporal_multiscale,p300,tsception,45,temporal_blocks.2,-1,-1,1,-0.6805881495238464
leave_dataset_out,heldout_dataset=p300,bci2a+seediv,p300,majority_class,multi-branch fusion-induced reorganization,temporal_multiscale,p300,tsception,45,temporal_blocks.2,-1,-1,1,-0.6805881495238464
leave_dataset_out,heldout_dataset=p300,bci2a+seediv,p300,per_dataset_majority,multi-branch fusion-induced reorganization,temporal_multiscale,p300,tsception,45,temporal_blocks.2,-1,-1,1,-0.6805881495238464
leave_dataset_out,heldout_dataset=p300,bci2a+seediv,p300,taxonomy,multi-branch fusion-induced reorganization,spatial_asymmetry,p300,tsception,46,batch_spatial_lay,-1,-1,1,-0.8639955172695604
leave_dataset_out,heldout_dataset=p300,bci2a+seediv,p300,majority_class,multi-branch fusion-induced reorganization,spatial_asymmetry,p300,tsception,46,batch_spatial_lay,-1,-1,1,-0.8639955172695604
leave_dataset_out,heldout_dataset=p300,bci2a+seediv,p300,per_dataset_majority,multi-branch fusion-induced reorganization,spatial_asymmetry,p300,tsception,46,batch_spatial_lay,-1,-1,1,-0.8639955172695604
leave_dataset_out,heldout_dataset=p300,bci2a+seediv,p300,taxonomy,multi-branch fusion-induced reorganization,temporal_multiscale,p300,tsception,46,batch_temporal_lay,-1,1,0,0.9389956765574845
leave_dataset_out,heldout_dataset=p300,bci2a+seediv,p300,majority_class,multi-branch fusion-induced reorganization,temporal_multiscale,p300,tsception,46,batch_temporal_lay,-1,1,0,0.9389956765574845
leave_dataset_out,heldout_dataset=p300,bci2a+seediv,p300,per_dataset_majority,multi-branch fusion-induced reorganization,temporal_multiscale,p300,tsception,46,batch_temporal_lay,-1,1,0,0.9389956765574845
leave_dataset_out,heldout_dataset=p300,bci2a+seediv,p300,taxonomy,multi-branch fusion-induced reorganization,fusion_classifier,p300,tsception,46,dense_layer,-1,-1,1,-0.9424281719972372
leave_dataset_out,heldout_dataset=p300,bci2a+seediv,p300,majority_class,multi-branch fusion-induced reorganization,fusion_classifier,p300,tsception,46,dense_layer,-1,-1,1,-0.9424281719972372
leave_dataset_out,heldout_dataset=p300,bci2a+seediv,p300,per_dataset_majority,multi-branch fusion-induced reorganization,fusion_classifier,p300,tsception,46,dense_layer,-1,-1,1,-0.9424281719972372
leave_dataset_out,heldout_dataset=p300,bci2a+seediv,p300,taxonomy,multi-branch fusion-induced reorganization,fusion_classifier,p300,tsception,46,final_layer,-1,-1,1,-0.6619332850569215
leave_dataset_out,heldout_dataset=p300,bci2a+seediv,p300,majority_class,multi-branch fusion-induced reorganization,fusion_classifier,p300,tsception,46,final_layer,-1,-1,1,-0.6619332850569215
leave_dataset_out,heldout_dataset=p300,bci2a+seediv,p300,per_dataset_majority,multi-branch fusion-induced reorganization,fusion_classifier,p300,tsception,46,final_layer,-1,-1,1,-0.6619332850569215
leave_dataset_out,heldout_dataset=p300,bci2a+seediv,p300,taxonomy,multi-branch fusion-induced reorganization,fusion_classifier,p300,tsception,46,logits,-1,-1,1,-0.6619332850569215
leave_dataset_out,heldout_dataset=p300,bci2a+seediv,p300,majority_class,multi-branch fusion-induced reorganization,fusion_classifier,p300,tsception,46,logits,-1,-1,1,-0.6619332850569215
leave_dataset_out,heldout_dataset=p300,bci2a+seediv,p300,per_dataset_majority,multi-branch fusion-induced reorganization,fusion_classifier,p300,tsception,46,logits,-1,-1,1,-0.6619332850569215
leave_dataset_out,heldout_dataset=p300,bci2a+seediv,p300,taxonomy,multi-branch fusion-induced reorganization,spatial_asymmetry,p300,tsception,46,spatial_block_1,-1,-1,1,-0.7158453531176383
leave_dataset_out,heldout_dataset=p300,bci2a+seediv,p300,majority_class,multi-branch fusion-induced reorganization,spatial_asymmetry,p300,tsception,46,spatial_block_1,-1,-1,1,-0.7158453531176383
leave_dataset_out,heldout_dataset=p300,bci2a+seediv,p300,per_dataset_majority,multi-branch fusion-induced reorganization,spatial_asymmetry,p300,tsception,46,spatial_block_1,-1,-1,1,-0.7158453531176383
leave_dataset_out,heldout_dataset=p300,bci2a+seediv,p300,taxonomy,multi-branch fusion-induced reorganization,spatial_asymmetry,p300,tsception,46,spatial_block_2,-1,1,0,0.8175098041161932
leave_dataset_out,heldout_dataset=p300,bci2a+seediv,p300,majority_class,multi-branch fusion-induced reorganization,spatial_asymmetry,p300,tsception,46,spatial_block_2,-1,1,0,0.8175098041161932
leave_dataset_out,heldout_dataset=p300,bci2a+seediv,p300,per_dataset_majority,multi-branch fusion-induced reorganization,spatial_asymmetry,p300,tsception,46,spatial_block_2,-1,1,0,0.8175098041161932
leave_dataset_out,heldout_dataset=p300,bci2a+seediv,p300,taxonomy,multi-branch fusion-induced reorganization,temporal_multiscale,p300,tsception,46,temporal_blocks.0,-1,-1,1,-0.6840958700831128
leave_dataset_out,heldout_dataset=p300,bci2a+seediv,p300,majority_class,multi-branch fusion-induced reorganization,temporal_multiscale,p300,tsception,46,temporal_blocks.0,-1,-1,1,-0.6840958700831128
leave_dataset_out,heldout_dataset=p300,bci2a+seediv,p300,per_dataset_majority,multi-branch fusion-induced reorganization,temporal_multiscale,p300,tsception,46,temporal_blocks.0,-1,-1,1,-0.6840958700831128
leave_dataset_out,heldout_dataset=p300,bci2a+seediv,p300,taxonomy,multi-branch fusion-induced reorganization,temporal_multiscale,p300,tsception,46,temporal_blocks.1,-1,1,0,0.20232874573297735
leave_dataset_out,heldout_dataset=p300,bci2a+seediv,p300,majority_class,multi-branch fusion-induced reorganization,temporal_multiscale,p300,tsception,46,temporal_blocks.1,-1,1,0,0.20232874573297735
leave_dataset_out,heldout_dataset=p300,bci2a+seediv,p300,per_dataset_majority,multi-branch fusion-induced reorganization,temporal_multiscale,p300,tsception,46,temporal_blocks.1,-1,1,0,0.20232874573297735
leave_dataset_out,heldout_dataset=p300,bci2a+seediv,p300,taxonomy,multi-branch fusion-induced reorganization,temporal_multiscale,p300,tsception,46,temporal_blocks.2,-1,-1,1,-0.7103986047993411
leave_dataset_out,heldout_dataset=p300,bci2a+seediv,p300,majority_class,multi-branch fusion-induced reorganization,temporal_multiscale,p300,tsception,46,temporal_blocks.2,-1,-1,1,-0.7103986047993411
leave_dataset_out,heldout_dataset=p300,bci2a+seediv,p300,per_dataset_majority,multi-branch fusion-induced reorganization,temporal_multiscale,p300,tsception,46,temporal_blocks.2,-1,-1,1,-0.7103986047993411
