dataset,label_mode,arch,layer,seed,epoch,n_windows,val_acc,raw_odi,anchored_odi,signed_baseline,signed_cross,signed_residual,raw_floor_pairs,anchor_excluded_pairs
sleepedf_full,true,eegnet,conv_temporal,41,0,65,0.2215,0.0003971396755528824,0.000397139675552882,0.0,0.0,-9.579126278355118e-05,0,0
sleepedf_full,true,eegnet,bnorm_1,41,0,65,0.2215,0.00045182217386883843,0.0004518221738688383,0.0,0.0,-9.978598926685461e-05,0,0
sleepedf_full,true,eegnet,conv_spatial,41,0,65,0.2215,0.00045182216894791414,0.000451822168947914,0.0,0.0,-9.97859938233678e-05,0,0
sleepedf_full,true,eegnet,conv_separable_depth,41,0,65,0.2215,0.007885330766462119,0.00788533076646212,0.0,0.0,0.001243553418905162,0,0
sleepedf_full,true,eegnet,bnorm_2,41,0,65,0.2215,0.010134841576080552,0.010134841576080552,0.0,0.0,0.0013894192910891758,0,0
sleepedf_full,true,eegnet,pool_2,41,0,65,0.2215,0.046929892465822395,0.0469298924658224,0.0,0.0,0.028334799276315423,0,0
sleepedf_full,true,eegnet,logits,41,0,65,0.2215,0.38150864290242614,0.38150864290242614,0.0,0.0,0.02832299764854487,0,0
sleepedf_full,true,eegnet,conv_temporal,41,1,65,0.2105,0.0005195261580018456,0.0005195261580018455,0.0,0.0,0.00010311561391148567,0,0
sleepedf_full,true,eegnet,bnorm_1,41,1,65,0.2105,0.3528460452410161,0.00042352265232476876,0.35283167895587875,2.432467961977231e-05,-9.958394482982816e-06,0,0
sleepedf_full,true,eegnet,conv_spatial,41,1,65,0.2105,0.0036989728895751263,0.00042964720777030374,0.0036563668858452607,2.4283070219205864e-06,-7.836293036571502e-05,0,0
sleepedf_full,true,eegnet,conv_separable_depth,41,1,65,0.2105,0.6883137397822555,0.012889832920844621,0.7527540354226895,-0.06544760161340518,0.001007305972971197,0,0
sleepedf_full,true,eegnet,bnorm_2,41,1,65,0.2105,0.7795178070834693,0.015498142405299177,0.8448562261347956,-0.06516253024753141,-0.0001758888037949817,0,0
sleepedf_full,true,eegnet,pool_2,41,1,65,0.2105,0.9077691582782029,0.18564971737314875,1.0055150192495148,-0.09762887198449827,-0.00011698898681521666,0,0
sleepedf_full,true,eegnet,logits,41,1,65,0.2105,0.9922268582145867,0.6649949277965695,1.1933128352247684,-0.19977459753193774,-0.001311379478243689,0,0
sleepedf_full,true,eegnet,conv_temporal,41,2,65,0.3875,0.0005592356534830302,0.0005592356534830304,0.0,0.0,7.383554954957224e-05,0,0
sleepedf_full,true,eegnet,bnorm_1,41,2,65,0.3875,0.2855471676008818,0.0004554111645128829,0.2856155660496452,4.894917402838535e-06,-7.329336616634203e-05,0,0
sleepedf_full,true,eegnet,conv_spatial,41,2,65,0.3875,0.007858793918375906,0.0004744209747446523,0.007853902533857194,1.7265743958115193e-05,-0.00015307985685552333,0,0
sleepedf_full,true,eegnet,conv_separable_depth,41,2,65,0.3875,0.6176304681241148,0.042955135357829556,0.7387552720690957,-0.12730725526486544,0.006182451319884194,0,0
sleepedf_full,true,eegnet,bnorm_2,41,2,65,0.3875,0.6249635903320891,0.057290062078058285,0.702896384671677,-0.07883825200982437,0.0009054576702361139,0,0
sleepedf_full,true,eegnet,pool_2,41,2,65,0.3875,0.8148322080857565,0.32808273887332495,0.9651467368678625,-0.15122638483475037,0.000911856052643901,0,0
sleepedf_full,true,eegnet,logits,41,2,65,0.3875,0.896125453619953,0.7357248129958526,1.4145144791274245,-0.5062798391702027,-0.03136082251030432,0,0
sleepedf_full,true,eegnet,conv_temporal,41,5,65,0.648,0.000737149537509847,0.0007371495375098472,0.0,0.0,-4.229882443025945e-05,0,0
sleepedf_full,true,eegnet,bnorm_1,41,5,65,0.648,0.25576974334567126,0.0006205196675415826,0.2559506682169397,-3.0165971770933728e-05,-0.00015075889949764203,0,0
sleepedf_full,true,eegnet,conv_spatial,41,5,65,0.648,0.008265216939422596,0.0006905850741868181,0.008462738976959075,2.0611884512150517e-05,-0.0003267416475298521,0,0
sleepedf_full,true,eegnet,conv_separable_depth,41,5,65,0.648,0.5503370193188325,0.11758539889797912,0.8030743633282411,-0.287807157421478,0.03506981341206925,0,0
sleepedf_full,true,eegnet,bnorm_2,41,5,65,0.648,0.4438227152193164,0.11733997189979871,0.560152922083717,-0.1394746588847281,0.017798357143163628,0,0
sleepedf_full,true,eegnet,pool_2,41,5,65,0.648,0.6497500390060078,0.30600646762461436,0.8753991850075216,-0.24324406060888876,0.01754955981629234,0,0
sleepedf_full,true,eegnet,logits,41,5,65,0.648,0.8128643261666509,0.7066242277329658,0.9535586334303937,-0.3230871593815224,-0.1424232620857612,0,0
sleepedf_full,true,eegnet,conv_temporal,41,10,65,0.6565,0.0008388690373121576,0.0008388690373121571,0.0,0.0,-2.393307710419483e-05,0,0
sleepedf_full,true,eegnet,bnorm_1,41,10,65,0.6565,0.3680334603375832,0.0007493515450702582,0.3682290150252456,-6.0196282558127786e-05,-0.0001353584051044504,0,0
sleepedf_full,true,eegnet,conv_spatial,41,10,65,0.6565,0.02253660919569639,0.0009310764899882349,0.022899213328532675,2.417923164211335e-05,-0.00040184383372330836,0,0
sleepedf_full,true,eegnet,conv_separable_depth,41,10,65,0.6565,0.6308380044066606,0.1183666532918247,0.8657463458584161,-0.2604386618879335,0.025530320436177898,0,0
sleepedf_full,true,eegnet,bnorm_2,41,10,65,0.6565,0.42575115373591876,0.11106946928269552,0.5410226251044578,-0.14080148464137723,0.021058406499846243,0,0
sleepedf_full,true,eegnet,pool_2,41,10,65,0.6565,0.6558646424356532,0.29471006778355785,0.870491134260205,-0.23300198121735444,0.01837548939280202,0,0
sleepedf_full,true,eegnet,logits,41,10,65,0.6565,0.7716867829773372,0.7107588860831077,0.8529588023967587,-0.18978482039415764,-0.13597596195479522,0,0
sleepedf_full,true,eegnet,conv_temporal,41,20,65,0.6625,0.0008266518896058309,0.0008266518896058304,0.0,0.0,4.9212765999552304e-05,0,0
sleepedf_full,true,eegnet,bnorm_1,41,20,65,0.6625,0.4824981561427544,0.0008280396398729999,0.48268339860876835,-8.053257494379436e-05,-0.00010470989107050054,0,0
sleepedf_full,true,eegnet,conv_spatial,41,20,65,0.6625,0.02141843715549684,0.0010671526617973541,0.02179066739473289,4.377075162120323e-05,-0.0004380910966387921,0,0
sleepedf_full,true,eegnet,conv_separable_depth,41,20,65,0.6625,0.6800909826131739,0.1194718211176425,0.8954118733450332,-0.23442596526740195,0.019105074535542454,0,0
sleepedf_full,true,eegnet,bnorm_2,41,20,65,0.6625,0.3942667393552101,0.10060194250423939,0.5137945280866478,-0.15360300796018758,0.024565612244334418,0,0
sleepedf_full,true,eegnet,pool_2,41,20,65,0.6625,0.6269599924725364,0.26379921882739504,0.8628763235206759,-0.25829148615700936,0.02181368536125249,0,0
sleepedf_full,true,eegnet,logits,41,20,65,0.6625,0.7698986171280874,0.65813093738695,0.8014988321889736,-0.18614778242049793,-0.12844405545051144,0,0
sleepedf_full,true,eegnet,conv_temporal,42,0,65,0.199,0.00031687265045098154,0.0003168726504509817,0.0,0.0,-0.0001312084219968511,0,0
sleepedf_full,true,eegnet,bnorm_1,42,0,65,0.199,0.0003489573134660848,0.0003489573134660849,0.0,0.0,-0.0001144131903787051,0,0
sleepedf_full,true,eegnet,conv_spatial,42,0,65,0.199,0.0003489573144395709,0.0003489573144395708,0.0,0.0,-0.00011441319910324713,0,0
sleepedf_full,true,eegnet,conv_separable_depth,42,0,65,0.199,0.008281713045693445,0.008281713045693447,0.0,0.0,0.0012149795429898034,0,0
sleepedf_full,true,eegnet,bnorm_2,42,0,65,0.199,0.008934156515147586,0.008934156515147586,0.0,0.0,0.000551779264137061,0,0
sleepedf_full,true,eegnet,pool_2,42,0,65,0.199,0.044079822987426936,0.044079822987426936,0.0,0.0,0.013003461211111534,0,0
sleepedf_full,true,eegnet,logits,42,0,65,0.199,0.37639439852428896,0.3763943985242891,0.0,0.0,0.0289093983537485,0,0
sleepedf_full,true,eegnet,conv_temporal,42,1,65,0.2015,0.00044025274891453203,0.0004402527489145323,0.0,0.0,-1.997529449388218e-06,0,0
sleepedf_full,true,eegnet,bnorm_1,42,1,65,0.2015,0.297153713768874,0.00039747630597596485,0.29710307439100075,5.587290821047056e-05,-5.233530337409342e-06,0,0
sleepedf_full,true,eegnet,conv_spatial,42,1,65,0.2015,0.006250149455676265,0.0003954454137362139,0.006286702697269396,-1.815223106135172e-05,-4.149205682508043e-05,0,0
sleepedf_full,true,eegnet,conv_separable_depth,42,1,65,0.2015,0.599886337775407,0.015991305016791614,0.6736844962544221,-0.07618524802846731,0.002387089549451927,0,0
sleepedf_full,true,eegnet,bnorm_2,42,1,65,0.2015,0.7785964394200684,0.015292425497227747,0.8434257583206135,-0.06509783922004102,0.00026852031949588484,0,0
sleepedf_full,true,eegnet,pool_2,42,1,65,0.2015,0.8890406707840454,0.2469888419622025,0.9912053370292397,-0.10257783839419991,0.00041317214900546016,0,0
sleepedf_full,true,eegnet,logits,42,1,65,0.2015,0.9877461274120002,0.7337824358783944,1.1912878005927732,-0.20171987312784204,-0.0018218000529309306,0,0
sleepedf_full,true,eegnet,conv_temporal,42,2,65,0.5165,0.0005623019430391294,0.0005623019430391293,0.0,0.0,1.9060575608955838e-05,0,0
sleepedf_full,true,eegnet,bnorm_1,42,2,65,0.5165,0.30558683911967843,0.00046434425107114147,0.305564475415013,6.08655491681395e-05,-3.850184450295872e-05,0,0
sleepedf_full,true,eegnet,conv_spatial,42,2,65,0.5165,0.005751125656479535,0.00045889450792270027,0.00576377911885932,-3.608762212004329e-06,-7.734152338579495e-05,0,0
sleepedf_full,true,eegnet,conv_separable_depth,42,2,65,0.5165,0.5398742492122339,0.04591484819583814,0.6515093231247142,-0.12215494645555972,0.01051987254307922,0,0
sleepedf_full,true,eegnet,bnorm_2,42,2,65,0.5165,0.6375960713365539,0.05341818884126526,0.7467172846402829,-0.11386703162191505,0.004745818318186115,0,0
sleepedf_full,true,eegnet,pool_2,42,2,65,0.5165,0.7964985957807693,0.32231227377395444,0.9865653606165383,-0.19597594201635588,0.005909177180585938,0,0
sleepedf_full,true,eegnet,logits,42,2,65,0.5165,0.8481528637569256,0.6873631300556169,1.5301835128118078,-0.7227076604314852,-0.030412285668464968,0,0
sleepedf_full,true,eegnet,conv_temporal,42,5,65,0.6135,0.0006775761390313548,0.0006775761390313548,0.0,0.0,-2.1491462879790156e-05,0,0
sleepedf_full,true,eegnet,bnorm_1,42,5,65,0.6135,0.3461165994826111,0.0006491641608952632,0.3461422235939426,6.229234922853753e-05,-8.79164605602571e-05,0,0
sleepedf_full,true,eegnet,conv_spatial,42,5,65,0.6135,0.011629381618552058,0.0006296060680892285,0.01168843176140001,-2.398691686695712e-06,-0.0001337680996735211,0,0
sleepedf_full,true,eegnet,conv_separable_depth,42,5,65,0.6135,0.5379527161591828,0.10070175138165065,0.6962924977787893,-0.18277427168951596,0.024434490069909366,0,0
sleepedf_full,true,eegnet,bnorm_2,42,5,65,0.6135,0.48802230744828196,0.1269154980907737,0.5805625287584332,-0.11950875726484503,0.02237761333445159,0,0
sleepedf_full,true,eegnet,pool_2,42,5,65,0.6135,0.6746572953064811,0.3423153127222078,0.8946996039385664,-0.24026358147464774,0.019632994293229858,0,0
sleepedf_full,true,eegnet,logits,42,5,65,0.6135,0.8098482761709731,0.6767661356843782,1.0409129784233155,-0.3059316691811121,-0.09668824699769143,0,0
sleepedf_full,true,eegnet,conv_temporal,42,10,65,0.618,0.0007247199671709736,0.0007247199671709732,0.0,0.0,-8.467205270585198e-05,0,0
sleepedf_full,true,eegnet,bnorm_1,42,10,65,0.618,0.4586080567286882,0.0006943815489094488,0.4586198556423918,7.815563726765787e-05,-8.99545509713458e-05,0,0
sleepedf_full,true,eegnet,conv_spatial,42,10,65,0.618,0.038920542806904976,0.0007092340068154651,0.03911111760904808,1.52058568759236e-05,-0.0002095460484645594,0,0
sleepedf_full,true,eegnet,conv_separable_depth,42,10,65,0.618,0.5918108615031646,0.0969415085491733,0.769832635889976,-0.19868483353166466,0.020663059144852995,0,0
sleepedf_full,true,eegnet,bnorm_2,42,10,65,0.618,0.4410718073746501,0.1030278315165974,0.5495657892121274,-0.13959823317814687,0.02636108452597076,0,0
sleepedf_full,true,eegnet,pool_2,42,10,65,0.618,0.6720715484057074,0.2807921387122561,0.9134991869557185,-0.26954315567994136,0.0281038514549005,0,0
sleepedf_full,true,eegnet,logits,42,10,65,0.618,0.7874896760966231,0.6635729004091765,0.9437873211731409,-0.20785176363521443,-0.09542692034363623,0,0
sleepedf_full,true,eegnet,conv_temporal,42,20,65,0.6175,0.0007186620731493524,0.0007186620731493521,0.0,0.0,1.7507405029587408e-05,0,0
sleepedf_full,true,eegnet,bnorm_1,42,20,65,0.6175,0.5528173182440271,0.00066067951259426,0.5528012448448645,8.20615991242617e-05,-6.598819996211218e-05,0,0
sleepedf_full,true,eegnet,conv_spatial,42,20,65,0.6175,0.0646248170814384,0.0007269513828764727,0.06479379875173154,1.3396490283631014e-05,-0.00018237816057678477,0,0
sleepedf_full,true,eegnet,conv_separable_depth,42,20,65,0.6175,0.6383380003804486,0.08363472736576483,0.8040598569014545,-0.18029700774428473,0.014575151223278687,0,0
sleepedf_full,true,eegnet,bnorm_2,42,20,65,0.6175,0.38450770221659797,0.08631081847581346,0.48615603146481906,-0.13471278448300242,0.024581184744367164,0,0
sleepedf_full,true,eegnet,pool_2,42,20,65,0.6175,0.6424859458503898,0.25972395484417915,0.8831012014121074,-0.26844018739216263,0.02775386117122932,0,0
sleepedf_full,true,eegnet,logits,42,20,65,0.6175,0.7154173049574821,0.6456917166069726,0.652136514287404,-0.029176837737584147,-0.07152519606908304,0,0
sleepedf_full,true,eegnet,conv_temporal,43,0,65,0.2135,0.0003773847192491332,0.0003773847192491332,0.0,0.0,-0.00018606630779417175,0,0
sleepedf_full,true,eegnet,bnorm_1,43,0,65,0.2135,0.00045482741380552407,0.00045482741380552423,0.0,0.0,-0.00014739395310910857,0,0
sleepedf_full,true,eegnet,conv_spatial,43,0,65,0.2135,0.00045482741883777435,0.000454827418837775,0.0,0.0,-0.0001473939571922007,0,0
sleepedf_full,true,eegnet,conv_separable_depth,43,0,65,0.2135,0.008259672657853668,0.00825967265785367,0.0,0.0,0.0009760215929293769,0,0
sleepedf_full,true,eegnet,bnorm_2,43,0,65,0.2135,0.009974511020903944,0.009974511020903944,0.0,0.0,0.0016864588812625315,0,0
sleepedf_full,true,eegnet,pool_2,43,0,65,0.2135,0.07406241112112176,0.07406241112112176,0.0,0.0,0.05984639397015365,0,0
sleepedf_full,true,eegnet,logits,43,0,65,0.2135,0.37091557176958884,0.37091557176958884,0.0,0.0,-0.005292833065824234,0,0
sleepedf_full,true,eegnet,conv_temporal,43,1,65,0.2825,0.00041034237313439736,0.0004103423731343974,0.0,0.0,-0.0001352240955813482,0,0
sleepedf_full,true,eegnet,bnorm_1,43,1,65,0.2825,0.23948192303343363,0.00044539292063858134,0.23955499303576103,-1.5085092777904305e-05,-5.79849095495908e-05,0,0
sleepedf_full,true,eegnet,conv_spatial,43,1,65,0.2825,0.012991732616658853,0.00045109993367591946,0.013126436424426168,-1.2898625370909316e-05,-0.00014646778782410015,0,0
sleepedf_full,true,eegnet,conv_separable_depth,43,1,65,0.2825,0.6054240993531189,0.019655844598585045,0.7105115021478082,-0.10889260756334099,0.0038052047686516935,0,0
sleepedf_full,true,eegnet,bnorm_2,43,1,65,0.2825,0.8174534993021713,0.02225279753667223,0.8964365146035809,-0.08045104472237981,0.0014680294209699803,0,0
sleepedf_full,true,eegnet,pool_2,43,1,65,0.2825,0.9272896977082646,0.2792416350065844,1.032122090562006,-0.10713856512913741,0.0023061722753952183,0,0
sleepedf_full,true,eegnet,logits,43,1,65,0.2825,0.9150091155007021,0.6031770263940006,1.0975962420792633,-0.1867302455666192,0.0041431189880581885,0,0
sleepedf_full,true,eegnet,conv_temporal,43,2,65,0.4925,0.0004888985055209463,0.0004888985055209464,0.0,0.0,-4.4142809151985736e-05,0,0
sleepedf_full,true,eegnet,bnorm_1,43,2,65,0.4925,0.21607449796119044,0.0004843868548883568,0.21613330823239377,-1.3289256005867353e-05,-4.552101519764873e-05,0,0
sleepedf_full,true,eegnet,conv_spatial,43,2,65,0.4925,0.012658469291198798,0.0005091824778531309,0.01275333920363275,-1.5940818983938135e-05,-0.0001182806621775511,0,0
sleepedf_full,true,eegnet,conv_separable_depth,43,2,65,0.4925,0.5262506415124713,0.06256482734711935,0.7151274432359463,-0.20617570386116535,0.015217470497631103,0,0
sleepedf_full,true,eegnet,bnorm_2,43,2,65,0.4925,0.665920435919775,0.07339518896769383,0.8196954244990788,-0.15969160479235261,0.005916616213048489,0,0
sleepedf_full,true,eegnet,pool_2,43,2,65,0.4925,0.8213747300767106,0.3692945523847257,1.0627692556021178,-0.2525221542687415,0.011127628743333796,0,0
sleepedf_full,true,eegnet,logits,43,2,65,0.4925,0.7175807201370374,0.7385626680020576,0.8902783696497384,-0.3378109317536312,-0.0110866132167829,0,0
sleepedf_full,true,eegnet,conv_temporal,43,5,65,0.5975,0.0006121999522081059,0.0006121999522081061,0.0,0.0,-2.3791442722946212e-06,0,0
sleepedf_full,true,eegnet,bnorm_1,43,5,65,0.5975,0.21501760763964747,0.00053701819895954,0.21511032475271658,-1.6819983773495503e-05,-7.589712929572026e-05,0,0
sleepedf_full,true,eegnet,conv_spatial,43,5,65,0.5975,0.010998302875555064,0.0006118928098327356,0.011095291688438707,-4.5251293749075375e-06,-0.00014020342141179038,0,0
sleepedf_full,true,eegnet,conv_separable_depth,43,5,65,0.5975,0.49943570042043994,0.11231932887251472,0.7275440290259606,-0.26693585388451624,0.03154642443092127,0,0
sleepedf_full,true,eegnet,bnorm_2,43,5,65,0.5975,0.4699856915189735,0.11681275877966847,0.6326007374492176,-0.1913144879995161,0.022734392733084308,0,0
sleepedf_full,true,eegnet,pool_2,43,5,65,0.5975,0.667860736010799,0.37322941060059317,0.9665887885806881,-0.3391731627098343,0.039599691431563735,0,0
sleepedf_full,true,eegnet,logits,43,5,65,0.5975,0.8444593442854396,0.7498225163370369,0.41962938656042326,-0.051664505065269775,-0.047654274924516835,0,0
sleepedf_full,true,eegnet,conv_temporal,43,10,65,0.6365,0.0007164748747413085,0.0007164748747413085,0.0,0.0,-5.3550162646734304e-05,0,0
sleepedf_full,true,eegnet,bnorm_1,43,10,65,0.6365,0.31545749914190874,0.0006258686021123458,0.3155924747134141,-3.727527160986009e-05,-9.770029989553132e-05,0,0
sleepedf_full,true,eegnet,conv_spatial,43,10,65,0.6365,0.006589415821882949,0.0007225543015501574,0.006702924028257247,-1.5566023123916908e-05,-0.00021619304829998583,0,0
sleepedf_full,true,eegnet,conv_separable_depth,43,10,65,0.6365,0.5773950773519443,0.09966774767057442,0.8056166569094662,-0.2521674810856328,0.023862158348642734,0,0
sleepedf_full,true,eegnet,bnorm_2,43,10,65,0.6365,0.45431523536821206,0.07721314747883752,0.6182226653758612,-0.18422280420625994,0.017590577802684502,0,0
sleepedf_full,true,eegnet,pool_2,43,10,65,0.6365,0.6917327304075996,0.2891059283111957,0.997589735784276,-0.33638021042734145,0.030523205050665504,0,0
sleepedf_full,true,eegnet,logits,43,10,65,0.6365,0.7888586615326623,0.6789531350669654,0.7834555540485271,-0.19020239169980557,-0.11876084481723984,0,0
sleepedf_full,true,eegnet,conv_temporal,43,20,65,0.639,0.0007438304275007018,0.0007438304275007023,0.0,0.0,5.334944293573097e-05,0,0
sleepedf_full,true,eegnet,bnorm_1,43,20,65,0.639,0.43565711827454123,0.0007006047623383619,0.4357844270440072,-4.105501907332204e-05,-8.625375039302128e-05,0,0
sleepedf_full,true,eegnet,conv_spatial,43,20,65,0.639,0.04655059925475436,0.0008731659042398459,0.04671535846716558,3.266309503277827e-05,-0.00021838158751454336,0,0
sleepedf_full,true,eegnet,conv_separable_depth,43,20,65,0.639,0.6110267665615332,0.08292268410744456,0.8229296484910782,-0.23021238251651616,0.018309500586971256,0,0
sleepedf_full,true,eegnet,bnorm_2,43,20,65,0.639,0.3864607764120273,0.060218356134786585,0.533808634386203,-0.16591019033437615,0.015280269959440691,0,0
sleepedf_full,true,eegnet,pool_2,43,20,65,0.639,0.6679237205874894,0.2611661076321678,0.9759185794167882,-0.33754831319370754,0.029553454364408142,0,0
sleepedf_full,true,eegnet,logits,43,20,65,0.639,0.7968449834985962,0.6621713786589447,0.6015372021446034,-0.08504365228032229,-0.11973148510880188,0,0
sleepedf_full,true,eegnet,conv_temporal,44,0,65,0.177,0.0004925574512895422,0.000492557451289542,0.0,0.0,-0.00013800709576488988,0,0
sleepedf_full,true,eegnet,bnorm_1,44,0,65,0.177,0.0006497052702118524,0.0006497052702118524,0.0,0.0,-0.00017286389118502737,0,0
sleepedf_full,true,eegnet,conv_spatial,44,0,65,0.177,0.0006497052945337635,0.0006497052945337633,0.0,0.0,-0.00017286386167411706,0,0
sleepedf_full,true,eegnet,conv_separable_depth,44,0,65,0.177,0.007842760352680734,0.007842760352680734,0.0,0.0,0.0013355161817164133,0,0
sleepedf_full,true,eegnet,bnorm_2,44,0,65,0.177,0.009238400085471362,0.009238400085471358,0.0,0.0,0.0013827655121690428,0,0
sleepedf_full,true,eegnet,pool_2,44,0,65,0.177,0.06038987803985617,0.06038987803985618,0.0,0.0,0.026316091081210954,0,0
sleepedf_full,true,eegnet,logits,44,0,65,0.177,0.3634066699775097,0.3634066699775097,0.0,0.0,0.02301375290485813,0,0
sleepedf_full,true,eegnet,conv_temporal,44,1,65,0.2075,0.0006038395524606569,0.000603839552460657,0.0,0.0,2.5203550695899745e-05,0,0
sleepedf_full,true,eegnet,bnorm_1,44,1,65,0.2075,0.36489853891255536,0.0006710187073189829,0.3649393582040639,-5.543469696734632e-05,1.4615405458597093e-05,0,0
sleepedf_full,true,eegnet,conv_spatial,44,1,65,0.2075,0.010347160192796932,0.0006766263439119086,0.010463368422720793,-9.428837189720955e-06,-0.0001310562013570324,0,0
sleepedf_full,true,eegnet,conv_separable_depth,44,1,65,0.2075,0.661724442434585,0.012542171373697408,0.7245527122213884,-0.06361663712126919,0.0007883673344657806,0,0
sleepedf_full,true,eegnet,bnorm_2,44,1,65,0.2075,0.8540270003230163,0.011777141043087747,0.9171463943782056,-0.06336282909913875,0.0002434350439492548,0,0
sleepedf_full,true,eegnet,pool_2,44,1,65,0.2075,0.9232893854868504,0.13412838393826662,1.0102740582478893,-0.0874618089683042,0.00047713620726543975,0,0
sleepedf_full,true,eegnet,logits,44,1,65,0.2075,0.994603323436521,0.553262821285113,1.1380224528493543,-0.14377120837435783,0.00035207896152466943,0,0
sleepedf_full,true,eegnet,conv_temporal,44,2,65,0.428,0.0006353451889217336,0.0006353451889217333,0.0,0.0,7.936243940160617e-05,0,0
sleepedf_full,true,eegnet,bnorm_1,44,2,65,0.428,0.3361808536544384,0.0005976062183227869,0.33622732598429056,-6.0006310409926815e-05,1.3533980557599954e-05,0,0
sleepedf_full,true,eegnet,conv_spatial,44,2,65,0.428,0.011621070812034227,0.0006567577122979423,0.011722402976722812,-4.695532870694375e-06,-0.00012027419665108559,0,0
sleepedf_full,true,eegnet,conv_separable_depth,44,2,65,0.428,0.613831850904891,0.03123849571979134,0.7174104228135222,-0.10675853766894904,0.0031799657603178958,0,0
sleepedf_full,true,eegnet,bnorm_2,44,2,65,0.428,0.7284327776600094,0.029784849665539403,0.820062763738253,-0.09204444215353509,0.00041445607529147586,0,0
sleepedf_full,true,eegnet,pool_2,44,2,65,0.428,0.8217563240635899,0.23549559341592938,0.9846594949511548,-0.1639990257501983,0.001095854862633266,0,0
sleepedf_full,true,eegnet,logits,44,2,65,0.428,0.9556352440588303,0.8861448637158268,1.458770270395321,-0.49753446162993076,-0.005600564706560172,0,0
sleepedf_full,true,eegnet,conv_temporal,44,5,65,0.5525,0.0006731538258783311,0.0006731538258783309,0.0,0.0,-8.578608262156674e-05,0,0
sleepedf_full,true,eegnet,bnorm_1,44,5,65,0.5525,0.28608025303011775,0.000529541310273073,0.2862082336714362,-5.77968215338644e-05,-7.018381978503969e-05,0,0
sleepedf_full,true,eegnet,conv_spatial,44,5,65,0.5525,0.03237268527939685,0.0006273052813856392,0.03252178652249639,-3.7427332543894805e-05,-0.00012314198928104874,0,0
sleepedf_full,true,eegnet,conv_separable_depth,44,5,65,0.5525,0.5514336740648197,0.13265947760342783,0.7747083563215036,-0.2562209177587502,0.03294623550206612,0,0
sleepedf_full,true,eegnet,bnorm_2,44,5,65,0.5525,0.5055352520117152,0.16569211943590056,0.578516247627553,-0.09394400889123718,0.019571345065794256,0,0
sleepedf_full,true,eegnet,pool_2,44,5,65,0.5525,0.6522907233897062,0.36580360759724706,0.799487171435965,-0.16938803775682756,0.0204811690669765,0,0
sleepedf_full,true,eegnet,logits,44,5,65,0.5525,0.7666209051602683,0.7405797286229778,0.913364184866664,-0.18312180662319266,-0.0889485126530588,0,0
sleepedf_full,true,eegnet,conv_temporal,44,10,65,0.6265,0.0007650889484925319,0.0007650889484925322,0.0,0.0,-5.500428225925385e-05,0,0
sleepedf_full,true,eegnet,bnorm_1,44,10,65,0.6265,0.3838434522804423,0.000769509868727121,0.3839957159009414,-5.370790397351287e-05,-9.855571652576362e-05,0,0
sleepedf_full,true,eegnet,conv_spatial,44,10,65,0.6265,0.02684620420868667,0.00085293514920874,0.0269985755858153,1.304614941734032e-05,-0.0002070851644807253,0,0
sleepedf_full,true,eegnet,conv_separable_depth,44,10,65,0.6265,0.6132848092840855,0.12394902833050116,0.8441483757753935,-0.25700267076961486,0.026139104278306843,0,0
sleepedf_full,true,eegnet,bnorm_2,44,10,65,0.6265,0.4536059035366144,0.13444231646578123,0.5539113383512528,-0.1250005349439212,0.024474602619522664,0,0
sleepedf_full,true,eegnet,pool_2,44,10,65,0.6265,0.6474899809634709,0.3022889450191396,0.8470908510087186,-0.2276529838287804,0.02804517289666859,0,0
sleepedf_full,true,eegnet,logits,44,10,65,0.6265,0.7483391289295391,0.6682336244378236,0.81040389346917,-0.12506247277501503,-0.12322336501742925,0,0
sleepedf_full,true,eegnet,conv_temporal,44,20,65,0.6455,0.0008151716475233878,0.0008151716475233877,0.0,0.0,4.8107106120506566e-05,0,0
sleepedf_full,true,eegnet,bnorm_1,44,20,65,0.6455,0.482776294706356,0.0009040855834890595,0.4829235385953681,-6.692286837072219e-05,-8.032102064177051e-05,0,0
sleepedf_full,true,eegnet,conv_spatial,44,20,65,0.6455,0.05514228419738279,0.000974828671007396,0.05530197955485046,3.5191082855673734e-05,-0.00019488644032339083,0,0
sleepedf_full,true,eegnet,conv_separable_depth,44,20,65,0.6455,0.665964190902275,0.11845904500233422,0.8667235951279046,-0.21766465278762656,0.016905248561996825,0,0
sleepedf_full,true,eegnet,bnorm_2,44,20,65,0.6455,0.43882459954524716,0.12459237996742406,0.5434259494792453,-0.127497921339125,0.02247026417457035,0,0
sleepedf_full,true,eegnet,pool_2,44,20,65,0.6455,0.6526435455927657,0.28568737115992715,0.8800753187196503,-0.25017478872529336,0.022743015598408033,0,0
sleepedf_full,true,eegnet,logits,44,20,65,0.6455,0.7533203446773017,0.6424117412904881,0.9351655212716646,-0.2293136609479183,-0.09212363071488212,0,0
sleepedf_full,true,eegnet,conv_temporal,45,0,65,0.1995,0.00039391930694918293,0.00039391930694918277,0.0,0.0,-3.720898761084704e-05,0,0
sleepedf_full,true,eegnet,bnorm_1,45,0,65,0.1995,0.0005921594766833758,0.0005921594766833758,0.0,0.0,-7.54159817764427e-05,0,0
sleepedf_full,true,eegnet,conv_spatial,45,0,65,0.1995,0.000592159455401579,0.0005921594554015791,0.0,0.0,-7.541598635669579e-05,0,0
sleepedf_full,true,eegnet,conv_separable_depth,45,0,65,0.1995,0.009533746331026985,0.009533746331026986,0.0,0.0,0.0018353902799660238,0,0
sleepedf_full,true,eegnet,bnorm_2,45,0,65,0.1995,0.01031505265390356,0.010315052653903561,0.0,0.0,0.0019166197360173806,0,0
sleepedf_full,true,eegnet,pool_2,45,0,65,0.1995,0.08878169483780463,0.08878169483780461,0.0,0.0,0.08162507975879325,0,0
sleepedf_full,true,eegnet,logits,45,0,65,0.1995,0.4064965083416462,0.4064965083416462,0.0,0.0,0.08794155998000584,0,0
sleepedf_full,true,eegnet,conv_temporal,45,1,65,0.2805,0.00044261038946119725,0.0004426103894611971,0.0,0.0,5.566463800871151e-05,0,0
sleepedf_full,true,eegnet,bnorm_1,45,1,65,0.2805,0.3512373093241169,0.0007363321436195085,0.3511749368254514,5.78865955522941e-05,4.4859031127045925e-06,0,0
sleepedf_full,true,eegnet,conv_spatial,45,1,65,0.2805,0.0016883277882318143,0.0007549249220732878,0.0012792178601698163,-3.097158258773359e-07,-2.1221565717830707e-05,0,0
sleepedf_full,true,eegnet,conv_separable_depth,45,1,65,0.2805,0.6429561308879157,0.03300458029046685,0.7688378581392881,-0.13090361303599454,0.005021885784622268,0,0
sleepedf_full,true,eegnet,bnorm_2,45,1,65,0.2805,0.7836423991762601,0.030912488534020115,0.9045124669496418,-0.12291387957235883,0.002043811798977034,0,0
sleepedf_full,true,eegnet,pool_2,45,1,65,0.2805,0.8658218296685671,0.3324244824044536,1.0431570408148583,-0.18075837264038194,0.0034231614940906404,0,0
sleepedf_full,true,eegnet,logits,45,1,65,0.2805,0.9614188500942493,0.7014475801571595,1.731972235675581,-0.8097255101724282,0.01308797423293634,0,0
sleepedf_full,true,eegnet,conv_temporal,45,2,65,0.5205,0.0005050545598206187,0.0005050545598206187,0.0,0.0,6.800446923579876e-05,0,0
sleepedf_full,true,eegnet,bnorm_1,45,2,65,0.5205,0.3256677847069671,0.0006738770185887291,0.32566190074764834,5.141959803518824e-05,-4.553563871691987e-05,0,0
sleepedf_full,true,eegnet,conv_spatial,45,2,65,0.5205,0.0054889397407329645,0.0007675154673494998,0.005385464083606122,-2.3054513007190354e-05,-0.00013773788127240455,0,0
sleepedf_full,true,eegnet,conv_separable_depth,45,2,65,0.5205,0.5962792239358915,0.06016682079589569,0.7415611889663771,-0.1554793224569303,0.0101708127879173,0,0
sleepedf_full,true,eegnet,bnorm_2,45,2,65,0.5205,0.6671494493640225,0.05790526921490661,0.7969430953141865,-0.13140018198749562,0.0015178134342708743,0,0
sleepedf_full,true,eegnet,pool_2,45,2,65,0.5205,0.7665656000674286,0.387993988190287,0.9891737353792662,-0.225945816610718,0.0031735011209012157,0,0
sleepedf_full,true,eegnet,logits,45,2,65,0.5205,0.8862050706427155,0.6646663956761931,1.8666638655904306,-1.248860789069067,-0.010322930205550857,0,0
sleepedf_full,true,eegnet,conv_temporal,45,5,65,0.608,0.0006120892075594577,0.0006120892075594579,0.0,0.0,-4.411914233853182e-05,0,0
sleepedf_full,true,eegnet,bnorm_1,45,5,65,0.608,0.2676899136335451,0.0005899807356592278,0.26778991036152355,1.9517534039844827e-05,-0.00011951426201862256,0,0
sleepedf_full,true,eegnet,conv_spatial,45,5,65,0.608,0.009558124533242004,0.0008580012179629755,0.009688269319177965,-1.1918458451137321e-05,-0.00031295487964794015,0,0
sleepedf_full,true,eegnet,conv_separable_depth,45,5,65,0.608,0.5657625114560425,0.13629592224442902,0.7546124825563203,-0.2242631282132085,0.03541315711293068,0,0
sleepedf_full,true,eegnet,bnorm_2,45,5,65,0.608,0.5549888930508631,0.14404504645859628,0.6516512300636216,-0.11269807190243794,0.015552292885579065,0,0
sleepedf_full,true,eegnet,pool_2,45,5,65,0.608,0.7051047125013837,0.40650535725841724,0.9168206246583067,-0.22536990306926677,0.013653990912343766,0,0
sleepedf_full,true,eegnet,logits,45,5,65,0.608,0.7875020547252491,0.841494661604198,1.1997287178040639,-0.4107311760495347,-0.06737876528159555,0,0
sleepedf_full,true,eegnet,conv_temporal,45,10,65,0.6135,0.0007180076658171386,0.0007180076658171384,0.0,0.0,-0.00013260158671868144,0,0
sleepedf_full,true,eegnet,bnorm_1,45,10,65,0.6135,0.32139960391011907,0.0006942216045795627,0.3215203853721183,2.0140054059673222e-05,-0.0001409215160590784,0,0
sleepedf_full,true,eegnet,conv_spatial,45,10,65,0.6135,0.020268861838494266,0.000995640477772904,0.020613285592425645,-8.508102189974504e-06,-0.0004121589988037805,0,0
sleepedf_full,true,eegnet,conv_separable_depth,45,10,65,0.6135,0.59721490393517,0.15054065319549415,0.8280558088351164,-0.26787399725439776,0.037033092354451035,0,0
sleepedf_full,true,eegnet,bnorm_2,45,10,65,0.6135,0.4800712276326233,0.1434663473946941,0.5754977892225909,-0.12169124971690509,0.023587820690969902,0,0
sleepedf_full,true,eegnet,pool_2,45,10,65,0.6135,0.6545457357333742,0.3402570991013918,0.8726530493103453,-0.2388845078226674,0.02064404548024471,0,0
sleepedf_full,true,eegnet,logits,45,10,65,0.6135,0.7897133078551464,0.7778871960108026,0.944219738046955,-0.28624918686575174,-0.10840651924270236,0,0
sleepedf_full,true,eegnet,conv_temporal,45,20,65,0.6245,0.0008270373974288788,0.0008270373974288791,0.0,0.0,-0.00014730173569548667,0,0
sleepedf_full,true,eegnet,bnorm_1,45,20,65,0.6245,0.42118592345580563,0.0007990169887740526,0.42130558593601397,2.5521528514030497e-06,-0.00012221463306015393,0,0
sleepedf_full,true,eegnet,conv_spatial,45,20,65,0.6245,0.007994927887173058,0.0011780310315907439,0.008144251040593358,1.0638534367815122e-05,-0.0004896895783866997,0,0
sleepedf_full,true,eegnet,conv_separable_depth,45,20,65,0.6245,0.6582236227447554,0.13877145522263443,0.8833851846919031,-0.2501160552070977,0.024954493259949664,0,0
sleepedf_full,true,eegnet,bnorm_2,45,20,65,0.6245,0.4739083411512859,0.1336859325738804,0.6165459662062174,-0.17143286121262027,0.026197400625943976,0,0
sleepedf_full,true,eegnet,pool_2,45,20,65,0.6245,0.6610719155859524,0.28227587838227114,0.950290039312039,-0.3142437944757742,0.024864776569247803,0,0
sleepedf_full,true,eegnet,logits,45,20,65,0.6245,0.7501151455857097,0.6655163840238415,0.7971530247909947,-0.18057857126796986,-0.09050456591428588,0,0
sleepedf_full,true,eegnet,conv_temporal,46,0,65,0.198,0.00041549386955549327,0.00041549386955549327,0.0,0.0,-0.00016950822165815553,0,0
sleepedf_full,true,eegnet,bnorm_1,46,0,65,0.198,0.00048819372776069274,0.00048819372776069274,0.0,0.0,-0.0001438306289293411,0,0
sleepedf_full,true,eegnet,conv_spatial,46,0,65,0.198,0.0004881937243876191,0.0004881937243876193,0.0,0.0,-0.0001438306207690563,0,0
sleepedf_full,true,eegnet,conv_separable_depth,46,0,65,0.198,0.009126539866328918,0.009126539866328918,0.0,0.0,0.001282381531620193,0,0
sleepedf_full,true,eegnet,bnorm_2,46,0,65,0.198,0.011191859501366462,0.011191859501366462,0.0,0.0,0.0018002301984222635,0,0
sleepedf_full,true,eegnet,pool_2,46,0,65,0.198,0.04906537734422059,0.04906537734422059,0.0,0.0,0.01942433831548164,0,0
sleepedf_full,true,eegnet,logits,46,0,65,0.198,0.38121073234331626,0.3812107323433163,0.0,0.0,0.00435807124818845,0,0
sleepedf_full,true,eegnet,conv_temporal,46,1,65,0.266,0.0003442369121444104,0.00034423691214441,0.0,0.0,1.5974855285425446e-05,0,0
sleepedf_full,true,eegnet,bnorm_1,46,1,65,0.266,0.3185360943529152,0.0004169230030200407,0.3183464330074613,0.00016957046278222548,2.009088267156357e-05,0,0
sleepedf_full,true,eegnet,conv_spatial,46,1,65,0.266,0.0016121211674399191,0.00042472004306593603,0.0015163665014655166,-7.127443732927356e-06,2.929401884331711e-06,0,0
sleepedf_full,true,eegnet,conv_separable_depth,46,1,65,0.266,0.557893009946775,0.02202468017494557,0.6820070268521222,-0.1289027714725068,0.004788754567159739,0,0
sleepedf_full,true,eegnet,bnorm_2,46,1,65,0.266,0.5237303158499933,0.014579288981560948,0.5997833487606579,-0.0763835144840708,0.0003162657379086772,0,0
sleepedf_full,true,eegnet,pool_2,46,1,65,0.266,0.695052208241231,0.1430412613545309,0.8555071406137834,-0.16214188933763185,0.001480207096479475,0,0
sleepedf_full,true,eegnet,logits,46,1,65,0.266,0.83133876555168,0.7256612952616407,1.1961854929459736,-0.7273574713897889,0.0022404326379450654,0,0
sleepedf_full,true,eegnet,conv_temporal,46,2,65,0.489,0.0004340758910712082,0.0004340758910712083,0.0,0.0,9.574382453244496e-05,0,0
sleepedf_full,true,eegnet,bnorm_1,46,2,65,0.489,0.27002984444334754,0.00044778904206466705,0.27002680876400587,5.956382799982061e-05,-5.6528148658398855e-05,0,0
sleepedf_full,true,eegnet,conv_spatial,46,2,65,0.489,0.007717993651815689,0.0004421075711621092,0.007797799737570757,2.2032573826101407e-05,-0.00011623755879271534,0,0
sleepedf_full,true,eegnet,conv_separable_depth,46,2,65,0.489,0.5197946542888738,0.05732903713930688,0.6899264472608261,-0.1850981855522366,0.01476132942236639,0,0
sleepedf_full,true,eegnet,bnorm_2,46,2,65,0.489,0.49428937629981634,0.054537825910201496,0.5530782032574314,-0.06750552114900828,0.0005799979747740942,0,0
sleepedf_full,true,eegnet,pool_2,46,2,65,0.489,0.6512401338566262,0.37288098307414563,0.8280411638578639,-0.19856822999642434,-0.0008415548542721489,0,0
sleepedf_full,true,eegnet,logits,46,2,65,0.489,0.8241529984224976,0.7541821040420729,1.0963387032265866,-0.5561500585168271,-0.06291929092457352,0,0
sleepedf_full,true,eegnet,conv_temporal,46,5,65,0.6155,0.0006478866365113508,0.0006478866365113509,0.0,0.0,-1.2443107192943423e-05,0,0
sleepedf_full,true,eegnet,bnorm_1,46,5,65,0.6155,0.24474813510458365,0.0006110410549958681,0.24489951660297296,4.130500445087321e-05,-0.0001926865028402537,0,0
sleepedf_full,true,eegnet,conv_spatial,46,5,65,0.6155,0.011917199325452566,0.0006103423455415688,0.012204303465640763,1.1516397151411678e-05,-0.0003039440233941175,0,0
sleepedf_full,true,eegnet,conv_separable_depth,46,5,65,0.6155,0.5127629535759004,0.10659209541294348,0.757586103596818,-0.28152414047643226,0.03670099045551465,0,0
sleepedf_full,true,eegnet,bnorm_2,46,5,65,0.6155,0.427559011470305,0.10220048897356888,0.4663423038760225,-0.06384744390349252,0.017063299151635635,0,0
sleepedf_full,true,eegnet,pool_2,46,5,65,0.6155,0.6098874962450015,0.3388842079862689,0.7520088168512934,-0.16458713834839558,0.019087618516147545,0,0
sleepedf_full,true,eegnet,logits,46,5,65,0.6155,0.7856923886052741,0.7595550192662412,0.7595047376499002,-0.13039123358965415,-0.12172296873070652,0,0
sleepedf_full,true,eegnet,conv_temporal,46,10,65,0.666,0.0006911177471939116,0.0006911177471939117,0.0,0.0,-5.185520297616018e-07,0,0
sleepedf_full,true,eegnet,bnorm_1,46,10,65,0.666,0.35909699476945933,0.0006640960039778895,0.35922484209534344,2.0593844540127076e-05,-0.00014844117042431338,0,0
sleepedf_full,true,eegnet,conv_spatial,46,10,65,0.666,0.008397997075491001,0.0007007096821414498,0.008664694454636095,-1.2296842492476379e-05,-0.00031964343068763507,0,0
sleepedf_full,true,eegnet,conv_separable_depth,46,10,65,0.666,0.6100547428943053,0.11010685532728101,0.8420296798242837,-0.2576920920701008,0.02571715514012235,0,0
sleepedf_full,true,eegnet,bnorm_2,46,10,65,0.666,0.45645033370689236,0.0893189755122178,0.5144188685467147,-0.07502629114506157,0.01246876730295084,0,0
sleepedf_full,true,eegnet,pool_2,46,10,65,0.666,0.6369561097937874,0.2718213571889747,0.7946004713362596,-0.16821867396111867,0.010519355766127884,0,0
sleepedf_full,true,eegnet,logits,46,10,65,0.666,0.7719414372396598,0.6515410773000672,0.9359167207040086,-0.22665106161913576,-0.08281084252922714,0,0
sleepedf_full,true,eegnet,conv_temporal,46,20,65,0.6665,0.000684895535162985,0.0006848955351629853,0.0,0.0,4.201561092514891e-05,0,0
sleepedf_full,true,eegnet,bnorm_1,46,20,65,0.6665,0.4761120443449739,0.0007241957185186782,0.476198172462332,2.6383115660857056e-05,-0.00011251123301951084,0,0
sleepedf_full,true,eegnet,conv_spatial,46,20,65,0.6665,0.03412655818265808,0.0008206696692220633,0.03446707006554729,-4.224700333952218e-05,-0.00029826487954970246,0,0
sleepedf_full,true,eegnet,conv_separable_depth,46,20,65,0.6665,0.6760632189917799,0.10688337172302631,0.881368706981221,-0.2238028932510664,0.01849740526162543,0,0
sleepedf_full,true,eegnet,bnorm_2,46,20,65,0.6665,0.4626534110258547,0.08508346141565307,0.5649807182213187,-0.11834753980547585,0.015153214590065902,0,0
sleepedf_full,true,eegnet,pool_2,46,20,65,0.6665,0.6655797071375412,0.24066457085857498,0.8955981733967561,-0.24581269362790223,0.01579422736868748,0,0
sleepedf_full,true,eegnet,logits,46,20,65,0.6665,0.7644655043719709,0.5966922103243434,0.9776461952121149,-0.24547668733239889,-0.07636115712868778,0,0
sleepedf_full,true,shallowconvnet,conv_time_spat,41,0,65,0.2,0.0004843683927158363,0.0004843683927158363,0.0,0.0,-0.00022839647900112713,0,0
sleepedf_full,true,shallowconvnet,bnorm,41,0,65,0.2,0.00048436839142843464,0.0004843683914284343,0.0,0.0,-0.0002283964793962383,0,0
sleepedf_full,true,shallowconvnet,conv_nonlin_exp,41,0,65,0.2,0.22451969182301876,0.22451969182301879,0.0,0.0,0.22451969182301876,0,0
sleepedf_full,true,shallowconvnet,pool,41,0,65,0.2,0.5328358771334735,0.5328358771334735,0.0,0.0,0.5328358771334735,0,0
sleepedf_full,true,shallowconvnet,pool_nonlin_exp,41,0,65,0.2,0.9790224324493599,0.9857715069696796,4.5159655483215655,-4.829121826071034,1.2921787101988602,0,0
sleepedf_full,true,shallowconvnet,logits,41,0,65,0.2,0.9673254774338949,0.9785646171754981,4.812043015264915,-5.312127857216441,1.467410319385422,0,0
sleepedf_full,true,shallowconvnet,conv_time_spat,41,1,65,0.5525,0.13066106693683088,0.000547107312880427,0.1308738375159368,-2.576814584047265e-05,-0.00018700243326568195,0,0
sleepedf_full,true,shallowconvnet,bnorm,41,1,65,0.5525,0.005798614788789898,0.0005649448767285314,0.005903683648588141,4.251568324336537e-06,-0.00029365855503251336,0,0
sleepedf_full,true,shallowconvnet,conv_nonlin_exp,41,1,65,0.5525,0.21228138905141722,0.20930748544092284,5.8157333553882776e-05,0.003705591027292026,0.2085176406905713,0,0
sleepedf_full,true,shallowconvnet,pool,41,1,65,0.5525,0.5079882511332561,0.5038637088722525,0.00016756083403783744,0.009676985452732587,0.4981437048464856,0,0
sleepedf_full,true,shallowconvnet,pool_nonlin_exp,41,1,65,0.5525,0.8601665335265943,0.9780256045827141,12.389493102684916,-18.370053906415606,6.840727337257234,0,0
sleepedf_full,true,shallowconvnet,logits,41,1,65,0.5525,0.6630059812269058,0.7763634861471032,4.304065691946079,-5.563085668691855,1.662727785724158,0,0
sleepedf_full,true,shallowconvnet,conv_time_spat,41,2,65,0.5585,0.15592709811660543,0.0005560067995282041,0.15614230806978915,-3.225976757115492e-05,-0.0001829501856130454,0,0
sleepedf_full,true,shallowconvnet,bnorm,41,2,65,0.5585,0.018158554480080153,0.0005630211471530822,0.018385094994466084,1.0084350798912101e-07,-0.0002762419858710689,0,0
sleepedf_full,true,shallowconvnet,conv_nonlin_exp,41,2,65,0.5585,0.21802598659645475,0.20811527158290705,0.0009728105371299572,0.011516788080405528,0.20553638797891927,0,0
sleepedf_full,true,shallowconvnet,pool,41,2,65,0.5585,0.520158452918158,0.5077540568598345,0.002596852465443175,0.02889564186881602,0.48866595858389883,0,0
sleepedf_full,true,shallowconvnet,pool_nonlin_exp,41,2,65,0.5585,0.8537983169236155,0.9730407541438949,12.167711754139317,-18.121259497970076,6.807346060754335,0,0
sleepedf_full,true,shallowconvnet,logits,41,2,65,0.5585,0.7890145191007928,0.535754227674814,2.880251896721047,-3.129321972392672,0.5351063055195822,0,0
sleepedf_full,true,shallowconvnet,conv_time_spat,41,5,65,0.5455,0.22866849177545323,0.0005678772451153289,0.22887666350198582,-4.511802809080042e-05,-0.00016305369844199353,0,0
sleepedf_full,true,shallowconvnet,bnorm,41,5,65,0.5455,0.062499461435102176,0.0005627995585482614,0.06272966611300596,6.019885756937656e-06,-0.00023622456366079495,0,0
sleepedf_full,true,shallowconvnet,conv_nonlin_exp,41,5,65,0.5455,0.22877362714516147,0.19366944124359362,0.006847490557880411,0.036026758054149115,0.18589937853313193,0,0
sleepedf_full,true,shallowconvnet,pool,41,5,65,0.5455,0.5354073402396831,0.4980344753765032,0.015156659514357592,0.0833808865966109,0.4368697941287145,0,0
sleepedf_full,true,shallowconvnet,pool_nonlin_exp,41,5,65,0.5455,0.8456751850030158,0.9545909428520294,8.994776329160803,-12.741333190315707,4.592232046157887,0,0
sleepedf_full,true,shallowconvnet,logits,41,5,65,0.5455,0.7225773440929065,0.7366991588305936,4.903159269031351,-6.13746845916524,1.6920748306102376,0,0
sleepedf_full,true,shallowconvnet,conv_time_spat,41,10,65,0.5675,0.34608788675598595,0.0005643353951542415,0.3463084221092932,-8.828144319678943e-05,-0.00013225391011102133,0,0
sleepedf_full,true,shallowconvnet,bnorm,41,10,65,0.5675,0.16196609438557805,0.0005644129515794536,0.16213380031377375,2.5576230560570714e-05,-0.00019328215875678265,0,0
sleepedf_full,true,shallowconvnet,conv_nonlin_exp,41,10,65,0.5675,0.2556795350009303,0.16561501313551077,0.02916011068424701,0.07606914310318216,0.15045028121350082,0,0
sleepedf_full,true,shallowconvnet,pool,41,10,65,0.5675,0.5692753292018684,0.47859120237569974,0.056172127823971296,0.1660383987033144,0.34706480267458223,0,0
sleepedf_full,true,shallowconvnet,pool_nonlin_exp,41,10,65,0.5675,0.8390513037197687,0.9352710806545104,6.374966645583725,-8.367034269527514,2.8311189276635202,0,0
sleepedf_full,true,shallowconvnet,logits,41,10,65,0.5675,0.7390812069785736,0.9010524167946836,6.408321092035815,-9.177959547636336,3.129203447529932,0,0
sleepedf_full,true,shallowconvnet,conv_time_spat,41,20,65,0.601,0.35596943420390564,0.0005726368071976547,0.35622509141131,-0.00011655541773679989,-0.00013910178966767262,0,0
sleepedf_full,true,shallowconvnet,bnorm,41,20,65,0.601,0.34557950801950893,0.0005759201980368165,0.345707979256073,1.7154732429048877e-05,-0.00014562596899378625,0,0
sleepedf_full,true,shallowconvnet,conv_nonlin_exp,41,20,65,0.601,0.33307151017226494,0.12762793557216395,0.09697575887707693,0.13296489523419433,0.10313085606099313,0,0
sleepedf_full,true,shallowconvnet,pool,41,20,65,0.601,0.6624843777779819,0.46160871274275195,0.16827487499711793,0.2672944187778216,0.2269150840030419,0,0
sleepedf_full,true,shallowconvnet,pool_nonlin_exp,41,20,65,0.601,0.8299153053839992,0.8547526708626189,3.837098983035722,-4.236799732080365,1.2296160544286319,0,0
sleepedf_full,true,shallowconvnet,logits,41,20,65,0.601,0.74614861011967,0.7452494778228969,3.905806323602111,-5.028562716627519,1.4978459212494832,0,0
sleepedf_full,true,shallowconvnet,conv_time_spat,42,0,65,0.204,0.0004605560398689023,0.000460556039868902,0.0,0.0,-0.00022280603432707987,0,0
sleepedf_full,true,shallowconvnet,bnorm,42,0,65,0.204,0.00046055603912263215,0.00046055603912263204,0.0,0.0,-0.00022280602926187863,0,0
sleepedf_full,true,shallowconvnet,conv_nonlin_exp,42,0,65,0.204,0.2129435610949145,0.21294356109491447,0.0,0.0,0.2129435610949145,0,0
sleepedf_full,true,shallowconvnet,pool,42,0,65,0.204,0.5062380468571709,0.506238046857171,0.0,0.0,0.5062380468571709,0,0
sleepedf_full,true,shallowconvnet,pool_nonlin_exp,42,0,65,0.204,0.9771854975709814,0.9849471365559188,4.618817320921105,-4.987289575887962,1.3456577525378697,0,0
sleepedf_full,true,shallowconvnet,logits,42,0,65,0.204,0.9447770306618398,0.9715503623650186,5.115556896328986,-5.8357377808074125,1.6649579151402665,0,0
sleepedf_full,true,shallowconvnet,conv_time_spat,42,1,65,0.548,0.0793737897487888,0.0005744528423423181,0.07956647633560861,3.085795578666335e-05,-0.00022354454260657873,0,0
sleepedf_full,true,shallowconvnet,bnorm,42,1,65,0.548,0.006333679362255469,0.0005595047310735057,0.006473589236559132,-1.0523955632768897e-05,-0.000281246638536683,0,0
sleepedf_full,true,shallowconvnet,conv_nonlin_exp,42,1,65,0.548,0.21060321779818444,0.20768333092516555,9.116122763703141e-05,0.003768872771219189,0.20674318379932818,0,0
sleepedf_full,true,shallowconvnet,pool,42,1,65,0.548,0.5080678164573674,0.5049905263903751,0.0002586571049682091,0.009917736767884482,0.4978914225845147,0,0
sleepedf_full,true,shallowconvnet,pool_nonlin_exp,42,1,65,0.548,0.8715310754678676,0.9778786368605247,11.718118226327666,-17.22360199132343,6.377014840463605,0,0
sleepedf_full,true,shallowconvnet,logits,42,1,65,0.548,0.5785353138379393,0.7514063838890581,4.3188577168518005,-5.745372779404908,1.837181015560449,0,0
sleepedf_full,true,shallowconvnet,conv_time_spat,42,2,65,0.557,0.13618734638748994,0.0005977603313138026,0.13638104584524544,1.5673556129310487e-05,-0.00020937301388507284,0,0
sleepedf_full,true,shallowconvnet,bnorm,42,2,65,0.557,0.010682453872281835,0.000584377225171855,0.01086216299479674,1.0135540050758864e-06,-0.00029199184438868497,0,0
sleepedf_full,true,shallowconvnet,conv_nonlin_exp,42,2,65,0.557,0.21165806061191877,0.20643164046228993,0.00023359987054548346,0.006551073097861971,0.2048733876435113,0,0
sleepedf_full,true,shallowconvnet,pool,42,2,65,0.557,0.507370126964198,0.5016489380290501,0.0006475691868706293,0.01705580338820638,0.489666754389121,0,0
sleepedf_full,true,shallowconvnet,pool_nonlin_exp,42,2,65,0.557,0.8631046212324961,0.9735614108723039,11.391347913306262,-16.686107723358184,6.157864431284331,0,0
sleepedf_full,true,shallowconvnet,logits,42,2,65,0.557,0.6406420842898972,0.9459425995665387,10.74240513999829,-15.973255685546883,5.751469027954911,0,0
sleepedf_full,true,shallowconvnet,conv_time_spat,42,5,65,0.5835,0.19001235243123826,0.0006030127653264487,0.19020438370458423,-2.72392824218012e-07,-0.00019175888052195173,0,0
sleepedf_full,true,shallowconvnet,bnorm,42,5,65,0.5835,0.059822448311705516,0.0005906190124080216,0.06005871044986377,1.378407925469282e-05,-0.00025004621741308707,0,0
sleepedf_full,true,shallowconvnet,conv_nonlin_exp,42,5,65,0.5835,0.21964031767070308,0.18833032544094078,0.005142906389467961,0.033084918714474276,0.18141249256676076,0,0
sleepedf_full,true,shallowconvnet,pool,42,5,65,0.5835,0.5184674279738447,0.48712026508020745,0.011735814336978017,0.07842252639800118,0.4283090872388654,0,0
sleepedf_full,true,shallowconvnet,pool_nonlin_exp,42,5,65,0.5835,0.8508684927011541,0.9501700979850318,8.248552824559853,-11.464046276642822,4.06636194478408,0,0
sleepedf_full,true,shallowconvnet,logits,42,5,65,0.5835,0.6821651974285843,0.8345664900466123,7.463408866755829,-10.626088191703142,3.5726055558956373,0,0
sleepedf_full,true,shallowconvnet,conv_time_spat,42,10,65,0.5645,0.3515528405851833,0.0005948880193751305,0.35171316638604216,-1.4995415788189973e-05,-0.0001453303850712343,0,0
sleepedf_full,true,shallowconvnet,bnorm,42,10,65,0.5645,0.16525514955793066,0.0005745177759778437,0.1654192325432258,3.603715743632486e-05,-0.00020012014273186173,0,0
sleepedf_full,true,shallowconvnet,conv_nonlin_exp,42,10,65,0.5645,0.2500578775422569,0.16063746227596584,0.025970229903569297,0.07755326198215882,0.14653438565652863,0,0
sleepedf_full,true,shallowconvnet,pool,42,10,65,0.5645,0.5598523651081213,0.4676848808251637,0.05112159596349747,0.17083514013941767,0.3378956290052054,0,0
sleepedf_full,true,shallowconvnet,pool_nonlin_exp,42,10,65,0.5645,0.8478259795084993,0.8911803470566911,4.890229143105756,-5.818646113784606,1.776242950187311,0,0
sleepedf_full,true,shallowconvnet,logits,42,10,65,0.5645,0.6535248930741332,0.5103858937622716,3.487773715747386,-4.176458781265135,1.1619388380953406,0,0
sleepedf_full,true,shallowconvnet,conv_time_spat,42,20,65,0.5945,0.4479863708946482,0.0005551894085589071,0.448169349070781,-6.89083763219361e-05,-0.00011406979981109665,0,0
sleepedf_full,true,shallowconvnet,bnorm,42,20,65,0.5945,0.3617337292723959,0.0005444734406369393,0.36181014967572805,5.653882777266513e-05,-0.00013295923110567435,0,0
sleepedf_full,true,shallowconvnet,conv_nonlin_exp,42,20,65,0.5945,0.3263277931768756,0.11871340920032313,0.09290557251322647,0.13683134220416296,0.09659087845948577,0,0
sleepedf_full,true,shallowconvnet,pool,42,20,65,0.5945,0.6560382263647108,0.43958343791371723,0.16452079505800957,0.27823494079095973,0.21328249051574077,0,0
sleepedf_full,true,shallowconvnet,pool_nonlin_exp,42,20,65,0.5945,0.8346629022616019,0.8574322678703039,3.5275209201650473,-3.752234505697569,1.0593764877941079,0,0
sleepedf_full,true,shallowconvnet,logits,42,20,65,0.5945,0.6366985822942511,0.8373410097111861,5.207536017937529,-8.107451475465586,3.1144922958539913,0,0
sleepedf_full,true,shallowconvnet,conv_time_spat,43,0,65,0.2005,0.000496340804973199,0.0004963408049731988,0.0,0.0,-0.00024967086669648684,0,0
sleepedf_full,true,shallowconvnet,bnorm,43,0,65,0.2005,0.0004963408097755826,0.0004963408097755827,0.0,0.0,-0.000249670865765501,0,0
sleepedf_full,true,shallowconvnet,conv_nonlin_exp,43,0,65,0.2005,0.20418343683010515,0.20418343683010515,0.0,0.0,0.20418343683010515,0,0
sleepedf_full,true,shallowconvnet,pool,43,0,65,0.2005,0.49092736017522837,0.4909273601752283,0.0,0.0,0.49092736017522837,0,0
sleepedf_full,true,shallowconvnet,pool_nonlin_exp,43,0,65,0.2005,0.9807501740899984,0.9852421111220556,4.484666275241529,-4.783518004025287,1.2796019028737864,0,0
sleepedf_full,true,shallowconvnet,logits,43,0,65,0.2005,0.9855177629416912,0.9876443410986112,4.407868027421944,-4.656460693066374,1.2341104285861202,0,0
sleepedf_full,true,shallowconvnet,conv_time_spat,43,1,65,0.562,0.04507248763057254,0.000544283317348718,0.04531790117010911,-9.49866607587218e-06,-0.0002359148734607631,0,0
sleepedf_full,true,shallowconvnet,bnorm,43,1,65,0.562,0.008694105431682465,0.0005416017371649373,0.00887583081389225,-1.3104515345134277e-06,-0.0002760895725946281,0,0
sleepedf_full,true,shallowconvnet,conv_nonlin_exp,43,1,65,0.562,0.19428505027892526,0.19021334408933901,0.00017493439050184824,0.004907021207494257,0.18920309468092913,0,0
sleepedf_full,true,shallowconvnet,pool,43,1,65,0.562,0.4707732625951406,0.46495028085515067,0.00047826594239559604,0.012752845407519392,0.4575421512452255,0,0
sleepedf_full,true,shallowconvnet,pool_nonlin_exp,43,1,65,0.562,0.865931938888927,0.979491113176064,12.734321708025707,-19.015490697587584,7.1471009284507385,0,0
sleepedf_full,true,shallowconvnet,logits,43,1,65,0.562,0.7090405053033996,0.9265763676400639,8.116169098988935,-11.611196942739006,3.922972407518965,0,0
sleepedf_full,true,shallowconvnet,conv_time_spat,43,2,65,0.568,0.12622606772457767,0.0005521958214603535,0.12643211277415295,-9.461896119763065e-06,-0.00019658315345562002,0,0
sleepedf_full,true,shallowconvnet,bnorm,43,2,65,0.568,0.012385241311135727,0.0005482776670092274,0.012587121822202636,6.309302281963439e-06,-0.0002799906599391406,0,0
sleepedf_full,true,shallowconvnet,conv_nonlin_exp,43,2,65,0.568,0.2059357348350512,0.19953199627822069,0.00024117271666573048,0.0076717773080215,0.19802278481036398,0,0
sleepedf_full,true,shallowconvnet,pool,43,2,65,0.568,0.4991738267759007,0.4898285999445569,0.0006520567904349684,0.019828676819505963,0.4786930931659598,0,0
sleepedf_full,true,shallowconvnet,pool_nonlin_exp,43,2,65,0.568,0.8614104817712196,0.9669834072276966,10.100966052388111,-14.441371749220078,5.2018161786031705,0,0
sleepedf_full,true,shallowconvnet,logits,43,2,65,0.568,0.7297629143669802,0.8885452807657416,7.305161298060574,-10.249387253082439,3.376301038319009,0,0
sleepedf_full,true,shallowconvnet,conv_time_spat,43,5,65,0.6285,0.20500489785535364,0.0005712561826767494,0.20517967138560697,1.089681190514347e-05,-0.00018567034215876834,0,0
sleepedf_full,true,shallowconvnet,bnorm,43,5,65,0.6285,0.04527841017503849,0.0005512066803455845,0.04553706034639674,2.0663846431451934e-06,-0.000260716556001429,0,0
sleepedf_full,true,shallowconvnet,conv_nonlin_exp,43,5,65,0.6285,0.21269635269977566,0.18785605929189675,0.0041929504198025816,0.026763556798631835,0.1817398454813412,0,0
sleepedf_full,true,shallowconvnet,pool,43,5,65,0.6285,0.5069823562403584,0.48295663554656926,0.0097301305215628,0.06484403047103494,0.43240819524776064,0,0
sleepedf_full,true,shallowconvnet,pool_nonlin_exp,43,5,65,0.6285,0.8357168990763079,0.9582308616938838,9.144681373963527,-12.909697953324141,4.6007334784368865,0,0
sleepedf_full,true,shallowconvnet,logits,43,5,65,0.6285,0.7389963913632683,0.9406921200307199,12.268258454363453,-18.907116025815387,7.090598525155155,0,0
sleepedf_full,true,shallowconvnet,conv_time_spat,43,10,65,0.537,0.20305305160979084,0.0005617275724601307,0.20321309840715437,2.652519630595316e-05,-0.00018657199366986076,0,0
sleepedf_full,true,shallowconvnet,bnorm,43,10,65,0.537,0.14944174406869679,0.0005368536429469096,0.14962343703641942,2.1030634531981324e-05,-0.000202723602254942,0,0
sleepedf_full,true,shallowconvnet,conv_nonlin_exp,43,10,65,0.537,0.250852889023763,0.16474653063367556,0.027250040299637825,0.07380254749336529,0.14980030123075955,0,0
sleepedf_full,true,shallowconvnet,pool,43,10,65,0.537,0.5621829137623613,0.48218741529045794,0.053079998414095796,0.1628780713234001,0.3462248440248651,0,0
sleepedf_full,true,shallowconvnet,pool_nonlin_exp,43,10,65,0.537,0.8389910067709139,0.9330820893717241,6.2629059922359005,-8.073711091644684,2.649796106179658,0,0
sleepedf_full,true,shallowconvnet,logits,43,10,65,0.537,0.6653573970629711,0.9246617909606653,7.474377572163899,-10.71001456293765,3.7001489846003337,0,0
sleepedf_full,true,shallowconvnet,conv_time_spat,43,20,65,0.617,0.2787221190473756,0.0005518092893687539,0.2788674335803254,2.3186148600314818e-05,-0.00016850068155078275,0,0
sleepedf_full,true,shallowconvnet,bnorm,43,20,65,0.617,0.3128142141078464,0.0005314731550362434,0.3129304256840596,4.016844489089835e-05,-0.00015638002110508084,0,0
sleepedf_full,true,shallowconvnet,conv_nonlin_exp,43,20,65,0.617,0.3135544818905478,0.12908463434932804,0.08190686985463616,0.1252277567060466,0.10641985532986456,0,0
sleepedf_full,true,shallowconvnet,pool,43,20,65,0.617,0.6359738061486135,0.46133764996855164,0.1447189566454451,0.2556327822141428,0.23562206728902516,0,0
sleepedf_full,true,shallowconvnet,pool_nonlin_exp,43,20,65,0.617,0.8227807852217711,0.9083732458211058,5.0593604566871555,-6.2424960165666095,2.0059163451012205,0,0
sleepedf_full,true,shallowconvnet,logits,43,20,65,0.617,0.7509408864003861,0.9796736196280422,12.12086849157964,-19.32915001788322,7.610186677041583,0,0
sleepedf_full,true,shallowconvnet,conv_time_spat,44,0,65,0.2,0.0005265010516449415,0.0005265010516449412,0.0,0.0,-0.0002608116612536129,0,0
sleepedf_full,true,shallowconvnet,bnorm,44,0,65,0.2,0.0005265010528379717,0.0005265010528379716,0.0,0.0,-0.00026081166114184104,0,0
sleepedf_full,true,shallowconvnet,conv_nonlin_exp,44,0,65,0.2,0.23001621699047659,0.23001621699047659,0.0,0.0,0.23001621699047659,0,0
sleepedf_full,true,shallowconvnet,pool,44,0,65,0.2,0.5531014524912395,0.5531014524912395,0.0,0.0,0.5531014524912395,0,0
sleepedf_full,true,shallowconvnet,pool_nonlin_exp,44,0,65,0.2,0.9804461366443027,0.9860058641931337,4.495336353737359,-4.797064238219614,1.2821740211265886,0,0
sleepedf_full,true,shallowconvnet,logits,44,0,65,0.2,0.9722127834064762,0.9791920509058061,4.372631210834447,-4.640182679087284,1.2397642516593146,0,0
sleepedf_full,true,shallowconvnet,conv_time_spat,44,1,65,0.526,0.14566293435318092,0.0005669556631995101,0.145848962406246,1.0592160477420418e-05,-0.00019662021354269332,0,0
sleepedf_full,true,shallowconvnet,bnorm,44,1,65,0.526,0.007379797252511966,0.0005396062583396312,0.0074834093982264335,7.420014582583633e-06,-0.0002802532810087128,0,0
sleepedf_full,true,shallowconvnet,conv_nonlin_exp,44,1,65,0.526,0.2225798358465986,0.2186735174157044,0.00016255839879236072,0.005024456972485803,0.21739282047532046,0,0
sleepedf_full,true,shallowconvnet,pool,44,1,65,0.526,0.5373670066159353,0.5334963440036962,0.0004599795622075281,0.013135238740319667,0.5237717883134081,0,0
sleepedf_full,true,shallowconvnet,pool_nonlin_exp,44,1,65,0.526,0.868307745749593,0.9805221883299918,13.140475882158974,-19.710403969443313,7.438235833033877,0,0
sleepedf_full,true,shallowconvnet,logits,44,1,65,0.526,0.6294482500199557,0.8676584799784796,6.1261415982093155,-8.855393525003104,3.2342805329221562,0,0
sleepedf_full,true,shallowconvnet,conv_time_spat,44,2,65,0.597,0.26540504762431016,0.0005695225092033503,0.2655465779708167,1.3231991084392463e-05,-0.00015476233759128614,0,0
sleepedf_full,true,shallowconvnet,bnorm,44,2,65,0.597,0.007823848950413652,0.0005498671633557139,0.007945547732988112,7.713362464397937e-06,-0.00028595439319616925,0,0
sleepedf_full,true,shallowconvnet,conv_nonlin_exp,44,2,65,0.597,0.2191465915081999,0.21518862263294808,0.00022988402374366138,0.005053356996306544,0.21386335048814964,0,0
sleepedf_full,true,shallowconvnet,pool,44,2,65,0.597,0.5264485419482526,0.5226327269364374,0.000637135761883196,0.013136004772175537,0.512675401414194,0,0
sleepedf_full,true,shallowconvnet,pool_nonlin_exp,44,2,65,0.597,0.8629835839654456,0.9803870523737088,13.48520573191244,-20.34466113821599,7.722438990268908,0,0
sleepedf_full,true,shallowconvnet,logits,44,2,65,0.597,0.6496548586224772,0.5837093130872423,2.755941420125062,-3.832622055435939,1.2913150784502048,0,0
sleepedf_full,true,shallowconvnet,conv_time_spat,44,5,65,0.6025,0.35472848710357757,0.0005416935496027918,0.3548592039476653,-6.6923409808411235e-06,-0.00012402450310711394,0,0
sleepedf_full,true,shallowconvnet,bnorm,44,5,65,0.6025,0.050607524527933906,0.0005298237600676059,0.0508218755266231,1.4429049616515286e-05,-0.00022878004830584705,0,0
sleepedf_full,true,shallowconvnet,conv_nonlin_exp,44,5,65,0.6025,0.22624655337075744,0.1981250057205601,0.004527885523996556,0.030667457992005147,0.19105120985475568,0,0
sleepedf_full,true,shallowconvnet,pool,44,5,65,0.6025,0.5339817687866945,0.5111274591385072,0.01053542508346252,0.07305589003414482,0.4503904536690868,0,0
sleepedf_full,true,shallowconvnet,pool_nonlin_exp,44,5,65,0.6025,0.8548940986653225,0.9540728842678816,8.383679427036256,-11.601137476873195,4.072352148502246,0,0
sleepedf_full,true,shallowconvnet,logits,44,5,65,0.6025,0.6482790278603023,0.9001725311454829,7.289203174452068,-11.052148701032362,4.079347487686353,0,0
sleepedf_full,true,shallowconvnet,conv_time_spat,44,10,65,0.5995,0.41897639142183696,0.0005303291369456115,0.4191209733854833,-3.3773263646154e-05,-0.00011080870000067605,0,0
sleepedf_full,true,shallowconvnet,bnorm,44,10,65,0.5995,0.1626580909520674,0.0005215237639382827,0.16283600824785618,3.2381793993700485e-06,-0.00018115547518851956,0,0
sleepedf_full,true,shallowconvnet,conv_nonlin_exp,44,10,65,0.5995,0.25318811438688804,0.1621358548125955,0.026543600585953495,0.07973927183794308,0.14690524196299126,0,0
sleepedf_full,true,shallowconvnet,pool,44,10,65,0.5995,0.5689603330173006,0.48877608300571185,0.05262815453032162,0.17665518131352992,0.3396769971734487,0,0
sleepedf_full,true,shallowconvnet,pool_nonlin_exp,44,10,65,0.5995,0.8424877371706831,0.9203748397312028,5.919505611641623,-7.57819521176917,2.5011773372981962,0,0
sleepedf_full,true,shallowconvnet,logits,44,10,65,0.5995,0.6873353338665041,0.9519418187998709,11.695894554165541,-18.214900780297075,6.939526726243761,0,0
sleepedf_full,true,shallowconvnet,conv_time_spat,44,20,65,0.581,0.4817877746647637,0.0005179842776577464,0.4819523630423089,-6.666804478198379e-05,-9.792033276381471e-05,0,0
sleepedf_full,true,shallowconvnet,bnorm,44,20,65,0.581,0.3361584517143737,0.0005187521941311416,0.3362839599710358,7.249196685951648e-06,-0.00013275745334899203,0,0
sleepedf_full,true,shallowconvnet,conv_nonlin_exp,44,20,65,0.581,0.31714363410331065,0.12120554787286111,0.08488008625114288,0.13303005890026243,0.09923348895190477,0,0
sleepedf_full,true,shallowconvnet,pool,44,20,65,0.581,0.6417230384860261,0.44901851323316816,0.15092704077846825,0.2711049337792178,0.21969106392833943,0,0
sleepedf_full,true,shallowconvnet,pool_nonlin_exp,44,20,65,0.581,0.8262532310255105,0.8721692474707443,4.109113603553135,-4.641209737258038,1.3583493647303948,0,0
sleepedf_full,true,shallowconvnet,logits,44,20,65,0.581,0.7301817763835879,0.9598809669834731,9.8811318502774,-14.368399656562397,5.019458578041684,0,0
sleepedf_full,true,shallowconvnet,conv_time_spat,45,0,65,0.2005,0.0004550617217845592,0.0004550617217845593,0.0,0.0,-0.00021824213824840497,0,0
sleepedf_full,true,shallowconvnet,bnorm,45,0,65,0.2005,0.0004550617254358516,0.0004550617254358517,0.0,0.0,-0.00021824213951602552,0,0
sleepedf_full,true,shallowconvnet,conv_nonlin_exp,45,0,65,0.2005,0.22311866012167694,0.22311866012167694,0.0,0.0,0.22311866012167694,0,0
sleepedf_full,true,shallowconvnet,pool,45,0,65,0.2005,0.5374173866575871,0.5374173866575871,0.0,0.0,0.5374173866575871,0,0
sleepedf_full,true,shallowconvnet,pool_nonlin_exp,45,0,65,0.2005,0.980664346020873,0.9861605662782825,4.565996360712566,-4.905974783482397,1.3206427687907358,0,0
sleepedf_full,true,shallowconvnet,logits,45,0,65,0.2005,0.9860718186011359,0.9901875362732941,4.385215664955812,-4.619970829805441,1.2208269834507648,0,0
sleepedf_full,true,shallowconvnet,conv_time_spat,45,1,65,0.565,0.10170275351833424,0.0005129682284224195,0.10185299682854834,2.7954870227446144e-05,-0.00017819818044179003,0,0
sleepedf_full,true,shallowconvnet,bnorm,45,1,65,0.565,0.00850725264642143,0.000531171609907699,0.008676303572298087,5.445155975414323e-06,-0.00027049956743476893,0,0
sleepedf_full,true,shallowconvnet,conv_nonlin_exp,45,1,65,0.565,0.2144598275633657,0.2101283702299561,0.00015551786454436227,0.005328748924214638,0.20897556077460674,0,0
sleepedf_full,true,shallowconvnet,pool,45,1,65,0.565,0.5178867006829365,0.5122136886875882,0.0004423232232400598,0.013923106817017687,0.5035212706426787,0,0
sleepedf_full,true,shallowconvnet,pool_nonlin_exp,45,1,65,0.565,0.8668544146860163,0.9746645855049906,11.730200881854946,-17.27928539181242,6.415938924643432,0,0
sleepedf_full,true,shallowconvnet,logits,45,1,65,0.565,0.7910544875934482,0.6960525149810883,5.736069852286668,-7.6730450960952465,2.2826604286246464,0,0
sleepedf_full,true,shallowconvnet,conv_time_spat,45,2,65,0.5845,0.15637729517990037,0.0005296697304173534,0.15651655259813216,3.136619302019186e-05,-0.00017062361125223474,0,0
sleepedf_full,true,shallowconvnet,bnorm,45,2,65,0.5845,0.011658417853141392,0.0005431187951648697,0.011859708138568814,8.168922081772433e-06,-0.00027873808595084925,0,0
sleepedf_full,true,shallowconvnet,conv_nonlin_exp,45,2,65,0.5845,0.2157951482138238,0.20994489556886967,0.0003085341278198091,0.006868945689238179,0.2086176683967658,0,0
sleepedf_full,true,shallowconvnet,pool,45,2,65,0.5845,0.5186121315697019,0.5099013608901284,0.0008599610484645757,0.017662555825558566,0.5000896146956788,0,0
sleepedf_full,true,shallowconvnet,pool_nonlin_exp,45,2,65,0.5845,0.864443304408556,0.9700842163563987,11.433121933781523,-16.81834012920936,6.249661499836369,0,0
sleepedf_full,true,shallowconvnet,logits,45,2,65,0.5845,0.6950829782356198,0.6945637708939072,3.9681313497494872,-5.1292908173403,1.5952398302321729,0,0
sleepedf_full,true,shallowconvnet,conv_time_spat,45,5,65,0.573,0.2893514957492456,0.000547053072229434,0.28948740415303914,5.352078659530217e-06,-0.000141260482453511,0,0
sleepedf_full,true,shallowconvnet,bnorm,45,5,65,0.573,0.0463603600213502,0.0005494636514323649,0.0465930471699816,2.3455027122013496e-05,-0.00025614217575351537,0,0
sleepedf_full,true,shallowconvnet,conv_nonlin_exp,45,5,65,0.573,0.22227183207334467,0.19692549263346748,0.0031889372946781605,0.027900083956878666,0.19118281082178779,0,0
sleepedf_full,true,shallowconvnet,pool,45,5,65,0.573,0.5285667151658819,0.500248543839993,0.007551536385762866,0.06716314131813719,0.4538520374619818,0,0
sleepedf_full,true,shallowconvnet,pool_nonlin_exp,45,5,65,0.573,0.8533519201263691,0.9505363512070666,8.077098010712655,-11.10826216602663,3.884516075440318,0,0
sleepedf_full,true,shallowconvnet,logits,45,5,65,0.573,0.6912006923898609,0.7030821215322738,4.093366112007978,-5.070489990056495,1.4309305629999824,0,0
sleepedf_full,true,shallowconvnet,conv_time_spat,45,10,65,0.582,0.36565207628910934,0.0005485166700192258,0.36576928359791017,9.556617400462879e-06,-0.00012676392620239126,0,0
sleepedf_full,true,shallowconvnet,bnorm,45,10,65,0.582,0.15965474772364166,0.0005516605520383461,0.15980420208623247,4.768274342175069e-05,-0.00019713710601294683,0,0
sleepedf_full,true,shallowconvnet,conv_nonlin_exp,45,10,65,0.582,0.25325623026023103,0.16502323468819435,0.024923776483277912,0.07760789998319266,0.15072455379376026,0,0
sleepedf_full,true,shallowconvnet,pool,45,10,65,0.582,0.5707740375245046,0.4768185591540075,0.04922431696964399,0.171800200104101,0.3497495204507592,0,0
sleepedf_full,true,shallowconvnet,pool_nonlin_exp,45,10,65,0.582,0.8460112473340867,0.9014955403495165,4.998612174219734,-6.018151801277165,1.865550874391498,0,0
sleepedf_full,true,shallowconvnet,logits,45,10,65,0.582,0.6992322184429488,0.4677667999650988,1.7119200394138376,-1.5912716787993186,0.2251622508274926,0,0
sleepedf_full,true,shallowconvnet,conv_time_spat,45,20,65,0.6,0.5057696114618595,0.0005345453071411561,0.5058428353508353,2.4888032564085654e-05,-9.811192154084466e-05,0,0
sleepedf_full,true,shallowconvnet,bnorm,45,20,65,0.6,0.3330701878745619,0.0005365467702708593,0.3331407474192669,7.43839054564828e-05,-0.0001449434501621915,0,0
sleepedf_full,true,shallowconvnet,conv_nonlin_exp,45,20,65,0.6,0.3208916403475164,0.12723722890246897,0.08662840377101143,0.12993349028343268,0.10432974629307176,0,0
sleepedf_full,true,shallowconvnet,pool,45,20,65,0.6,0.6502311809959161,0.4522498779554788,0.15360867588738858,0.26549040583389627,0.23113209927463008,0,0
sleepedf_full,true,shallowconvnet,pool_nonlin_exp,45,20,65,0.6,0.832243340517111,0.8600584199151129,3.7142622944269745,-4.012883636146091,1.1308646822362156,0,0
sleepedf_full,true,shallowconvnet,logits,45,20,65,0.6,0.7758146407885413,0.8681327727134508,5.406339272829016,-6.8600546607787125,1.9640293290668431,0,0
sleepedf_full,true,shallowconvnet,conv_time_spat,46,0,65,0.199,0.0004694479512672569,0.00046944795126725703,0.0,0.0,-0.00022921988285416427,0,0
sleepedf_full,true,shallowconvnet,bnorm,46,0,65,0.199,0.0004694479464083292,0.0004694479464083291,0.0,0.0,-0.00022921988421245034,0,0
sleepedf_full,true,shallowconvnet,conv_nonlin_exp,46,0,65,0.199,0.21542635439789987,0.21542635439789987,0.0,0.0,0.21542635439789987,0,0
sleepedf_full,true,shallowconvnet,pool,46,0,65,0.199,0.516069519076056,0.5160695190760559,0.0,0.0,0.516069519076056,0,0
sleepedf_full,true,shallowconvnet,pool_nonlin_exp,46,0,65,0.199,0.9800476659374292,0.9851805303944157,4.425330261793942,-4.690626084044149,1.2453434881876662,0,0
sleepedf_full,true,shallowconvnet,logits,46,0,65,0.199,0.9885205372644442,0.9928167392062398,4.448606874458433,-4.711880734906103,1.2517943977121146,0,0
sleepedf_full,true,shallowconvnet,conv_time_spat,46,1,65,0.5665,0.10575562516934069,0.0005331582888960067,0.10595415146908709,-7.709357180270378e-06,-0.00019081694256636004,0,0
sleepedf_full,true,shallowconvnet,bnorm,46,1,65,0.5665,0.004859805853642306,0.0005308762812360298,0.004955231076702452,-1.4155087048220159e-06,-0.0002749260047805892,0,0
sleepedf_full,true,shallowconvnet,conv_nonlin_exp,46,1,65,0.5665,0.2112210225099273,0.20887457774248439,4.212394754177464e-05,0.0030700342055923627,0.20810886435679316,0,0
sleepedf_full,true,shallowconvnet,pool,46,1,65,0.5665,0.5099403137070795,0.5074101751994751,0.00011795426575854286,0.008048281283390711,0.5017740781579302,0,0
sleepedf_full,true,shallowconvnet,pool_nonlin_exp,46,1,65,0.5665,0.8632556527810407,0.9788568412659496,12.676340988054498,-18.87831884255016,7.065233507276607,0,0
sleepedf_full,true,shallowconvnet,logits,46,1,65,0.5665,0.6317037543179594,0.7550046439860676,3.812691445470441,-4.984101083885606,1.4709568350961217,0,0
sleepedf_full,true,shallowconvnet,conv_time_spat,46,2,65,0.5875,0.21771093066916297,0.0005480447967922626,0.21790767944208186,-3.789131748861519e-05,-0.00015885745543083585,0,0
sleepedf_full,true,shallowconvnet,bnorm,46,2,65,0.5875,0.01326912115408734,0.0005531130178448248,0.013468915586873293,6.755077905592636e-07,-0.0002840330304545507,0,0
sleepedf_full,true,shallowconvnet,conv_nonlin_exp,46,2,65,0.5875,0.20947718683074637,0.20329900532275735,0.0003658258836592811,0.007707094455725215,0.20140426649136187,0,0
sleepedf_full,true,shallowconvnet,pool,46,2,65,0.5875,0.505995718434342,0.49983818573601624,0.0009965123939972434,0.020003670009849064,0.48499553603049567,0,0
sleepedf_full,true,shallowconvnet,pool_nonlin_exp,46,2,65,0.5875,0.8585104791635624,0.9724346098500722,10.827289032808965,-15.742184941896822,5.773406388251374,0,0
sleepedf_full,true,shallowconvnet,logits,46,2,65,0.5875,0.7470718519529486,0.8038996430123326,4.026433912129797,-5.550291720984234,1.8198291944920102,0,0
sleepedf_full,true,shallowconvnet,conv_time_spat,46,5,65,0.5295,0.29980055883766316,0.0005520188578494621,0.29996994534295923,-2.1060354028413968e-05,-0.00014832615126792267,0,0
sleepedf_full,true,shallowconvnet,bnorm,46,5,65,0.5295,0.06012619015067382,0.0005492877176920141,0.0603793527274454,-4.508732732764572e-06,-0.0002486538440389255,0,0
sleepedf_full,true,shallowconvnet,conv_nonlin_exp,46,5,65,0.5295,0.22160662744242382,0.19044985012784513,0.005157176610281606,0.03314998709354009,0.18329946373860206,0,0
sleepedf_full,true,shallowconvnet,pool,46,5,65,0.5295,0.5250841360773765,0.49437458468377055,0.01177767038784795,0.07853391539147375,0.43477255029805484,0,0
sleepedf_full,true,shallowconvnet,pool_nonlin_exp,46,5,65,0.5295,0.8458922418746505,0.9511852959380827,8.610486211278845,-12.18425412683644,4.419660157432202,0,0
sleepedf_full,true,shallowconvnet,logits,46,5,65,0.5295,0.7242829366303078,0.5920895369200326,3.548001604572309,-4.171434440815297,1.1553144902065404,0,0
sleepedf_full,true,shallowconvnet,conv_time_spat,46,10,65,0.5935,0.25008867995962375,0.00054026915404795,0.2502920566100776,-3.5241648828407976e-05,-0.00016813500162559636,0,0
sleepedf_full,true,shallowconvnet,bnorm,46,10,65,0.5935,0.1677427622293218,0.0005355246420119918,0.16794738449813718,-6.480932078017511e-06,-0.00019814133673750484,0,0
sleepedf_full,true,shallowconvnet,conv_nonlin_exp,46,10,65,0.5935,0.2520945815065759,0.16103425660528625,0.028452456152254568,0.07770696389175004,0.14593516146257104,0,0
sleepedf_full,true,shallowconvnet,pool,46,10,65,0.5935,0.5601769428479444,0.47035209347645,0.05489602716911751,0.16953176389665162,0.33574915178217507,0,0
sleepedf_full,true,shallowconvnet,pool_nonlin_exp,46,10,65,0.5935,0.8386108989450347,0.9158151620721044,5.523123483864365,-6.976057700983289,2.2915451160639404,0,0
sleepedf_full,true,shallowconvnet,logits,46,10,65,0.5935,0.7184451781139397,0.5781990295857614,2.85134027852291,-3.5403417020108847,1.035677131023319,0,0
sleepedf_full,true,shallowconvnet,conv_time_spat,46,20,65,0.6145,0.3567908442237094,0.000525069480152575,0.356998486203519,-6.862808663144198e-05,-0.00013901389317798904,0,0
sleepedf_full,true,shallowconvnet,bnorm,46,20,65,0.6145,0.3394436001464079,0.0005182381627418081,0.33959188798125706,-4.849234407946187e-06,-0.00014343860044199416,0,0
sleepedf_full,true,shallowconvnet,conv_nonlin_exp,46,20,65,0.6145,0.31071429883935603,0.11854850614821194,0.08525044393662148,0.1283317528331326,0.09713210206960142,0,0
sleepedf_full,true,shallowconvnet,pool,46,20,65,0.6145,0.625506654168186,0.42748475733202557,0.15060602890749972,0.2605339804855062,0.21436664477517905,0,0
sleepedf_full,true,shallowconvnet,pool_nonlin_exp,46,20,65,0.6145,0.8275493187170415,0.8316650187180049,3.4440699027159067,-3.594664535443629,0.9781439514447449,0,0
sleepedf_full,true,shallowconvnet,logits,46,20,65,0.6145,0.6296718784366393,0.4360169455794728,1.5528023966337046,-1.1998048720517416,0.12474683356180635,0,0
sleepedf_full,true,eegconformer,patch_embedding,41,0,65,0.2,0.9956728887522652,0.20173980330697908,1.0053760679788797,-0.009872219488458922,0.00016904026184199806,0,0
sleepedf_full,true,eegconformer,transformer.0,41,0,65,0.2,0.9991307899303361,0.5253954553026192,1.0079385013491464,-0.008982461027126906,0.00017474960831603912,0,0
sleepedf_full,true,eegconformer,transformer.2,41,0,65,0.2,0.9996265262557565,0.626076798133643,1.0033218357919176,-0.0037848780615916547,8.95685254295525e-05,0,0
sleepedf_full,true,eegconformer,transformer.5,41,0,65,0.2,0.9996978223446212,0.6104275222959522,1.002257424089481,-0.0026312305761328958,7.1628831269802e-05,0,0
sleepedf_full,true,eegconformer,fc,41,0,65,0.2,0.9996684002393041,0.6863720963929758,1.00516840495295,-0.005601843571311558,0.00010183885766557576,0,0
sleepedf_full,true,eegconformer,logits,41,0,65,0.2,0.9995909298517374,0.5468049665843451,1.0118567039579043,-0.012349726684711656,8.3952578544783e-05,0,0
sleepedf_full,true,eegconformer,patch_embedding,41,1,65,0.5635,0.8481574872901722,0.31825356856699244,0.9576282119251446,-0.13694915216512832,0.02747842753015579,0,0
sleepedf_full,true,eegconformer,transformer.0,41,1,65,0.5635,0.6592181867610835,0.5425861755287331,1.086763695725714,-0.7138574285657907,0.05766944942199576,0,0
sleepedf_full,true,eegconformer,transformer.2,41,1,65,0.5635,0.6592842964057878,0.5183963123032296,1.0354404621989401,-0.7055910593903927,0.06681889224538769,0,0
sleepedf_full,true,eegconformer,transformer.5,41,1,65,0.5635,0.5769310697569471,0.5071540747048259,1.0189525595483784,-0.6441601133996128,0.06245110047650128,0,0
sleepedf_full,true,eegconformer,fc,41,1,65,0.5635,0.5684532288045581,0.6622026664967723,1.3365751392640504,-0.9971159015536022,0.13190505398151886,0,0
sleepedf_full,true,eegconformer,logits,41,1,65,0.5635,0.8226327396337771,0.8166670283475854,1.4099333203724367,-1.2882445752189062,0.23039366305391634,0,0
sleepedf_full,true,eegconformer,patch_embedding,41,2,65,0.611,0.8082280827957707,0.31556845627642427,0.9771310070565842,-0.20935706733920492,0.040454143078386524,0,0
sleepedf_full,true,eegconformer,transformer.0,41,2,65,0.611,0.6654885276509901,0.538213268256228,0.9529786388335124,-0.5567265447079978,0.037548951634666344,0,0
sleepedf_full,true,eegconformer,transformer.2,41,2,65,0.611,0.6819484650801123,0.5294623192568636,0.9521623311768118,-0.5892184294756347,0.039499728410494025,0,0
sleepedf_full,true,eegconformer,transformer.5,41,2,65,0.611,0.6162418285067848,0.4869670718728541,0.8926117192307135,-0.4140983640819903,0.03297583309400411,0,0
sleepedf_full,true,eegconformer,fc,41,2,65,0.611,0.5670838618731311,0.6277905837807191,0.947529281876963,-0.5627188513675317,0.06551506310120894,0,0
sleepedf_full,true,eegconformer,logits,41,2,65,0.611,0.8070275001770906,0.8403478366665325,0.8952276507125105,-0.5778460984651907,0.05367537312175199,0,0
sleepedf_full,true,eegconformer,patch_embedding,41,5,65,0.593,0.7549219504830691,0.27051062724289726,1.007237782278054,-0.2997362230692269,0.04742039127424009,0,0
sleepedf_full,true,eegconformer,transformer.0,41,5,65,0.593,0.603663156398051,0.40590742327580703,0.6758606790855353,-0.2445105710321269,-0.028662883113122636,0,0
sleepedf_full,true,eegconformer,transformer.2,41,5,65,0.593,0.6066108799089075,0.34923825464200964,0.6890217888110244,-0.3658787492137546,0.04175835162821973,0,0
sleepedf_full,true,eegconformer,transformer.5,41,5,65,0.593,0.5388188108912433,0.3424995170510689,0.904559111765574,-0.543955948416614,0.11763736143920406,0,0
sleepedf_full,true,eegconformer,fc,41,5,65,0.593,0.47146242080224254,0.3129690748880896,0.537715974773545,-0.4177419298258768,0.1537156980878391,0,0
sleepedf_full,true,eegconformer,logits,41,5,65,0.593,0.5779346093911443,0.6500186697283173,0.4995298468776138,-0.18085320896242282,0.03190023757921398,0,0
sleepedf_full,true,eegconformer,patch_embedding,41,10,65,0.612,0.6882356921868316,0.26385547572052154,0.9690801489098271,-0.34151016834499165,0.060665711621995536,0,0
sleepedf_full,true,eegconformer,transformer.0,41,10,65,0.612,0.6266707245930214,0.4567756861327526,0.9787030301036047,-0.5375443716543339,0.029451141622879495,0,0
sleepedf_full,true,eegconformer,transformer.2,41,10,65,0.612,0.5608668295139244,0.3970288005497666,0.8718404836999093,-0.416595277278615,0.036956284708256334,0,0
sleepedf_full,true,eegconformer,transformer.5,41,10,65,0.612,0.5587409030706765,0.3338060426870815,0.8688528396143361,-0.3658784861326567,0.04755396177021953,0,0
sleepedf_full,true,eegconformer,fc,41,10,65,0.612,0.4882557752049705,0.47823290059179857,0.726123438831325,-0.421706170925081,0.07498979999205443,0,0
sleepedf_full,true,eegconformer,logits,41,10,65,0.612,0.692885144393261,0.662463986717867,0.9912305271715481,-0.9286850455345009,0.21365783791069795,0,0
sleepedf_full,true,eegconformer,patch_embedding,41,20,65,0.6345,0.6336221447900736,0.2818550734908295,0.9600441135354042,-0.3970260920191922,0.06989498483225587,0,0
sleepedf_full,true,eegconformer,transformer.0,41,20,65,0.6345,0.5164134295322879,0.44453494279413786,0.8025930507770712,-0.3839621472528662,0.011306539034055884,0,0
sleepedf_full,true,eegconformer,transformer.2,41,20,65,0.6345,0.47817936785330045,0.43927285622019385,0.8064119950783023,-0.4672641459027041,0.059019242063844915,0,0
sleepedf_full,true,eegconformer,transformer.5,41,20,65,0.6345,0.4678493394937563,0.4386187560532489,0.7506342345832326,-0.35923547846274273,0.06398923132122178,0,0
sleepedf_full,true,eegconformer,fc,41,20,65,0.6345,0.38457219050778957,0.48014250599830693,0.6667015012413899,-0.6064770708648656,0.232657841691527,0,0
sleepedf_full,true,eegconformer,logits,41,20,65,0.6345,0.7713213622009333,0.5084417515403027,0.7647934920777286,-0.4748666220861544,0.02462587545788898,0,0
sleepedf_full,true,eegconformer,patch_embedding,42,0,65,0.211,0.9920965142242331,0.25792251430023344,1.0008289633860312,-0.009091909416817812,0.0003594602550179136,0,0
sleepedf_full,true,eegconformer,transformer.0,42,0,65,0.211,0.9987257676799394,0.590180592275529,1.0004225888360236,-0.0019346955309438682,0.00023787437485966518,0,0
sleepedf_full,true,eegconformer,transformer.2,42,0,65,0.211,0.9990654817808805,0.6773373013792651,0.9979408904040112,0.0009030564419318011,0.00022153493493733947,0,0
sleepedf_full,true,eegconformer,transformer.5,42,0,65,0.211,0.9993604790036399,0.7187106144674273,0.9954101518623973,0.003797489696753731,0.00015283744448372767,0,0
sleepedf_full,true,eegconformer,fc,42,0,65,0.211,0.999390580152996,0.7002142618259932,0.9911904045349696,0.00805455584794835,0.000145619770077742,0,0
sleepedf_full,true,eegconformer,logits,42,0,65,0.211,0.9996025704060081,0.7970946427398374,0.9823683845796621,0.01710637578736065,0.0001278100389851905,0,0
sleepedf_full,true,eegconformer,patch_embedding,42,1,65,0.517,0.8395753240224355,0.28199168931609686,0.9655271783676314,-0.14495489139110132,0.019003037045904114,0,0
sleepedf_full,true,eegconformer,transformer.0,42,1,65,0.517,0.7629004518214672,0.5656348186216924,1.0757711776140741,-0.3989317588616935,-0.026119227470368888,0,0
sleepedf_full,true,eegconformer,transformer.2,42,1,65,0.517,0.8352171287933909,0.5028642820080483,1.126322166936219,-0.5893369625391047,0.001399225092110468,0,0
sleepedf_full,true,eegconformer,transformer.5,42,1,65,0.517,0.8320257623713664,0.4989663854355248,1.1638850101489624,-0.6079594363255251,0.014330647542014657,0,0
sleepedf_full,true,eegconformer,fc,42,1,65,0.517,0.7351519961216657,0.5811575438807314,1.3496126349925694,-0.718059966412783,0.029053416975560978,0,0
sleepedf_full,true,eegconformer,logits,42,1,65,0.517,0.9453294510712074,0.6617732070801254,1.4446518305466851,-0.9914458934948707,0.030424392685161658,0,0
sleepedf_full,true,eegconformer,patch_embedding,42,2,65,0.5395,0.8099839491827799,0.29703294085768833,0.9986305995165132,-0.21829081217588084,0.029644161842145415,0,0
sleepedf_full,true,eegconformer,transformer.0,42,2,65,0.5395,0.661337125972917,0.5847470912822195,0.6923505985969182,-0.12743151344266176,-0.04987310520511346,0,0
sleepedf_full,true,eegconformer,transformer.2,42,2,65,0.5395,0.6910687062353006,0.5018878413407364,0.6943395734341643,-0.33768814609074793,0.0005180467029595908,0,0
sleepedf_full,true,eegconformer,transformer.5,42,2,65,0.5395,0.5939054846076393,0.412204568242181,0.7019761725214573,-0.32003106357509176,0.049445075493770786,0,0
sleepedf_full,true,eegconformer,fc,42,2,65,0.5395,0.5820633317668176,0.3987280252042205,0.3969851199123668,-0.03678814462292158,0.05977710030120413,0,0
sleepedf_full,true,eegconformer,logits,42,2,65,0.5395,0.8575381365883892,0.6485189667892889,0.4258985455026485,-0.069823562793622,-0.05853588462572462,0,0
sleepedf_full,true,eegconformer,patch_embedding,42,5,65,0.5675,0.7748660807112941,0.24294138552758965,1.0053460070770102,-0.26322157433177124,0.032741647966052514,0,0
sleepedf_full,true,eegconformer,transformer.0,42,5,65,0.5675,0.622436379887925,0.4766819994217289,0.6818672019082662,-0.05233662688675507,-0.02754286250496244,0,0
sleepedf_full,true,eegconformer,transformer.2,42,5,65,0.5675,0.6124148107784042,0.4230955144344065,0.7297504370314781,-0.11895197175979047,-0.008293386192824789,0,0
sleepedf_full,true,eegconformer,transformer.5,42,5,65,0.5675,0.6684261545402373,0.3538940613262961,0.8380910775709033,-0.17798185603884054,0.007053266489676679,0,0
sleepedf_full,true,eegconformer,fc,42,5,65,0.5675,0.4738443897918762,0.5162134474114901,0.7952636908829379,-0.5351192981524877,0.17483577764081187,0,0
sleepedf_full,true,eegconformer,logits,42,5,65,0.5675,0.6462508471141591,0.6228781771584319,0.6727474837741638,-0.32214933205743723,0.024725708704859378,0,0
sleepedf_full,true,eegconformer,patch_embedding,42,10,65,0.632,0.7348414422652999,0.2437257659229317,0.9876555652467299,-0.2891782883496072,0.03636416536817575,0,0
sleepedf_full,true,eegconformer,transformer.0,42,10,65,0.632,0.584926832344251,0.3956621051137509,0.5298934640985816,-0.016904379431461475,0.0001094251748162309,0,0
sleepedf_full,true,eegconformer,transformer.2,42,10,65,0.632,0.4986614316730105,0.3475220402992042,0.4532780419923367,-0.06832185279053596,0.05554398249505835,0,0
sleepedf_full,true,eegconformer,transformer.5,42,10,65,0.632,0.48079892783194705,0.3459366982027418,0.6443743657670251,-0.31016271030439163,0.09758833216230232,0,0
sleepedf_full,true,eegconformer,fc,42,10,65,0.632,0.4836483418970474,0.45230163612402613,0.3883574926206652,-0.06360530726474319,0.056563002945974244,0,0
sleepedf_full,true,eegconformer,logits,42,10,65,0.632,0.6944401510760481,0.7378301547013405,0.48870971719077033,-0.17670233580766231,-0.002673276341633873,0,0
sleepedf_full,true,eegconformer,patch_embedding,42,20,65,0.6385,0.6969656382242446,0.24130693873566011,1.0246737877896592,-0.3718844085586273,0.04395218022025498,0,0
sleepedf_full,true,eegconformer,transformer.0,42,20,65,0.6385,0.5968500383362102,0.36548812440580036,0.743899889660224,-0.3934399167830673,0.08010286934835809,0,0
sleepedf_full,true,eegconformer,transformer.2,42,20,65,0.6385,0.572808973473911,0.37763894629526507,0.7962275183027387,-0.5561590842129848,0.13645996354212037,0,0
sleepedf_full,true,eegconformer,transformer.5,42,20,65,0.6385,0.5133017356512709,0.3887419760871813,0.641686839411323,-0.34838578211381843,0.12151132523917049,0,0
sleepedf_full,true,eegconformer,fc,42,20,65,0.6385,0.4310590926932338,0.4335301410520306,0.7232295389485693,-0.47786649889371086,0.10734984562375346,0,0
sleepedf_full,true,eegconformer,logits,42,20,65,0.6385,0.7484696309995447,0.6752388211005371,1.2120325518409134,-1.0929868314529563,0.22180237286784185,0,0
sleepedf_full,true,eegconformer,patch_embedding,43,0,65,0.1745,0.9941168661137532,0.2220510791045569,0.9977051116136765,-0.0037966092786155797,0.00020836377868967381,0,0
sleepedf_full,true,eegconformer,transformer.0,43,0,65,0.1745,0.9994889907978004,0.5861643441481804,1.0017810200558055,-0.0023856864950208044,9.365723701267541e-05,0,0
sleepedf_full,true,eegconformer,transformer.2,43,0,65,0.1745,0.9996450738488883,0.6965447852339489,0.9996177743766413,-6.707969564844064e-05,9.437916789482482e-05,0,0
sleepedf_full,true,eegconformer,transformer.5,43,0,65,0.1745,0.999730639336224,0.7250882516907137,0.9998722061049083,-0.00021553562817192904,7.3968859486046e-05,0,0
sleepedf_full,true,eegconformer,fc,43,0,65,0.1745,0.9996809288811689,0.6267418450721216,1.0015633915652584,-0.0019506134440480016,6.815075995862658e-05,0,0
sleepedf_full,true,eegconformer,logits,43,0,65,0.1745,0.999622496736368,0.8741881013507403,0.9977984827417768,0.0016679566388796822,0.0001560573557114859,0,0
sleepedf_full,true,eegconformer,patch_embedding,43,1,65,0.586,0.8461477065986341,0.3338542697173383,0.9055832235274063,-0.07633170551291028,0.016896188584137325,0,0
sleepedf_full,true,eegconformer,transformer.0,43,1,65,0.586,0.6796562938720733,0.6135369473720049,0.847075666698851,-0.15841620184478966,-0.03513986760785119,0,0
sleepedf_full,true,eegconformer,transformer.2,43,1,65,0.586,0.7007668087267398,0.6090066468868833,0.8694570286465474,-0.30896744694354117,-0.03476574460375708,0,0
sleepedf_full,true,eegconformer,transformer.5,43,1,65,0.586,0.6674152880417015,0.5815704782166062,0.8811772022954175,-0.2798614800268303,-0.018921797854581587,0,0
sleepedf_full,true,eegconformer,fc,43,1,65,0.586,0.627596284284983,0.6487221629369065,0.7557565784655319,-0.20143263853650623,-0.04244368336283106,0,0
sleepedf_full,true,eegconformer,logits,43,1,65,0.586,0.7958737240471855,0.7750749887449524,0.7417269072264393,-0.26771443796944666,-0.047699956043005975,0,0
sleepedf_full,true,eegconformer,patch_embedding,43,2,65,0.5235,0.827035208541387,0.3305157186611488,0.9226433141124842,-0.11693503088903279,0.02132692531793416,0,0
sleepedf_full,true,eegconformer,transformer.0,43,2,65,0.5235,0.621299458366451,0.5827948734217286,0.7321052022227461,-0.13674800895992942,-0.029858364479988374,0,0
sleepedf_full,true,eegconformer,transformer.2,43,2,65,0.5235,0.6072324233050482,0.5405609035209776,0.7703959225495635,-0.3021963870215786,-0.02152721683205393,0,0
sleepedf_full,true,eegconformer,transformer.5,43,2,65,0.5235,0.5878076809647058,0.4890674501292558,0.8084496355420789,-0.22853050668856134,0.0023496381135330005,0,0
sleepedf_full,true,eegconformer,fc,43,2,65,0.5235,0.42874881513471347,0.5743164152831617,0.9167894577629656,-0.6814898384484972,0.03986062588920108,0,0
sleepedf_full,true,eegconformer,logits,43,2,65,0.5235,0.6470993038550376,0.770884587897996,0.960085521843805,-0.872393196262171,0.0884513165443078,0,0
sleepedf_full,true,eegconformer,patch_embedding,43,5,65,0.5985,0.7832060256864946,0.2923827944518581,0.9348260213058344,-0.1816280832740047,0.03000808765466367,0,0
sleepedf_full,true,eegconformer,transformer.0,43,5,65,0.5985,0.6362665066097443,0.5115219757709719,0.6619655157043982,-0.11555993100770329,-0.05217897129519913,0,0
sleepedf_full,true,eegconformer,transformer.2,43,5,65,0.5985,0.6358293232100047,0.479088724164328,0.6570388048132206,-0.1553020998383259,-0.03588919176765238,0,0
sleepedf_full,true,eegconformer,transformer.5,43,5,65,0.5985,0.6170899825309858,0.40402502931449424,0.6593518686701413,-0.057450178542418795,-0.009858222626513027,0,0
sleepedf_full,true,eegconformer,fc,43,5,65,0.5985,0.47611824090003635,0.5693822474022864,0.5397396057242605,-0.15051241401081425,-0.029855688743368414,0,0
sleepedf_full,true,eegconformer,logits,43,5,65,0.5985,0.7730233373467927,0.7645618815520473,0.5490915605992538,-0.2554242725120231,-0.030846414131495973,0,0
sleepedf_full,true,eegconformer,patch_embedding,43,10,65,0.6125,0.7380157241558002,0.279304978856352,0.9550168539767556,-0.2507985425765429,0.03379741275558609,0,0
sleepedf_full,true,eegconformer,transformer.0,43,10,65,0.6125,0.6118710724368432,0.3997763327515769,0.614696341970796,-0.0616549326412769,0.0012943679977215283,0,0
sleepedf_full,true,eegconformer,transformer.2,43,10,65,0.6125,0.5910772800647612,0.3762272557351774,0.5536732863445931,-0.03665230459176862,0.026012143149672824,0,0
sleepedf_full,true,eegconformer,transformer.5,43,10,65,0.6125,0.5280630207255846,0.38070865790239333,0.3814842384919007,0.014505627768874747,0.10742840543773242,0,0
sleepedf_full,true,eegconformer,fc,43,10,65,0.6125,0.45211875546130126,0.4445708105034865,0.30073844756498724,0.015629522726295014,0.011814900744239984,0,0
sleepedf_full,true,eegconformer,logits,43,10,65,0.6125,0.7518932972604703,0.5263464439150618,0.3782243161982292,-0.01730999444784638,-0.06624747023977626,0,0
sleepedf_full,true,eegconformer,patch_embedding,43,20,65,0.6695,0.6834459397744573,0.24846946851700202,0.9399348692369649,-0.29325819394344904,0.03670565790388798,0,0
sleepedf_full,true,eegconformer,transformer.0,43,20,65,0.6695,0.5615862309399673,0.3309852342798707,0.7507483060822491,-0.3988355340464869,0.10393775903778174,0,0
sleepedf_full,true,eegconformer,transformer.2,43,20,65,0.6695,0.520932089513468,0.479499111715987,0.7594765316776896,-0.6728675460989384,0.30128092510079746,0,0
sleepedf_full,true,eegconformer,transformer.5,43,20,65,0.6695,0.48674657162186813,0.5201512508412786,0.8048825659143973,-0.709598784436119,0.3344455536787583,0,0
sleepedf_full,true,eegconformer,fc,43,20,65,0.6695,0.3778165158823559,0.640075501177846,2.4864776680110277,-3.668947684579692,1.4833134543096165,0,0
sleepedf_full,true,eegconformer,logits,43,20,65,0.6695,0.5847241883405319,0.5739846159792954,1.638209719836176,-1.905167009183868,0.5367812602391625,0,0
sleepedf_full,true,eegconformer,patch_embedding,44,0,65,0.2,0.9930854523286994,0.1812556718416243,1.000796212377012,-0.007853649953420595,0.00014288990510490267,0,0
sleepedf_full,true,eegconformer,transformer.0,44,0,65,0.2,0.9991785490635089,0.513132225625046,1.0071421934258082,-0.0080685925523056,0.00010494819000399401,0,0
sleepedf_full,true,eegconformer,transformer.2,44,0,65,0.2,0.9995602480769142,0.5184603407176304,1.0017966408794765,-0.0022970427572599475,6.0649954697108534e-05,0,0
sleepedf_full,true,eegconformer,transformer.5,44,0,65,0.2,0.9997249045337561,0.5731833773600785,1.0001682226943107,-0.0004914545276788499,4.813636712287333e-05,0,0
sleepedf_full,true,eegconformer,fc,44,0,65,0.2,0.9995467363911302,0.6186145048622361,1.0079263935460603,-0.008464413630898004,8.475647596810701e-05,0,0
sleepedf_full,true,eegconformer,logits,44,0,65,0.2,0.9996325838307016,0.7696475611696881,0.9993917574769907,9.718507619267814e-05,0.00014364127751797425,0,0
sleepedf_full,true,eegconformer,patch_embedding,44,1,65,0.506,0.8576818658636433,0.3184129681093026,0.9170423902758681,-0.07087387147632988,0.011513347064103502,0,0
sleepedf_full,true,eegconformer,transformer.0,44,1,65,0.506,0.6381876612154117,0.6020787493350652,0.7016030505396317,-0.17428070089172648,-0.04533469011351739,0,0
sleepedf_full,true,eegconformer,transformer.2,44,1,65,0.506,0.7230611231663356,0.632687417003023,0.8259211685811928,-0.38810728762671826,-0.049464817062280654,0,0
sleepedf_full,true,eegconformer,transformer.5,44,1,65,0.506,0.6378868745433192,0.6140798785027427,0.8008528657468693,-0.3465903560579233,-0.04576152214305472,0,0
sleepedf_full,true,eegconformer,fc,44,1,65,0.506,0.5195893035490567,0.5537043782065165,0.47638280191759264,-0.07722920854017044,0.024916954182479127,0,0
sleepedf_full,true,eegconformer,logits,44,1,65,0.506,0.7396515980478983,0.7136979498990353,0.4785908323537686,-0.08887026439451585,-0.06691305786736938,0,0
sleepedf_full,true,eegconformer,patch_embedding,44,2,65,0.5345,0.8176035584249599,0.3135871781699329,0.9086709376449114,-0.10410557449022147,0.013038195270268015,0,0
sleepedf_full,true,eegconformer,transformer.0,44,2,65,0.5345,0.6883651643600486,0.5452332113991339,0.8029254167201897,-0.3265564882279451,-0.027446705432526818,0,0
sleepedf_full,true,eegconformer,transformer.2,44,2,65,0.5345,0.7222103200561977,0.5402731603986194,0.8135410306289863,-0.40933742293470243,-0.022380091515698353,0,0
sleepedf_full,true,eegconformer,transformer.5,44,2,65,0.5345,0.6313521259316045,0.4411993990626985,0.8698721825770842,-0.4662405092469298,0.013557824194536093,0,0
sleepedf_full,true,eegconformer,fc,44,2,65,0.5345,0.5364696116153617,0.5270753684908223,0.5218358362772113,-0.09895924427911179,-0.00978122815598953,0,0
sleepedf_full,true,eegconformer,logits,44,2,65,0.5345,0.7618310848093057,0.6774514232947025,0.5270719079391536,-0.14037427782474352,-0.035279960555946725,0,0
sleepedf_full,true,eegconformer,patch_embedding,44,5,65,0.591,0.7611674603690517,0.24434116582495666,0.9309755243432868,-0.19180743702433525,0.021999373050097772,0,0
sleepedf_full,true,eegconformer,transformer.0,44,5,65,0.591,0.5922609355375279,0.5803558078995112,0.6782139784493361,-0.26902684049015796,0.013523744865187044,0,0
sleepedf_full,true,eegconformer,transformer.2,44,5,65,0.591,0.5736398668818214,0.5779938605234597,0.768788012887448,-0.3973826125286713,0.021979139782185343,0,0
sleepedf_full,true,eegconformer,transformer.5,44,5,65,0.591,0.5679807732579952,0.4591553420222163,0.9613509526906368,-0.4719036066198709,0.031146870640652347,0,0
sleepedf_full,true,eegconformer,fc,44,5,65,0.591,0.4479341302352778,0.517556202600845,0.629144723884554,-0.3096915060977091,0.03703445541896173,0,0
sleepedf_full,true,eegconformer,logits,44,5,65,0.591,0.749722126246155,0.6856756323272121,0.6303275678211154,-0.296446523087319,0.02385585958537951,0,0
sleepedf_full,true,eegconformer,patch_embedding,44,10,65,0.6185,0.6985976561820757,0.18961904059202112,0.9193394263946497,-0.24175744436956031,0.020729347495558534,0,0
sleepedf_full,true,eegconformer,transformer.0,44,10,65,0.6185,0.5997854956118756,0.4673208838700497,0.6905295745548167,-0.270148860776939,-0.018209086764752015,0,0
sleepedf_full,true,eegconformer,transformer.2,44,10,65,0.6185,0.5620670954328997,0.381963468517069,0.6515544919782765,-0.22669616341601337,0.0005688866989415622,0,0
sleepedf_full,true,eegconformer,transformer.5,44,10,65,0.6185,0.5052445027567578,0.2953279207779705,0.6103530610198705,-0.19127952306454984,0.05170231876476,0,0
sleepedf_full,true,eegconformer,fc,44,10,65,0.6185,0.43701648029961637,0.459341976204411,0.30531259147979667,-0.06322242231992606,0.06487133303114535,0,0
sleepedf_full,true,eegconformer,logits,44,10,65,0.6185,0.7043000454247709,0.7037490364187616,0.4344957912402378,-0.013082865577924839,-0.05449720380008422,0,0
sleepedf_full,true,eegconformer,patch_embedding,44,20,65,0.654,0.6491437181361949,0.2391884577688219,0.9820098118113328,-0.38729436956804336,0.04768866668010307,0,0
sleepedf_full,true,eegconformer,transformer.0,44,20,65,0.654,0.6019558275719766,0.32643958155070785,0.9047611978781319,-0.6315967972052694,0.13142407644265872,0,0
sleepedf_full,true,eegconformer,transformer.2,44,20,65,0.654,0.5854736833022456,0.358615333731546,0.8374172988432063,-0.5602704860231972,0.14334343774991307,0,0
sleepedf_full,true,eegconformer,transformer.5,44,20,65,0.654,0.5170454718243811,0.41851153122752177,0.8232097628768198,-0.5527607987281835,0.1817773961465097,0,0
sleepedf_full,true,eegconformer,fc,44,20,65,0.654,0.46192311490470456,0.5913070680473488,2.1211477228861617,-2.88967971831312,1.1380370825616082,0,0
sleepedf_full,true,eegconformer,logits,44,20,65,0.654,0.695855863746133,0.6894214969232517,1.9615032262212238,-2.0317540855676923,0.5696286438283771,0,0
sleepedf_full,true,eegconformer,patch_embedding,45,0,65,0.217,0.9920759531754331,0.2676823183147176,0.9872675442489809,0.004376917181358129,0.0004314917450911378,0,0
sleepedf_full,true,eegconformer,transformer.0,45,0,65,0.217,0.9980061812673636,0.6273175896244567,0.9973887526491867,0.00019503787113574124,0.0004223907470406252,0,0
sleepedf_full,true,eegconformer,transformer.2,45,0,65,0.217,0.9989917255223365,0.6960002644073565,1.0046797320059337,-0.005954907936952954,0.0002669014533539524,0,0
sleepedf_full,true,eegconformer,transformer.5,45,0,65,0.217,0.9992539781433935,0.6674462921607078,1.0034881857066285,-0.004417933579199295,0.00018372601596318427,0,0
sleepedf_full,true,eegconformer,fc,45,0,65,0.217,0.9994294778188768,0.6450400592675642,0.995190617471586,0.0040990969579732806,0.0001397633893173997,0,0
sleepedf_full,true,eegconformer,logits,45,0,65,0.217,0.9985623645982361,0.8700855635688575,0.9859911287312695,0.012132156055150277,0.0004390798118162996,0,0
sleepedf_full,true,eegconformer,patch_embedding,45,1,65,0.5715,0.8775068024815256,0.34591205619776394,0.9535954293793768,-0.09444396063057285,0.018355333732720146,0,0
sleepedf_full,true,eegconformer,transformer.0,45,1,65,0.5715,0.7664040260560689,0.5505261479411159,0.9237490286090642,-0.1741248669983983,0.010020000603464276,0,0
sleepedf_full,true,eegconformer,transformer.2,45,1,65,0.5715,0.7368527711835947,0.5372167791912964,0.9308616483835388,-0.24815464917343955,0.013352247022985661,0,0
sleepedf_full,true,eegconformer,transformer.5,45,1,65,0.5715,0.7108967801927865,0.5391197597530467,0.9331362165129239,-0.30007379574467,0.02997279093840087,0,0
sleepedf_full,true,eegconformer,fc,45,1,65,0.5715,0.6940144104218665,0.857582302664094,1.3118548712209976,-0.7434272500916157,0.042619352451586885,0,0
sleepedf_full,true,eegconformer,logits,45,1,65,0.5715,0.7565558963391877,0.9227083568184022,1.217836214824466,-0.57617270326721,0.03409707128964688,0,0
sleepedf_full,true,eegconformer,patch_embedding,45,2,65,0.536,0.8508598084927593,0.33542013818841676,0.9560324378668523,-0.1228008935264443,0.01762826415234858,0,0
sleepedf_full,true,eegconformer,transformer.0,45,2,65,0.536,0.7199139765144471,0.5187690654439354,0.8814295690869519,-0.19073292077317602,0.004867952836910799,0,0
sleepedf_full,true,eegconformer,transformer.2,45,2,65,0.536,0.7071874476070421,0.5853868903775988,0.8589054891126222,-0.28673526894522167,0.02843123442683535,0,0
sleepedf_full,true,eegconformer,transformer.5,45,2,65,0.536,0.6537699282021214,0.575475791298958,0.7656454934188224,-0.34159239289449744,0.07574550364029445,0,0
sleepedf_full,true,eegconformer,fc,45,2,65,0.536,0.6146061243468066,0.5879955584469163,0.6486403454266371,-0.18319993617604668,0.025213556840438245,0,0
sleepedf_full,true,eegconformer,logits,45,2,65,0.536,0.7724446348646156,0.7613368089341201,0.6966766982907943,-0.2521591319139757,0.03894361971672081,0,0
sleepedf_full,true,eegconformer,patch_embedding,45,5,65,0.543,0.7941279640187283,0.2842990387799434,0.9690544158870189,-0.19443308037425658,0.019506628505964112,0,0
sleepedf_full,true,eegconformer,transformer.0,45,5,65,0.543,0.7380100386471444,0.5264813795495394,0.8902759642693959,-0.15241766628085815,-0.005103109455384297,0,0
sleepedf_full,true,eegconformer,transformer.2,45,5,65,0.543,0.7311550534462582,0.5594740402812322,0.900715654815378,-0.16911183628645363,-0.0035924745722403077,0,0
sleepedf_full,true,eegconformer,transformer.5,45,5,65,0.543,0.7677942347003455,0.5362588260602117,1.008201501877981,-0.23990807573189374,-0.0004991914457428868,0,0
sleepedf_full,true,eegconformer,fc,45,5,65,0.543,0.5908965959817493,0.5572105628419146,0.6556468847769971,-0.2326878564698783,0.0572318111040764,0,0
sleepedf_full,true,eegconformer,logits,45,5,65,0.543,0.7571539953651949,0.6491199913428256,0.5557171545625528,-0.21330726100250444,0.0321183014930421,0,0
sleepedf_full,true,eegconformer,patch_embedding,45,10,65,0.595,0.7482865323612147,0.24280727410561692,0.9490726582675956,-0.21808285969229305,0.017296733785908756,0,0
sleepedf_full,true,eegconformer,transformer.0,45,10,65,0.595,0.6668246882781693,0.4542311195296671,0.7694646744920999,-0.12806875879367025,-0.015091487460423656,0,0
sleepedf_full,true,eegconformer,transformer.2,45,10,65,0.595,0.6266796717045331,0.4127201704996821,0.6731719072291505,-0.08247298598705781,0.022280005548667187,0,0
sleepedf_full,true,eegconformer,transformer.5,45,10,65,0.595,0.5840725574749024,0.42237399043085866,0.5488159881524826,-0.03488080794159585,0.04751141684042555,0,0
sleepedf_full,true,eegconformer,fc,45,10,65,0.595,0.6346635528294687,0.5611524553585968,0.45292448856085415,0.033306054497433756,0.018646089661363288,0,0
sleepedf_full,true,eegconformer,logits,45,10,65,0.595,0.8212978169374184,0.7644598549392444,0.48765888348112896,-0.0250390449255725,-0.06097904046776985,0,0
sleepedf_full,true,eegconformer,patch_embedding,45,20,65,0.6055,0.7077696615238884,0.2136435573079225,0.9919454131511524,-0.31305471664564155,0.02864204431160884,0,0
sleepedf_full,true,eegconformer,transformer.0,45,20,65,0.6055,0.618124132634685,0.3843636420287038,0.7727190080603579,-0.2008301148455143,0.009437500806610643,0,0
sleepedf_full,true,eegconformer,transformer.2,45,20,65,0.6055,0.614213432228549,0.38687165261271644,0.8278234043294261,-0.25561262993995115,0.038221356333592374,0,0
sleepedf_full,true,eegconformer,transformer.5,45,20,65,0.6055,0.6706094032133948,0.37212363204543114,0.8672295730178038,-0.24202280700999332,0.04540263720558284,0,0
sleepedf_full,true,eegconformer,fc,45,20,65,0.6055,0.4519906333753708,0.45127710357328465,0.32853435332444636,-0.14285979190963619,0.05628385564669341,0,0
sleepedf_full,true,eegconformer,logits,45,20,65,0.6055,0.6208986534488705,0.7473257794169611,0.3350788824826128,0.0500244247485479,-0.19837499312448897,0,0
sleepedf_full,true,eegconformer,patch_embedding,46,0,65,0.2,0.9951621583086157,0.1967154717935138,0.9954987766123402,-0.0004741510310348812,0.0001375327273085983,0,0
sleepedf_full,true,eegconformer,transformer.0,46,0,65,0.2,0.9992576446485618,0.5880597054584881,1.00212057108627,-0.0030235867060407844,0.00016066026833297498,0,0
sleepedf_full,true,eegconformer,transformer.2,46,0,65,0.2,0.9993487208532267,0.6481209141535704,1.0046597489306095,-0.005478763399612847,0.0001677353222277245,0,0
sleepedf_full,true,eegconformer,transformer.5,46,0,65,0.2,0.9994842881705109,0.7178798560671578,0.9966646871505731,0.002658958614703674,0.00016064240523264422,0,0
sleepedf_full,true,eegconformer,fc,46,0,65,0.2,0.9994483569846094,0.6802796696609593,1.0025470691487548,-0.003245671166543657,0.00014695900239805197,0,0
sleepedf_full,true,eegconformer,logits,46,0,65,0.2,0.9993392274010008,0.8378458025717916,1.007322890923694,-0.008229044485778988,0.0002453809630860651,0,0
sleepedf_full,true,eegconformer,patch_embedding,46,1,65,0.5665,0.8625982592857626,0.32287555327271494,0.9305850123003406,-0.08113750466804902,0.013150751653469815,0,0
sleepedf_full,true,eegconformer,transformer.0,46,1,65,0.5665,0.7105035511859179,0.5798414197167451,0.8736295885276089,-0.25410864958601886,-0.01986718077102999,0,0
sleepedf_full,true,eegconformer,transformer.2,46,1,65,0.5665,0.7493588577249799,0.5540126361169578,0.8099105816470288,-0.34938289704849507,-0.014607406327678972,0,0
sleepedf_full,true,eegconformer,transformer.5,46,1,65,0.5665,0.6701387343428988,0.5247644556743375,0.9369107062886881,-0.4571447397279383,0.031617431927257786,0,0
sleepedf_full,true,eegconformer,fc,46,1,65,0.5665,0.6443385309870692,0.7668391192492447,1.5337419349727315,-1.1096875403593558,0.13313570147517684,0,0
sleepedf_full,true,eegconformer,logits,46,1,65,0.5665,0.8470747240466636,0.855258645453322,1.3745331372331184,-1.1239443598830925,0.14615437407358245,0,0
sleepedf_full,true,eegconformer,patch_embedding,46,2,65,0.619,0.8297994286712927,0.29261103409353345,0.9408972976103219,-0.12508279551090093,0.013984926571870884,0,0
sleepedf_full,true,eegconformer,transformer.0,46,2,65,0.619,0.6773531630957408,0.5402019784253648,0.7756887453533986,-0.1511192005341186,-0.03388163028620394,0,0
sleepedf_full,true,eegconformer,transformer.2,46,2,65,0.619,0.6769145974024513,0.5554597759262759,0.7462423344646563,-0.19911641426703294,-0.03545222277368531,0,0
sleepedf_full,true,eegconformer,transformer.5,46,2,65,0.619,0.6204308529972166,0.48339041625279544,0.819683652088024,-0.23803954008028327,0.0029206260094215195,0,0
sleepedf_full,true,eegconformer,fc,46,2,65,0.619,0.558991643160418,0.5355940441179465,0.5356981123577921,-0.12172064107586535,0.017140222767575045,0,0
sleepedf_full,true,eegconformer,logits,46,2,65,0.619,0.6780386198920463,0.7377182259342437,0.5587335013259485,-0.07101108946439025,-0.021242615626712015,0,0
sleepedf_full,true,eegconformer,patch_embedding,46,5,65,0.639,0.7729823543072294,0.22970538647587907,0.9728539467610468,-0.2245798560969851,0.02470826364316769,0,0
sleepedf_full,true,eegconformer,transformer.0,46,5,65,0.639,0.657473491887469,0.4847029447359808,0.7507726403793809,-0.2876809072489321,-0.02097006656503324,0,0
sleepedf_full,true,eegconformer,transformer.2,46,5,65,0.639,0.6248250595883211,0.514215538924912,0.8026430104463417,-0.4063645919376253,0.006166953467661757,0,0
sleepedf_full,true,eegconformer,transformer.5,46,5,65,0.639,0.5646338481068133,0.4435366893504246,0.9552254810136948,-0.5295913636545961,0.037272367118487755,0,0
sleepedf_full,true,eegconformer,fc,46,5,65,0.639,0.48309395649740167,0.6546130397743218,1.382891075977079,-1.1074904763933768,0.16442732114498393,0,0
sleepedf_full,true,eegconformer,logits,46,5,65,0.639,0.6963983555060811,0.8007272088705777,1.155529660159621,-0.7354623865912315,0.09153167719646678,0,0
sleepedf_full,true,eegconformer,patch_embedding,46,10,65,0.6235,0.6910652240982874,0.23777208347649703,0.9275471092021697,-0.2728677345619583,0.036385849458073244,0,0
sleepedf_full,true,eegconformer,transformer.0,46,10,65,0.6235,0.5800373697216831,0.4178723933006396,0.6473511892139165,-0.15928841500284416,-0.04376670000720412,0,0
sleepedf_full,true,eegconformer,transformer.2,46,10,65,0.6235,0.5404697570773997,0.40367785527432704,0.6352593334054161,-0.07917322177514434,-0.03486936712904396,0,0
sleepedf_full,true,eegconformer,transformer.5,46,10,65,0.6235,0.5894499844118821,0.43472992275661304,0.6980236866799604,-0.10230218974250799,-0.012314715644968012,0,0
sleepedf_full,true,eegconformer,fc,46,10,65,0.6235,0.44661604790805653,0.49554558674313276,0.4469753838968235,-0.05582038894448175,-0.005659264512476798,0,0
sleepedf_full,true,eegconformer,logits,46,10,65,0.6235,0.6041270206614597,0.5882682511752593,0.618483362837794,-0.22901295715984815,-0.04505162472753971,0,0
sleepedf_full,true,eegconformer,patch_embedding,46,20,65,0.6575,0.6485065676457309,0.25775581080348586,0.9831518478082877,-0.3929839555316834,0.05638356462015941,0,0
sleepedf_full,true,eegconformer,transformer.0,46,20,65,0.6575,0.4665574389644357,0.3860119451027588,0.5752713253670834,-0.15408199356791952,-0.022566549251849408,0,0
sleepedf_full,true,eegconformer,transformer.2,46,20,65,0.6575,0.43219506610628594,0.3764184990240684,0.6043038612485445,-0.20415581426118146,-0.002585853322975487,0,0
sleepedf_full,true,eegconformer,transformer.5,46,20,65,0.6575,0.4439156971240744,0.3059966262328096,0.5941765058528838,-0.2152097773752378,0.04025814484585282,0,0
sleepedf_full,true,eegconformer,fc,46,20,65,0.6575,0.39074039132539135,0.31502557414124016,0.41978203465056074,-0.15751873269813532,0.04954273354695749,0,0
sleepedf_full,true,eegconformer,logits,46,20,65,0.6575,0.5914404427191127,0.4575530295703207,0.38712433356049175,0.09405445843024823,0.04925038462672163,0,0
sleepedf_full,true,tsception,temporal_blocks.0,41,0,65,0.202,0.6498659743935093,0.4429955629459413,0.3763805135411374,0.09878323496478611,0.17470222588758574,0,0
sleepedf_full,true,tsception,temporal_blocks.2,41,0,65,0.202,0.7949861192594471,0.19914999938415517,0.710491625591355,0.06514455152405686,0.01934994214403353,0,0
sleepedf_full,true,tsception,spatial_block_1,41,0,65,0.202,0.9229697711651953,0.17062824914522973,0.8781243194283751,0.039050331694186514,0.005795120042627646,0,0
sleepedf_full,true,tsception,spatial_block_2,41,0,65,0.202,0.973543091355441,0.47494210219747707,0.8692240018843788,0.09967339774782685,0.004645691723235468,0,0
sleepedf_full,true,tsception,batch_temporal_lay,41,0,65,0.202,0.6803956239009327,0.3326794920717575,0.6545659703421739,-0.04293349908066981,0.06876315263942834,0,0
sleepedf_full,true,tsception,batch_spatial_lay,41,0,65,0.202,0.9635840832662794,0.4221241233528619,0.8609810241611051,0.09707595243871867,0.005527106666455478,0,0
sleepedf_full,true,tsception,dense_layer,41,0,65,0.202,0.9645342930872703,0.48258115006388347,0.8368018026588089,0.11974878600569776,0.00798370442276385,0,0
sleepedf_full,true,tsception,logits,41,0,65,0.202,0.9910638267718617,0.6822653776302441,0.8958803647607859,0.09117794033315595,0.004005521677919734,0,0
sleepedf_full,true,tsception,temporal_blocks.0,41,1,65,0.6185,0.6485205358171029,0.4239425461053711,0.36860547553411405,0.12053688804946722,0.15937817223352066,0,0
sleepedf_full,true,tsception,temporal_blocks.2,41,1,65,0.6185,0.7901426706611847,0.2628255782167181,0.7008499918772956,0.06484871218182696,0.0244439666020589,0,0
sleepedf_full,true,tsception,spatial_block_1,41,1,65,0.6185,0.8009776671425922,0.3611422568053166,1.1677127747496212,-0.42471068185925503,0.057975574252223265,0,0
sleepedf_full,true,tsception,spatial_block_2,41,1,65,0.6185,0.7645652035696118,0.20115657502893408,0.9131765779241879,-0.17490525095941217,0.02629387660483538,0,0
sleepedf_full,true,tsception,batch_temporal_lay,41,1,65,0.6185,0.6772002238054989,0.2695734488579953,1.0266787294231827,-0.402908089490016,0.05342958387233217,0,0
sleepedf_full,true,tsception,batch_spatial_lay,41,1,65,0.6185,0.6465288715946488,0.33343062268793006,1.1170909473107145,-0.5573857739263915,0.08682369821032498,0,0
sleepedf_full,true,tsception,dense_layer,41,1,65,0.6185,0.6477171036890987,0.5411728727468231,1.6920231852770415,-1.0830188204342563,0.029111972615591942,0,0
sleepedf_full,true,tsception,logits,41,1,65,0.6185,0.8323079316644323,0.8487128095479858,2.4372615259979824,-1.9274027393557827,-0.022290493520094542,0,0
sleepedf_full,true,tsception,temporal_blocks.0,41,2,65,0.6375,0.6509302091160619,0.4096633472050436,0.35412289025651383,0.14344919018213448,0.1533581286774123,0,0
sleepedf_full,true,tsception,temporal_blocks.2,41,2,65,0.6375,0.7856572458754515,0.24442720694924294,0.6895854992664318,0.07213266919305338,0.02393907741596512,0,0
sleepedf_full,true,tsception,spatial_block_1,41,2,65,0.6375,0.7892648337041298,0.3335463153607367,1.1491764149207402,-0.42694299909302563,0.06703141787641102,0,0
sleepedf_full,true,tsception,spatial_block_2,41,2,65,0.6375,0.7725300404998915,0.21441366526468703,0.9171137173183651,-0.16696453169707356,0.022380854878600396,0,0
sleepedf_full,true,tsception,batch_temporal_lay,41,2,65,0.6375,0.6716843412910819,0.2714401992056392,1.0373211534788829,-0.42627748844842045,0.06064067626061954,0,0
sleepedf_full,true,tsception,batch_spatial_lay,41,2,65,0.6375,0.6199293672697953,0.3286822387742716,1.1014947830803756,-0.593958319544036,0.11239290373345542,0,0
sleepedf_full,true,tsception,dense_layer,41,2,65,0.6375,0.6068526722257637,0.48279349009762046,0.8745887611802717,-0.3045221802898888,0.03345771163290072,0,0
sleepedf_full,true,tsception,logits,41,2,65,0.6375,0.7320315496858668,0.7114467207884005,1.023608867021093,-0.37403703339877226,-0.11961377087979735,0,0
sleepedf_full,true,tsception,temporal_blocks.0,41,5,65,0.5735,0.6456021618993052,0.3789040907760499,0.33763005543380187,0.17169320684270695,0.13627889962279457,0,0
sleepedf_full,true,tsception,temporal_blocks.2,41,5,65,0.5735,0.7772028816374,0.20600713053934358,0.6723596000911739,0.08014371041875476,0.024699571127472668,0,0
sleepedf_full,true,tsception,spatial_block_1,41,5,65,0.5735,0.7854183371800055,0.3344660612683102,1.1674694397932852,-0.46019375637299303,0.07814265375970672,0,0
sleepedf_full,true,tsception,spatial_block_2,41,5,65,0.5735,0.767757563113794,0.2009156807304087,0.8707482765381565,-0.11892253568330566,0.015931822258944985,0,0
sleepedf_full,true,tsception,batch_temporal_lay,41,5,65,0.5735,0.6457025016411857,0.2581982163323388,1.0268729416195934,-0.4474958034786728,0.06632536350026501,0,0
sleepedf_full,true,tsception,batch_spatial_lay,41,5,65,0.5735,0.572787589119885,0.34327166370311885,1.1461323361734508,-0.7293618162496796,0.15576917909208934,0,0
sleepedf_full,true,tsception,dense_layer,41,5,65,0.5735,0.6275146660180736,0.5072513380095534,1.5163628139462237,-1.0963580131297084,0.2067776495539127,0,0
sleepedf_full,true,tsception,logits,41,5,65,0.5735,0.756227808639376,0.5760845987987346,1.7104975289019477,-1.1903001184263098,0.04805753996634342,0,0
sleepedf_full,true,tsception,temporal_blocks.0,41,10,65,0.5845,0.6318347375111187,0.37030352270321176,0.3230226101605371,0.17340392978076694,0.135408197569814,0,0
sleepedf_full,true,tsception,temporal_blocks.2,41,10,65,0.5845,0.7698266705861196,0.1701660036391383,0.6513971878046504,0.09545218800998806,0.02297729477147965,0,0
sleepedf_full,true,tsception,spatial_block_1,41,10,65,0.5845,0.7675987786439555,0.3109607627935426,1.126319635875163,-0.43257434676909123,0.07385348953788183,0,0
sleepedf_full,true,tsception,spatial_block_2,41,10,65,0.5845,0.7636980065615292,0.21251283218807301,0.8396148074085419,-0.1010848328852855,0.025168032038267226,0,0
sleepedf_full,true,tsception,batch_temporal_lay,41,10,65,0.5845,0.6127962934409499,0.2638926606041711,1.0063630077267798,-0.46819339771765506,0.07462668343182506,0,0
sleepedf_full,true,tsception,batch_spatial_lay,41,10,65,0.5845,0.5294597141257917,0.35220418440606915,1.1340012063117693,-0.7895222248463353,0.1836746130194172,0,0
sleepedf_full,true,tsception,dense_layer,41,10,65,0.5845,0.5792606405579367,0.5115752402716862,1.4619726975230334,-1.1902746662237529,0.30035703790413515,0,0
sleepedf_full,true,tsception,logits,41,10,65,0.5845,0.7474318216685719,0.5878851866629831,1.3439175107038663,-0.85568733636319,0.0021087200181024775,0,0
sleepedf_full,true,tsception,temporal_blocks.0,41,20,65,0.593,0.6126507224278707,0.3606360356277176,0.3103778941814572,0.1680286854330911,0.134244142813323,0,0
sleepedf_full,true,tsception,temporal_blocks.2,41,20,65,0.593,0.7643322763970202,0.16575665711585572,0.6399947999882069,0.10158162363830045,0.02275585277051298,0,0
sleepedf_full,true,tsception,spatial_block_1,41,20,65,0.593,0.727989848998713,0.34655805416997804,1.1934120016202416,-0.5761663380571707,0.11074418543563767,0,0
sleepedf_full,true,tsception,spatial_block_2,41,20,65,0.593,0.7750292436114886,0.18378648091016977,0.872335164419175,-0.11898596773127221,0.021680046923580106,0,0
sleepedf_full,true,tsception,batch_temporal_lay,41,20,65,0.593,0.5839043385074164,0.2567992873583961,0.9897011222192593,-0.4856934055634597,0.07989662185161626,0,0
sleepedf_full,true,tsception,batch_spatial_lay,41,20,65,0.593,0.49078352912714157,0.3759840864415761,1.2387120527954325,-1.004550330631525,0.25547445074020847,0,0
sleepedf_full,true,tsception,dense_layer,41,20,65,0.593,0.509704314119055,0.47764341188210674,1.6541479398568502,-1.6209982967571315,0.4654764831709696,0,0
sleepedf_full,true,tsception,logits,41,20,65,0.593,0.7106054827919337,0.5608750514473861,1.5245028846630724,-1.2546537964881106,0.19336952416087627,0,0
sleepedf_full,true,tsception,temporal_blocks.0,42,0,65,0.2045,0.6441150407096464,0.34422689841058485,0.38855336107282273,0.14028225605526792,0.11527942358155474,0,0
sleepedf_full,true,tsception,temporal_blocks.2,42,0,65,0.2045,0.8031787714309591,0.1321114224776209,0.6853398640266392,0.09857776075667886,0.019261146647641114,0,0
sleepedf_full,true,tsception,spatial_block_1,42,0,65,0.2045,0.9086890494114034,0.317619079679891,0.6943044923536281,0.1901948277481892,0.024189729309585954,0,0
sleepedf_full,true,tsception,spatial_block_2,42,0,65,0.2045,0.970313285528617,0.39944486796135664,0.9737192590648406,-0.009731120946948914,0.0063251474107229606,0,0
sleepedf_full,true,tsception,batch_temporal_lay,42,0,65,0.2045,0.7141223259138493,0.22839007661814656,0.6075134538491799,0.06110892682413507,0.04549994524053413,0,0
sleepedf_full,true,tsception,batch_spatial_lay,42,0,65,0.2045,0.9558723244763285,0.38548547430923946,0.9489296810330017,-0.002180890740213867,0.009123534183540389,0,0
sleepedf_full,true,tsception,dense_layer,42,0,65,0.2045,0.9673845088407934,0.3962639950652696,0.9385299208585354,0.021703700117352304,0.007150887864905544,0,0
sleepedf_full,true,tsception,logits,42,0,65,0.2045,0.991192531303123,0.4263566562599361,0.9708475930848266,0.019020632637934857,0.0013243055803615817,0,0
sleepedf_full,true,tsception,temporal_blocks.0,42,1,65,0.5375,0.6346635449384606,0.3922311351192082,0.4588512741983719,0.07096962548883023,0.10484264525125764,0,0
sleepedf_full,true,tsception,temporal_blocks.2,42,1,65,0.5375,0.7886574209822402,0.12430334721386845,0.6624296567608263,0.10508717595041846,0.021140588270996203,0,0
sleepedf_full,true,tsception,spatial_block_1,42,1,65,0.5375,0.8247229122590286,0.5072962373369758,1.2703303874595446,-0.51168674973326,0.06607927453274637,0,0
sleepedf_full,true,tsception,spatial_block_2,42,1,65,0.5375,0.8722986100705915,0.3965373419514201,1.0872914591207203,-0.23904097460481505,0.0240481255546809,0,0
sleepedf_full,true,tsception,batch_temporal_lay,42,1,65,0.5375,0.6466290797003749,0.30985682997509834,0.9878333273923042,-0.3974340466157109,0.05622979892378148,0,0
sleepedf_full,true,tsception,batch_spatial_lay,42,1,65,0.5375,0.7015302560837098,0.4327836825350065,1.1058856780275161,-0.48105018283777007,0.07669476089396315,0,0
sleepedf_full,true,tsception,dense_layer,42,1,65,0.5375,0.7875664895402147,0.6365372083015208,1.6395647416072314,-0.7996360926753845,-0.05398411380195817,0,0
sleepedf_full,true,tsception,logits,42,1,65,0.5375,0.888528176309229,0.8115340505178054,1.587434084987977,-0.5670105411553376,-0.19150223580832404,0,0
sleepedf_full,true,tsception,temporal_blocks.0,42,2,65,0.5905,0.645129338844523,0.3824338442196988,0.48545885301976693,0.06496401333420648,0.09470647249054905,0,0
sleepedf_full,true,tsception,temporal_blocks.2,42,2,65,0.5905,0.7871392182790397,0.13662870234338453,0.6639472083332629,0.09952598167481863,0.023666028270958102,0,0
sleepedf_full,true,tsception,spatial_block_1,42,2,65,0.5905,0.8246347674168868,0.5273698708826935,1.3297139097030164,-0.5869164666296729,0.08183732434354359,0,0
sleepedf_full,true,tsception,spatial_block_2,42,2,65,0.5905,0.8685929273521916,0.401822763146973,1.1122523813995333,-0.27244849187189873,0.02878903782456072,0,0
sleepedf_full,true,tsception,batch_temporal_lay,42,2,65,0.5905,0.6339110785017197,0.31602447647614035,0.9919919648374644,-0.4196375095990889,0.06155662326334397,0,0
sleepedf_full,true,tsception,batch_spatial_lay,42,2,65,0.5905,0.6912158178539046,0.44426592891932043,1.1553565318864965,-0.5625750604907107,0.09843434645811852,0,0
sleepedf_full,true,tsception,dense_layer,42,2,65,0.5905,0.6980124611905668,0.5666284868824167,1.3972421535641708,-0.6837256189134127,-0.016991345081345376,0,0
sleepedf_full,true,tsception,logits,42,2,65,0.5905,0.8100765592414754,0.6553748272917088,1.7150290383949236,-0.8537969574770052,-0.17922887974780158,0,0
sleepedf_full,true,tsception,temporal_blocks.0,42,5,65,0.6075,0.6414226032741666,0.33199138781642823,0.49226539099665034,0.06764634675100219,0.08151086552651358,0,0
sleepedf_full,true,tsception,temporal_blocks.2,42,5,65,0.6075,0.7840401094436056,0.13738706277568172,0.6477132522024633,0.11136964231188687,0.02495721492925551,0,0
sleepedf_full,true,tsception,spatial_block_1,42,5,65,0.6075,0.8306356084105022,0.4658591295535475,1.364103584609782,-0.6150611511251072,0.081593174925826,0,0
sleepedf_full,true,tsception,spatial_block_2,42,5,65,0.6075,0.8646399005323564,0.35429070069642976,1.1241526814445426,-0.2885226175796539,0.029009836667471055,0,0
sleepedf_full,true,tsception,batch_temporal_lay,42,5,65,0.6075,0.6097122155939971,0.2785519063928566,0.9766142084262024,-0.4297913720518257,0.06288937921962039,0,0
sleepedf_full,true,tsception,batch_spatial_lay,42,5,65,0.6075,0.6750357795230609,0.38700133297196515,1.1824952797565698,-0.6080899257072058,0.1006304254736969,0,0
sleepedf_full,true,tsception,dense_layer,42,5,65,0.6075,0.7232323247535241,0.5650416431993893,1.4985628244369664,-0.79495687942006,0.018819356663371485,0,0
sleepedf_full,true,tsception,logits,42,5,65,0.6075,0.7829935057275761,0.8440833224830709,1.7242540004229439,-0.966040612158521,-0.05278131548356656,0,0
sleepedf_full,true,tsception,temporal_blocks.0,42,10,65,0.5755,0.6259981636740869,0.30653018278841604,0.4776130430549126,0.07055898417047127,0.07782613644870247,0,0
sleepedf_full,true,tsception,temporal_blocks.2,42,10,65,0.5755,0.7762993844681363,0.15383191597736579,0.6302177572047301,0.11685178610530084,0.029229841158101646,0,0
sleepedf_full,true,tsception,spatial_block_1,42,10,65,0.5755,0.8235096590059019,0.379778619649062,1.390033511610564,-0.6496257699752124,0.083101917370548,0,0
sleepedf_full,true,tsception,spatial_block_2,42,10,65,0.5755,0.846321820587003,0.29970103206093235,1.1053160454647244,-0.28918319272817444,0.030188967850448223,0,0
sleepedf_full,true,tsception,batch_temporal_lay,42,10,65,0.5755,0.5871652042610659,0.2567323115714,0.9676855148131099,-0.44881809256626337,0.0681749339688464,0,0
sleepedf_full,true,tsception,batch_spatial_lay,42,10,65,0.5755,0.6169863065520569,0.31813197470198423,1.1408118003282108,-0.6325488155559004,0.10872332177974683,0,0
sleepedf_full,true,tsception,dense_layer,42,10,65,0.5755,0.6566155281845347,0.3965235034170659,0.9899254368418374,-0.4093657923788909,0.0757395345422418,0,0
sleepedf_full,true,tsception,logits,42,10,65,0.5755,0.7413717706660305,0.6025647254514321,0.8168249111137038,-0.08976865349142553,-0.07514029706205642,0,0
sleepedf_full,true,tsception,temporal_blocks.0,42,20,65,0.619,0.6044501933035599,0.27465180968203395,0.461582858432393,0.0704391303880608,0.07242820448310663,0,0
sleepedf_full,true,tsception,temporal_blocks.2,42,20,65,0.619,0.7697951731702529,0.1560915445048679,0.6148094259201305,0.12437380528122917,0.030611941968892206,0,0
sleepedf_full,true,tsception,spatial_block_1,42,20,65,0.619,0.8034107359073979,0.35194107561078025,1.4508093273133025,-0.7524934589606109,0.1050948675547015,0,0
sleepedf_full,true,tsception,spatial_block_2,42,20,65,0.619,0.8283436046775197,0.22087376435785117,1.0679274614888625,-0.2645883171937754,0.02500446038242894,0,0
sleepedf_full,true,tsception,batch_temporal_lay,42,20,65,0.619,0.5543128681753756,0.22654718042547592,0.9363575078418908,-0.4544480058849313,0.07158581786593067,0,0
sleepedf_full,true,tsception,batch_spatial_lay,42,20,65,0.619,0.5994857354475469,0.269008308555661,1.1619248961555162,-0.6702384777965229,0.10779931708855316,0,0
sleepedf_full,true,tsception,dense_layer,42,20,65,0.619,0.6529515074487626,0.5293329771936187,1.2867306060208175,-0.6240088959479082,-0.011900275895473569,0,0
sleepedf_full,true,tsception,logits,42,20,65,0.619,0.7366263965480813,0.85666808616744,1.3030603260345137,-0.5651833117010525,-0.1371272843738665,0,0
sleepedf_full,true,tsception,temporal_blocks.0,43,0,65,0.197,0.7388441337066509,0.2862299492006195,0.5182648418058482,0.1644921879716147,0.05608710392918479,0,0
sleepedf_full,true,tsception,temporal_blocks.2,43,0,65,0.197,0.6967805572280774,0.17578555251817912,0.4929502715973144,0.16668637905215433,0.03714390657860909,0,0
sleepedf_full,true,tsception,spatial_block_1,43,0,65,0.197,0.9564596402340177,0.16486863605011204,0.8663583599180077,0.08690579395691016,0.0031954863590986636,0,0
sleepedf_full,true,tsception,spatial_block_2,43,0,65,0.197,0.9067034523383458,0.2964517838805553,0.9272880078310474,-0.0280615314406912,0.007476975947988155,0,0
sleepedf_full,true,tsception,batch_temporal_lay,43,0,65,0.197,0.6588830096177053,0.20088198542959057,0.5329048014632376,0.08096484803317676,0.045013360121290674,0,0
sleepedf_full,true,tsception,batch_spatial_lay,43,0,65,0.197,0.9012691061717776,0.2637342063790804,0.8928800001023427,0.00046792870900474787,0.007921177360430071,0,0
sleepedf_full,true,tsception,dense_layer,43,0,65,0.197,0.9145246229136825,0.2896263380129844,0.8976464208821539,0.009688444047888899,0.007189757983639761,0,0
sleepedf_full,true,tsception,logits,43,0,65,0.197,0.9883609959267152,0.44051697903265696,0.9633189552431292,0.023801613324876375,0.0012404273587094655,0,0
sleepedf_full,true,tsception,temporal_blocks.0,43,1,65,0.5815,0.7022119252795986,0.23691922194956244,0.4701309340626687,0.17981403143204644,0.052266959784884846,0,0
sleepedf_full,true,tsception,temporal_blocks.2,43,1,65,0.5815,0.7005995613294395,0.14320840030671608,0.5099910803682635,0.15900891074906556,0.03159957021211202,0,0
sleepedf_full,true,tsception,spatial_block_1,43,1,65,0.5815,0.8356920236969143,0.1790696108399188,0.9506780575054519,-0.12976825293912864,0.014782219130590253,0,0
sleepedf_full,true,tsception,spatial_block_2,43,1,65,0.5815,0.7879304992197227,0.251488171691193,0.7621814117079777,0.012885473424147626,0.012863614087598587,0,0
sleepedf_full,true,tsception,batch_temporal_lay,43,1,65,0.5815,0.6738859420946275,0.19293611541465705,0.9051697679719355,-0.2645967305140203,0.033312904636712236,0,0
sleepedf_full,true,tsception,batch_spatial_lay,43,1,65,0.5815,0.6243427996343408,0.2224815099798435,0.8268843509332378,-0.22497434156449939,0.022189486246419497,0,0
sleepedf_full,true,tsception,dense_layer,43,1,65,0.5815,0.6802854100022043,0.8497140806383922,1.8057198565149053,-1.137055834263689,0.006898781230745495,0,0
sleepedf_full,true,tsception,logits,43,1,65,0.5815,0.813781779990071,0.9642475426623494,2.71068609323108,-2.211311338588443,0.07394794853517693,0,0
sleepedf_full,true,tsception,temporal_blocks.0,43,2,65,0.613,0.6926299196352805,0.2598154256749103,0.44717571123847766,0.1821208268931284,0.0633333815036703,0,0
sleepedf_full,true,tsception,temporal_blocks.2,43,2,65,0.613,0.7058441132622333,0.11806718258266731,0.5110429195560078,0.1668909836852709,0.027910210020952817,0,0
sleepedf_full,true,tsception,spatial_block_1,43,2,65,0.613,0.8286837276063191,0.2795676708698607,1.0131258905287461,-0.21167334323900755,0.027231180316577314,0,0
sleepedf_full,true,tsception,spatial_block_2,43,2,65,0.613,0.8001905616896039,0.31254432061689286,0.823524818428501,-0.040687384614821055,0.017353127875925002,0,0
sleepedf_full,true,tsception,batch_temporal_lay,43,2,65,0.613,0.6744019992066964,0.23809597902840843,0.9441136393133607,-0.3106659243072178,0.04095428420055289,0,0
sleepedf_full,true,tsception,batch_spatial_lay,43,2,65,0.613,0.6181566974708557,0.2721208792324912,0.8996355592149501,-0.3207413709263712,0.03909961386597113,0,0
sleepedf_full,true,tsception,dense_layer,43,2,65,0.613,0.6919277298870044,0.6779457318383955,1.331955770370564,-0.6024448549310999,-0.04054623026526314,0,0
sleepedf_full,true,tsception,logits,43,2,65,0.613,0.8111499448512173,0.9368613319805497,1.757767516088464,-1.0861402110923493,-0.09303164327192227,0,0
sleepedf_full,true,tsception,temporal_blocks.0,43,5,65,0.589,0.6768382852911621,0.28410689401367406,0.4270867631128537,0.17423922935207836,0.07551229282622975,0,0
sleepedf_full,true,tsception,temporal_blocks.2,43,5,65,0.589,0.7207318879115406,0.10998670449156246,0.5361337533610795,0.1599458459610303,0.024652288589429142,0,0
sleepedf_full,true,tsception,spatial_block_1,43,5,65,0.589,0.8103203627563231,0.31087679013857583,1.0271620845820237,-0.26020844356764045,0.04336672174193865,0,0
sleepedf_full,true,tsception,spatial_block_2,43,5,65,0.589,0.8108670808129153,0.3153895980652436,0.8716930828187496,-0.07581174633169163,0.014985744325852748,0,0
sleepedf_full,true,tsception,batch_temporal_lay,43,5,65,0.589,0.6601310442070876,0.24822180452297754,0.9625005949283342,-0.35211078347437225,0.04974123275312547,0,0
sleepedf_full,true,tsception,batch_spatial_lay,43,5,65,0.589,0.6096486076700531,0.2843392412257321,0.9656707673623353,-0.41058434573334907,0.05449721684218455,0,0
sleepedf_full,true,tsception,dense_layer,43,5,65,0.589,0.6718132618129894,0.5852036821652495,1.3441437874271427,-0.6685726020491308,-0.005497809913670819,0,0
sleepedf_full,true,tsception,logits,43,5,65,0.589,0.7686433383680632,0.8813730253376673,1.4990669225245503,-0.8162774374089422,-0.08881764903142013,0,0
sleepedf_full,true,tsception,temporal_blocks.0,43,10,65,0.616,0.6586202451250598,0.247329760222006,0.39462153909504694,0.19094133666091667,0.0730573693690918,0,0
sleepedf_full,true,tsception,temporal_blocks.2,43,10,65,0.616,0.720079621043788,0.11802471480965676,0.5346443827651104,0.15980218592944553,0.02563305234922935,0,0
sleepedf_full,true,tsception,spatial_block_1,43,10,65,0.616,0.7782613599319477,0.22907069028196844,0.973355467721894,-0.23842777894192177,0.04333367115197256,0,0
sleepedf_full,true,tsception,spatial_block_2,43,10,65,0.616,0.8174847022813503,0.30071794773273036,0.9303132663474406,-0.13113179702609729,0.01830323296000561,0,0
sleepedf_full,true,tsception,batch_temporal_lay,43,10,65,0.616,0.6396410715817652,0.22908710190569634,0.9512556328541759,-0.3649718400481405,0.05335727877572947,0,0
sleepedf_full,true,tsception,batch_spatial_lay,43,10,65,0.616,0.5818020644744284,0.2431534063820228,0.9824897307885131,-0.4648336098072973,0.06401784757501143,0,0
sleepedf_full,true,tsception,dense_layer,43,10,65,0.616,0.6458460107644296,0.508467686689945,1.1603429251668123,-0.528168347362807,0.012311132392264492,0,0
sleepedf_full,true,tsception,logits,43,10,65,0.616,0.7336130323615412,0.8235471228159715,1.1054261365727756,-0.4697477807216342,-0.08451092351571614,0,0
sleepedf_full,true,tsception,temporal_blocks.0,43,20,65,0.6055,0.634688395054775,0.26071170609577965,0.3563482523556214,0.19224013490401543,0.08610000779513614,0,0
sleepedf_full,true,tsception,temporal_blocks.2,43,20,65,0.6055,0.7188255509074444,0.16830164064608927,0.5321719726329672,0.15673678493946883,0.029916793335004594,0,0
sleepedf_full,true,tsception,spatial_block_1,43,20,65,0.6055,0.7821439243889972,0.2595108403826325,1.0039568516963624,-0.27200421681050885,0.05019128950314097,0,0
sleepedf_full,true,tsception,spatial_block_2,43,20,65,0.6055,0.8126502953962543,0.3111785054435071,0.9809575726630597,-0.19153419661548662,0.02322691934868009,0,0
sleepedf_full,true,tsception,batch_temporal_lay,43,20,65,0.6055,0.6174051309783206,0.2552284744978893,0.9580081511534899,-0.4011701486359947,0.060567128460824834,0,0
sleepedf_full,true,tsception,batch_spatial_lay,43,20,65,0.6055,0.5748814213674512,0.2791226323802638,1.0434652111341045,-0.5539448880355985,0.08527387686053103,0,0
sleepedf_full,true,tsception,dense_layer,43,20,65,0.6055,0.6068908471531601,0.44225812975905476,1.247390951347752,-0.7108000003953665,0.06720302822936589,0,0
sleepedf_full,true,tsception,logits,43,20,65,0.6055,0.7059444407181933,0.7924529882620586,1.1938516631559812,-0.5979866500231479,-0.07158037737458685,0,0
sleepedf_full,true,tsception,temporal_blocks.0,44,0,65,0.217,0.7371585419080151,0.23741982426932293,0.5736692825775522,0.12355989375004252,0.03992936558041787,0,0
sleepedf_full,true,tsception,temporal_blocks.2,44,0,65,0.217,0.791829681941991,0.22444929604348726,0.6901168574214914,0.07487764498092132,0.026835179539582314,0,0
sleepedf_full,true,tsception,spatial_block_1,44,0,65,0.217,0.6306527713470532,0.19520391403126452,0.5349743815643765,0.03580636257891663,0.05987202720375844,0,0
sleepedf_full,true,tsception,spatial_block_2,44,0,65,0.217,0.9750814930230878,0.21944560649110004,1.0107140989525492,-0.037616535101706414,0.001983929172244023,0,0
sleepedf_full,true,tsception,batch_temporal_lay,44,0,65,0.217,0.6393650840189644,0.2619656718549541,0.5988204706924034,-0.027936192389172356,0.06848080571573281,0,0
sleepedf_full,true,tsception,batch_spatial_lay,44,0,65,0.217,0.9514091172398403,0.21346128441173656,0.9914497122987018,-0.04368077480708643,0.003640179748224628,0,0
sleepedf_full,true,tsception,dense_layer,44,0,65,0.217,0.9570775724568467,0.22938326749574048,0.9808949469681693,-0.027294732859101837,0.003477358347779322,0,0
sleepedf_full,true,tsception,logits,44,0,65,0.217,0.9848007208221995,0.49039559882193473,0.9954400529178761,-0.013774376646007594,0.0031350445503309852,0,0
sleepedf_full,true,tsception,temporal_blocks.0,44,1,65,0.5915,0.7221731703221502,0.24697023407396385,0.5605625714416649,0.11955952158937301,0.04205107729111224,0,0
sleepedf_full,true,tsception,temporal_blocks.2,44,1,65,0.5915,0.8034865667161581,0.2354121835862432,0.7111960590866045,0.06343072009423932,0.028859787535316414,0,0
sleepedf_full,true,tsception,spatial_block_1,44,1,65,0.5915,0.800139643074082,0.29699710459504347,1.1511739699981325,-0.39986662915750804,0.04883230223345776,0,0
sleepedf_full,true,tsception,spatial_block_2,44,1,65,0.5915,0.8613732108160242,0.19029548826392653,0.9322019646230526,-0.07323008201450175,0.0024013282074700137,0,0
sleepedf_full,true,tsception,batch_temporal_lay,44,1,65,0.5915,0.704826666365983,0.22680565347879605,1.0366530753711987,-0.37666194548627496,0.04483553648105918,0,0
sleepedf_full,true,tsception,batch_spatial_lay,44,1,65,0.5915,0.6280348272373872,0.19616945658244161,0.8300132582303976,-0.22562865686850309,0.02365022587549236,0,0
sleepedf_full,true,tsception,dense_layer,44,1,65,0.5915,0.6337218060503768,0.587942080373017,1.177937191998407,-0.5265764686082594,-0.017712663933406488,0,0
sleepedf_full,true,tsception,logits,44,1,65,0.5915,0.7094681767705953,0.8281456200110268,1.5744276752979605,-0.9569001664681359,-0.02858909190937587,0,0
sleepedf_full,true,tsception,temporal_blocks.0,44,2,65,0.5935,0.7099342433793795,0.23493272975323531,0.5406442084654761,0.12698254707406254,0.042307487839838544,0,0
sleepedf_full,true,tsception,temporal_blocks.2,44,2,65,0.5935,0.8017771434404396,0.24145688022102094,0.7048006609208014,0.06617507759729782,0.030801404922332732,0,0
sleepedf_full,true,tsception,spatial_block_1,44,2,65,0.5935,0.7948485958369814,0.28009660508088,1.0963146776921906,-0.3472426133833748,0.045776531528165465,0,0
sleepedf_full,true,tsception,spatial_block_2,44,2,65,0.5935,0.840349406220373,0.17316739971443781,0.8927768611791934,-0.05338261863687832,0.0009551636780534573,0,0
sleepedf_full,true,tsception,batch_temporal_lay,44,2,65,0.5935,0.6912017189330477,0.23039133763450176,1.0325230766779923,-0.38906208723163377,0.0477407294866891,0,0
sleepedf_full,true,tsception,batch_spatial_lay,44,2,65,0.5935,0.5924744082564803,0.15683287039155605,0.8108400129860124,-0.24688988456321037,0.02852427983367787,0,0
sleepedf_full,true,tsception,dense_layer,44,2,65,0.5935,0.5658411462036951,0.3843758029907279,1.0688971730956343,-0.4928756230584624,-0.011774318803275742,0,0
sleepedf_full,true,tsception,logits,44,2,65,0.5935,0.7606873418822951,0.754474012466163,1.3841637490302805,-0.792385288594552,-0.12534249709315345,0,0
sleepedf_full,true,tsception,temporal_blocks.0,44,5,65,0.5915,0.7014573023312439,0.2173548734881678,0.5085965560214509,0.14738041608910168,0.04548033022068678,0,0
sleepedf_full,true,tsception,temporal_blocks.2,44,5,65,0.5915,0.793575111380554,0.2531213305501673,0.6838788661497259,0.07445317603256695,0.035243069198261257,0,0
sleepedf_full,true,tsception,spatial_block_1,44,5,65,0.5915,0.7879301134446092,0.30436329763292985,1.117435687670068,-0.39466801291176934,0.06516243868631133,0,0
sleepedf_full,true,tsception,spatial_block_2,44,5,65,0.5915,0.8195400088982618,0.14803883614698496,0.9183833124194113,-0.10002025662219752,0.001176953101042557,0,0
sleepedf_full,true,tsception,batch_temporal_lay,44,5,65,0.5915,0.6682184212797063,0.2470675740032984,1.0413916039865252,-0.43129998837336386,0.05812680566654504,0,0
sleepedf_full,true,tsception,batch_spatial_lay,44,5,65,0.5915,0.5366775683391735,0.15078384488738028,0.8375208374278948,-0.3478930061580355,0.04704973706931369,0,0
sleepedf_full,true,tsception,dense_layer,44,5,65,0.5915,0.5626257424456386,0.2667231328509791,1.0504459121118173,-0.5026101968019312,0.010666288809858917,0,0
sleepedf_full,true,tsception,logits,44,5,65,0.5915,0.7518817829120653,0.63334415056062,1.18478620568367,-0.6104507041026972,-0.11528593063774209,0,0
sleepedf_full,true,tsception,temporal_blocks.0,44,10,65,0.592,0.6856987089178406,0.19501333058777642,0.4671194585616315,0.17223254610489155,0.04634670425131678,0,0
sleepedf_full,true,tsception,temporal_blocks.2,44,10,65,0.592,0.7794980598381992,0.2857192289574845,0.6618640213204146,0.07396873842900288,0.04366530008878478,0,0
sleepedf_full,true,tsception,spatial_block_1,44,10,65,0.592,0.7745340580225135,0.28545487524118324,1.0887198104255797,-0.3802041546835652,0.06601840228049755,0,0
sleepedf_full,true,tsception,spatial_block_2,44,10,65,0.592,0.7747605951681781,0.13849699079817748,0.8776022721668943,-0.10041598145363335,-0.0024256955450916336,0,0
sleepedf_full,true,tsception,batch_temporal_lay,44,10,65,0.592,0.6504513141452558,0.26713777850212705,1.0475058205127716,-0.46219301987125283,0.06513851350373694,0,0
sleepedf_full,true,tsception,batch_spatial_lay,44,10,65,0.592,0.4846153706731453,0.17983963219469248,0.8495513598520053,-0.4392265656964456,0.07428954579457127,0,0
sleepedf_full,true,tsception,dense_layer,44,10,65,0.592,0.5291762965022263,0.22817806841779734,0.8764740106719578,-0.4111009398700006,0.05614281409456933,0,0
sleepedf_full,true,tsception,logits,44,10,65,0.592,0.7196674475776947,0.49206811321715077,0.7498267854572009,-0.2530434652726156,-0.11299856983236892,0,0
sleepedf_full,true,tsception,temporal_blocks.0,44,20,65,0.5865,0.6682979601011401,0.19244211954601773,0.44003346712453484,0.1776255868802953,0.05063890609630782,0,0
sleepedf_full,true,tsception,temporal_blocks.2,44,20,65,0.5865,0.763275693826756,0.26666620922037365,0.6301378158061004,0.08752089519810242,0.04561698282255135,0,0
sleepedf_full,true,tsception,spatial_block_1,44,20,65,0.5865,0.7498141846646921,0.25720355768675046,1.122437040029004,-0.4480309284084538,0.07540807304414351,0,0
sleepedf_full,true,tsception,spatial_block_2,44,20,65,0.5865,0.7495430897907537,0.14123847777347395,0.8956971837767812,-0.1449067768712263,-0.0012473171148130295,0,0
sleepedf_full,true,tsception,batch_temporal_lay,44,20,65,0.5865,0.6090079640041397,0.2602122573141694,1.0152518340733048,-0.478594649929136,0.07235077985997077,0,0
sleepedf_full,true,tsception,batch_spatial_lay,44,20,65,0.5865,0.45909400559545777,0.14223449840428937,0.7832848811892911,-0.3745076283408616,0.049498794743083704,0,0
sleepedf_full,true,tsception,dense_layer,44,20,65,0.5865,0.4797598233834801,0.2626961209907542,0.8615869063138865,-0.4317592552745348,0.041130990783075895,0,0
sleepedf_full,true,tsception,logits,44,20,65,0.5865,0.6689901554963764,0.6904604979201512,0.836599644430233,-0.3483413800892851,-0.13472859919305247,0,0
sleepedf_full,true,tsception,temporal_blocks.0,45,0,65,0.211,0.6700248896375212,0.37104617723292144,0.431548763526574,0.12796518587656006,0.11051094023438558,0,0
sleepedf_full,true,tsception,temporal_blocks.2,45,0,65,0.211,0.797473407561016,0.2554427378397976,0.6975247945968593,0.07577875559989564,0.02416985736425904,0,0
sleepedf_full,true,tsception,spatial_block_1,45,0,65,0.211,0.9021743573775053,0.38340722665750576,0.7827291610050982,0.09695359239913377,0.02249160397327271,0,0
sleepedf_full,true,tsception,spatial_block_2,45,0,65,0.211,0.9594394178015749,0.41508310140778726,0.9931365823838256,-0.03965249872209343,0.005955334139838027,0,0
sleepedf_full,true,tsception,batch_temporal_lay,45,0,65,0.211,0.6797067236826484,0.2837889371650967,0.5992060292288797,0.023925281340615237,0.0565754131131535,0,0
sleepedf_full,true,tsception,batch_spatial_lay,45,0,65,0.211,0.935198103217801,0.4045303891986397,0.9536315195920418,-0.028745246049291583,0.010311829675050658,0,0
sleepedf_full,true,tsception,dense_layer,45,0,65,0.211,0.9444541702549794,0.4354131141805465,0.9418816464526351,-0.008343826526914656,0.010916350329258924,0,0
sleepedf_full,true,tsception,logits,45,0,65,0.211,0.9892658976348221,0.41837842474740183,1.004055004196561,-0.015356764639081762,0.0005676580773429066,0,0
sleepedf_full,true,tsception,temporal_blocks.0,45,1,65,0.57,0.6281150406735516,0.33388629125507846,0.423577454571016,0.11335924489035279,0.0911783412121829,0,0
sleepedf_full,true,tsception,temporal_blocks.2,45,1,65,0.57,0.7946220811064144,0.22523850002870652,0.6965559890952733,0.075451079922773,0.022615012088366256,0,0
sleepedf_full,true,tsception,spatial_block_1,45,1,65,0.57,0.7506905798861763,0.24467027495558363,0.8298895963579052,-0.11127278078108305,0.03207376430935283,0,0
sleepedf_full,true,tsception,spatial_block_2,45,1,65,0.57,0.843567341460992,0.333868782672558,0.9608409145877954,-0.13995614180221097,0.02268256867540858,0,0
sleepedf_full,true,tsception,batch_temporal_lay,45,1,65,0.57,0.6494158578289522,0.24363432235855134,0.9478604152874818,-0.33861246706998244,0.04016790961145277,0,0
sleepedf_full,true,tsception,batch_spatial_lay,45,1,65,0.57,0.6632682360028596,0.37493378394322135,0.9939197277988917,-0.4023087321123173,0.0716572403162856,0,0
sleepedf_full,true,tsception,dense_layer,45,1,65,0.57,0.6969248834753589,0.6459005954011114,1.529709750957661,-0.7432733139270665,-0.09212788675657024,0,0
sleepedf_full,true,tsception,logits,45,1,65,0.57,0.8352544211968613,0.7913324642560138,2.1439129687583405,-1.2698672648958667,-0.21703463470660447,0,0
sleepedf_full,true,tsception,temporal_blocks.0,45,2,65,0.5755,0.6222795252204437,0.33501121819972735,0.4251587141294879,0.10609934841110512,0.09102146267984997,0,0
sleepedf_full,true,tsception,temporal_blocks.2,45,2,65,0.5755,0.7954476650392619,0.23486563816462672,0.6956121972132208,0.07469829935117296,0.025137168474863622,0,0
sleepedf_full,true,tsception,spatial_block_1,45,2,65,0.5755,0.7776550379188212,0.2522032139781635,0.9044775588575698,-0.16002590082859902,0.03320337988984962,0,0
sleepedf_full,true,tsception,spatial_block_2,45,2,65,0.5755,0.8501913472812932,0.32072890215967687,0.957337024615948,-0.13141040942253204,0.024264732087873865,0,0
sleepedf_full,true,tsception,batch_temporal_lay,45,2,65,0.5755,0.6407273747072221,0.23508682300991662,0.947247300321229,-0.34656046072401847,0.04004053511001158,0,0
sleepedf_full,true,tsception,batch_spatial_lay,45,2,65,0.5755,0.6411519528420595,0.3501565142835561,1.0185415872088854,-0.4619619938173604,0.08457235945053436,0,0
sleepedf_full,true,tsception,dense_layer,45,2,65,0.5755,0.6357515617857855,0.5475293558507912,1.2047245746040411,-0.5701047326120643,-0.001256952488913569,0,0
sleepedf_full,true,tsception,logits,45,2,65,0.5755,0.7892560107406406,0.746969521121819,1.4722874272141862,-0.7211602348394854,-0.14117722041546582,0,0
sleepedf_full,true,tsception,temporal_blocks.0,45,5,65,0.5745,0.6084502582094704,0.3091721827300432,0.4116781218316152,0.11196222380744605,0.08480991257040818,0,0
sleepedf_full,true,tsception,temporal_blocks.2,45,5,65,0.5745,0.7948639077902862,0.16391262384599325,0.6922684501173073,0.08342172380703164,0.019173733865946223,0,0
sleepedf_full,true,tsception,spatial_block_1,45,5,65,0.5745,0.7865742856259285,0.21908025331594336,0.9582405320784353,-0.2041104216692897,0.0324441752167816,0,0
sleepedf_full,true,tsception,spatial_block_2,45,5,65,0.5745,0.8577312095093305,0.26974848819204206,1.0064951383266825,-0.17480192175800405,0.0260379929406471,0,0
sleepedf_full,true,tsception,batch_temporal_lay,45,5,65,0.5745,0.6211625562317727,0.20709582535494234,0.925971111687893,-0.34693659828400797,0.04212804282788726,0,0
sleepedf_full,true,tsception,batch_spatial_lay,45,5,65,0.5745,0.6039559693313727,0.2936545578071348,1.067495927172372,-0.5641409145971862,0.10060095675618633,0,0
sleepedf_full,true,tsception,dense_layer,45,5,65,0.5745,0.6069812988448033,0.3688990378612216,0.9568917834332888,-0.40581020358266384,0.05387720190731654,0,0
sleepedf_full,true,tsception,logits,45,5,65,0.5745,0.7389052142723362,0.6750138694053667,0.9228906614721007,-0.2601993136471241,-0.10300209395913096,0,0
sleepedf_full,true,tsception,temporal_blocks.0,45,10,65,0.6105,0.5826113202063539,0.31111677361214807,0.3835939050989032,0.10933864011667671,0.08967877499077498,0,0
sleepedf_full,true,tsception,temporal_blocks.2,45,10,65,0.6105,0.7951229709758074,0.14468519422097081,0.6911157373232465,0.08667704241488786,0.017330191237670187,0,0
sleepedf_full,true,tsception,spatial_block_1,45,10,65,0.6105,0.745078365821265,0.16297006615433135,0.8650566751781745,-0.14311126197937982,0.023132952622468315,0,0
sleepedf_full,true,tsception,spatial_block_2,45,10,65,0.6105,0.8329177096414694,0.19876417028057886,0.9495245575565213,-0.13875469792781026,0.0221478500127583,0,0
sleepedf_full,true,tsception,batch_temporal_lay,45,10,65,0.6105,0.6004278005761841,0.19145549333057835,0.8988542077808566,-0.33940230339867905,0.040975896194006364,0,0
sleepedf_full,true,tsception,batch_spatial_lay,45,10,65,0.6105,0.5308596133052474,0.22191953009047016,0.9614538538113253,-0.5177089134317358,0.08711467292565767,0,0
sleepedf_full,true,tsception,dense_layer,45,10,65,0.6105,0.5976080068936237,0.41637530633857295,0.9316101509391032,-0.3508312068215397,0.012559875528265489,0,0
sleepedf_full,true,tsception,logits,45,10,65,0.6105,0.758477198877667,0.8096617888121138,1.0486321390539382,-0.4217645439115314,-0.12935163654856607,0,0
sleepedf_full,true,tsception,temporal_blocks.0,45,20,65,0.6135,0.556288210659166,0.27151205743358997,0.34851240351408747,0.12215602604490601,0.08561978110017206,0,0
sleepedf_full,true,tsception,temporal_blocks.2,45,20,65,0.6135,0.7875116294634297,0.1506348535008228,0.6752389774934315,0.09453459558559328,0.017738056384404562,0,0
sleepedf_full,true,tsception,spatial_block_1,45,20,65,0.6135,0.7188548334157888,0.17958579435230712,0.9005581869631359,-0.21536122492455279,0.03365787137720423,0,0
sleepedf_full,true,tsception,spatial_block_2,45,20,65,0.6135,0.8283849630394786,0.16561503890899698,0.985602894684688,-0.17444016669151116,0.0172222350462998,0,0
sleepedf_full,true,tsception,batch_temporal_lay,45,20,65,0.6135,0.5823855132205148,0.18791118991024433,0.8846447671063639,-0.34561591937119673,0.04335666548534703,0,0
sleepedf_full,true,tsception,batch_spatial_lay,45,20,65,0.6135,0.5538082033288985,0.23467835771107243,1.0466435538758878,-0.5879608960912593,0.0951255455442703,0,0
sleepedf_full,true,tsception,dense_layer,45,20,65,0.6135,0.5818348186761806,0.42201102826627207,0.7959511029510417,-0.2160353719312165,-0.002977294720707201,0,0
sleepedf_full,true,tsception,logits,45,20,65,0.6135,0.7589817737132476,0.7394088102898848,0.6894566680485632,-0.212091841645465,-0.10852924944138795,0,0
sleepedf_full,true,tsception,temporal_blocks.0,46,0,65,0.2005,0.7269041225613617,0.25623399427461196,0.5331693025879228,0.1413810739961074,0.0523537459773299,0,0
sleepedf_full,true,tsception,temporal_blocks.2,46,0,65,0.2005,0.7150271002377742,0.31087488838998123,0.6088442261821092,0.056330404052714944,0.04985247000295245,0,0
sleepedf_full,true,tsception,spatial_block_1,46,0,65,0.2005,0.895697242398134,0.29704302254327747,0.7231790578622928,0.15335608286336228,0.01916210167247895,0,0
sleepedf_full,true,tsception,spatial_block_2,46,0,65,0.2005,0.952484705966144,0.32308998572064546,0.8714407370130134,0.07305878457426328,0.007985184378865055,0,0
sleepedf_full,true,tsception,batch_temporal_lay,46,0,65,0.2005,0.6789360697107139,0.25441020218313204,0.5492056243638004,0.07220436529204198,0.05752608005487145,0,0
sleepedf_full,true,tsception,batch_spatial_lay,46,0,65,0.2005,0.9277488908460773,0.3167062067851688,0.8365296405452886,0.0790126607213861,0.012206589579402585,0,0
sleepedf_full,true,tsception,dense_layer,46,0,65,0.2005,0.9383751729786373,0.2592847233888655,0.8671368502759126,0.06290695404666179,0.00833136865606325,0,0
sleepedf_full,true,tsception,logits,46,0,65,0.2005,0.9928830003428739,0.42751607695250887,0.9792688834142929,0.01340109602329722,0.0002130209052837356,0,0
sleepedf_full,true,tsception,temporal_blocks.0,46,1,65,0.472,0.7262365167001373,0.2844486602578043,0.5356539899553462,0.13975088739144673,0.05083163935334246,0,0
sleepedf_full,true,tsception,temporal_blocks.2,46,1,65,0.472,0.7163927850432581,0.2585957095919817,0.5939555536817275,0.08424597826763547,0.03819125309389363,0,0
sleepedf_full,true,tsception,spatial_block_1,46,1,65,0.472,0.7044908120309006,0.33190077515980637,0.654361899196288,-0.015624011021720108,0.0657529238563323,0,0
sleepedf_full,true,tsception,spatial_block_2,46,1,65,0.472,0.8468946817320884,0.404789049153581,1.178370333640103,-0.37989885085416714,0.04842319894614178,0,0
sleepedf_full,true,tsception,batch_temporal_lay,46,1,65,0.472,0.6917657898695834,0.28582582954286556,0.9696670886169312,-0.3258216494316614,0.04792035068431367,0,0
sleepedf_full,true,tsception,batch_spatial_lay,46,1,65,0.472,0.6493821668061166,0.4311292246896289,1.1019195402110735,-0.5767237347093289,0.1241863613043717,0,0
sleepedf_full,true,tsception,dense_layer,46,1,65,0.472,0.7294882197690117,0.5762445676639939,1.4293749440118833,-0.8131304254858414,0.11305815714372046,0,0
sleepedf_full,true,tsception,logits,46,1,65,0.472,0.8607989913504521,0.7550480477050743,1.891494863186574,-0.9660372989297206,-0.267010241244067,0,0
sleepedf_full,true,tsception,temporal_blocks.0,46,2,65,0.6055,0.7135279006279424,0.25089786947292886,0.5070521692076182,0.1570552536906135,0.0494204777297107,0,0
sleepedf_full,true,tsception,temporal_blocks.2,46,2,65,0.6055,0.7125008103395235,0.2129839587866414,0.5846875986748535,0.09398646855267664,0.03382674311199525,0,0
sleepedf_full,true,tsception,spatial_block_1,46,2,65,0.6055,0.7644381007186855,0.29295336162947966,0.7873227421503612,-0.06283722394181565,0.03995258251013946,0,0
sleepedf_full,true,tsception,spatial_block_2,46,2,65,0.6055,0.850390757886229,0.37357392973606984,1.1757175429158746,-0.3683156537006348,0.04298886867098807,0,0
sleepedf_full,true,tsception,batch_temporal_lay,46,2,65,0.6055,0.684967270329588,0.26109348484320466,0.9542938592342058,-0.3129443231690513,0.04361773426443346,0,0
sleepedf_full,true,tsception,batch_spatial_lay,46,2,65,0.6055,0.6132341441427606,0.39927317618294533,1.0950279582835094,-0.6109997294854104,0.12885684809881387,0,0
sleepedf_full,true,tsception,dense_layer,46,2,65,0.6055,0.6897954636016204,0.5671250721739536,1.4193627803939135,-0.9258584567446934,0.19626583575949128,0,0
sleepedf_full,true,tsception,logits,46,2,65,0.6055,0.8374556310459832,0.7031810564126785,1.2503917258850965,-0.5643411780758012,-0.1504781025320565,0,0
sleepedf_full,true,tsception,temporal_blocks.0,46,5,65,0.625,0.6891090285511168,0.24455427705474386,0.4504129789079282,0.18023783220122327,0.05845821744196427,0,0
sleepedf_full,true,tsception,temporal_blocks.2,46,5,65,0.625,0.7031451177463247,0.21035180254809097,0.5608987464251887,0.10510271981079086,0.03714365151034496,0,0
sleepedf_full,true,tsception,spatial_block_1,46,5,65,0.625,0.7637954005775265,0.26062357484754767,0.8297491037060821,-0.10602358096416425,0.04006987783560778,0,0
sleepedf_full,true,tsception,spatial_block_2,46,5,65,0.625,0.8423583780549312,0.32056277548206774,1.144922446938731,-0.3404362616793201,0.03787219279551798,0,0
sleepedf_full,true,tsception,batch_temporal_lay,46,5,65,0.625,0.6670978305308272,0.24483925353375205,0.9439880156973772,-0.3240337851831273,0.047143600016577275,0,0
sleepedf_full,true,tsception,batch_spatial_lay,46,5,65,0.625,0.5790404009063727,0.3547719102841064,1.060757539279407,-0.6109109986095097,0.12886657189158018,0,0
sleepedf_full,true,tsception,dense_layer,46,5,65,0.625,0.6131447954828722,0.4923942698632287,1.20825086304318,-0.8198291693666452,0.2241793125912371,0,0
sleepedf_full,true,tsception,logits,46,5,65,0.625,0.7872301405989175,0.6439202513737219,0.7966745953072666,-0.22979429514868266,-0.13853117179296456,0,0
sleepedf_full,true,tsception,temporal_blocks.0,46,10,65,0.5755,0.6735443847596969,0.245421502105901,0.4098816059941336,0.19787537223380133,0.06578740653176082,0,0
sleepedf_full,true,tsception,temporal_blocks.2,46,10,65,0.5755,0.6731801627275977,0.2048805869286087,0.512311805899071,0.11595478666645916,0.04491357016206834,0,0
sleepedf_full,true,tsception,spatial_block_1,46,10,65,0.5755,0.745842810553216,0.2452149875952697,0.7793674198975225,-0.07484790688012796,0.0413232975358214,0,0
sleepedf_full,true,tsception,spatial_block_2,46,10,65,0.5755,0.827773318832226,0.29414226910849034,1.141553319144889,-0.3522717856324943,0.03849178531983035,0,0
sleepedf_full,true,tsception,batch_temporal_lay,46,10,65,0.5755,0.6511168750126379,0.23632740867035518,0.9366187419601192,-0.33294317858672745,0.0474413116392457,0,0
sleepedf_full,true,tsception,batch_spatial_lay,46,10,65,0.5755,0.5341520228718186,0.34595164739625517,1.0833004903367127,-0.6987061406909238,0.148552164164989,0,0
sleepedf_full,true,tsception,dense_layer,46,10,65,0.5755,0.592080312327075,0.5037486534813954,1.495555736664636,-1.2091944317589658,0.304727510169457,0,0
sleepedf_full,true,tsception,logits,46,10,65,0.5755,0.7477727537832929,0.5906829222040577,1.383624298694228,-0.8721282521343281,-0.04251234585267765,0,0
sleepedf_full,true,tsception,temporal_blocks.0,46,20,65,0.613,0.6517051438025184,0.27181265260199783,0.37110747273599576,0.2000855187798733,0.08051215228664552,0,0
sleepedf_full,true,tsception,temporal_blocks.2,46,20,65,0.613,0.6580716788956534,0.20740685196192926,0.48411406391617257,0.12442578682310118,0.04953182815637934,0,0
sleepedf_full,true,tsception,spatial_block_1,46,20,65,0.613,0.746079390322413,0.21141547653039855,0.8009583325887583,-0.08513190378953148,0.030252961523184407,0,0
sleepedf_full,true,tsception,spatial_block_2,46,20,65,0.613,0.808240924655412,0.2603422914434091,1.1252846391739753,-0.357129275766544,0.04008556124797787,0,0
sleepedf_full,true,tsception,batch_temporal_lay,46,20,65,0.613,0.6259928173404938,0.22926622189919396,0.9228319124807756,-0.3484720428824321,0.051632947742150305,0,0
sleepedf_full,true,tsception,batch_spatial_lay,46,20,65,0.613,0.4852287917851608,0.3209461443696654,1.0528341923095632,-0.7292485499562485,0.1597725512556842,0,0
sleepedf_full,true,tsception,dense_layer,46,20,65,0.613,0.5252174146246062,0.5182953621204429,1.5862803035143789,-1.4730158341098742,0.40945221205044824,0,0
sleepedf_full,true,tsception,logits,46,20,65,0.613,0.6973034739150527,0.6372862797209244,1.140277850206365,-0.6321729606785021,-0.0763998072688574,0,0
sleepedf_full,true,atcnet,conv_block,41,0,65,0.203,0.12276061667484572,0.12276061667484571,0.0,0.0,0.12103267985787568,0,0
sleepedf_full,true,atcnet,attention_blocks.0,41,0,65,0.203,0.8959644871017822,0.594613056083946,1.0208321791891948,-0.2392519166060443,0.11438422451863015,0,0
sleepedf_full,true,atcnet,attention_blocks.4,41,0,65,0.203,0.92096919745164,0.7182824747686513,0.676391040361331,0.09498933753698377,0.14958881955332498,0,0
sleepedf_full,true,atcnet,temporal_conv_nets.0,41,0,65,0.203,0.8881469127874236,0.49611384236691874,0.9837034507009264,-0.17377560677495912,0.07821906886145609,0,0
sleepedf_full,true,atcnet,temporal_conv_nets.4,41,0,65,0.203,0.9383841088308423,0.7423968258988674,0.7342048052309674,0.07699979246931211,0.12717951113056253,0,0
sleepedf_full,true,atcnet,final_layer.4,41,0,65,0.203,0.9402322664994357,0.7408420352665004,0.9144247835026225,-0.10521096369815403,0.13101844669496718,0,0
sleepedf_full,true,atcnet,logits,41,0,65,0.203,0.8794377629571376,0.8360001689571622,0.9027727787123304,-0.3866782281794805,0.36334321242428763,0,0
sleepedf_full,true,atcnet,conv_block,41,1,65,0.5505,0.6529410638762768,0.5262145519734442,0.8670074323588003,-0.25600800410959124,0.03428095006844552,0,0
sleepedf_full,true,atcnet,attention_blocks.0,41,1,65,0.5505,0.776227256196843,0.8409667042203146,0.8393968607200996,-0.25371716973564307,-0.105050500210968,0,0
sleepedf_full,true,atcnet,attention_blocks.4,41,1,65,0.5505,0.7735165061138113,0.7576815885819809,0.7542993614481974,-0.1962457869849654,-0.08110669587918105,0,0
sleepedf_full,true,atcnet,temporal_conv_nets.0,41,1,65,0.5505,0.7620739916936596,0.5806537854234965,0.9066269652995691,-0.3474916503199911,-0.03125201068167361,0,0
sleepedf_full,true,atcnet,temporal_conv_nets.4,41,1,65,0.5505,0.7543429487624979,0.6432808496297837,0.7550382007871675,-0.18976823876571247,-0.05579152259446634,0,0
sleepedf_full,true,atcnet,final_layer.4,41,1,65,0.5505,0.9102107496268695,0.7990320220805616,0.8373829053888464,-0.34949788424268613,-0.11265331049414684,0,0
sleepedf_full,true,atcnet,logits,41,1,65,0.5505,0.9290626611167591,0.7423206672949586,0.957639269653192,-0.49771330459337704,-0.09857018195382782,0,0
sleepedf_full,true,atcnet,conv_block,41,2,65,0.5795,0.6505899855506019,0.4771888849839471,0.9182074431766427,-0.34740529005817616,0.030668936435140143,0,0
sleepedf_full,true,atcnet,attention_blocks.0,41,2,65,0.5795,0.8092918102832949,0.8365969036382558,0.727988424997668,-0.1746857602126358,-0.10860834023047787,0,0
sleepedf_full,true,atcnet,attention_blocks.4,41,2,65,0.5795,0.7931246567625558,0.7285631805727637,0.606153895954076,-0.13532830770393464,-0.07142628254341815,0,0
sleepedf_full,true,atcnet,temporal_conv_nets.0,41,2,65,0.5795,0.756841167944736,0.5520224622103935,0.8082737795667762,-0.27004068768877515,-0.027546233533174532,0,0
sleepedf_full,true,atcnet,temporal_conv_nets.4,41,2,65,0.5795,0.7531471412151216,0.6088335598637818,0.5729644850096355,-0.08891343204053197,-0.0394599931646836,0,0
sleepedf_full,true,atcnet,final_layer.4,41,2,65,0.5795,0.9028024355038387,0.7488731381653417,0.6083784976454605,-0.19521760036631383,-0.09252367455703477,0,0
sleepedf_full,true,atcnet,logits,41,2,65,0.5795,0.8885058037118174,0.7274065626883299,0.8070124536525908,-0.3434588631616512,-0.07990988241697,0,0
sleepedf_full,true,atcnet,conv_block,41,5,65,0.6165,0.7007653152891816,0.3918446267413506,1.0418766684463359,-0.37108212506510624,0.02836338778702008,0,0
sleepedf_full,true,atcnet,attention_blocks.0,41,5,65,0.6165,0.7519485976295623,0.8407889734147809,0.7002987084677862,-0.1054623214218755,-0.10495735668665236,0,0
sleepedf_full,true,atcnet,attention_blocks.4,41,5,65,0.6165,0.6860511394687612,0.7650726951608183,0.671323563191802,-0.13250625014735265,-0.040291007465171426,0,0
sleepedf_full,true,atcnet,temporal_conv_nets.0,41,5,65,0.6165,0.725780664025417,0.5638933069315222,0.6375149740588957,-0.15426564946223653,-0.004997630805611906,0,0
sleepedf_full,true,atcnet,temporal_conv_nets.4,41,5,65,0.6165,0.6186707392204774,0.7774076496998568,0.5832879436669012,-0.25885569253844337,0.13895186961433448,0,0
sleepedf_full,true,atcnet,final_layer.4,41,5,65,0.6165,0.7361519549493901,0.930096508076988,0.41231783774831726,-0.23263392780014314,0.16153070566738367,0,0
sleepedf_full,true,atcnet,logits,41,5,65,0.6165,0.7788495634785554,0.8875700765155736,0.6855670768077402,-0.14418516243101065,-0.07782938105935235,0,0
sleepedf_full,true,atcnet,conv_block,41,10,65,0.632,0.7152833970768258,0.32817989584431706,1.0463864162621759,-0.3591670485050029,0.028042750079740598,0,0
sleepedf_full,true,atcnet,attention_blocks.0,41,10,65,0.632,0.7382497815299713,0.7934824726853744,0.5201621398894541,0.030313600022872197,-0.0745243924874536,0,0
sleepedf_full,true,atcnet,attention_blocks.4,41,10,65,0.632,0.6195443459007501,0.7059359988991506,0.6952029004022682,-0.19728163397370432,0.016155346357161017,0,0
sleepedf_full,true,atcnet,temporal_conv_nets.0,41,10,65,0.632,0.6939725032114851,0.5954906179842362,0.4249521488078259,0.02762241737875718,0.016516499027713166,0,0
sleepedf_full,true,atcnet,temporal_conv_nets.4,41,10,65,0.632,0.5932761118170937,0.634659912478018,0.4807925959895912,-0.19370050089893984,0.08530261099198345,0,0
sleepedf_full,true,atcnet,final_layer.4,41,10,65,0.632,0.7692045861284509,0.8469335448551086,0.33604950395197686,-0.10334328780054482,0.03883051470758502,0,0
sleepedf_full,true,atcnet,logits,41,10,65,0.632,0.7086266005383208,0.7801271814319556,0.5717087768710111,0.012509780082859351,-0.06688884764585021,0,0
sleepedf_full,true,atcnet,conv_block,41,20,65,0.6765,0.6723627939838784,0.29674078157108874,0.9989251686680938,-0.35049252647909906,0.020826561608957087,0,0
sleepedf_full,true,atcnet,attention_blocks.0,41,20,65,0.6765,0.8259199198945356,0.749996314201918,0.7790158291687712,-0.33911176386955216,-0.09045960749293634,0,0
sleepedf_full,true,atcnet,attention_blocks.4,41,20,65,0.6765,0.7431534762129904,0.6453272113378894,0.5635609474242305,-0.13524344066814284,-0.07675034311567032,0,0
sleepedf_full,true,atcnet,temporal_conv_nets.0,41,20,65,0.6765,0.6965659968814972,0.6320135047776398,0.6709394347745781,-0.22904088817378798,0.03294609478448355,0,0
sleepedf_full,true,atcnet,temporal_conv_nets.4,41,20,65,0.6765,0.66702009927139,0.4629272223951791,0.5722222826464296,-0.28802054084643897,0.08663784383811222,0,0
sleepedf_full,true,atcnet,final_layer.4,41,20,65,0.6765,0.8784643629933387,0.6151676027841584,0.543835913752402,-0.31882342313671863,0.03998480173601634,0,0
sleepedf_full,true,atcnet,logits,41,20,65,0.6765,0.7318482683252981,0.6261632001348948,0.9155997705636575,-0.3090193337975589,-0.05903060492105073,0,0
sleepedf_full,true,atcnet,conv_block,42,0,65,0.181,0.17020548047516051,0.17020548047516051,0.0,0.0,0.1699466197405003,0,0
sleepedf_full,true,atcnet,attention_blocks.0,42,0,65,0.181,0.8593970670658515,0.8208324115016555,0.5483614271709296,-0.09042536452087359,0.40146100441579513,0,0
sleepedf_full,true,atcnet,attention_blocks.4,42,0,65,0.181,0.8664575697007957,0.6136982520352056,0.9833765148989045,-0.29193567202608517,0.17501672682797564,0,0
sleepedf_full,true,atcnet,temporal_conv_nets.0,42,0,65,0.181,0.9254479096487968,0.8820466038117957,0.7435330087880544,-0.1134048677742791,0.2953197686350216,0,0
sleepedf_full,true,atcnet,temporal_conv_nets.4,42,0,65,0.181,0.8304108581996563,0.5874601854338725,1.2103889343592502,-0.5983401196443647,0.21836204348477056,0,0
sleepedf_full,true,atcnet,final_layer.4,42,0,65,0.181,0.7990333201789911,0.6949971197635545,2.09087143945491,-1.8282252756890582,0.5190362452977275,0,0
sleepedf_full,true,atcnet,logits,42,0,65,0.181,0.7989376249587242,0.7488495629294045,1.605895649812634,-1.4078053671945747,0.6008473423406651,0,0
sleepedf_full,true,atcnet,conv_block,42,1,65,0.539,0.6730179359911723,0.5083109103809303,0.8763980063764593,-0.21200476866515458,0.006482018611270929,0,0
sleepedf_full,true,atcnet,attention_blocks.0,42,1,65,0.539,0.7794360940155428,0.616020277320274,1.4113313991641812,-0.7394143976113572,-0.061606875600321846,0,0
sleepedf_full,true,atcnet,attention_blocks.4,42,1,65,0.539,0.7103979713704716,0.6021225762892993,0.9764133044816188,-0.34118099694078075,-0.042810096617042874,0,0
sleepedf_full,true,atcnet,temporal_conv_nets.0,42,1,65,0.539,0.7415339072994015,0.7957033388519191,1.445205675479165,-0.8073446651850681,-0.03333081765711965,0,0
sleepedf_full,true,atcnet,temporal_conv_nets.4,42,1,65,0.539,0.7287271214097624,0.6187966921739719,0.9498906244040848,-0.34844267024491543,-0.04025466660823282,0,0
sleepedf_full,true,atcnet,final_layer.4,42,1,65,0.539,0.9134350354487936,0.8203056469921484,1.1481551066625761,-0.7036570051448292,-0.059079625477386224,0,0
sleepedf_full,true,atcnet,logits,42,1,65,0.539,0.9167160106514882,0.809324167488548,1.1965514215776858,-0.7357043077298298,-0.03410779151823857,0,0
sleepedf_full,true,atcnet,conv_block,42,2,65,0.562,0.6273736117229106,0.4529704205911231,0.859197773934604,-0.26478358353143805,0.025484082628615328,0,0
sleepedf_full,true,atcnet,attention_blocks.0,42,2,65,0.562,0.7605636373052831,0.6948548444219043,0.7258110355840999,-0.20366381139719025,-0.12213276677433511,0,0
sleepedf_full,true,atcnet,attention_blocks.4,42,2,65,0.562,0.6158724098797329,0.595290766311395,0.5410383148908581,-0.03794078966060101,-0.04011212003548366,0,0
sleepedf_full,true,atcnet,temporal_conv_nets.0,42,2,65,0.562,0.6341399752362855,0.6569994165753924,0.8240366198171365,-0.33244843234935584,-0.05815627742622082,0,0
sleepedf_full,true,atcnet,temporal_conv_nets.4,42,2,65,0.562,0.5842950838014346,0.5326254045193004,0.4097485096205691,-0.031234800855756348,-0.030173821042654474,0,0
sleepedf_full,true,atcnet,final_layer.4,42,2,65,0.562,0.6953280473586329,0.7231838570093663,0.43338532653039635,-0.16461105160701744,-0.12976296571263238,0,0
sleepedf_full,true,atcnet,logits,42,2,65,0.562,0.8328405813989925,0.7386448449991765,0.7340398095968546,-0.3781593219256534,-0.09566375418953707,0,0
sleepedf_full,true,atcnet,conv_block,42,5,65,0.61,0.6744096842873828,0.3936857338563063,0.9154100891778932,-0.2541811146444292,0.00390673027575043,0,0
sleepedf_full,true,atcnet,attention_blocks.0,42,5,65,0.61,0.7208741199707025,0.6195570081472682,0.9826756737038223,-0.3851423710598727,-0.08391755200663997,0,0
sleepedf_full,true,atcnet,attention_blocks.4,42,5,65,0.61,0.7244682150089339,0.585062374943617,1.0597892719448816,-0.3249774530870886,-0.04768467739459478,0,0
sleepedf_full,true,atcnet,temporal_conv_nets.0,42,5,65,0.61,0.6603383633407833,0.6215303432929415,0.8188872891595008,-0.24809714462705493,-0.03241231920667659,0,0
sleepedf_full,true,atcnet,temporal_conv_nets.4,42,5,65,0.61,0.6685854628275092,0.6287267319451381,0.8714986175856786,-0.22647290877811582,-0.0332848476546628,0,0
sleepedf_full,true,atcnet,final_layer.4,42,5,65,0.61,0.7259000090054337,0.7669624918564021,0.8613881693714813,-0.2702235270138274,-0.04346722552751844,0,0
sleepedf_full,true,atcnet,logits,42,5,65,0.61,0.7948264086414808,0.7140717508979129,0.8793984778613453,-0.33924000816098576,-0.05125055953642552,0,0
sleepedf_full,true,atcnet,conv_block,42,10,65,0.655,0.69126948707102,0.29242152654267217,0.96465174632704,-0.2838342225899668,0.005307673618912905,0,0
sleepedf_full,true,atcnet,attention_blocks.0,42,10,65,0.655,0.7021924693648504,0.5061755582429879,0.9527031936911392,-0.3818818703104634,-0.06061513430339097,0,0
sleepedf_full,true,atcnet,attention_blocks.4,42,10,65,0.655,0.6900427606660307,0.4629383352854611,1.004650935837939,-0.32754289257273783,-0.011404998209528314,0,0
sleepedf_full,true,atcnet,temporal_conv_nets.0,42,10,65,0.655,0.6620372983221235,0.46088930773346587,0.7892113931941047,-0.2579419282598533,-0.023491784395392307,0,0
sleepedf_full,true,atcnet,temporal_conv_nets.4,42,10,65,0.655,0.6638148608937492,0.5789979411870766,0.9049182094591461,-0.29518373228902967,-0.0069267755478866185,0,0
sleepedf_full,true,atcnet,final_layer.4,42,10,65,0.655,0.7093977477983735,0.6977398457857777,0.9029184436260613,-0.3277662970061954,-0.014799900341996833,0,0
sleepedf_full,true,atcnet,logits,42,10,65,0.655,0.7531587811227106,0.5928197580237381,0.8610083808685174,-0.2977779282972665,-0.03954252715184096,0,0
sleepedf_full,true,atcnet,conv_block,42,20,65,0.6575,0.7066926094434466,0.30699649395026235,0.9848011568014816,-0.28643625486486657,0.007330902846479839,0,0
sleepedf_full,true,atcnet,attention_blocks.0,42,20,65,0.6575,0.6965661218886259,0.5367703976265814,0.9504798090808942,-0.3743988334683084,-0.059380911301744894,0,0
sleepedf_full,true,atcnet,attention_blocks.4,42,20,65,0.6575,0.7396060582492638,0.47025067634317713,1.155399057361088,-0.4283726859783425,0.01070275936509515,0,0
sleepedf_full,true,atcnet,temporal_conv_nets.0,42,20,65,0.6575,0.6632993921896179,0.515567210632914,0.7443968632201545,-0.21076914892742363,-0.017157852897041363,0,0
sleepedf_full,true,atcnet,temporal_conv_nets.4,42,20,65,0.6575,0.6874931122079588,0.607798597445124,0.8865607792783091,-0.21949076222464692,0.019340380943052904,0,0
sleepedf_full,true,atcnet,final_layer.4,42,20,65,0.6575,0.6848300060846101,0.7088740085689935,0.6663589496851609,-0.01072773326628353,0.007803798836845427,0,0
sleepedf_full,true,atcnet,logits,42,20,65,0.6575,0.7213887005343813,0.6591387952510167,0.8144885411053787,-0.16652753861322497,-0.04044536315654965,0,0
sleepedf_full,true,atcnet,conv_block,43,0,65,0.193,0.16782416453808532,0.16782416453808535,0.0,0.0,0.16695731187759857,0,0
sleepedf_full,true,atcnet,attention_blocks.0,43,0,65,0.193,0.9209241474744566,0.8218590509064485,0.6501213741519776,0.03781767941976198,0.23298509390271652,0,0
sleepedf_full,true,atcnet,attention_blocks.4,43,0,65,0.193,0.8553405063136151,0.6761239053406756,0.7906458908261662,-0.15112794025384382,0.21582255574129264,0,0
sleepedf_full,true,atcnet,temporal_conv_nets.0,43,0,65,0.193,0.9060372466044209,0.7951642299199376,1.1107272541744375,-0.4424495392028336,0.23775953163281666,0,0
sleepedf_full,true,atcnet,temporal_conv_nets.4,43,0,65,0.193,0.8499773127724567,0.6165286705938641,1.098147219201245,-0.43476866600149294,0.18659875957270416,0,0
sleepedf_full,true,atcnet,final_layer.4,43,0,65,0.193,0.917132900973859,0.6687812440861873,1.5613065179909535,-0.793910384659231,0.14973676764213661,0,0
sleepedf_full,true,atcnet,logits,43,0,65,0.193,0.8563765869845918,0.598995691456833,1.1579401867365855,-0.4357711440068081,0.13278056775893668,0,0
sleepedf_full,true,atcnet,conv_block,43,1,65,0.542,0.6378761425502454,0.5528298062237117,0.8438310221532269,-0.2565795656487921,0.036636572501053406,0,0
sleepedf_full,true,atcnet,attention_blocks.0,43,1,65,0.542,0.7470530650029156,0.9052517703952386,0.46976055730134136,-0.03448756006171104,-0.03351134075850716,0,0
sleepedf_full,true,atcnet,attention_blocks.4,43,1,65,0.542,0.7657011835476706,0.9170019174252498,0.4999297603724535,-0.029804299164784553,-0.05405945331973833,0,0
sleepedf_full,true,atcnet,temporal_conv_nets.0,43,1,65,0.542,0.7364051310309144,0.7897065575372478,0.3340117016906768,0.0690370571095021,0.026708721478890526,0,0
sleepedf_full,true,atcnet,temporal_conv_nets.4,43,1,65,0.542,0.7452679585636928,0.7953652103772044,0.3879074738158894,0.0502234177199648,0.007653701132245777,0,0
sleepedf_full,true,atcnet,final_layer.4,43,1,65,0.542,0.9798419502871724,0.9871783849125271,0.3715749885948929,-0.008652856284848218,-0.13223594512184111,0,0
sleepedf_full,true,atcnet,logits,43,1,65,0.542,0.951134633393513,0.8009602888314521,0.36603598562389367,-0.01623562901094352,-0.14403534775018764,0,0
sleepedf_full,true,atcnet,conv_block,43,2,65,0.608,0.6640843985325093,0.42804313305048686,0.958954415003774,-0.32977515226913556,0.02029464871881838,0,0
sleepedf_full,true,atcnet,attention_blocks.0,43,2,65,0.608,0.7391622392313515,0.7986705102834811,0.798823610096021,-0.15947653320379407,-0.10828730425133448,0,0
sleepedf_full,true,atcnet,attention_blocks.4,43,2,65,0.608,0.8441417295084485,0.7318696410700932,0.8594894308176937,-0.3035553829091541,-0.1212979008950142,0,0
sleepedf_full,true,atcnet,temporal_conv_nets.0,43,2,65,0.608,0.7233565782640456,0.6129028221959261,0.7575924741785847,-0.16688401566880048,-0.03791914438531219,0,0
sleepedf_full,true,atcnet,temporal_conv_nets.4,43,2,65,0.608,0.77195485467279,0.7209607338971858,0.7988144147078606,-0.22544065079555842,-0.06152035675215557,0,0
sleepedf_full,true,atcnet,final_layer.4,43,2,65,0.608,0.9693670910867825,0.954445254776197,0.9207126819129783,-0.4713490838384471,-0.09695998161105075,0,0
sleepedf_full,true,atcnet,logits,43,2,65,0.608,0.8890622824227878,0.7209475283328861,0.9455629665243978,-0.5065340757601314,-0.06917721892381597,0,0
sleepedf_full,true,atcnet,conv_block,43,5,65,0.6285,0.6757054459350197,0.3042902809590852,0.9550081172452055,-0.30066431272613264,0.020376931462667898,0,0
sleepedf_full,true,atcnet,attention_blocks.0,43,5,65,0.6285,0.7796880561729144,0.7416945361673499,1.2407501311358562,-0.48974407060082414,-0.11887963945482877,0,0
sleepedf_full,true,atcnet,attention_blocks.4,43,5,65,0.6285,0.79024632678219,0.6810563954619447,0.8105788753433021,-0.3485189214471706,-0.07251566235042606,0,0
sleepedf_full,true,atcnet,temporal_conv_nets.0,43,5,65,0.6285,0.7693028240541097,0.5266655284949646,1.024416973472095,-0.3214180248780473,-0.03694708225078087,0,0
sleepedf_full,true,atcnet,temporal_conv_nets.4,43,5,65,0.6285,0.7320066224896212,0.6828142704626053,0.8153844267214619,-0.3080693258520488,-0.03228929133121448,0,0
sleepedf_full,true,atcnet,final_layer.4,43,5,65,0.6285,0.9579950814627887,0.9273548871583389,0.9270893570499924,-0.5991693279192863,-0.035112127241623894,0,0
sleepedf_full,true,atcnet,logits,43,5,65,0.6285,0.8253724154386629,0.5947237690195116,0.9522999341849312,-0.4713056143409979,-0.06327852216410093,0,0
sleepedf_full,true,atcnet,conv_block,43,10,65,0.663,0.7261406335966323,0.31813955367830205,1.0508416111879435,-0.3445221722523414,0.019821194661029082,0,0
sleepedf_full,true,atcnet,attention_blocks.0,43,10,65,0.663,0.7732619389938865,0.575418506941639,1.2040951492803387,-0.4012592814308622,-0.07834215833303687,0,0
sleepedf_full,true,atcnet,attention_blocks.4,43,10,65,0.663,0.838395659531531,0.7219145830349527,0.8316580285758836,-0.3777171544841281,-0.0871216827407616,0,0
sleepedf_full,true,atcnet,temporal_conv_nets.0,43,10,65,0.663,0.7720206653930967,0.6077389528561135,1.0173517559984848,-0.2811498564102996,-0.024504824655017812,0,0
sleepedf_full,true,atcnet,temporal_conv_nets.4,43,10,65,0.663,0.7454260651908292,0.6843204538831724,0.8232143996311678,-0.3069595327843918,-0.04177692235268223,0,0
sleepedf_full,true,atcnet,final_layer.4,43,10,65,0.663,0.9688596487901853,0.8750646751401601,0.9422410578542628,-0.6321404241230822,-0.041288698184004,0,0
sleepedf_full,true,atcnet,logits,43,10,65,0.663,0.7447749572907248,0.6368809814436792,0.8023974397802859,-0.2648832644023852,-0.05821294594916668,0,0
sleepedf_full,true,atcnet,conv_block,43,20,65,0.663,0.7190570100469382,0.33314991057048615,1.0194239797958549,-0.3191343446875912,0.018767374938673573,0,0
sleepedf_full,true,atcnet,attention_blocks.0,43,20,65,0.663,0.8318639109009546,0.5539506212463285,1.2678398115533203,-0.39895373862229055,-0.05593878012487054,0,0
sleepedf_full,true,atcnet,attention_blocks.4,43,20,65,0.663,0.8073571554904988,0.6504757537823139,0.9281558442563449,-0.46686337236852715,-0.08672169994587164,0,0
sleepedf_full,true,atcnet,temporal_conv_nets.0,43,20,65,0.663,0.8185577501938162,0.5980711265254037,1.1334104942110292,-0.318306989775065,-0.012498167800306314,0,0
sleepedf_full,true,atcnet,temporal_conv_nets.4,43,20,65,0.663,0.7123745412550828,0.5637100767194846,0.6819689318282144,-0.19842906925384868,-0.06019167134902347,0,0
sleepedf_full,true,atcnet,final_layer.4,43,20,65,0.663,0.9574255372266647,0.7821433373204019,0.7905285554604555,-0.4317763307467613,-0.0784710654549705,0,0
sleepedf_full,true,atcnet,logits,43,20,65,0.663,0.7286469378459994,0.5989818386294429,0.6866300303825918,-0.12556915955207984,-0.06723385328079168,0,0
sleepedf_full,true,atcnet,conv_block,44,0,65,0.21,0.18357536336172228,0.18357536336172228,0.0,0.0,0.18340549965385866,0,0
sleepedf_full,true,atcnet,attention_blocks.0,44,0,65,0.21,0.8857765055204291,0.6850239514387393,0.7395301818327827,-0.04398511500986642,0.19023143869751263,0,0
sleepedf_full,true,atcnet,attention_blocks.4,44,0,65,0.21,0.8830136485237943,0.7957346192219262,0.6733715250724888,-0.06010305302382656,0.2697451764751317,0,0
sleepedf_full,true,atcnet,temporal_conv_nets.0,44,0,65,0.21,0.9005503248480871,0.644865562982321,0.7300941490896291,0.020078650858611737,0.15037752489984607,0,0
sleepedf_full,true,atcnet,temporal_conv_nets.4,44,0,65,0.21,0.8497650178326356,0.7838831408063873,0.8499008622051044,-0.3219753213088083,0.321839476936339,0,0
sleepedf_full,true,atcnet,final_layer.4,44,0,65,0.21,0.9087894827761361,0.8881744224207532,0.6626702971986019,-0.041199414577530596,0.2873186001550649,0,0
sleepedf_full,true,atcnet,logits,44,0,65,0.21,0.8185003042474552,0.8503682199440138,1.2749063947237864,-0.9528313189714053,0.4955181491169876,0,0
sleepedf_full,true,atcnet,conv_block,44,1,65,0.551,0.6451654526529785,0.5815227615109098,0.8190623482965829,-0.22734164562283612,0.039896474195236176,0,0
sleepedf_full,true,atcnet,attention_blocks.0,44,1,65,0.551,0.698881880042556,0.7113661623251242,0.9592481993343596,-0.34297645626208423,-0.019598832303306474,0,0
sleepedf_full,true,atcnet,attention_blocks.4,44,1,65,0.551,0.8103213787415513,0.8945098367897303,0.5181289075940547,-0.013364321190895583,-0.08885828833144846,0,0
sleepedf_full,true,atcnet,temporal_conv_nets.0,44,1,65,0.551,0.7448227305286207,0.7347007401472192,0.7627636244663809,-0.18355933419274972,-0.03399173473101702,0,0
sleepedf_full,true,atcnet,temporal_conv_nets.4,44,1,65,0.551,0.7674195795381712,0.7477526741469255,0.490920786739363,-0.02832361717731682,-0.006427257281080401,0,0
sleepedf_full,true,atcnet,final_layer.4,44,1,65,0.551,0.9801522209673451,0.938457282702578,0.595300404397808,-0.21709613131895011,-0.10568124722557463,0,0
sleepedf_full,true,atcnet,logits,44,1,65,0.551,0.9432383042132677,0.8366769309425294,0.6431552787483453,-0.19218982880007734,-0.12109600520648423,0,0
sleepedf_full,true,atcnet,conv_block,44,2,65,0.593,0.6357818727635007,0.5610579058245693,0.8499927744384269,-0.279464501801869,0.030030323135091637,0,0
sleepedf_full,true,atcnet,attention_blocks.0,44,2,65,0.593,0.6933245947445543,0.697714288381393,0.8372916130146469,-0.31598410134691357,-0.006441019422887059,0,0
sleepedf_full,true,atcnet,attention_blocks.4,44,2,65,0.593,0.7315924384422217,0.8317930629925325,0.7152696671724709,-0.1078406500207762,-0.08169822510554657,0,0
sleepedf_full,true,atcnet,temporal_conv_nets.0,44,2,65,0.593,0.7343796018211005,0.6246048964326926,0.7610013053981689,-0.24448195221919006,-0.02548088205413846,0,0
sleepedf_full,true,atcnet,temporal_conv_nets.4,44,2,65,0.593,0.7230273223645316,0.6063773873464672,0.5582374359684938,-0.06630852654933712,-0.013223057736142617,0,0
sleepedf_full,true,atcnet,final_layer.4,44,2,65,0.593,0.859171761990404,0.7230524558938562,0.6352856776294749,-0.1928893747373383,-0.05934368411456843,0,0
sleepedf_full,true,atcnet,logits,44,2,65,0.593,0.9007421338237178,0.6974874514071794,0.6069472481917676,-0.2155369760762228,-0.10552835640482469,0,0
sleepedf_full,true,atcnet,conv_block,44,5,65,0.64,0.6822893841303311,0.3681468560532775,0.9548773345398232,-0.29902590381825217,0.025554661378749316,0,0
sleepedf_full,true,atcnet,attention_blocks.0,44,5,65,0.64,0.6645229155968134,0.6940579571977908,0.7438762511460756,-0.168200211130917,-0.04302233533637472,0,0
sleepedf_full,true,atcnet,attention_blocks.4,44,5,65,0.64,0.7683052673653927,0.7408848906976359,1.105893563782201,-0.31539027174129836,-0.061852729189308286,0,0
sleepedf_full,true,atcnet,temporal_conv_nets.0,44,5,65,0.64,0.6954514792401822,0.6057456454014614,0.6227616656263907,-0.10071520280184632,-0.025988169788187857,0,0
sleepedf_full,true,atcnet,temporal_conv_nets.4,44,5,65,0.64,0.7492709366833428,0.536604305766096,0.8197004727553124,-0.12390894086108142,-0.01604762058153594,0,0
sleepedf_full,true,atcnet,final_layer.4,44,5,65,0.64,0.8418418860852923,0.5842657723551407,0.9074156916367474,-0.2190688756788983,-0.021947055716822907,0,0
sleepedf_full,true,atcnet,logits,44,5,65,0.64,0.7601625857271672,0.6849273326413089,0.7163771112752468,-0.18264201883159553,-0.06993765551320065,0,0
sleepedf_full,true,atcnet,conv_block,44,10,65,0.6675,0.7240332979886204,0.2884994024891042,1.0417472129094811,-0.34100307036854394,0.023289155447681648,0,0
sleepedf_full,true,atcnet,attention_blocks.0,44,10,65,0.6675,0.687527379698635,0.5135986154140164,0.8805997839911519,-0.3876961103821327,-0.016358484176935435,0,0
sleepedf_full,true,atcnet,attention_blocks.4,44,10,65,0.6675,0.8307965927765569,0.6898911687126488,1.1885730855456356,-0.3242272651326491,-0.04558011450543151,0,0
sleepedf_full,true,atcnet,temporal_conv_nets.0,44,10,65,0.6675,0.6639792796756608,0.4889468117451712,0.9130077163366561,-0.4866751778319566,0.0415915887879233,0,0
sleepedf_full,true,atcnet,temporal_conv_nets.4,44,10,65,0.6675,0.7826822875275598,0.5018761078441996,0.8977762781345783,-0.15190018971627448,-0.001994166836381159,0,0
sleepedf_full,true,atcnet,final_layer.4,44,10,65,0.6675,0.8926590841884103,0.5624860985827344,0.9380952709250828,-0.14348007493251166,-0.005572997479496412,0,0
sleepedf_full,true,atcnet,logits,44,10,65,0.6675,0.7634849041859265,0.6174738740896581,0.7190374467338583,-0.16556870764955786,-0.04976678214770167,0,0
sleepedf_full,true,atcnet,conv_block,44,20,65,0.6645,0.6998058356565302,0.27851702210634344,0.9967410933618481,-0.32428584478774153,0.027350587082423453,0,0
sleepedf_full,true,atcnet,attention_blocks.0,44,20,65,0.6645,0.6073359770987059,0.45753085516293124,0.8416943391430614,-0.3406728322559699,-0.023078566358139083,0,0
sleepedf_full,true,atcnet,attention_blocks.4,44,20,65,0.6645,0.8670758329515222,0.6081598786752271,1.1140463596862207,-0.21404808526293742,-0.035668905745630655,0,0
sleepedf_full,true,atcnet,temporal_conv_nets.0,44,20,65,0.6645,0.6449498617599989,0.44706558522224005,0.5359286667380685,-0.11687131355210832,-0.021957244296858053,0,0
sleepedf_full,true,atcnet,temporal_conv_nets.4,44,20,65,0.6645,0.7772358513917673,0.5571214961888002,0.7916548456141236,-0.03993558246593165,0.017430146168420074,0,0
sleepedf_full,true,atcnet,final_layer.4,44,20,65,0.6645,0.8977095948801075,0.7235946027357121,0.7582026607205774,0.10530766221167817,0.013076963145486493,0,0
sleepedf_full,true,atcnet,logits,44,20,65,0.6645,0.6893573598425953,0.7677248677399161,0.6592800676733356,0.004299778685775598,-0.03577162673856305,0,0
sleepedf_full,true,atcnet,conv_block,45,0,65,0.202,0.16967828470195231,0.16967828470195231,0.0,0.0,0.16905178485002362,0,0
sleepedf_full,true,atcnet,attention_blocks.0,45,0,65,0.202,0.857845515925035,0.7320934839391043,0.9176504041409839,-0.32986215922128925,0.27005727100534005,0,0
sleepedf_full,true,atcnet,attention_blocks.4,45,0,65,0.202,0.9293102352405662,0.8745651605175436,0.6719648904046683,-0.010230371255114614,0.26757571609101205,0,0
sleepedf_full,true,atcnet,temporal_conv_nets.0,45,0,65,0.202,0.9154901050922994,0.7294904606137891,0.7464954265568066,0.0016403378270322447,0.16735434070846028,0,0
sleepedf_full,true,atcnet,temporal_conv_nets.4,45,0,65,0.202,0.8894040767199937,0.8426571219032073,0.808008213180326,-0.28509639307219037,0.3664922566118576,0,0
sleepedf_full,true,atcnet,final_layer.4,45,0,65,0.202,0.9524273788000603,0.8960858193579425,0.8566281456410526,-0.12190536641912583,0.21770459957813354,0,0
sleepedf_full,true,atcnet,logits,45,0,65,0.202,0.9391105910727295,0.8292797252263449,0.770534902842922,-0.0047849482599329795,0.17336063648974048,0,0
sleepedf_full,true,atcnet,conv_block,45,1,65,0.5265,0.6461435186731433,0.5390865221616982,0.8426555417900263,-0.249432816170601,0.04410304475412716,0,0
sleepedf_full,true,atcnet,attention_blocks.0,45,1,65,0.5265,0.6925399290876226,0.7612289041329295,0.8673134416311914,-0.2183737769305502,-0.03292125644284223,0,0
sleepedf_full,true,atcnet,attention_blocks.4,45,1,65,0.5265,0.7311254760304065,0.6824611878910172,1.1289249399287649,-0.48424384152969063,-0.028204732556876777,0,0
sleepedf_full,true,atcnet,temporal_conv_nets.0,45,1,65,0.5265,0.7227130386411516,0.7737360391292945,0.8880100871448546,-0.2700870221566525,-0.054352861581962016,0,0
sleepedf_full,true,atcnet,temporal_conv_nets.4,45,1,65,0.5265,0.7778100570775625,0.6240081370653737,1.0380600195345948,-0.4310649991487836,-0.024091408970932975,0,0
sleepedf_full,true,atcnet,final_layer.4,45,1,65,0.5265,0.9411307921339288,0.7570594504604732,1.1279997788615992,-0.6569495365181939,-0.038665826196177304,0,0
sleepedf_full,true,atcnet,logits,45,1,65,0.5265,0.9455050781796639,0.8717994887348507,1.1284538694324162,-0.5883840198013852,-0.12514318913630082,0,0
sleepedf_full,true,atcnet,conv_block,45,2,65,0.5925,0.6609317294752914,0.4733365021031749,0.8351186926154658,-0.1933788931586217,0.01815130463499948,0,0
sleepedf_full,true,atcnet,attention_blocks.0,45,2,65,0.5925,0.7772006279982429,0.6466278373384946,1.0207285935774446,-0.2127504148018853,-0.04212978304284046,0,0
sleepedf_full,true,atcnet,attention_blocks.4,45,2,65,0.5925,0.7090621862563572,0.6929358065688734,0.883796580314676,-0.2538061852309917,-0.04906816865922783,0,0
sleepedf_full,true,atcnet,temporal_conv_nets.0,45,2,65,0.5925,0.7129687874611815,0.6287233298413996,0.9544513640961578,-0.22750906014491473,-0.0442806793176344,0,0
sleepedf_full,true,atcnet,temporal_conv_nets.4,45,2,65,0.5925,0.7895003251984122,0.6318136536330123,0.7496562319255178,-0.23091111701629688,-0.02012180444795148,0,0
sleepedf_full,true,atcnet,final_layer.4,45,2,65,0.5925,0.9253432250575513,0.8061523210895845,0.7697790676373715,-0.34819940385025056,-0.042098731435884336,0,0
sleepedf_full,true,atcnet,logits,45,2,65,0.5925,0.8376876000375797,0.7725131357222147,0.8339429932023916,-0.30269742659226956,-0.10300192506852397,0,0
sleepedf_full,true,atcnet,conv_block,45,5,65,0.592,0.6867616860003329,0.36021527924222857,0.9643851956136378,-0.2985544431182928,0.018476375125710248,0,0
sleepedf_full,true,atcnet,attention_blocks.0,45,5,65,0.592,0.7790246982661748,0.5282584210496025,0.9672486506362155,-0.1866979983758865,-0.02570611041447833,0,0
sleepedf_full,true,atcnet,attention_blocks.4,45,5,65,0.592,0.7091669422156921,0.5197054916067421,1.026864578726218,-0.38596937442708157,-0.015487993038969711,0,0
sleepedf_full,true,atcnet,temporal_conv_nets.0,45,5,65,0.592,0.705511653050645,0.5336522183567933,0.7773564624046898,-0.09428515381916708,-0.02356772684312608,0,0
sleepedf_full,true,atcnet,temporal_conv_nets.4,45,5,65,0.592,0.7810412509836409,0.5793575547708312,1.0439351089448259,-0.4149347166810258,-0.011937635221102588,0,0
sleepedf_full,true,atcnet,final_layer.4,45,5,65,0.592,0.930867396199962,0.7279093879902762,1.0596481343899242,-0.5643805721665425,-0.012650114081197462,0,0
sleepedf_full,true,atcnet,logits,45,5,65,0.592,0.8067780631733233,0.6415730117465506,0.8807313206825024,-0.31206418064151237,-0.06854768985822399,0,0
sleepedf_full,true,atcnet,conv_block,45,10,65,0.619,0.6860598191646616,0.3236379274063104,0.9802008332152963,-0.3098470109885433,0.014323192224250677,0,0
sleepedf_full,true,atcnet,attention_blocks.0,45,10,65,0.619,0.7692173413595761,0.545027499362003,1.0718897145553286,-0.2850955374325845,-0.028425874176009936,0,0
sleepedf_full,true,atcnet,attention_blocks.4,45,10,65,0.619,0.7247740136491033,0.43933194494925304,0.9728829578958258,-0.24069128742768992,-0.013123701851196518,0,0
sleepedf_full,true,atcnet,temporal_conv_nets.0,45,10,65,0.619,0.7282120639764826,0.5742825840186848,0.9632008796245696,-0.2336369863172776,-0.021110882415682684,0,0
sleepedf_full,true,atcnet,temporal_conv_nets.4,45,10,65,0.619,0.7143339781452921,0.6342450661713435,0.8868463219183239,-0.1721399273748129,-0.015436807501407482,0,0
sleepedf_full,true,atcnet,final_layer.4,45,10,65,0.619,0.8297978733923911,0.8840040464153077,0.7508769807140775,-0.20702201864828915,-0.04812764104313813,0,0
sleepedf_full,true,atcnet,logits,45,10,65,0.619,0.765767274089623,0.6328882084758396,0.7783527316253787,-0.19536240053134551,-0.06940126652399192,0,0
sleepedf_full,true,atcnet,conv_block,45,20,65,0.6585,0.6851052200725145,0.28488797876046945,1.0097298721745238,-0.3384392852877051,0.009691231986389775,0,0
sleepedf_full,true,atcnet,attention_blocks.0,45,20,65,0.6585,0.7542672380492178,0.4193136388326927,1.2031942829599982,-0.455828700917811,-0.012806441687220376,0,0
sleepedf_full,true,atcnet,attention_blocks.4,45,20,65,0.6585,0.7796204689660761,0.33142075742326604,1.1470973982376014,-0.3675428714526772,-0.00967041006896776,0,0
sleepedf_full,true,atcnet,temporal_conv_nets.0,45,20,65,0.6585,0.7834303181284054,0.4485311580872597,1.0582236528775095,-0.27354517413689805,-0.014387186904874578,0,0
sleepedf_full,true,atcnet,temporal_conv_nets.4,45,20,65,0.6585,0.8411849963112036,0.44364820111357683,1.1042868383216202,-0.26412799852308794,-0.0034223544042320106,0,0
sleepedf_full,true,atcnet,final_layer.4,45,20,65,0.6585,0.777677639129709,0.712860000137482,1.0910127051503773,-0.3724136345394503,-0.012313643130866211,0,0
sleepedf_full,true,atcnet,logits,45,20,65,0.6585,0.7604853551846662,0.6459193905954606,0.8940102863656737,-0.20260504340671165,-0.05397195638304561,0,0
sleepedf_full,true,atcnet,conv_block,46,0,65,0.2005,0.14213002493024512,0.14213002493024515,0.0,0.0,0.1409276267495589,0,0
sleepedf_full,true,atcnet,attention_blocks.0,46,0,65,0.2005,0.9065593446310138,0.757876936479884,0.7805040500272575,-0.050048621979317406,0.17610391658307262,0,0
sleepedf_full,true,atcnet,attention_blocks.4,46,0,65,0.2005,0.8949307118732963,0.8028514115153269,0.7196671832007063,-0.08994972383139951,0.26521325250398936,0,0
sleepedf_full,true,atcnet,temporal_conv_nets.0,46,0,65,0.2005,0.902162686515572,0.6766110507019544,0.8074779760305488,-0.04353820858847361,0.13822291907349651,0,0
sleepedf_full,true,atcnet,temporal_conv_nets.4,46,0,65,0.2005,0.8895803827414619,0.777592805992102,0.7449047400926502,-0.09167714343386964,0.236352786082681,0,0
sleepedf_full,true,atcnet,final_layer.4,46,0,65,0.2005,0.9094440923265751,0.8163944354968664,1.2648009620565908,-0.6501293097994343,0.29477244006941833,0,0
sleepedf_full,true,atcnet,logits,46,0,65,0.2005,0.6589524028231871,0.8481928398165763,1.3024282501394977,-1.801588766485684,1.103704090029289,0,0
sleepedf_full,true,atcnet,conv_block,46,1,65,0.5655,0.6624943276130063,0.6136042146155823,0.7444660595522599,-0.1946258067251163,0.013450934176393108,0,0
sleepedf_full,true,atcnet,attention_blocks.0,46,1,65,0.5655,0.8706501703356194,0.896613259831768,0.7724537882596711,-0.24956263399480513,-0.12368197427517634,0,0
sleepedf_full,true,atcnet,attention_blocks.4,46,1,65,0.5655,0.7286911618856503,0.6601817778239915,0.9397086962953826,-0.3765011113369446,-0.019785133103618763,0,0
sleepedf_full,true,atcnet,temporal_conv_nets.0,46,1,65,0.5655,0.7684959136249597,0.841237836999955,0.9208628527254739,-0.30193967120093845,-0.08230474667950935,0,0
sleepedf_full,true,atcnet,temporal_conv_nets.4,46,1,65,0.5655,0.754613487448788,0.5652248594989516,0.9975802901808646,-0.4215495276557029,-0.016481764556451017,0,0
sleepedf_full,true,atcnet,final_layer.4,46,1,65,0.5655,0.93568624626945,0.6487759429170402,0.994215888250732,-0.6099114143501361,-0.0068414988603041245,0,0
sleepedf_full,true,atcnet,logits,46,1,65,0.5655,0.9542960256017212,0.8641119709933879,0.8987331113926424,-0.4533017138545605,-0.09604493040086612,0,0
sleepedf_full,true,atcnet,conv_block,46,2,65,0.601,0.6668050726707888,0.5317616092509025,0.8951615400989757,-0.2738220123420085,0.018497123818665424,0,0
sleepedf_full,true,atcnet,attention_blocks.0,46,2,65,0.601,0.788560790923827,0.8570263257919724,0.6344573083771007,-0.10013024129336728,-0.08984969251963262,0,0
sleepedf_full,true,atcnet,attention_blocks.4,46,2,65,0.601,0.7142706521739667,0.659741975209894,0.8195386207431238,-0.08719584059171365,-0.02201964966483971,0,0
sleepedf_full,true,atcnet,temporal_conv_nets.0,46,2,65,0.601,0.7389893211350135,0.6609521979194849,0.762757878822001,-0.18381129858697132,-0.06795118379333019,0,0
sleepedf_full,true,atcnet,temporal_conv_nets.4,46,2,65,0.601,0.6274341854227447,0.6150686886647271,0.6036621898263573,0.0008549548474318532,-0.0025245481419210953,0,0
sleepedf_full,true,atcnet,final_layer.4,46,2,65,0.601,0.6463384809995918,0.841829185767512,0.6322789961235822,-0.1064600185162419,-0.04397712575236804,0,0
sleepedf_full,true,atcnet,logits,46,2,65,0.601,0.8255750772966014,0.7013257108733961,0.7748557573811952,-0.2775977763890661,-0.10226602834044397,0,0
sleepedf_full,true,atcnet,conv_block,46,5,65,0.615,0.7089708414478817,0.3894844073218714,0.9600556630117593,-0.2694905209265315,0.011117685977343365,0,0
sleepedf_full,true,atcnet,attention_blocks.0,46,5,65,0.615,0.8070769843075388,0.734160086247927,0.7821122220696466,-0.23846179522398844,-0.08562969288164247,0,0
sleepedf_full,true,atcnet,attention_blocks.4,46,5,65,0.615,0.7759532689818842,0.5533238812656498,0.9611148958742618,-0.1778506212713567,-0.00975556208518111,0,0
sleepedf_full,true,atcnet,temporal_conv_nets.0,46,5,65,0.615,0.7384450046409138,0.6355886688563755,0.8583666528967713,-0.2764200961219225,-0.04783543873071461,0,0
sleepedf_full,true,atcnet,temporal_conv_nets.4,46,5,65,0.615,0.7012223193605405,0.6081034799970124,0.8886792047137101,-0.23541232358047393,-0.016627745235321692,0,0
sleepedf_full,true,atcnet,final_layer.4,46,5,65,0.615,0.7933538539266917,0.7726308146218579,0.8035691025694199,-0.279873288473355,-0.01112686525191142,0,0
sleepedf_full,true,atcnet,logits,46,5,65,0.615,0.8354723068571679,0.6755232433317965,0.926042478954471,-0.4195665623735907,-0.05362051600701,0,0
sleepedf_full,true,atcnet,conv_block,46,10,65,0.652,0.6947026898706922,0.30465688198102964,0.9884102256739652,-0.3137407267133951,0.01792249829431484,0,0
sleepedf_full,true,atcnet,attention_blocks.0,46,10,65,0.652,0.6514847941339611,0.6837430966722798,0.7129196181492837,-0.15761433840842087,-0.07263435825273044,0,0
sleepedf_full,true,atcnet,attention_blocks.4,46,10,65,0.652,0.8229774151469244,0.4702049220804279,0.962344409478369,-0.1320820984232074,-0.007296923798488701,0,0
sleepedf_full,true,atcnet,temporal_conv_nets.0,46,10,65,0.652,0.5948230292718827,0.7579238026276285,0.8904566953492775,-0.399946927191578,-0.03931166621104741,0,0
sleepedf_full,true,atcnet,temporal_conv_nets.4,46,10,65,0.652,0.7275878881407654,0.5845848837120846,0.7294089452647537,0.007089338192297377,-0.009923362285537224,0,0
sleepedf_full,true,atcnet,final_layer.4,46,10,65,0.652,0.7219853730076938,0.7784646873729996,0.7005650277324706,0.027709274717850844,-0.021434958057631924,0,0
sleepedf_full,true,atcnet,logits,46,10,65,0.652,0.6934276679813344,0.6540085879008501,0.8751613034961658,-0.2430908715494064,-0.03768642644687961,0,0
sleepedf_full,true,atcnet,conv_block,46,20,65,0.688,0.7025478925745972,0.2885449675397558,1.0213574194313086,-0.34612816093373516,0.02724735630610969,0,0
sleepedf_full,true,atcnet,attention_blocks.0,46,20,65,0.688,0.6096680980490324,0.675405036260597,0.5556135378628091,-0.02306157842962419,-0.05420310936365769,0,0
sleepedf_full,true,atcnet,attention_blocks.4,46,20,65,0.688,0.768134556006867,0.4142907114728922,0.9777306015382892,-0.19845048965178574,-0.013612813015115879,0,0
sleepedf_full,true,atcnet,temporal_conv_nets.0,46,20,65,0.688,0.5235206307361475,0.6773034181788563,0.5177124383352801,-0.1542463169011613,0.005126504508797183,0,0
sleepedf_full,true,atcnet,temporal_conv_nets.4,46,20,65,0.688,0.7486299324921517,0.5034791354960169,0.9602235091730307,-0.1974650079841164,-0.02034166838295996,0,0
sleepedf_full,true,atcnet,final_layer.4,46,20,65,0.688,0.8193530398598299,0.5757105657931241,0.8599033772292705,-0.0533411432373363,-0.010497269632734337,0,0
sleepedf_full,true,atcnet,logits,46,20,65,0.688,0.6951913391171066,0.612685721235968,0.7963424717713385,-0.1490334767027804,-0.056268168756698315,0,0
