dataset,label_mode,arch,layer,seed,epoch,n_windows,val_acc,raw_odi,anchored_odi,signed_baseline,signed_cross,signed_residual,raw_floor_pairs,anchor_excluded_pairs
bci2a,true,eegnet,conv_temporal,42,0,64,0.2847222222222222,0.0019461940580664866,0.0019461940580664861,0.0,0.0,-0.0006348821194786477,0,0
bci2a,true,eegnet,bnorm_1,42,0,64,0.2847222222222222,0.0022252454774101043,0.002225245477410104,0.0,0.0,-0.00040618303070553345,0,0
bci2a,true,eegnet,conv_spatial,42,0,64,0.2847222222222222,0.0022252454519761083,0.0022252454519761087,0.0,0.0,-0.0004061830569287569,0,0
bci2a,true,eegnet,conv_separable_depth,42,0,64,0.2847222222222222,0.007781087365418567,0.007781087365418568,0.0,0.0,0.0017165122527243502,0,0
bci2a,true,eegnet,bnorm_2,42,0,64,0.2847222222222222,0.008361434108679868,0.008361434108679868,0.0,0.0,0.0023401384154890436,0,0
bci2a,true,eegnet,pool_2,42,0,64,0.2847222222222222,0.09518343522355482,0.09518343522355482,0.0,0.0,0.04042119289805425,0,0
bci2a,true,eegnet,logits,42,0,64,0.2847222222222222,0.44078840596052543,0.4407884059605255,0.0,0.0,0.14571006772185482,0,0
bci2a,true,eegnet,conv_temporal,42,1,64,0.3333333333333333,0.001926454080908485,0.001926454080908485,0.0,0.0,-0.0003668472398035509,0,0
bci2a,true,eegnet,bnorm_1,42,1,64,0.3333333333333333,0.01166028975996395,0.0025853400984427698,0.011442627694284465,-0.00017786321081000173,-0.00019750125780034096,0,0
bci2a,true,eegnet,conv_spatial,42,1,64,0.3333333333333333,0.0026606405326669268,0.002656731550657119,0.00013719006460458907,3.2398499169741434e-05,-0.00015879283567328157,0,0
bci2a,true,eegnet,conv_separable_depth,42,1,64,0.3333333333333333,0.01661347073156763,0.007002219042647984,0.015923520536917743,-0.002685229669241714,0.002050345753605346,0,0
bci2a,true,eegnet,bnorm_2,42,1,64,0.3333333333333333,0.24970817995299904,0.007557972724981989,0.2872918413707531,-0.03974422371118141,0.0021605622934271814,0,0
bci2a,true,eegnet,pool_2,42,1,64,0.3333333333333333,0.5944937396827918,0.0943914570851512,0.7020523994138345,-0.11378331533445932,0.006224655603416605,0,0
bci2a,true,eegnet,logits,42,1,64,0.3333333333333333,0.8236701504560435,0.4455871885693996,1.0336386463505933,-0.2351547632163814,0.02245722824111452,0,0
bci2a,true,eegnet,conv_temporal,42,2,64,0.3506944444444444,0.002203289547710195,0.0022032895477101947,0.0,0.0,-0.000391129166271655,0,0
bci2a,true,eegnet,bnorm_1,42,2,64,0.3506944444444444,0.02557260485397159,0.002857743093392303,0.02563334721333805,-0.00015556395576583475,-0.00017460505049665236,0,0
bci2a,true,eegnet,conv_spatial,42,2,64,0.3506944444444444,0.0031481276556313883,0.0031245271570627905,0.0001613480381241441,5.5904150118256996e-05,-0.0001288667709570317,0,0
bci2a,true,eegnet,conv_separable_depth,42,2,64,0.3506944444444444,0.05560712234601928,0.007237423400977165,0.05331583236848454,-0.00017699406344545842,0.002362177850250507,0,0
bci2a,true,eegnet,bnorm_2,42,2,64,0.3506944444444444,0.3951632295231415,0.007767464263505353,0.44143418530800016,-0.04831616299121178,0.002045207206351974,0,0
bci2a,true,eegnet,pool_2,42,2,64,0.3506944444444444,0.713796423051789,0.09253473087245859,0.8102988658380534,-0.10125042378317714,0.004747980996912645,0,0
bci2a,true,eegnet,logits,42,2,64,0.3506944444444444,0.8976508576397979,0.4225914408555741,1.081494020250638,-0.19349763789443467,0.00965447528359462,0,0
bci2a,true,eegnet,conv_temporal,42,5,64,0.4444444444444444,0.002657205089671783,0.0026572050896717836,0.0,0.0,-0.00034830275019208823,0,0
bci2a,true,eegnet,bnorm_1,42,5,64,0.4444444444444444,0.05597949935211505,0.0028190796655520925,0.05649423194346839,-0.0004365203145429271,-8.904944001256407e-05,0,0
bci2a,true,eegnet,conv_spatial,42,5,64,0.4444444444444444,0.0035986746134758422,0.003597468957885388,0.00015143547162255172,8.283809569106216e-06,-2.5286954418047237e-05,0,0
bci2a,true,eegnet,conv_separable_depth,42,5,64,0.4444444444444444,0.11715643888212854,0.007868278980689583,0.12089095799278682,-0.005990453438709668,0.0022176503658038827,0,0
bci2a,true,eegnet,bnorm_2,42,5,64,0.4444444444444444,0.5037545447239762,0.008818562841509872,0.5407831985302667,-0.038419253289569855,0.0013905994832780731,0,0
bci2a,true,eegnet,pool_2,42,5,64,0.4444444444444444,0.7592176477157917,0.0893778400271173,0.8280754702977982,-0.07177221705629624,0.0029143944742894418,0,0
bci2a,true,eegnet,logits,42,5,64,0.4444444444444444,0.813509790067378,0.4407251974808372,1.1574423972751084,-0.415061538851899,0.018033650272727825,0,0
bci2a,true,eegnet,conv_temporal,42,10,64,0.4861111111111111,0.003175531558598476,0.0031755315585984753,0.0,0.0,-0.00025818539987149054,0,0
bci2a,true,eegnet,bnorm_1,42,10,64,0.4861111111111111,0.056958794783741315,0.002791592167747549,0.05734364449687134,-0.00035889313122624113,-7.642080570959831e-05,0,0
bci2a,true,eegnet,conv_spatial,42,10,64,0.4861111111111111,0.004877324255616334,0.003529478488271097,0.0021845653589920894,0.00010727104781329789,0.00010777916641103578,0,0
bci2a,true,eegnet,conv_separable_depth,42,10,64,0.4861111111111111,0.10029637467582017,0.009321588784073586,0.10574198048762791,-0.008241591197432778,0.002512221979644281,0,0
bci2a,true,eegnet,bnorm_2,42,10,64,0.4861111111111111,0.3878228770994305,0.010818640643485433,0.43690692716663393,-0.051387513851083935,0.0023034637838793737,0,0
bci2a,true,eegnet,pool_2,42,10,64,0.4861111111111111,0.6556064123796741,0.1097701974742222,0.7552383769593506,-0.10848855023112312,0.008856585651446666,0,0
bci2a,true,eegnet,logits,42,10,64,0.4861111111111111,0.801256857608255,0.5066815670638717,1.13749976050519,-0.49214689852896965,0.0369075469641762,0,0
bci2a,true,eegnet,conv_temporal,42,20,64,0.4722222222222222,0.0038584289247583043,0.003858428924758304,0.0,0.0,-0.0002718814406597964,0,0
bci2a,true,eegnet,bnorm_1,42,20,64,0.4722222222222222,0.11451023957965446,0.0032544499967629174,0.11521982004832718,-0.00024003707184710646,-0.000469543396825548,0,0
bci2a,true,eegnet,conv_spatial,42,20,64,0.4722222222222222,0.006402507866975476,0.004993573022434861,0.0021265136613225427,0.0002467604856551182,-3.439309740108776e-05,0,0
bci2a,true,eegnet,conv_separable_depth,42,20,64,0.4722222222222222,0.16533694745129768,0.014066416424701082,0.20553016453359116,-0.04830315107109926,0.007978754823069313,0,0
bci2a,true,eegnet,bnorm_2,42,20,64,0.4722222222222222,0.32875561841656087,0.0197121130601101,0.4490727552061499,-0.1294566357354494,0.009139498945859793,0,0
bci2a,true,eegnet,pool_2,42,20,64,0.4722222222222222,0.5766831694522395,0.20480592158466754,0.8133148585170047,-0.26650024679738216,0.029868557732616846,0,0
bci2a,true,eegnet,logits,42,20,64,0.4722222222222222,0.7884145135720491,0.6109062859898012,1.348750108994049,-0.7568947894472973,0.09071388053195238,0,0
bci2a,true,eegnet,conv_temporal,42,30,64,0.4826388888888889,0.00423630546947558,0.00423630546947558,0.0,0.0,-0.00025088096902103527,0,0
bci2a,true,eegnet,bnorm_1,42,30,64,0.4826388888888889,0.16329401968438545,0.003954321544966539,0.16437546891612595,-0.00036854105266008843,-0.0007129081790804661,0,0
bci2a,true,eegnet,conv_spatial,42,30,64,0.4826388888888889,0.005871148378891324,0.004846704753038991,0.0018814789335580753,2.4962442770970407e-05,-6.058507232692036e-05,0,0
bci2a,true,eegnet,conv_separable_depth,42,30,64,0.4826388888888889,0.21533376533920645,0.01914214312829989,0.28809309878757083,-0.08328452815232933,0.010424859863437531,0,0
bci2a,true,eegnet,bnorm_2,42,30,64,0.4826388888888889,0.3254341678293472,0.028068460395160474,0.4901139915591843,-0.17797308885123536,0.013293265121397299,0,0
bci2a,true,eegnet,pool_2,42,30,64,0.4826388888888889,0.52592983008657,0.2424772835836747,0.8800830406729134,-0.3998023912351525,0.04564918064880909,0,0
bci2a,true,eegnet,logits,42,30,64,0.4826388888888889,0.7622267933734688,0.5904203493019147,1.4889962582690401,-0.8662323539820576,0.09073294356835673,0,0
bci2a,true,eegnet,conv_temporal,43,0,64,0.2777777777777778,0.0028543391045777683,0.0028543391045777688,0.0,0.0,-0.0007040343691927747,0,0
bci2a,true,eegnet,bnorm_1,43,0,64,0.2777777777777778,0.0034422256985382734,0.0034422256985382734,0.0,0.0,-0.0011574570221007045,0,0
bci2a,true,eegnet,conv_spatial,43,0,64,0.2777777777777778,0.003442225705344095,0.003442225705344095,0.0,0.0,-0.0011574570289641986,0,0
bci2a,true,eegnet,conv_separable_depth,43,0,64,0.2777777777777778,0.007311621881688969,0.007311621881688968,0.0,0.0,-0.0005531533809652634,0,0
bci2a,true,eegnet,bnorm_2,43,0,64,0.2777777777777778,0.008141769388839804,0.008141769388839804,0.0,0.0,-0.00124485549273287,0,0
bci2a,true,eegnet,pool_2,43,0,64,0.2777777777777778,0.0716480279662303,0.0716480279662303,0.0,0.0,0.01413356440474876,0,0
bci2a,true,eegnet,logits,43,0,64,0.2777777777777778,0.43155851585615707,0.43155851585615707,0.0,0.0,0.004841746244529529,0,0
bci2a,true,eegnet,conv_temporal,43,1,64,0.2777777777777778,0.0030218876991437117,0.0030218876991437117,0.0,0.0,-0.0008535054252236402,0,0
bci2a,true,eegnet,bnorm_1,43,1,64,0.2777777777777778,0.01291402732400301,0.0033949137560024146,0.01221458921013583,-3.47537319146823e-05,-0.0011220284421313608,0,0
bci2a,true,eegnet,conv_spatial,43,1,64,0.2777777777777778,0.003417062214870505,0.003413573669253304,0.00021309621454104391,-1.7389977543692395e-05,-0.001156180908586615,0,0
bci2a,true,eegnet,conv_separable_depth,43,1,64,0.2777777777777778,0.022158598523616235,0.00656383815338632,0.021288362335975267,-0.0018362401895743105,-0.0005459565638758063,0,0
bci2a,true,eegnet,bnorm_2,43,1,64,0.2777777777777778,0.26863985850282446,0.007290816505871729,0.28441888354590217,-0.014833827516354954,-0.0009451975267231056,0,0
bci2a,true,eegnet,pool_2,43,1,64,0.2777777777777778,0.6799998084191837,0.07099098046692305,0.7396361315881065,-0.06212588801988353,0.0024895648509608848,0,0
bci2a,true,eegnet,logits,43,1,64,0.2777777777777778,0.8042062802360002,0.433860924122738,0.8617385620113054,-0.05961113489375472,0.0015973734911906552,0,0
bci2a,true,eegnet,conv_temporal,43,2,64,0.3159722222222222,0.002938904321842115,0.0029389043218421146,0.0,0.0,-0.0006500667020571283,0,0
bci2a,true,eegnet,bnorm_1,43,2,64,0.3159722222222222,0.02266396302954568,0.003489367307998906,0.022593550483138138,-2.6942114669172487e-05,-0.0010335198373047254,0,0
bci2a,true,eegnet,conv_spatial,43,2,64,0.3159722222222222,0.003558472398469086,0.003508642212933309,0.0003296592698781054,2.5875501462685343e-05,-0.0011014531807449564,0,0
bci2a,true,eegnet,conv_separable_depth,43,2,64,0.3159722222222222,0.052011430645454805,0.005780573473664192,0.06692132709303951,-0.017150605040694454,0.00045932213245380646,0,0
bci2a,true,eegnet,bnorm_2,43,2,64,0.3159722222222222,0.4031395758339868,0.00727828648714257,0.4313039441726086,-0.027817956630574684,-0.0003464117080480275,0,0
bci2a,true,eegnet,pool_2,43,2,64,0.3159722222222222,0.7616975417089085,0.08725063585455464,0.8416611483445127,-0.08257684892526143,0.0026132422896572647,0,0
bci2a,true,eegnet,logits,43,2,64,0.3159722222222222,0.8973750761808703,0.46185458827218995,1.0619776852455334,-0.16744720963309356,0.002218637534569057,0,0
bci2a,true,eegnet,conv_temporal,43,5,64,0.4895833333333333,0.0033793672491676035,0.0033793672491676035,0.0,0.0,-0.0003238735074314865,0,0
bci2a,true,eegnet,bnorm_1,43,5,64,0.4895833333333333,0.09241497884163699,0.004077690536364583,0.09226778764011036,-0.00017775435167908794,0.00023324051044909986,0,0
bci2a,true,eegnet,conv_spatial,43,5,64,0.4895833333333333,0.004530430214821209,0.004175980053212424,0.0010561615899330689,-1.9168773721354452e-05,0.00018809772959869493,0,0
bci2a,true,eegnet,conv_separable_depth,43,5,64,0.4895833333333333,0.3019212740637942,0.03675167084961752,0.39974005640549115,-0.22709504711093334,0.02283980947612592,0,0
bci2a,true,eegnet,bnorm_2,43,5,64,0.4895833333333333,0.5306348928882133,0.04163486104092125,0.7591474348256775,-0.25924543903118513,0.014876952815785433,0,0
bci2a,true,eegnet,pool_2,43,5,64,0.4895833333333333,0.6547538271347912,0.28820277006035777,1.0293911220574343,-0.42638512870650563,0.029697780505054856,0,0
bci2a,true,eegnet,logits,43,5,64,0.4895833333333333,0.8760457165268876,0.6287176920166563,1.4245133186043357,-0.7849201411260062,0.032485710334085746,0,0
bci2a,true,eegnet,conv_temporal,43,10,64,0.5520833333333334,0.00421093338503,0.004210933385030001,0.0,0.0,-0.00017252771984577967,0,0
bci2a,true,eegnet,bnorm_1,43,10,64,0.5520833333333334,0.12753864031708026,0.004377642538916189,0.12779136575089023,-0.000436431726028925,0.00011858111797401014,0,0
bci2a,true,eegnet,conv_spatial,43,10,64,0.5520833333333334,0.008589260142281806,0.005156464361861098,0.0049835385632479995,-5.287253337095667e-05,0.0005346778870331185,0,0
bci2a,true,eegnet,conv_separable_depth,43,10,64,0.5520833333333334,0.361656797612233,0.04592301378104676,0.48960666754416227,-0.2801192615530281,0.026042307635236968,0,0
bci2a,true,eegnet,bnorm_2,43,10,64,0.5520833333333334,0.48742031848660905,0.054341082378026206,0.7395942350537337,-0.34451824514661145,0.021590524024584536,0,0
bci2a,true,eegnet,pool_2,43,10,64,0.5520833333333334,0.6096885498792337,0.295220770966135,1.0356687215704314,-0.5666982300371337,0.04521071886606112,0,0
bci2a,true,eegnet,logits,43,10,64,0.5520833333333334,0.8678337461903101,0.6090720464123519,1.5293437306534254,-0.9938442441772725,0.06925452441098727,0,0
bci2a,true,eegnet,conv_temporal,43,20,64,0.6076388888888888,0.004501691866302414,0.004501691866302414,0.0,0.0,0.00033471947108178846,0,0
bci2a,true,eegnet,bnorm_1,43,20,64,0.6076388888888888,0.23228396118319442,0.004462749161025001,0.23215561449760805,-9.54647872947568e-05,0.00022381147288111155,0,0
bci2a,true,eegnet,conv_spatial,43,20,64,0.6076388888888888,0.007693703086122043,0.0059867525981046,0.002592013386642398,-7.129554099417669e-05,0.0018567734299490529,0,0
bci2a,true,eegnet,conv_separable_depth,43,20,64,0.6076388888888888,0.5191411895857163,0.060350684374857286,0.6946788245787283,-0.3842221796304171,0.023048630217680714,0,0
bci2a,true,eegnet,bnorm_2,43,20,64,0.6076388888888888,0.48103401779888466,0.05806574295954482,0.6454795576777201,-0.37825577148788725,0.022453509968958875,0,0
bci2a,true,eegnet,pool_2,43,20,64,0.6076388888888888,0.5841813182339921,0.24334515213224253,0.8480593633474067,-0.5109366883093571,0.04188259799920167,0,0
bci2a,true,eegnet,logits,43,20,64,0.6076388888888888,0.7741388500399491,0.4975150842533054,0.9658475983543009,-0.5418382045286062,0.05002143647572464,0,0
bci2a,true,eegnet,conv_temporal,43,30,64,0.6631944444444444,0.004624727090617774,0.004624727090617774,0.0,0.0,0.00023784669277527188,0,0
bci2a,true,eegnet,bnorm_1,43,30,64,0.6631944444444444,0.2914001682996248,0.004590887046244729,0.29135683242286414,2.4516571713633087e-05,1.8819305046994426e-05,0,0
bci2a,true,eegnet,conv_spatial,43,30,64,0.6631944444444444,0.008338732372379032,0.005729632134862637,0.0036903677512948735,-0.00013949147442455885,0.0013012904600878828,0,0
bci2a,true,eegnet,conv_separable_depth,43,30,64,0.6631944444444444,0.5340533411441429,0.07156554847542565,0.7661705362636302,-0.42146590102131004,0.025773815065638413,0,0
bci2a,true,eegnet,bnorm_2,43,30,64,0.6631944444444444,0.42603779222458615,0.06699974815875281,0.5980066998439751,-0.3711199859207025,0.028677755403449405,0,0
bci2a,true,eegnet,pool_2,43,30,64,0.6631944444444444,0.53910386416022,0.24151152057967862,0.8076457595276492,-0.5034214281873497,0.052840680148412825,0,0
bci2a,true,eegnet,logits,43,30,64,0.6631944444444444,0.7346164756745379,0.48546110068971626,0.867850736788364,-0.476225398608483,0.040490008045801634,0,0
bci2a,true,eegnet,conv_temporal,44,0,64,0.2951388888888889,0.002396464032223141,0.002396464032223141,0.0,0.0,-0.00037973701717697523,0,0
bci2a,true,eegnet,bnorm_1,44,0,64,0.2951388888888889,0.0037290201267157854,0.003729020126715785,0.0,0.0,0.0001960670178185481,0,0
bci2a,true,eegnet,conv_spatial,44,0,64,0.2951388888888889,0.0037290201302387937,0.0037290201302387933,0.0,0.0,0.00019606699265753067,0,0
bci2a,true,eegnet,conv_separable_depth,44,0,64,0.2951388888888889,0.007115915537795994,0.007115915537795995,0.0,0.0,0.00038253661854039625,0,0
bci2a,true,eegnet,bnorm_2,44,0,64,0.2951388888888889,0.00899776679168706,0.00899776679168706,0.0,0.0,0.0004853472949372283,0,0
bci2a,true,eegnet,pool_2,44,0,64,0.2951388888888889,0.07190666959999616,0.07190666959999616,0.0,0.0,0.019679147065519646,0,0
bci2a,true,eegnet,logits,44,0,64,0.2951388888888889,0.4231342682841139,0.4231342682841138,0.0,0.0,0.04097670125314595,0,0
bci2a,true,eegnet,conv_temporal,44,1,64,0.3194444444444444,0.0024719633282868367,0.0024719633282868367,0.0,0.0,-0.0002298567425947862,0,0
bci2a,true,eegnet,bnorm_1,44,1,64,0.3194444444444444,0.01878962944772713,0.0030428112476817613,0.017993157923622057,-7.096937967952314e-05,-2.825667572867501e-05,0,0
bci2a,true,eegnet,conv_spatial,44,1,64,0.3194444444444444,0.0031355278034872398,0.0031138652429338167,6.90394064879651e-05,1.632587227412537e-05,2.43892231073807e-06,0,0
bci2a,true,eegnet,conv_separable_depth,44,1,64,0.3194444444444444,0.02065188487210293,0.0060433471900917,0.018291285964066713,-0.0002634140289922112,0.0005641413334264093,0,0
bci2a,true,eegnet,bnorm_2,44,1,64,0.3194444444444444,0.22484583688067983,0.007746693181382512,0.23982921500675036,-0.015035443058119644,5.206493204874311e-05,0,0
bci2a,true,eegnet,pool_2,44,1,64,0.3194444444444444,0.6196940455503056,0.06787667524790979,0.710437886691959,-0.09477580036840359,0.004031959226750204,0,0
bci2a,true,eegnet,logits,44,1,64,0.3194444444444444,0.8192605944139806,0.4299072421562942,0.9061133262285975,-0.094038879266675,6.849336322836024e-05,0,0
bci2a,true,eegnet,conv_temporal,44,2,64,0.3472222222222222,0.002390896155058243,0.0023908961550582436,0.0,0.0,-0.00016476053869439686,0,0
bci2a,true,eegnet,bnorm_1,44,2,64,0.3472222222222222,0.02390461184283703,0.002854607322978098,0.023451704678343812,0.00010379358752097042,-0.00023374526261345766,0,0
bci2a,true,eegnet,conv_spatial,44,2,64,0.3472222222222222,0.003211945304255233,0.0030372820885626365,0.000365199482202537,8.552750213530583e-05,-0.00023701721997600148,0,0
bci2a,true,eegnet,conv_separable_depth,44,2,64,0.3472222222222222,0.04476384958169078,0.005520639640072286,0.04586887040333159,-0.0024388083147757265,0.0008097401875639446,0,0
bci2a,true,eegnet,bnorm_2,44,2,64,0.3472222222222222,0.3845918752227806,0.006471342531701831,0.4104682181170627,-0.026260182559630918,0.00038383966534856213,0,0
bci2a,true,eegnet,pool_2,44,2,64,0.3472222222222222,0.7395093164717049,0.07251085214634412,0.8268822858761276,-0.09059483304181498,0.0032218636373921644,0,0
bci2a,true,eegnet,logits,44,2,64,0.3472222222222222,0.7496673330463219,0.44028526695769366,0.8828020017608442,-0.15553122406661035,-0.0021969754089924435,0,0
bci2a,true,eegnet,conv_temporal,44,5,64,0.4270833333333333,0.002941851720517587,0.002941851720517587,0.0,0.0,0.00014737165487619812,0,0
bci2a,true,eegnet,bnorm_1,44,5,64,0.4270833333333333,0.06811744744302461,0.003016757016060836,0.06738495789507046,0.00034251983002408213,0.0003095353670460792,0,0
bci2a,true,eegnet,conv_spatial,44,5,64,0.4270833333333333,0.0033356023579481516,0.003128349014469784,0.00043762811215484055,8.79229753206809e-05,0.0002998937089472342,0,0
bci2a,true,eegnet,conv_separable_depth,44,5,64,0.4270833333333333,0.13176902985977557,0.00719137868046266,0.159343953545421,-0.04765103463774161,0.003615106362438622,0,0
bci2a,true,eegnet,bnorm_2,44,5,64,0.4270833333333333,0.4912853089456173,0.008727651835728288,0.5594601057560411,-0.07039514801449646,0.00222035120407218,0,0
bci2a,true,eegnet,pool_2,44,5,64,0.4270833333333333,0.7045167368006595,0.10296849868707701,0.8956266666844649,-0.1995642124503072,0.008454282566501777,0,0
bci2a,true,eegnet,logits,44,5,64,0.4270833333333333,0.695294619704103,0.47847516620515784,0.9098308419590828,-0.2557163872154779,-0.017166906983846236,0,0
bci2a,true,eegnet,conv_temporal,44,10,64,0.5069444444444444,0.003908878535559055,0.003908878535559055,0.0,0.0,3.282543599969956e-06,0,0
bci2a,true,eegnet,bnorm_1,44,10,64,0.5069444444444444,0.11706397328947821,0.0036010225848984853,0.11707703403657096,0.00021958662176179761,-0.00023264736885450867,0,0
bci2a,true,eegnet,conv_spatial,44,10,64,0.5069444444444444,0.00406455121908133,0.0037653810439488965,0.000764701477671044,1.9388035586480646e-05,-7.244816551691622e-05,0,0
bci2a,true,eegnet,conv_separable_depth,44,10,64,0.5069444444444444,0.35622509632528526,0.01774166767356282,0.46598258466891507,-0.19948333455214812,0.01016621687210089,0,0
bci2a,true,eegnet,bnorm_2,44,10,64,0.5069444444444444,0.4845356001425323,0.02417874203078621,0.6822147132442664,-0.23263735916148617,0.009661135595078838,0,0
bci2a,true,eegnet,pool_2,44,10,64,0.5069444444444444,0.6002621563301271,0.16886648363404858,0.9690856413944046,-0.4591573943437447,0.026586220546176976,0,0
bci2a,true,eegnet,logits,44,10,64,0.5069444444444444,0.8625179996184344,0.5054844093008883,1.4188003113797998,-0.8431446586298543,0.019001046863399984,0,0
bci2a,true,eegnet,conv_temporal,44,20,64,0.5486111111111112,0.004436538056662335,0.004436538056662336,0.0,0.0,-0.0001321173641741907,0,0
bci2a,true,eegnet,bnorm_1,44,20,64,0.5486111111111112,0.15792745811103145,0.004228979720381288,0.1584561182349239,0.0002055713747591035,-0.0007342314986515295,0,0
bci2a,true,eegnet,conv_spatial,44,20,64,0.5486111111111112,0.006489624140495664,0.004945991038031941,0.0026015387862540693,2.804233712378868e-05,-0.0004806218653514259,0,0
bci2a,true,eegnet,conv_separable_depth,44,20,64,0.5486111111111112,0.3906481828480992,0.03468872490600036,0.5460097067647058,-0.2666216646314816,0.01966756689350804,0,0
bci2a,true,eegnet,bnorm_2,44,20,64,0.5486111111111112,0.41894249947608353,0.04743245279923686,0.6324146260761978,-0.33320845248081987,0.02498063132257232,0,0
bci2a,true,eegnet,pool_2,44,20,64,0.5486111111111112,0.5374446334608038,0.19004529745056462,0.8479291254185987,-0.5483513967928048,0.05284797808559338,0,0
bci2a,true,eegnet,logits,44,20,64,0.5486111111111112,0.7999658144654538,0.4934568945195247,1.0162820448075098,-0.5832031643589612,0.016864459350815725,0,0
bci2a,true,eegnet,conv_temporal,44,30,64,0.6006944444444444,0.004411681044728286,0.004411681044728287,0.0,0.0,0.00016757905797561834,0,0
bci2a,true,eegnet,bnorm_1,44,30,64,0.6006944444444444,0.24876188781377623,0.003940534108189681,0.24882460408937682,0.00024911542516646297,-0.00031183170076711127,0,0
bci2a,true,eegnet,conv_spatial,44,30,64,0.6006944444444444,0.00588035748286697,0.004993481043507052,0.001547565910529956,4.847151701819492e-06,0.0005328731873669848,0,0
bci2a,true,eegnet,conv_separable_depth,44,30,64,0.6006944444444444,0.5050648397708122,0.046809085907673464,0.7070172885590894,-0.35907507816446455,0.01941094621889443,0,0
bci2a,true,eegnet,bnorm_2,44,30,64,0.6006944444444444,0.4430163350126546,0.05553890142333942,0.6248554557629709,-0.3509834680121757,0.026389767415743004,0,0
bci2a,true,eegnet,pool_2,44,30,64,0.6006944444444444,0.5348682192132233,0.18180755239882068,0.752122641811868,-0.4913537851843198,0.047936833661497105,0,0
bci2a,true,eegnet,logits,44,30,64,0.6006944444444444,0.7008618843819394,0.4760194222097609,0.7757791263394159,-0.36190111634053834,0.02551311538200624,0,0
bci2a,true,eegnet,conv_temporal,45,0,64,0.34375,0.0021636048858395445,0.0021636048858395445,0.0,0.0,-0.0005298554265234456,0,0
bci2a,true,eegnet,bnorm_1,45,0,64,0.34375,0.00244105957046242,0.00244105957046242,0.0,0.0,-0.0002562928615430192,0,0
bci2a,true,eegnet,conv_spatial,45,0,64,0.34375,0.0024410595843533467,0.0024410595843533467,0.0,0.0,-0.0002562928542476547,0,0
bci2a,true,eegnet,conv_separable_depth,45,0,64,0.34375,0.005638467567380334,0.005638467567380334,0.0,0.0,9.160231849198846e-05,0,0
bci2a,true,eegnet,bnorm_2,45,0,64,0.34375,0.006876123216227011,0.006876123216227012,0.0,0.0,0.0004307727825280514,0,0
bci2a,true,eegnet,pool_2,45,0,64,0.34375,0.07866652516742183,0.07866652516742181,0.0,0.0,0.017988968055806336,0,0
bci2a,true,eegnet,logits,45,0,64,0.34375,0.4353090692221015,0.4353090692221015,0.0,0.0,0.0023684935798837523,0,0
bci2a,true,eegnet,conv_temporal,45,1,64,0.3333333333333333,0.0020057691945009745,0.0020057691945009745,0.0,0.0,-0.0004643371678457462,0,0
bci2a,true,eegnet,bnorm_1,45,1,64,0.3333333333333333,0.021490280308910578,0.002637286917699453,0.02125552473356547,-1.3367650433281673e-05,-0.00022767744548815114,0,0
bci2a,true,eegnet,conv_spatial,45,1,64,0.3333333333333333,0.0026592636655552388,0.0026567003879776345,7.563240070764961e-05,-1.4893251268305058e-06,-0.00022659174106578269,0,0
bci2a,true,eegnet,conv_separable_depth,45,1,64,0.3333333333333333,0.05647782912468062,0.005896038400405659,0.057032987613528124,-0.0015176865951174196,0.0003592879207721532,0,0
bci2a,true,eegnet,bnorm_2,45,1,64,0.3333333333333333,0.4720744740993534,0.007117133885604759,0.5003601666948292,-0.02846195211893559,0.00017625952345877866,0,0
bci2a,true,eegnet,pool_2,45,1,64,0.3333333333333333,0.8018085703055017,0.0826511434743071,0.8643937213244359,-0.06378448742432957,0.001199336405395172,0,0
bci2a,true,eegnet,logits,45,1,64,0.3333333333333333,0.874401355576369,0.4487333749577976,0.956558559874041,-0.08274256145293914,0.0004334821029397433,0,0
bci2a,true,eegnet,conv_temporal,45,2,64,0.3368055555555556,0.0021721107787774675,0.0021721107787774675,0.0,0.0,-0.000393144033571677,0,0
bci2a,true,eegnet,bnorm_1,45,2,64,0.3368055555555556,0.05533952323251947,0.0028519642320197704,0.05567535895862315,-1.5105389654184107e-05,-0.0003325178413529131,0,0
bci2a,true,eegnet,conv_spatial,45,2,64,0.3368055555555556,0.002976145128721782,0.0029668604753290743,9.800425683195182e-05,4.1436142662547675e-06,-0.0003630625425442435,0,0
bci2a,true,eegnet,conv_separable_depth,45,2,64,0.3368055555555556,0.1666159487353525,0.0059318628130888545,0.17503137223239856,-0.008928075710954836,0.0005126522139087439,0,0
bci2a,true,eegnet,bnorm_2,45,2,64,0.3368055555555556,0.6578783117831846,0.007234893415275541,0.6978082492213208,-0.0403031483737164,0.0003732109355801498,0,0
bci2a,true,eegnet,pool_2,45,2,64,0.3368055555555556,0.8776308643104767,0.09420372765126728,0.9458608871530527,-0.06932482765951146,0.0010948048169355331,0,0
bci2a,true,eegnet,logits,45,2,64,0.3368055555555556,0.9612046631689419,0.4906221508361548,1.0284014632451421,-0.06816274712965302,0.0009659470534528749,0,0
bci2a,true,eegnet,conv_temporal,45,5,64,0.2743055555555556,0.002853779352003712,0.0028537793520037125,0.0,0.0,-0.0003713900722069628,0,0
bci2a,true,eegnet,bnorm_1,45,5,64,0.2743055555555556,0.16067232651900953,0.0028818930268717695,0.16111951101912877,1.84232823926864e-05,-0.0004656077825119481,0,0
bci2a,true,eegnet,conv_spatial,45,5,64,0.2743055555555556,0.003494439904541605,0.0034274262005248367,0.0003700359120469008,2.0327492720590897e-05,-0.0007548816696873972,0,0
bci2a,true,eegnet,conv_separable_depth,45,5,64,0.2743055555555556,0.42869151457644084,0.013477911935347428,0.5417721074966273,-0.11858312272745206,0.004455122848698733,0,0
bci2a,true,eegnet,bnorm_2,45,5,64,0.2743055555555556,0.7826336585784516,0.022958353586350625,0.9181068688321933,-0.13890465428822116,0.003431444034477569,0,0
bci2a,true,eegnet,pool_2,45,5,64,0.2743055555555556,0.9118939777301492,0.24183627746220335,1.1177244700068645,-0.2121619340014386,0.006331441724723332,0,0
bci2a,true,eegnet,logits,45,5,64,0.2743055555555556,0.9744050572571203,0.5968502211860345,1.2803892621354063,-0.31119369230896043,0.0052094874306746015,0,0
bci2a,true,eegnet,conv_temporal,45,10,64,0.5208333333333334,0.003231067744247199,0.0032310677442471984,0.0,0.0,-0.0004569486941906028,0,0
bci2a,true,eegnet,bnorm_1,45,10,64,0.5208333333333334,0.13755856387394422,0.0032495285534094756,0.13842074167614776,-5.3098167926746875e-06,-0.0008568679854108156,0,0
bci2a,true,eegnet,conv_spatial,45,10,64,0.5208333333333334,0.0043474222620387675,0.004146360872015337,0.0006160253120456687,3.5567472643841024e-05,-0.0011600063318303881,0,0
bci2a,true,eegnet,conv_separable_depth,45,10,64,0.5208333333333334,0.39654850022752564,0.04276324934169149,0.579463639524741,-0.2557649730950933,0.01946575406911758,0,0
bci2a,true,eegnet,bnorm_2,45,10,64,0.5208333333333334,0.5973090799087517,0.064906718005208,0.8781818866234611,-0.30980024336042056,0.01710258924271458,0,0
bci2a,true,eegnet,pool_2,45,10,64,0.5208333333333334,0.7199652975098765,0.3147138762774591,1.1730613331550752,-0.5047442817467324,0.03503656269441437,0,0
bci2a,true,eegnet,logits,45,10,64,0.5208333333333334,0.8326492240440306,0.5862796692670318,1.3396696869450861,-0.6534129928505293,0.022612769554320462,0,0
bci2a,true,eegnet,conv_temporal,45,20,64,0.5763888888888888,0.003143234909020602,0.003143234909020602,0.0,0.0,0.00015826614469823753,0,0
bci2a,true,eegnet,bnorm_1,45,20,64,0.5763888888888888,0.15727075827565173,0.00347554061362887,0.15756836355055565,7.5558014470255385e-06,-0.0003051610763508405,0,0
bci2a,true,eegnet,conv_spatial,45,20,64,0.5763888888888888,0.00421746424290854,0.003999410905032539,0.0005021506420715163,-2.6714850890973615e-05,-0.0005800914853603604,0,0
bci2a,true,eegnet,conv_separable_depth,45,20,64,0.5763888888888888,0.36736244394851036,0.08037743245556561,0.5595272040113545,-0.3276852196701168,0.040459348096606645,0,0
bci2a,true,eegnet,bnorm_2,45,20,64,0.5763888888888888,0.3997473826890231,0.09310263511673578,0.658535089342352,-0.40280439638706567,0.04450601881593291,0,0
bci2a,true,eegnet,pool_2,45,20,64,0.5763888888888888,0.5307672463996018,0.34671552919433535,1.021422134133508,-0.7313941080361824,0.1046572386042056,0,0
bci2a,true,eegnet,logits,45,20,64,0.5763888888888888,0.6937634606161238,0.5029462560052173,1.0153159752358694,-0.5860256037380424,0.04545665806449981,0,0
bci2a,true,eegnet,conv_temporal,45,30,64,0.6041666666666666,0.00316476852878195,0.0031647685287819506,0.0,0.0,0.00046450585866242245,0,0
bci2a,true,eegnet,bnorm_1,45,30,64,0.6041666666666666,0.2275072512888564,0.003561453738496179,0.22745623867969011,0.00019720475561974413,-0.00014619214645340335,0,0
bci2a,true,eegnet,conv_spatial,45,30,64,0.6041666666666666,0.004899866530209697,0.004130393783491963,0.0014139616656963817,-2.345881063493529e-05,-5.978944232747308e-05,0,0
bci2a,true,eegnet,conv_separable_depth,45,30,64,0.6041666666666666,0.4167048773637365,0.0860560203122042,0.6454513916203899,-0.3715551696104873,0.0386833630026064,0,0
bci2a,true,eegnet,bnorm_2,45,30,64,0.6041666666666666,0.3879447090960813,0.09553780975306948,0.6393310759694926,-0.3999489652078266,0.04630729567173988,0,0
bci2a,true,eegnet,pool_2,45,30,64,0.6041666666666666,0.5116311769983883,0.3308491473389825,0.9823900944604134,-0.7069687451142549,0.10435638416754378,0,0
bci2a,true,eegnet,logits,45,30,64,0.6041666666666666,0.6416716547073564,0.5130911883955622,0.8381654463787904,-0.45024988149378337,0.0324736121186657,0,0
bci2a,true,eegnet,conv_temporal,46,0,64,0.2673611111111111,0.002673500966336508,0.002673500966336508,0.0,0.0,-0.0010534967311999189,0,0
bci2a,true,eegnet,bnorm_1,46,0,64,0.2673611111111111,0.003243327844430514,0.003243327844430514,0.0,0.0,-0.0009366068436914442,0,0
bci2a,true,eegnet,conv_spatial,46,0,64,0.2673611111111111,0.0032433278380890078,0.0032433278380890078,0.0,0.0,-0.0009366068541014545,0,0
bci2a,true,eegnet,conv_separable_depth,46,0,64,0.2673611111111111,0.006303883694903325,0.006303883694903324,0.0,0.0,0.0010738557840884325,0,0
bci2a,true,eegnet,bnorm_2,46,0,64,0.2673611111111111,0.007291465968546,0.007291465968546001,0.0,0.0,0.0016971404570732197,0,0
bci2a,true,eegnet,pool_2,46,0,64,0.2673611111111111,0.09312581272875792,0.09312581272875792,0.0,0.0,0.05050119967352812,0,0
bci2a,true,eegnet,logits,46,0,64,0.2673611111111111,0.4308046378488667,0.43080463784886663,0.0,0.0,0.036116164331636474,0,0
bci2a,true,eegnet,conv_temporal,46,1,64,0.2881944444444444,0.002608733080975326,0.0026087330809753265,0.0,0.0,-0.0010465868715865867,0,0
bci2a,true,eegnet,bnorm_1,46,1,64,0.2881944444444444,0.015963754975559866,0.0031626671399664066,0.015647458492687435,8.394274476033758e-05,-0.0010254931119737629,0,0
bci2a,true,eegnet,conv_spatial,46,1,64,0.2881944444444444,0.003214829827132488,0.0032208171045257647,0.0003089624791684817,1.763369644327816e-05,-0.0010461434941362415,0,0
bci2a,true,eegnet,conv_separable_depth,46,1,64,0.2881944444444444,0.07750738045922506,0.007062094254131313,0.0591271740730768,0.016588958182869283,0.0014580797340676113,0,0
bci2a,true,eegnet,bnorm_2,46,1,64,0.2881944444444444,0.2900909180405242,0.008142734644421555,0.3314252820908375,-0.04254363155366821,0.0012092675033553847,0,0
bci2a,true,eegnet,pool_2,46,1,64,0.2881944444444444,0.6418892087138426,0.10775740795921218,0.7601263258179142,-0.12309141633502152,0.0048542992309501005,0,0
bci2a,true,eegnet,logits,46,1,64,0.2881944444444444,0.7435874479204749,0.42496836400044385,0.9367497910649215,-0.24065155154834786,0.015126294107063926,0,0
bci2a,true,eegnet,conv_temporal,46,2,64,0.3680555555555556,0.002428589566476683,0.0024285895664766834,0.0,0.0,-0.0010240609557561815,0,0
bci2a,true,eegnet,bnorm_1,46,2,64,0.3680555555555556,0.024654921060527777,0.0028784849623717697,0.02488418931183714,0.00010172217634912661,-0.0009742042692533531,0,0
bci2a,true,eegnet,conv_spatial,46,2,64,0.3680555555555556,0.003033509873584103,0.0030297767372911505,0.00029343582155996566,2.7601073759494828e-05,-0.0010024204138841767,0,0
bci2a,true,eegnet,conv_separable_depth,46,2,64,0.3680555555555556,0.06825502155371348,0.008906252482674602,0.06424973323865876,-0.0005583744924115799,0.004048606106900193,0,0
bci2a,true,eegnet,bnorm_2,46,2,64,0.3680555555555556,0.43680823211833203,0.010160033132483365,0.5049225052965831,-0.07077236248874452,0.0026580893104931223,0,0
bci2a,true,eegnet,pool_2,46,2,64,0.3680555555555556,0.7333774774557879,0.1474700092208358,0.8719555029042992,-0.14558314599221472,0.007005120543703317,0,0
bci2a,true,eegnet,logits,46,2,64,0.3680555555555556,0.8534697041496093,0.43388622096492613,1.0279600923876604,-0.19595632467501523,0.012127028088340482,0,0
bci2a,true,eegnet,conv_temporal,46,5,64,0.3993055555555556,0.0024565472198585406,0.002456547219858541,0.0,0.0,-0.000881796378119657,0,0
bci2a,true,eegnet,bnorm_1,46,5,64,0.3993055555555556,0.050092755594767474,0.0032142794667842723,0.050424501086339765,0.0005337290726127701,-0.0009672311359825506,0,0
bci2a,true,eegnet,conv_spatial,46,5,64,0.3993055555555556,0.004001463820937521,0.0038167881330790467,0.0007328655641682365,-0.00011606009281913802,-0.000999782816253034,0,0
bci2a,true,eegnet,conv_separable_depth,46,5,64,0.3993055555555556,0.11009998543300076,0.007655541920193349,0.1284390163457833,-0.02023912338277787,0.0018541227202731076,0,0
bci2a,true,eegnet,bnorm_2,46,5,64,0.3993055555555556,0.624982521273175,0.008773784797682909,0.6790687340028008,-0.05477286782167452,0.0006866550920467342,0,0
bci2a,true,eegnet,pool_2,46,5,64,0.3993055555555556,0.83314695473311,0.13700852849967549,0.9144881530783959,-0.08464208049634722,0.003300882151061151,0,0
bci2a,true,eegnet,logits,46,5,64,0.3993055555555556,0.9308194219664621,0.4538963413437179,1.072746322076462,-0.1482841366985837,0.006357236588583984,0,0
bci2a,true,eegnet,conv_temporal,46,10,64,0.5486111111111112,0.002902801697739236,0.0029028016977392357,0.0,0.0,-0.0007837348043577113,0,0
bci2a,true,eegnet,bnorm_1,46,10,64,0.5486111111111112,0.10579804999358552,0.003162615654774952,0.10614247144493066,0.00023549680252477151,-0.0006306244346524965,0,0
bci2a,true,eegnet,conv_spatial,46,10,64,0.5486111111111112,0.005551852905027915,0.005171041194101638,0.0010496834135201166,-0.00014939898680390342,-0.0003533938257395664,0,0
bci2a,true,eegnet,conv_separable_depth,46,10,64,0.5486111111111112,0.23982118244943607,0.03827383218601069,0.37903770944951276,-0.19220318321892885,0.021820650078211743,0,0
bci2a,true,eegnet,bnorm_2,46,10,64,0.5486111111111112,0.5680733835882731,0.05698793799656081,0.8409121602058387,-0.292639866981148,0.01726381668392729,0,0
bci2a,true,eegnet,pool_2,46,10,64,0.5486111111111112,0.72395754292538,0.2703182588741809,1.1280341972701677,-0.43496865159337994,0.0280561307491873,0,0
bci2a,true,eegnet,logits,46,10,64,0.5486111111111112,0.8492037637492778,0.5738950368966499,1.5904280821704606,-0.8647608048902219,0.05164887954028029,0,0
bci2a,true,eegnet,conv_temporal,46,20,64,0.5972222222222222,0.003492362102083473,0.0034923621020834733,0.0,0.0,-0.0005399602903691725,0,0
bci2a,true,eegnet,bnorm_1,46,20,64,0.5972222222222222,0.18688148396103582,0.0038150834995315437,0.18712828309775514,0.00015797183456395662,-0.0004047709712832954,0,0
bci2a,true,eegnet,conv_spatial,46,20,64,0.5972222222222222,0.007665779292718248,0.004641089714353201,0.004094356164392948,0.00023741479286722763,-0.00017209253764421863,0,0
bci2a,true,eegnet,conv_separable_depth,46,20,64,0.5972222222222222,0.45028871856473096,0.1009430202995529,0.6828406149720443,-0.4277548710094803,0.047332640115482605,0,0
bci2a,true,eegnet,bnorm_2,46,20,64,0.5972222222222222,0.49583629951681363,0.11178956911526844,0.7808749405543636,-0.4866651284319097,0.046698311510635186,0,0
bci2a,true,eegnet,pool_2,46,20,64,0.5972222222222222,0.5906918980144882,0.22344235318316946,0.993363318536828,-0.5975254753423247,0.056319743323569586,0,0
bci2a,true,eegnet,logits,46,20,64,0.5972222222222222,0.6909486016804316,0.4574883319772233,0.8420388689316795,-0.43632334532051453,0.0366839367880537,0,0
bci2a,true,eegnet,conv_temporal,46,30,64,0.6215277777777778,0.003390886433297961,0.00339088643329796,0.0,0.0,-0.00026818887596375004,0,0
bci2a,true,eegnet,bnorm_1,46,30,64,0.6215277777777778,0.27128821997130265,0.003640824121683031,0.27136093509248416,0.00011441999238582918,-0.00018713511356721843,0,0
bci2a,true,eegnet,conv_spatial,46,30,64,0.6215277777777778,0.007031788045799892,0.005356963501705391,0.0023513088919279446,0.00021063001521627643,0.0007732476671346609,0,0
bci2a,true,eegnet,conv_separable_depth,46,30,64,0.6215277777777778,0.5270605112952409,0.10017505970914739,0.8043145829827821,-0.4577312321756982,0.039247476890981105,0,0
bci2a,true,eegnet,bnorm_2,46,30,64,0.6215277777777778,0.4703593368042426,0.10334989263427669,0.7194215538924459,-0.4512211012684281,0.04479397318994911,0,0
bci2a,true,eegnet,pool_2,46,30,64,0.6215277777777778,0.570464421685079,0.19633516721739602,0.9272255407165828,-0.5517997517230178,0.05203643725084023,0,0
bci2a,true,eegnet,logits,46,30,64,0.6215277777777778,0.5530248338227473,0.5116579166092396,0.6161717798191986,-0.30835665381789923,0.016754412226589774,0,0
bci2a,true,shallowconvnet,conv_time_spat,42,0,64,0.25,0.0036790173698516885,0.003679017369851689,0.0,0.0,-0.0009394806937651466,0,0
bci2a,true,shallowconvnet,bnorm,42,0,64,0.25,0.003679017372885229,0.0036790173728852285,0.0,0.0,-0.000939480706735254,0,0
bci2a,true,shallowconvnet,conv_nonlin_exp,42,0,64,0.25,0.26309934142875024,0.26309934142875024,0.0,0.0,0.26309934142875024,0,0
bci2a,true,shallowconvnet,pool,42,0,64,0.25,0.5271452118231221,0.527145211823122,0.0,0.0,0.5271452118231221,0,0
bci2a,true,shallowconvnet,pool_nonlin_exp,42,0,64,0.25,0.9704412497749473,0.9875268329672038,5.9453851705852525,-7.0792203393610125,2.1042764185506906,0,0
bci2a,true,shallowconvnet,logits,42,0,64,0.25,0.9729805226705921,0.9889546589076224,6.102198008905937,-7.310169187845238,2.1809517016098936,0,0
bci2a,true,shallowconvnet,conv_time_spat,42,1,64,0.3506944444444444,0.01252990961894412,0.004803037210216066,0.009691034029091848,0.00019870669201229316,-0.0009950128447262384,0,0
bci2a,true,shallowconvnet,bnorm,42,1,64,0.3506944444444444,0.005315295698565023,0.004598422729062017,0.0014554861451821985,4.882711936359722e-05,-0.0009781366156294056,0,0
bci2a,true,shallowconvnet,conv_nonlin_exp,42,1,64,0.3506944444444444,0.26298392075998395,0.26154072568816367,2.6542029873634033e-06,0.0018564145786217085,0.261124851978375,0,0
bci2a,true,shallowconvnet,pool,42,1,64,0.3506944444444444,0.5210572686692373,0.519092234746942,5.857007756808817e-06,0.003908361426187133,0.5171430502352934,0,0
bci2a,true,shallowconvnet,pool_nonlin_exp,42,1,64,0.3506944444444444,0.7978005030034576,0.9815792168450821,19.011069540590267,-30.109124705962078,11.89585566837525,0,0
bci2a,true,shallowconvnet,logits,42,1,64,0.3506944444444444,0.6318174323251624,0.9084180996144642,11.153185442481568,-16.964955257410516,6.343432499756671,0,0
bci2a,true,shallowconvnet,conv_time_spat,42,2,64,0.3854166666666667,0.01486161266804475,0.004390827555629203,0.012903054868870818,0.00022211383823671858,-0.0009002701171809369,0,0
bci2a,true,shallowconvnet,bnorm,42,2,64,0.3854166666666667,0.00610250214386663,0.004047550645958382,0.003368889570273995,-4.9711951437778815e-05,-0.0008841130777425094,0,0
bci2a,true,shallowconvnet,conv_nonlin_exp,42,2,64,0.3854166666666667,0.25435293699461514,0.25171458439999017,9.120097396588201e-06,0.0034372763792004215,0.25090654051801814,0,0
bci2a,true,shallowconvnet,pool,42,2,64,0.3854166666666667,0.509055246902006,0.5055479581334508,2.0011255508926634e-05,0.007314210082978414,0.5017210255635187,0,0
bci2a,true,shallowconvnet,pool_nonlin_exp,42,2,64,0.3854166666666667,0.8031062623543652,0.9693842608105947,13.14251187237978,-19.709878616420887,7.370473006395464,0,0
bci2a,true,shallowconvnet,logits,42,2,64,0.3854166666666667,0.6009613079630847,0.9371306654317515,15.457353719452575,-25.063296685466902,10.049853047987622,0,0
bci2a,true,shallowconvnet,conv_time_spat,42,5,64,0.46875,0.01744704343635541,0.003820648500823795,0.016779748430991465,-8.976558678638262e-05,-0.0009942971700324646,0,0
bci2a,true,shallowconvnet,bnorm,42,5,64,0.46875,0.013175591507466972,0.0035458387636995298,0.012184244684241584,-1.307725249376379e-05,-0.0010041195364682515,0,0
bci2a,true,shallowconvnet,conv_nonlin_exp,42,5,64,0.46875,0.2521152338912296,0.243678281656072,0.00014954203758201846,0.010802622721462516,0.24116306913218508,0,0
bci2a,true,shallowconvnet,pool,42,5,64,0.46875,0.5065594765071729,0.4955176569782153,0.00032799706272656283,0.023096030891147493,0.4831354485532989,0,0
bci2a,true,shallowconvnet,pool_nonlin_exp,42,5,64,0.46875,0.8072672728037257,0.9693071707894367,13.21983328651531,-20.007490693279493,7.594924679567907,0,0
bci2a,true,shallowconvnet,logits,42,5,64,0.46875,0.6164549046818296,0.9778562704674117,28.94871649583869,-51.07432104727465,22.5975273591322,0,0
bci2a,true,shallowconvnet,conv_time_spat,42,10,64,0.6076388888888888,0.012632879730908257,0.003422706223846334,0.011812621417581022,-3.744422666957169e-06,-0.0011145004235427265,0,0
bci2a,true,shallowconvnet,bnorm,42,10,64,0.6076388888888888,0.03654250085828713,0.0032669200586354706,0.03731196045678159,-6.163231608696172e-05,-0.0011164039038766874,0,0
bci2a,true,shallowconvnet,conv_nonlin_exp,42,10,64,0.6076388888888888,0.25494152128251313,0.23199754108477633,0.0017803997041990409,0.02826799100610867,0.22489313057220536,0,0
bci2a,true,shallowconvnet,pool,42,10,64,0.6076388888888888,0.5086715094565091,0.4825177075142433,0.003846874715970088,0.05954474572035279,0.4452798890201861,0,0
bci2a,true,shallowconvnet,pool_nonlin_exp,42,10,64,0.6076388888888888,0.7887445467656001,0.9629560533514228,11.368193656746804,-16.92455574291295,6.345106632931738,0,0
bci2a,true,shallowconvnet,logits,42,10,64,0.6076388888888888,0.6337416825737383,0.9576640321247161,20.08208702504961,-35.110459576951,15.522924657071721,0,0
bci2a,true,shallowconvnet,conv_time_spat,42,20,64,0.6180555555555556,0.014565273217185974,0.003035892596859708,0.014211038646642263,-1.2967692326253187e-05,-0.0010985123406330928,0,0
bci2a,true,shallowconvnet,bnorm,42,20,64,0.6180555555555556,0.12285130948938065,0.0029282291973366037,0.12400854624428695,-0.00019428785782597154,-0.000962948897080343,0,0
bci2a,true,shallowconvnet,conv_nonlin_exp,42,20,64,0.6180555555555556,0.2796735864753991,0.206573089167917,0.01846876842656301,0.07714112414684025,0.18406369390199573,0,0
bci2a,true,shallowconvnet,pool,42,20,64,0.6180555555555556,0.5401837848219051,0.4948869265016635,0.036096121260780434,0.14904436125161968,0.35504330230950487,0,0
bci2a,true,shallowconvnet,pool_nonlin_exp,42,20,64,0.6180555555555556,0.766464918073239,0.9344090661372211,7.894486610614235,-11.024070100480522,3.8960484079395163,0,0
bci2a,true,shallowconvnet,logits,42,20,64,0.6180555555555556,0.4930289198603355,0.9423507349246899,10.19638320283729,-17.027523723656927,7.145357583777157,0,0
bci2a,true,shallowconvnet,conv_time_spat,42,30,64,0.6041666666666666,0.017138512664555815,0.0029143964235036185,0.01737050861478591,-0.00010744741309362805,-0.0011821510172780277,0,0
bci2a,true,shallowconvnet,bnorm,42,30,64,0.6041666666666666,0.1822313070758521,0.0028472981816965474,0.18342426111626753,-0.0002078863183855093,-0.0009850677220299784,0,0
bci2a,true,shallowconvnet,conv_nonlin_exp,42,30,64,0.6041666666666666,0.3026212358257814,0.19234406440592455,0.036454458899883864,0.10329456765510772,0.1628722092707896,0,0
bci2a,true,shallowconvnet,pool,42,30,64,0.6041666666666666,0.5705018782230422,0.4933390251496311,0.06784125724498558,0.1914228077177024,0.31123781326035393,0,0
bci2a,true,shallowconvnet,pool_nonlin_exp,42,30,64,0.6041666666666666,0.75541185996141,0.9116693472281099,6.512041307684224,-8.682950365590308,2.926320917867488,0,0
bci2a,true,shallowconvnet,logits,42,30,64,0.6041666666666666,0.5280730715343314,0.9083039436738014,9.655529011870659,-16.064418176983423,6.755799689834415,0,0
bci2a,true,shallowconvnet,conv_time_spat,43,0,64,0.25,0.003935464290570018,0.003935464290570017,0.0,0.0,-0.0011592248477362123,0,0
bci2a,true,shallowconvnet,bnorm,43,0,64,0.25,0.003935464265999558,0.003935464265999557,0.0,0.0,-0.0011592248323017476,0,0
bci2a,true,shallowconvnet,conv_nonlin_exp,43,0,64,0.25,0.2696312428078045,0.2696312428078045,0.0,0.0,0.2696312428078045,0,0
bci2a,true,shallowconvnet,pool,43,0,64,0.25,0.5427796057109882,0.5427796057109882,0.0,0.0,0.5427796057109882,0,0
bci2a,true,shallowconvnet,pool_nonlin_exp,43,0,64,0.25,0.9705580479426192,0.9871377387633644,5.8426540690760635,-6.9213432527039505,2.0492472315704884,0,0
bci2a,true,shallowconvnet,logits,43,0,64,0.25,0.9738841544506881,0.9898452746093347,6.494112067846091,-7.950378802913222,2.4301508895178183,0,0
bci2a,true,shallowconvnet,conv_time_spat,43,1,64,0.3819444444444444,0.008827189325924266,0.005016687679732337,0.005784831029468331,-0.0003137682472548408,-0.0011399588182492652,0,0
bci2a,true,shallowconvnet,bnorm,43,1,64,0.3819444444444444,0.005637025140243221,0.004693305745324132,0.0019941176744072897,-9.962480140385057e-05,-0.0011164898229691993,0,0
bci2a,true,shallowconvnet,conv_nonlin_exp,43,1,64,0.3819444444444444,0.2728772506617523,0.27111685343715614,4.766778933159377e-06,0.002391824654106204,0.2704806592287129,0,0
bci2a,true,shallowconvnet,pool,43,1,64,0.3819444444444444,0.5465353646392119,0.5444915791206328,1.0613692928443194e-05,0.005118042679459212,0.5414067082668242,0,0
bci2a,true,shallowconvnet,pool_nonlin_exp,43,1,64,0.3819444444444444,0.8125842755094248,0.9797911975617122,16.082223017124612,-24.865691350042006,9.596052608426795,0,0
bci2a,true,shallowconvnet,logits,43,1,64,0.3819444444444444,0.7736450409452529,0.9671402310920592,11.98085498259692,-17.791298238683353,6.579991695571332,0,0
bci2a,true,shallowconvnet,conv_time_spat,43,2,64,0.4236111111111111,0.010207826641943231,0.004557897388496856,0.008111069359321422,-0.0003917577401408035,-0.0011198280195932353,0,0
bci2a,true,shallowconvnet,bnorm,43,2,64,0.4236111111111111,0.005993391818745823,0.004198050269678638,0.0030532123042534966,-3.0065335852724533e-06,-0.00111059325890693,0,0
bci2a,true,shallowconvnet,conv_nonlin_exp,43,2,64,0.4236111111111111,0.26583026287828615,0.2633734936907398,1.1675486361997216e-05,0.003165947433335968,0.2626526399585882,0,0
bci2a,true,shallowconvnet,pool,43,2,64,0.4236111111111111,0.5336917392839604,0.5303427744255024,2.5740217922421015e-05,0.006749990559602834,0.526916008506435,0,0
bci2a,true,shallowconvnet,pool_nonlin_exp,43,2,64,0.4236111111111111,0.8229624538311437,0.9765578196603388,15.43495319627221,-23.762061154695566,9.150070412254493,0,0
bci2a,true,shallowconvnet,logits,43,2,64,0.4236111111111111,0.6726224792658677,0.9745473875403325,17.462312448859485,-27.933440142942686,11.115853371614486,0,0
bci2a,true,shallowconvnet,conv_time_spat,43,5,64,0.4861111111111111,0.01815942551843905,0.003945796081329644,0.01742423099812907,-1.7074429060835078e-05,-0.0010160221387966043,0,0
bci2a,true,shallowconvnet,bnorm,43,5,64,0.4861111111111111,0.014473361374848507,0.0036481672004967085,0.013474251971054448,0.00012879173950839615,-0.001025337761315043,0,0
bci2a,true,shallowconvnet,conv_nonlin_exp,43,5,64,0.4861111111111111,0.25001022594221545,0.24115063464169467,0.00023710512047003335,0.011232541286942968,0.23854057953480245,0,0
bci2a,true,shallowconvnet,pool,43,5,64,0.4861111111111111,0.5042835494806204,0.49273019566393905,0.0005253091646670704,0.024232233159737788,0.4795260071562155,0,0
bci2a,true,shallowconvnet,pool_nonlin_exp,43,5,64,0.4861111111111111,0.8152068938792536,0.9675398440945264,11.459203796944909,-16.891029064133647,6.247032161067979,0,0
bci2a,true,shallowconvnet,logits,43,5,64,0.4861111111111111,0.6902731340585865,0.9541679418126032,10.654880298400034,-16.19980944789692,6.218760648980184,0,0
bci2a,true,shallowconvnet,conv_time_spat,43,10,64,0.5034722222222222,0.01885167000566849,0.003543457447177336,0.01883440557331206,-0.00020329121021901621,-0.001076687431183945,0,0
bci2a,true,shallowconvnet,bnorm,43,10,64,0.5034722222222222,0.041724216450969506,0.0033154313657261284,0.042496664143356566,8.678838100993246e-05,-0.0010725897892163183,0,0
bci2a,true,shallowconvnet,conv_nonlin_exp,43,10,64,0.5034722222222222,0.2702054534918583,0.24129277438397584,0.0022689970875518503,0.03555362568937723,0.23238283071492913,0,0
bci2a,true,shallowconvnet,pool,43,10,64,0.5034722222222222,0.541147240319762,0.510067614089702,0.004868345523679219,0.0742170791494196,0.46206181564666315,0,0
bci2a,true,shallowconvnet,pool_nonlin_exp,43,10,64,0.5034722222222222,0.8009517689495815,0.9614170481787874,10.401003383107867,-15.194163678340162,5.5941120641818705,0,0
bci2a,true,shallowconvnet,logits,43,10,64,0.5034722222222222,0.6114948715208331,0.9696463419594317,14.397621980643907,-23.856444530585122,9.985641032773643,0,0
bci2a,true,shallowconvnet,conv_time_spat,43,20,64,0.6458333333333334,0.016277832718667645,0.0031815143169693907,0.016355069402727136,-0.00018891840563935598,-0.0011302628010683054,0,0
bci2a,true,shallowconvnet,bnorm,43,20,64,0.6458333333333334,0.12363799516938023,0.0029219485167381867,0.1246959125188612,-7.622449249345317e-05,-0.000981692856987514,0,0
bci2a,true,shallowconvnet,conv_nonlin_exp,43,20,64,0.6458333333333334,0.28336888099618196,0.20761522931178156,0.01692392332394494,0.08048185847605208,0.18596309919618487,0,0
bci2a,true,shallowconvnet,pool,43,20,64,0.6458333333333334,0.5519996568318478,0.501584613726439,0.03335128571129282,0.1564086351406623,0.36223973597989256,0,0
bci2a,true,shallowconvnet,pool_nonlin_exp,43,20,64,0.6458333333333334,0.7889951626339342,0.9229758982658707,6.56020619158719,-8.680004284837764,2.908793255884504,0,0
bci2a,true,shallowconvnet,logits,43,20,64,0.6458333333333334,0.5336895942103217,0.7231173783125435,3.670801088136336,-5.095660084497961,1.7886292528622019,0,0
bci2a,true,shallowconvnet,conv_time_spat,43,30,64,0.59375,0.010560905031140894,0.002990169601669607,0.010274143843426571,-0.0002049513525685637,-0.0011108091697569324,0,0
bci2a,true,shallowconvnet,bnorm,43,30,64,0.59375,0.1839684388786927,0.0027899256495334777,0.18498717204755669,-0.0001410625709311145,-0.000877670597932942,0,0
bci2a,true,shallowconvnet,conv_nonlin_exp,43,30,64,0.59375,0.3058858256765531,0.19677809249013012,0.03851210483372183,0.1007795856213266,0.16659413522150449,0,0
bci2a,true,shallowconvnet,pool,43,30,64,0.59375,0.5782057395049153,0.5187952906561244,0.0713430049007743,0.18683222744770578,0.320030507156435,0,0
bci2a,true,shallowconvnet,pool_nonlin_exp,43,30,64,0.59375,0.77585603936878,0.931480600061858,7.610741365087893,-10.691674962694885,3.8567896369757575,0,0
bci2a,true,shallowconvnet,logits,43,30,64,0.59375,0.5828143687508149,0.9214075113289519,6.686759045224046,-10.352106225057499,4.1460238272558225,0,0
bci2a,true,shallowconvnet,conv_time_spat,44,0,64,0.1875,0.0034979247990099115,0.0034979247990099115,0.0,0.0,-0.0009328903010714093,0,0
bci2a,true,shallowconvnet,bnorm,44,0,64,0.1875,0.003497924806834138,0.003497924806834138,0.0,0.0,-0.0009328902977242973,0,0
bci2a,true,shallowconvnet,conv_nonlin_exp,44,0,64,0.1875,0.2701506523817969,0.2701506523817969,0.0,0.0,0.2701506523817969,0,0
bci2a,true,shallowconvnet,pool,44,0,64,0.1875,0.5438041051417979,0.5438041051417979,0.0,0.0,0.5438041051417979,0,0
bci2a,true,shallowconvnet,pool_nonlin_exp,44,0,64,0.1875,0.9732889184031894,0.9864568184784488,5.311389474817478,-6.075549550375317,1.737448993961014,0,0
bci2a,true,shallowconvnet,logits,44,0,64,0.1875,0.9796883312261901,0.9889664101257952,5.507794143813653,-6.359741645100181,1.8316358325127173,0,0
bci2a,true,shallowconvnet,conv_time_spat,44,1,64,0.3333333333333333,0.010131541666640414,0.004307383901199745,0.007813452095333458,0.00022238032960306223,-0.0008546051931417628,0,0
bci2a,true,shallowconvnet,bnorm,44,1,64,0.3333333333333333,0.005036235163027855,0.004151133920011335,0.0018720118414176186,2.8469094021973907e-05,-0.0008535521824763047,0,0
bci2a,true,shallowconvnet,conv_nonlin_exp,44,1,64,0.3333333333333333,0.2665931159870307,0.26533431722949885,4.361207052433764e-06,0.0017476633975419525,0.2648410913824363,0,0
bci2a,true,shallowconvnet,pool,44,1,64,0.3333333333333333,0.5340978253040114,0.5326846360908057,9.54919995758677e-06,0.0037142986916314626,0.5303739774124223,0,0
bci2a,true,shallowconvnet,pool_nonlin_exp,44,1,64,0.3333333333333333,0.8382795617355593,0.9829156052327621,14.843753112099982,-22.613015752777237,8.607542202412791,0,0
bci2a,true,shallowconvnet,logits,44,1,64,0.3333333333333333,0.7338053896943387,0.9790300703774082,14.80046340655323,-23.652878898410002,9.556076310145546,0,0
bci2a,true,shallowconvnet,conv_time_spat,44,2,64,0.3055555555555556,0.011936957870861282,0.0038480191293277077,0.010730192062466429,-3.9679914456435614e-05,-0.0009334802848842386,0,0
bci2a,true,shallowconvnet,bnorm,44,2,64,0.3055555555555556,0.005247822132038565,0.0036949315174278903,0.00287297874490539,-3.2795386774455684e-05,-0.0009335267539458741,0,0
bci2a,true,shallowconvnet,conv_nonlin_exp,44,2,64,0.3055555555555556,0.26816939192552497,0.2663874057876074,8.359347336488736e-06,0.0024192835824777383,0.26574174899571074,0,0
bci2a,true,shallowconvnet,pool,44,2,64,0.3055555555555556,0.5375798197286819,0.5354338560410374,1.82621337912973e-05,0.005151739842190051,0.5324098177527006,0,0
bci2a,true,shallowconvnet,pool_nonlin_exp,44,2,64,0.3055555555555556,0.8402725044715988,0.978431725696153,13.178827585817267,-19.714174879995554,7.375619798649873,0,0
bci2a,true,shallowconvnet,logits,44,2,64,0.3055555555555556,0.778378289537907,0.9504952495407382,9.321135491593179,-14.012181137652625,5.468908301896311,0,0
bci2a,true,shallowconvnet,conv_time_spat,44,5,64,0.5,0.030050142788790698,0.00361016528660481,0.030634160154018722,-0.00024614361525547736,-0.001072532181930272,0,0
bci2a,true,shallowconvnet,bnorm,44,5,64,0.5,0.012103361117597435,0.0032946009163990595,0.011449694085738331,-5.341554835932365e-05,-0.0010869848428477916,0,0
bci2a,true,shallowconvnet,conv_nonlin_exp,44,5,64,0.5,0.26713640041730213,0.2591599579230624,0.00016307261090948012,0.010493263350367462,0.2564800644560251,0,0
bci2a,true,shallowconvnet,pool,44,5,64,0.5,0.5371106859176629,0.5275698062154683,0.0003591563693287439,0.02237698002121807,0.5143745495271159,0,0
bci2a,true,shallowconvnet,pool_nonlin_exp,44,5,64,0.5,0.8206172752898008,0.9676781908652629,11.30618943952749,-16.585133964615178,6.099561800377483,0,0
bci2a,true,shallowconvnet,logits,44,5,64,0.5,0.5574670849396492,0.9355010691928269,16.439718342190233,-27.57648487746041,11.581209611859501,0,0
bci2a,true,shallowconvnet,conv_time_spat,44,10,64,0.6145833333333334,0.033538195835735043,0.003317746023230044,0.03453247012796762,-0.0003739469933554647,-0.0012133428596713294,0,0
bci2a,true,shallowconvnet,bnorm,44,10,64,0.6145833333333334,0.03222036824310497,0.0030810522034789758,0.03309978806178074,-6.458701922765591e-05,-0.001273633332889974,0,0
bci2a,true,shallowconvnet,conv_nonlin_exp,44,10,64,0.6145833333333334,0.27939974529445916,0.25619106206353875,0.0011648352278363881,0.030023711744558958,0.2482111983220638,0,0
bci2a,true,shallowconvnet,pool,44,10,64,0.6145833333333334,0.5597668986054308,0.5375351144030909,0.002553790805430445,0.06351650747053958,0.49369660032946067,0,0
bci2a,true,shallowconvnet,pool_nonlin_exp,44,10,64,0.6145833333333334,0.8006712860910177,0.9592618274065969,10.75060711502664,-15.795191266030447,5.845255437094815,0,0
bci2a,true,shallowconvnet,logits,44,10,64,0.6145833333333334,0.48697655661657335,0.961539917033847,14.893476080601907,-27.4072542876782,12.919846874207211,0,0
bci2a,true,shallowconvnet,conv_time_spat,44,20,64,0.6076388888888888,0.04347721233310322,0.002743996476257648,0.04475782261213205,-0.000437924523943022,-0.0010390955016034804,0,0
bci2a,true,shallowconvnet,bnorm,44,20,64,0.6076388888888888,0.11152608518537502,0.0026705377446773764,0.11260714729226903,-4.421495441824697e-05,-0.0010368471524757987,0,0
bci2a,true,shallowconvnet,conv_nonlin_exp,44,20,64,0.6076388888888888,0.29541768714445427,0.22058557826780856,0.01473332761617194,0.08286487306758109,0.19781948646070108,0,0
bci2a,true,shallowconvnet,pool,44,20,64,0.6076388888888888,0.572565499447226,0.5209116529364941,0.029048479918097916,0.1600824357784219,0.38343458375070616,0,0
bci2a,true,shallowconvnet,pool_nonlin_exp,44,20,64,0.6076388888888888,0.782101114000138,0.9354432746319328,7.6939248686974455,-10.581094956507929,3.669271201810612,0,0
bci2a,true,shallowconvnet,logits,44,20,64,0.6076388888888888,0.5336054801146158,0.9430368162144329,13.994683405207244,-23.852308283143405,10.127328715065872,0,0
bci2a,true,shallowconvnet,conv_time_spat,44,30,64,0.6770833333333334,0.026631653667242645,0.0027208743147055852,0.027580828323353106,-0.00028540486697011566,-0.0011850774430100038,0,0
bci2a,true,shallowconvnet,bnorm,44,30,64,0.6770833333333334,0.1806039398219262,0.0025648260506578317,0.18171564478854846,-0.00012087432840326328,-0.0009908306382190957,0,0
bci2a,true,shallowconvnet,conv_nonlin_exp,44,30,64,0.6770833333333334,0.30553437175207154,0.19500959131049322,0.031623817495169106,0.10779205200876824,0.16611850224813396,0,0
bci2a,true,shallowconvnet,pool,44,30,64,0.6770833333333334,0.5827925457980001,0.5067538125844219,0.059750730973872096,0.2025182767042383,0.32052353811988954,0,0
bci2a,true,shallowconvnet,pool_nonlin_exp,44,30,64,0.6770833333333334,0.769540996507905,0.9086944635924125,5.904330649284319,-7.60382855591614,2.469038903139718,0,0
bci2a,true,shallowconvnet,logits,44,30,64,0.6770833333333334,0.5688406340801764,0.5601389979932742,1.8235333481330902,-2.569029025780253,0.971528229061341,0,0
bci2a,true,shallowconvnet,conv_time_spat,45,0,64,0.25,0.003453000928191028,0.0034530009281910274,0.0,0.0,-0.0009636359692442429,0,0
bci2a,true,shallowconvnet,bnorm,45,0,64,0.25,0.0034530009426179823,0.0034530009426179827,0.0,0.0,-0.0009636359652655758,0,0
bci2a,true,shallowconvnet,conv_nonlin_exp,45,0,64,0.25,0.24952589572138953,0.24952589572138956,0.0,0.0,0.24952589572138953,0,0
bci2a,true,shallowconvnet,pool,45,0,64,0.25,0.5014780547313302,0.5014780547313302,0.0,0.0,0.5014780547313302,0,0
bci2a,true,shallowconvnet,pool_nonlin_exp,45,0,64,0.25,0.9669972127686579,0.9855178688905323,5.8017120777178635,-6.865874384326396,2.031159519377174,0,0
bci2a,true,shallowconvnet,logits,45,0,64,0.25,0.9949229779449857,0.998074047043267,6.746165612009568,-8.289335416490726,2.538092782426145,0,0
bci2a,true,shallowconvnet,conv_time_spat,45,1,64,0.3611111111111111,0.009045856331542564,0.004088764780738694,0.0069162184454515645,-2.0180481960844633e-05,-0.000899076598178881,0,0
bci2a,true,shallowconvnet,bnorm,45,1,64,0.3611111111111111,0.004768480905967912,0.003834714339408177,0.0017416990873736675,1.0382714577911601e-05,-0.0009192685448511219,0,0
bci2a,true,shallowconvnet,conv_nonlin_exp,45,1,64,0.3611111111111111,0.2716657951235925,0.2703664369625732,3.1146578965568722e-06,0.0017849774270715262,0.26987770303862446,0,0
bci2a,true,shallowconvnet,pool,45,1,64,0.3611111111111111,0.5460920987081554,0.5446260052577427,6.879386657036178e-06,0.0038335409126760097,0.5422516784088223,0,0
bci2a,true,shallowconvnet,pool_nonlin_exp,45,1,64,0.3611111111111111,0.8414530571999222,0.9821612017089729,16.01085479771444,-24.7154713447758,9.546069604261259,0,0
bci2a,true,shallowconvnet,logits,45,1,64,0.3611111111111111,0.6151874133913959,0.9742341141666775,22.747925475124447,-38.66241219313377,16.494635818093222,0,0
bci2a,true,shallowconvnet,conv_time_spat,45,2,64,0.3229166666666667,0.015441684877670215,0.003933034194092477,0.014402788637879598,4.1068140212616935e-05,-0.0010090565674198367,0,0
bci2a,true,shallowconvnet,bnorm,45,2,64,0.3229166666666667,0.005986493157641225,0.003677457973226503,0.003663203967622199,2.8558055108930935e-05,-0.0010167938726617705,0,0
bci2a,true,shallowconvnet,conv_nonlin_exp,45,2,64,0.3229166666666667,0.2614649721821025,0.2589871220395646,2.063256004105868e-05,0.0033772166195401064,0.2580671230025214,0,0
bci2a,true,shallowconvnet,pool,45,2,64,0.3229166666666667,0.5259992777170023,0.5232150854822548,4.534862720736749e-05,0.007222754733602848,0.518731174356192,0,0
bci2a,true,shallowconvnet,pool_nonlin_exp,45,2,64,0.3229166666666667,0.8232893109396742,0.9770033743158677,14.273861671002688,-21.70042736799125,8.249855007928229,0,0
bci2a,true,shallowconvnet,logits,45,2,64,0.3229166666666667,0.6440262000792458,0.9461110419599661,10.90450134638903,-16.681156418389964,6.385479045013016,0,0
bci2a,true,shallowconvnet,conv_time_spat,45,5,64,0.5173611111111112,0.030759133719853362,0.0034614514253806317,0.030937874913783865,8.386911484165118e-05,-0.0009784463831283147,0,0
bci2a,true,shallowconvnet,bnorm,45,5,64,0.5173611111111112,0.015789990106030584,0.003226397190429376,0.015377592300444404,4.610770499289683e-05,-0.0009904121526147515,0,0
bci2a,true,shallowconvnet,conv_nonlin_exp,45,5,64,0.5173611111111112,0.26454941435317747,0.2545183499592153,0.00023634857607138465,0.013341883051942692,0.2509711827251634,0,0
bci2a,true,shallowconvnet,pool,45,5,64,0.5173611111111112,0.5337895443430578,0.522863584985521,0.0005192896776306566,0.028567989407149726,0.5047022652582773,0,0
bci2a,true,shallowconvnet,pool_nonlin_exp,45,5,64,0.5173611111111112,0.8136746611249084,0.9585320567478488,9.655095041867193,-13.747439814800487,4.906019434058195,0,0
bci2a,true,shallowconvnet,logits,45,5,64,0.5173611111111112,0.6185675235451409,0.9666882401677073,11.664295311044985,-18.745938020016627,7.599700326726884,0,0
bci2a,true,shallowconvnet,conv_time_spat,45,10,64,0.5902777777777778,0.018870613150948862,0.003146778211561437,0.01879647895206603,6.66553006095175e-06,-0.0010079354440519883,0,0
bci2a,true,shallowconvnet,bnorm,45,10,64,0.5902777777777778,0.041494857399954774,0.0030017563750239194,0.04204127653187065,7.728058704613708e-05,-0.000943299613610961,0,0
bci2a,true,shallowconvnet,conv_nonlin_exp,45,10,64,0.5902777777777778,0.2773363453860606,0.250190230769889,0.001750249925706298,0.034771371166814814,0.2408147242935394,0,0
bci2a,true,shallowconvnet,pool,45,10,64,0.5902777777777778,0.5595363869339491,0.5345588718504269,0.0038291012128979242,0.07405014751265879,0.48165713820839245,0,0
bci2a,true,shallowconvnet,pool_nonlin_exp,45,10,64,0.5902777777777778,0.7942062340300386,0.9450306931446806,8.455406552429622,-11.788529085999517,4.127328767599923,0,0
bci2a,true,shallowconvnet,logits,45,10,64,0.5902777777777778,0.5161739350341791,0.9306573055833721,10.175168351719275,-16.929400853221082,7.055493670708415,0,0
bci2a,true,shallowconvnet,conv_time_spat,45,20,64,0.6666666666666666,0.02302254524823956,0.003044621514926774,0.02328192211888349,1.5068670606065916e-05,-0.0011297351702334014,0,0
bci2a,true,shallowconvnet,bnorm,45,20,64,0.6666666666666666,0.1271555169615497,0.0029014235367647544,0.1281469914535181,-1.3019045949446293e-05,-0.000978455446018931,0,0
bci2a,true,shallowconvnet,conv_nonlin_exp,45,20,64,0.6666666666666666,0.30988082788417914,0.22418577423564742,0.017704559737417677,0.09345392837236408,0.1987223397743972,0,0
bci2a,true,shallowconvnet,pool,45,20,64,0.6666666666666666,0.6021480321814172,0.5380052114463858,0.03468600854660883,0.18079792630492697,0.3866640973298813,0,0
bci2a,true,shallowconvnet,pool_nonlin_exp,45,20,64,0.6666666666666666,0.7747043518388519,0.9340066999565598,7.7992484488848035,-10.818407874984313,3.7938637779383573,0,0
bci2a,true,shallowconvnet,logits,45,20,64,0.6666666666666666,0.5270662021656666,0.8389825805527094,5.955389590542776,-9.594438728633035,3.968810790993539,0,0
bci2a,true,shallowconvnet,conv_time_spat,45,30,64,0.6111111111111112,0.017524650616609128,0.0029170783858698405,0.017719987688370784,-2.2365694505263107e-05,-0.0012153369913408363,0,0
bci2a,true,shallowconvnet,bnorm,45,30,64,0.6111111111111112,0.17973937897094538,0.0028160561582254197,0.18064005064399866,9.442546907899e-05,-0.0009950971421322382,0,0
bci2a,true,shallowconvnet,conv_nonlin_exp,45,30,64,0.6111111111111112,0.3183392148204549,0.2099322820067141,0.03392381915905223,0.10592460361547056,0.17849079204593188,0,0
bci2a,true,shallowconvnet,pool,45,30,64,0.6111111111111112,0.6091002054860113,0.5378374985209069,0.06442410730522165,0.20002294539270868,0.34465315278808084,0,0
bci2a,true,shallowconvnet,pool_nonlin_exp,45,30,64,0.6111111111111112,0.7719071115124084,0.9260063531723334,7.046696254574274,-9.618958147102799,3.344169004040921,0,0
bci2a,true,shallowconvnet,logits,45,30,64,0.6111111111111112,0.5491743747733335,0.9339844263425878,11.293348722812674,-18.44526905334727,7.538294682368035,0,0
bci2a,true,shallowconvnet,conv_time_spat,46,0,64,0.25,0.0035583681059739363,0.0035583681059739355,0.0,0.0,-0.0009597682504377823,0,0
bci2a,true,shallowconvnet,bnorm,46,0,64,0.25,0.0035583681025640125,0.003558368102564012,0.0,0.0,-0.0009597682497186224,0,0
bci2a,true,shallowconvnet,conv_nonlin_exp,46,0,64,0.25,0.27043049866223046,0.27043049866223046,0.0,0.0,0.27043049866223046,0,0
bci2a,true,shallowconvnet,pool,46,0,64,0.25,0.5416890935460168,0.5416890935460168,0.0,0.0,0.5416890935460168,0,0
bci2a,true,shallowconvnet,pool_nonlin_exp,46,0,64,0.25,0.9737254481199522,0.9865802299594157,5.600030364759361,-6.521663571788689,1.8953586551492634,0,0
bci2a,true,shallowconvnet,logits,46,0,64,0.25,0.9811308331931328,0.9918628613095299,6.137720232731913,-7.381593654960615,2.225004255421836,0,0
bci2a,true,shallowconvnet,conv_time_spat,46,1,64,0.3715277777777778,0.01144359684220312,0.005087861762421198,0.008513282128525165,9.574628576224213e-05,-0.0011905494227612643,0,0
bci2a,true,shallowconvnet,bnorm,46,1,64,0.3715277777777778,0.005788791713099278,0.00483668070221513,0.001903615559378242,1.3984832522731977e-05,-0.0011558148229565024,0,0
bci2a,true,shallowconvnet,conv_nonlin_exp,46,1,64,0.3715277777777778,0.2786516411320518,0.2770389360652695,4.749111147855105e-06,0.002286261988938505,0.2763606300319654,0,0
bci2a,true,shallowconvnet,pool,46,1,64,0.3715277777777778,0.557785782999549,0.5561461318195354,1.0491484379048876e-05,0.004875992874067382,0.5528992986411025,0,0
bci2a,true,shallowconvnet,pool_nonlin_exp,46,1,64,0.3715277777777778,0.8264812622334248,0.9821101070752991,17.289878077648268,-26.971150084761554,10.507753269346686,0,0
bci2a,true,shallowconvnet,logits,46,1,64,0.3715277777777778,0.49102814618486457,0.8151613018487305,7.618601179032524,-12.25349688280782,4.953345032530343,0,0
bci2a,true,shallowconvnet,conv_time_spat,46,2,64,0.3506944444444444,0.022362607424184625,0.004843524887013639,0.021206487732142475,4.4133370948298546e-05,-0.0012303875741114059,0,0
bci2a,true,shallowconvnet,bnorm,46,2,64,0.3506944444444444,0.006892356789962654,0.0045690208868793694,0.003691489939755516,4.4754373959087355e-05,-0.0012007205127203577,0,0
bci2a,true,shallowconvnet,conv_nonlin_exp,46,2,64,0.3506944444444444,0.2874900168920188,0.284110715518043,1.4261409200312396e-05,0.004325599532127336,0.28315015595069115,0,0
bci2a,true,shallowconvnet,pool,46,2,64,0.3506944444444444,0.5783688439279995,0.5736914389083521,3.1240255230284524e-05,0.009191044199712693,0.5691465594730565,0,0
bci2a,true,shallowconvnet,pool_nonlin_exp,46,2,64,0.3506944444444444,0.8359333498432355,0.9744736208074218,14.498596574470664,-21.980386363550945,8.317723138923508,0,0
bci2a,true,shallowconvnet,logits,46,2,64,0.3506944444444444,0.5730531260954846,0.9206151849795863,14.433922365486456,-23.538227068071727,9.628620260874994,0,0
bci2a,true,shallowconvnet,conv_time_spat,46,5,64,0.4270833333333333,0.02346958933404956,0.004170752307669975,0.023323560701619332,-0.000295448889897599,-0.0012340428723786468,0,0
bci2a,true,shallowconvnet,bnorm,46,5,64,0.4270833333333333,0.014686756822902738,0.003640832593075857,0.013881076774518369,-1.7672860839894918e-05,-0.001193410084567251,0,0
bci2a,true,shallowconvnet,conv_nonlin_exp,46,5,64,0.4270833333333333,0.26861983407087364,0.2588267138664804,0.0001863084662233145,0.012983166549897479,0.2554503590547529,0,0
bci2a,true,shallowconvnet,pool,46,5,64,0.4270833333333333,0.5425451037239044,0.5317514085249044,0.0004106809862936676,0.027752727292793267,0.5143816954448175,0,0
bci2a,true,shallowconvnet,pool_nonlin_exp,46,5,64,0.4270833333333333,0.8240672318364078,0.9667782029606204,11.366941894324784,-16.72437914956037,6.181504487071987,0,0
bci2a,true,shallowconvnet,logits,46,5,64,0.4270833333333333,0.5951487471711028,0.969336051206147,15.169365892789223,-25.562440949499525,10.955703162942196,0,0
bci2a,true,shallowconvnet,conv_time_spat,46,10,64,0.5520833333333334,0.03771318474937131,0.0036015751242960675,0.038468606291523384,-0.00017700711869923693,-0.0011130732523435753,0,0
bci2a,true,shallowconvnet,bnorm,46,10,64,0.5520833333333334,0.04420481563110269,0.0032811615657360434,0.0449703524871915,-5.817553163770569e-06,-0.0010577769259833758,0,0
bci2a,true,shallowconvnet,conv_nonlin_exp,46,10,64,0.5520833333333334,0.2746693367075852,0.2431718907045215,0.0017202837822850423,0.03859865537092751,0.23435039755437265,0,0
bci2a,true,shallowconvnet,pool,46,10,64,0.5520833333333334,0.5536665902629985,0.5175264535617808,0.0037693790967062287,0.08193657194952214,0.4679606392167701,0,0
bci2a,true,shallowconvnet,pool_nonlin_exp,46,10,64,0.5520833333333334,0.8013839861682732,0.9489044460234981,9.232651539335505,-13.202657882791783,4.771390329624539,0,0
bci2a,true,shallowconvnet,logits,46,10,64,0.5520833333333334,0.5785753593842053,0.6849084001567126,2.8387747271450006,-3.722668422510818,1.3958634841764765,0,0
bci2a,true,shallowconvnet,conv_time_spat,46,20,64,0.6215277777777778,0.019059336488945346,0.0030284073099662925,0.019105138572287884,-5.9750745515459434e-05,-0.0011948806890421256,0,0
bci2a,true,shallowconvnet,bnorm,46,20,64,0.6215277777777778,0.14171545058965468,0.002931897827400399,0.14294741910300507,-0.0001271066664527937,-0.0011048618468976355,0,0
bci2a,true,shallowconvnet,conv_nonlin_exp,46,20,64,0.6215277777777778,0.3050126415636305,0.21150509172601126,0.016085945692143454,0.10069966733096025,0.18822702854052653,0,0
bci2a,true,shallowconvnet,pool,46,20,64,0.6215277777777778,0.5965592980854383,0.5226622277569548,0.031813585909518174,0.19617184695444442,0.36857386522147556,0,0
bci2a,true,shallowconvnet,pool_nonlin_exp,46,20,64,0.6215277777777778,0.7897772744599864,0.9270464955864294,7.382272771717278,-10.1820605271424,3.5895650298850987,0,0
bci2a,true,shallowconvnet,logits,46,20,64,0.6215277777777778,0.5311356602659582,0.7319086765178493,4.052680470342012,-7.680611617589813,3.6278074180775275,0,0
bci2a,true,shallowconvnet,conv_time_spat,46,30,64,0.6527777777777778,0.01801790372841906,0.0027905027130004875,0.01804983722147482,-1.2432239440681846e-05,-0.001057707912303774,0,0
bci2a,true,shallowconvnet,bnorm,46,30,64,0.6527777777777778,0.2241729145486931,0.0026772445810332186,0.22546572357840441,-0.0003932504190565778,-0.0008995586106547752,0,0
bci2a,true,shallowconvnet,conv_nonlin_exp,46,30,64,0.6527777777777778,0.3265957908428945,0.18470360585152762,0.04036473026264776,0.13235017782247213,0.15388088275777428,0,0
bci2a,true,shallowconvnet,pool,46,30,64,0.6527777777777778,0.6217315972264105,0.5220569758182387,0.07555441849031605,0.24669175979529748,0.29948541894079683,0,0
bci2a,true,shallowconvnet,pool_nonlin_exp,46,30,64,0.6527777777777778,0.7846946682074266,0.9247814817191881,6.3959666928307435,-8.562441405858003,2.9511693812346778,0,0
bci2a,true,shallowconvnet,logits,46,30,64,0.6527777777777778,0.5077610813055063,0.4863301969149843,0.42276549509609945,-0.5273455029443452,0.1769337720639837,0,0
bci2a,true,eegconformer,patch_embedding,41,0,64,0.2777777777777778,0.9542572202342632,0.13119171947585562,0.9511893554364335,0.002053993420725952,0.0010138713771031382,0,0
bci2a,true,eegconformer,transformer.0,41,0,64,0.2777777777777778,0.9927554401252927,0.5009025487441969,1.0538913022686502,-0.06258036248825025,0.0014445003448920898,0,0
bci2a,true,eegconformer,transformer.2,41,0,64,0.2777777777777778,0.9928475639133931,0.5291068675924173,1.0281247029458191,-0.036674184352834,0.001397045320407624,0,0
bci2a,true,eegconformer,transformer.5,41,0,64,0.2777777777777778,0.994258862890956,0.49386000561704424,1.0019249493021256,-0.008294454014937173,0.0006283676037666854,0,0
bci2a,true,eegconformer,fc,41,0,64,0.2777777777777778,0.9952107023420816,0.5543548738659041,0.9889763291164859,0.005333919651944124,0.0009004535736516293,0,0
bci2a,true,eegconformer,logits,41,0,64,0.2777777777777778,0.997247441648194,0.675743320265718,0.9415690823913971,0.05484115021363474,0.0008372090431621982,0,0
bci2a,true,eegconformer,patch_embedding,41,1,64,0.3333333333333333,0.7095439188177786,0.16252168699274816,0.6232687122301358,0.07242617570554176,0.013849030882101085,0,0
bci2a,true,eegconformer,transformer.0,41,1,64,0.3333333333333333,0.8755356166770862,0.43662849521831804,1.0152911956159572,-0.15869556291404374,0.01893998397517238,0,0
bci2a,true,eegconformer,transformer.2,41,1,64,0.3333333333333333,0.9190938329068251,0.42031747101641115,0.9446568545001148,-0.037619420088201155,0.012056398494911054,0,0
bci2a,true,eegconformer,transformer.5,41,1,64,0.3333333333333333,0.9503682259136405,0.4530191170617369,1.02603707403337,-0.08451833533053679,0.008849487210806873,0,0
bci2a,true,eegconformer,fc,41,1,64,0.3333333333333333,0.9783212837124898,0.4034362900819487,0.9906597581314467,-0.013160270030391436,0.0008217956114346748,0,0
bci2a,true,eegconformer,logits,41,1,64,0.3333333333333333,0.9948058555461858,0.5039179077752014,1.0208779528783674,-0.025230380852086315,-0.0008417164800950595,0,0
bci2a,true,eegconformer,patch_embedding,41,2,64,0.3368055555555556,0.712536560682138,0.1554677397958662,0.6379083825203103,0.059497168097635535,0.015131010064191885,0,0
bci2a,true,eegconformer,transformer.0,41,2,64,0.3368055555555556,0.7429020468519325,0.4399909975428138,1.019660767524998,-0.32498979502490466,0.04823107435183884,0,0
bci2a,true,eegconformer,transformer.2,41,2,64,0.3368055555555556,0.7356346189481126,0.47401360121597447,1.0240347143228448,-0.3419643478318044,0.053564252457071776,0,0
bci2a,true,eegconformer,transformer.5,41,2,64,0.3368055555555556,0.7501363249953603,0.4027540247709708,1.035969694452127,-0.3227485628488947,0.03691519339212754,0,0
bci2a,true,eegconformer,fc,41,2,64,0.3368055555555556,0.7803664526191458,0.4024040712917194,0.9387252399199169,-0.17706713266023194,0.018708345359460817,0,0
bci2a,true,eegconformer,logits,41,2,64,0.3368055555555556,0.8359113255872223,0.48846789325796786,1.1648029107419164,-0.36479683948073793,0.006421226477411369,0,0
bci2a,true,eegconformer,patch_embedding,41,5,64,0.3958333333333333,0.6447019816760406,0.17069386446807855,0.5990221565200617,0.029936020550034755,0.015743804605943833,0,0
bci2a,true,eegconformer,transformer.0,41,5,64,0.3958333333333333,0.714170183069422,0.5141299182384043,1.0278028435284394,-0.35637929654646416,0.04274663608744635,0,0
bci2a,true,eegconformer,transformer.2,41,5,64,0.3958333333333333,0.7592006394527586,0.5409477368126407,1.0649463362296752,-0.341626128868688,0.03588043209177154,0,0
bci2a,true,eegconformer,transformer.5,41,5,64,0.3958333333333333,0.7567264665703362,0.5201817925938634,0.9923739905367541,-0.263030124120042,0.027382600153623666,0,0
bci2a,true,eegconformer,fc,41,5,64,0.3958333333333333,0.8745383107856832,0.5354305114237747,1.0477831530041675,-0.18155643512404862,0.008311592905564422,0,0
bci2a,true,eegconformer,logits,41,5,64,0.3958333333333333,0.9402712841093175,0.5284079745971832,1.2481594971165286,-0.3102834952362763,0.002395282229065118,0,0
bci2a,true,eegconformer,patch_embedding,41,10,64,0.4340277777777778,0.6057078887010006,0.1614954125217512,0.5557328329945208,0.03121442909961516,0.01876062660686427,0,0
bci2a,true,eegconformer,transformer.0,41,10,64,0.4340277777777778,0.7072750205862105,0.3858188611043768,1.060661336432291,-0.3787627140093648,0.02537639816328382,0,0
bci2a,true,eegconformer,transformer.2,41,10,64,0.4340277777777778,0.770785278997216,0.36996481405974213,1.1231338318700748,-0.3646461206088484,0.012297567735988706,0,0
bci2a,true,eegconformer,transformer.5,41,10,64,0.4340277777777778,0.7928337535904644,0.33367654692354953,1.0990944651023216,-0.31230220412029575,0.0060414926084376595,0,0
bci2a,true,eegconformer,fc,41,10,64,0.4340277777777778,0.8799492972064319,0.385918824712151,1.10410197441991,-0.22438070726217307,0.00022803004869481955,0,0
bci2a,true,eegconformer,logits,41,10,64,0.4340277777777778,0.9214742590669791,0.6250168721126155,1.225361700347474,-0.306666876030421,0.0013274433889445348,0,0
bci2a,true,eegconformer,patch_embedding,41,20,64,0.4479166666666667,0.5136525523860789,0.188224496168392,0.5569038573851024,-0.06964358479927964,0.02639227980025534,0,0
bci2a,true,eegconformer,transformer.0,41,20,64,0.4479166666666667,0.6459790299827005,0.3413512937271129,0.9627205927018885,-0.32390374720037385,0.007162184481185647,0,0
bci2a,true,eegconformer,transformer.2,41,20,64,0.4479166666666667,0.6777046009674246,0.3154656941349126,1.020624124137303,-0.346352498774136,0.0033817838865663275,0,0
bci2a,true,eegconformer,transformer.5,41,20,64,0.4479166666666667,0.7044205555129225,0.3107555594718504,1.0301906037055648,-0.3267704372380596,0.0010003890454166127,0,0
bci2a,true,eegconformer,fc,41,20,64,0.4479166666666667,0.8011731785035275,0.43683364096307387,1.1112664923513407,-0.30960543336259544,-0.0007304533809128295,0,0
bci2a,true,eegconformer,logits,41,20,64,0.4479166666666667,0.8626783205878519,0.6489035598224614,1.4235905913066922,-0.574789627619661,0.0015902195566638241,0,0
bci2a,true,eegconformer,patch_embedding,41,30,64,0.4270833333333333,0.46173645387878814,0.21065278376758592,0.5905996238807293,-0.16696197084907677,0.03791812989119108,0,0
bci2a,true,eegconformer,transformer.0,41,30,64,0.4270833333333333,0.6359939209391574,0.3461193682272051,0.9925237765074786,-0.35781956071985144,0.0012897051515294352,0,0
bci2a,true,eegconformer,transformer.2,41,30,64,0.4270833333333333,0.6702412675073718,0.3424691050520487,1.0660761757865487,-0.3954958726476803,-0.00033903563149668915,0,0
bci2a,true,eegconformer,transformer.5,41,30,64,0.4270833333333333,0.6908786397955959,0.312029031455353,1.0894142450739541,-0.39959276544980626,0.0010571601714471507,0,0
bci2a,true,eegconformer,fc,41,30,64,0.4270833333333333,0.7216731815169565,0.3350711717433866,1.0979227205712028,-0.4045539955394911,0.006454996777028237,0,0
bci2a,true,eegconformer,logits,41,30,64,0.4270833333333333,0.7865163658827519,0.4452457122393249,1.078155208605763,-0.34128326645413665,0.003404372622136875,0,0
bci2a,true,eegconformer,patch_embedding,42,0,64,0.25,0.9412804595331462,0.09967722985991606,0.9400024716214161,0.00048765705939956107,0.0007903308523304054,0,0
bci2a,true,eegconformer,transformer.0,42,0,64,0.25,0.9924828486717461,0.3774235354782659,1.025358577111291,-0.03353485457068907,0.0006591261311433912,0,0
bci2a,true,eegconformer,transformer.2,42,0,64,0.25,0.9962355947646653,0.3392217795117992,0.9994201739946428,-0.0034692779330771596,0.0002846987030993061,0,0
bci2a,true,eegconformer,transformer.5,42,0,64,0.25,0.9949398589820968,0.34153338670684985,1.0079500895849582,-0.013199719760171657,0.00018948915730988828,0,0
bci2a,true,eegconformer,fc,42,0,64,0.25,0.9970974017560474,0.3899018845334119,1.0022867336522856,-0.005210366038261729,2.103414202368601e-05,0,0
bci2a,true,eegconformer,logits,42,0,64,0.25,0.9991760742663178,0.48469565722264274,1.0047578062557494,-0.005585047808170527,3.3158187391041473e-06,0,0
bci2a,true,eegconformer,patch_embedding,42,1,64,0.3229166666666667,0.722640053340793,0.1565118514788298,0.7145498748699736,-0.00285657265810171,0.010946751128920587,0,0
bci2a,true,eegconformer,transformer.0,42,1,64,0.3229166666666667,0.8713274888910414,0.49318293292794624,1.095958286548364,-0.24606627331400838,0.021435475656685618,0,0
bci2a,true,eegconformer,transformer.2,42,1,64,0.3229166666666667,0.9152236927278143,0.5177889089606864,1.0916006118638806,-0.1897152565074299,0.013338337371363754,0,0
bci2a,true,eegconformer,transformer.5,42,1,64,0.3229166666666667,0.9195567435815745,0.4630462504906422,1.0333624393445213,-0.12243297462379465,0.008627278860846924,0,0
bci2a,true,eegconformer,fc,42,1,64,0.3229166666666667,0.9610939450602517,0.5321702544497441,1.034243029933862,-0.08136584272044615,0.008216757846835577,0,0
bci2a,true,eegconformer,logits,42,1,64,0.3229166666666667,0.9825759879252303,0.5478796782614328,0.9640143556970091,0.02078335985898848,-0.0022217276307673174,0,0
bci2a,true,eegconformer,patch_embedding,42,2,64,0.34375,0.6983752053073293,0.11883022604523194,0.7201234070321983,-0.02985616756473473,0.00810796583986529,0,0
bci2a,true,eegconformer,transformer.0,42,2,64,0.34375,0.8245304555474997,0.2634819326875611,0.9232688611426653,-0.10505239141764744,0.006313985822481449,0,0
bci2a,true,eegconformer,transformer.2,42,2,64,0.34375,0.8495094012781492,0.3485705614985115,0.9954589139309769,-0.15535047587364825,0.00940096322082031,0,0
bci2a,true,eegconformer,transformer.5,42,2,64,0.34375,0.8057851579506131,0.44547617385434013,1.0177366161532748,-0.22824818474406028,0.016296726541398382,0,0
bci2a,true,eegconformer,fc,42,2,64,0.34375,0.9285436964561145,0.5747612871562857,0.9963937186412684,-0.07513618872587202,0.00728616654071817,0,0
bci2a,true,eegconformer,logits,42,2,64,0.34375,0.8988707123058006,0.7587155882999508,0.8391694449612315,0.020899614291342204,0.024979646975677925,0,0
bci2a,true,eegconformer,patch_embedding,42,5,64,0.3576388888888889,0.6515627634018681,0.1470965795501236,0.6720088978605911,-0.03039955461167809,0.009953420152954728,0,0
bci2a,true,eegconformer,transformer.0,42,5,64,0.3576388888888889,0.780915645652193,0.2313940683902439,1.0453402313258102,-0.27805986936651356,0.013635283692895593,0,0
bci2a,true,eegconformer,transformer.2,42,5,64,0.3576388888888889,0.8498908361573595,0.24248331421294,1.0241710553206749,-0.1811194862111986,0.00683926704788263,0,0
bci2a,true,eegconformer,transformer.5,42,5,64,0.3576388888888889,0.8367172853788041,0.20395217545894334,1.0079013942125121,-0.1761799781205724,0.0049958692868636734,0,0
bci2a,true,eegconformer,fc,42,5,64,0.3576388888888889,0.9495674016468134,0.37833751563284257,0.9949756058324356,-0.044295231742397134,-0.001112972443225042,0,0
bci2a,true,eegconformer,logits,42,5,64,0.3576388888888889,0.980385874513297,0.5550892429946557,1.0214265852039723,-0.0407267203433542,-0.00031399034732116705,0,0
bci2a,true,eegconformer,patch_embedding,42,10,64,0.3993055555555556,0.6189961179036854,0.13727381106077569,0.6447387139917986,-0.03505382835146885,0.009311232263355566,0,0
bci2a,true,eegconformer,transformer.0,42,10,64,0.3993055555555556,0.7437434480015469,0.37574745167492396,1.1582992700739496,-0.43550748053057253,0.020951658458169153,0,0
bci2a,true,eegconformer,transformer.2,42,10,64,0.3993055555555556,0.7894569920299357,0.3419217782756072,1.0828291229139895,-0.30184487926399767,0.008472748379943568,0,0
bci2a,true,eegconformer,transformer.5,42,10,64,0.3993055555555556,0.7922926715693852,0.2701852947034301,1.071396161519782,-0.28449058347759926,0.005387093527202186,0,0
bci2a,true,eegconformer,fc,42,10,64,0.3993055555555556,0.8620931478427984,0.404408268652923,1.0702787186627454,-0.21110773044094022,0.002635740937459797,0,0
bci2a,true,eegconformer,logits,42,10,64,0.3993055555555556,0.9319868567243229,0.5509226059571962,1.1336654028178446,-0.20616050502134486,0.0044143163523182715,0,0
bci2a,true,eegconformer,patch_embedding,42,20,64,0.4131944444444444,0.5697821749090721,0.197295655164182,0.6628261047001507,-0.11198872419564444,0.018944794404565566,0,0
bci2a,true,eegconformer,transformer.0,42,20,64,0.4131944444444444,0.7650893021637464,0.3526913890820138,1.317814652312938,-0.5816121882468417,0.028886838097649366,0,0
bci2a,true,eegconformer,transformer.2,42,20,64,0.4131944444444444,0.8197099554176445,0.33258975184271,1.2076258415976435,-0.4008976332527179,0.012981747072718399,0,0
bci2a,true,eegconformer,transformer.5,42,20,64,0.4131944444444444,0.8382236576820019,0.2907173962292404,1.1609320059174184,-0.3307653246995193,0.00805697646410257,0,0
bci2a,true,eegconformer,fc,42,20,64,0.4131944444444444,0.854747017306299,0.5461858294609769,1.221457253183858,-0.37515011518618685,0.008375593434480754,0,0
bci2a,true,eegconformer,logits,42,20,64,0.4131944444444444,0.9275598529707357,0.7232285993737848,1.2656009055678392,-0.34762794026065647,0.00865335713487331,0,0
bci2a,true,eegconformer,patch_embedding,42,30,64,0.3819444444444444,0.524423663490365,0.261825276261882,0.6688679703926581,-0.17655574403430455,0.032059059417423444,0,0
bci2a,true,eegconformer,transformer.0,42,30,64,0.3819444444444444,0.6781473337240075,0.37369700767016667,1.2617579654455862,-0.6190811169426971,0.035326417607238626,0,0
bci2a,true,eegconformer,transformer.2,42,30,64,0.3819444444444444,0.7203118989640314,0.34067924191324117,1.1812523103011359,-0.4779122155885608,0.016971804251456092,0,0
bci2a,true,eegconformer,transformer.5,42,30,64,0.3819444444444444,0.7483729159755269,0.3176115732548782,1.1443143412628691,-0.4078737666974463,0.01193234141010393,0,0
bci2a,true,eegconformer,fc,42,30,64,0.3819444444444444,0.7676255338696023,0.5917134203036346,1.2403256123287956,-0.4970018093474834,0.019983102076352635,0,0
bci2a,true,eegconformer,logits,42,30,64,0.3819444444444444,0.8727310347238817,0.5658738482458231,1.2152874141811256,-0.36586836811121476,0.010524150706655494,0,0
bci2a,true,eegconformer,patch_embedding,43,0,64,0.25,0.944927047010958,0.09276602832278397,0.9290551339053668,0.015060949802623805,0.0008109633029669393,0,0
bci2a,true,eegconformer,transformer.0,43,0,64,0.25,0.9923205018152437,0.48063669433830747,1.0421834914683976,-0.05102767692739919,0.0011646872742446985,0,0
bci2a,true,eegconformer,transformer.2,43,0,64,0.25,0.9953172532722604,0.45405572662189786,1.0149124578663558,-0.020219341628179788,0.0006241370340840603,0,0
bci2a,true,eegconformer,transformer.5,43,0,64,0.25,0.9978039911644525,0.4693346240756209,1.0019908675982163,-0.004502496100025056,0.0003156196662618782,0,0
bci2a,true,eegconformer,fc,43,0,64,0.25,0.9983453152764172,0.4329511023885292,0.9986499875686061,-0.00044702682133856004,0.00014235452914967078,0,0
bci2a,true,eegconformer,logits,43,0,64,0.25,0.999423621004322,0.6494224259814525,0.9726988182838758,0.026522055489675338,0.00020274723077084528,0,0
bci2a,true,eegconformer,patch_embedding,43,1,64,0.3958333333333333,0.7170752289180955,0.19956595732504062,0.7120495352789289,-0.00796181949304384,0.012987513132209937,0,0
bci2a,true,eegconformer,transformer.0,43,1,64,0.3958333333333333,0.8210701520046534,0.5916565573103636,1.0829926564291992,-0.29274745408483827,0.03082494966029181,0,0
bci2a,true,eegconformer,transformer.2,43,1,64,0.3958333333333333,0.8532228188097712,0.665497186997611,1.1091606487346786,-0.28573391556467065,0.029796085639762923,0,0
bci2a,true,eegconformer,transformer.5,43,1,64,0.3958333333333333,0.883581627575143,0.6868391748892477,1.0232475805413148,-0.16462185076691935,0.024955897800747084,0,0
bci2a,true,eegconformer,fc,43,1,64,0.3958333333333333,0.8693331913162196,0.8920768360759908,0.9529392279780902,-0.14089763446957293,0.05729159780770244,0,0
bci2a,true,eegconformer,logits,43,1,64,0.3958333333333333,0.9624036067225715,0.7627816695545953,0.8743152406387393,0.07532863530510478,0.012759730778727493,0,0
bci2a,true,eegconformer,patch_embedding,43,2,64,0.3854166666666667,0.6922931028628422,0.16532015271348927,0.7087483084680447,-0.029484020555878062,0.013028814950675194,0,0
bci2a,true,eegconformer,transformer.0,43,2,64,0.3854166666666667,0.8291714641215322,0.45360849891195715,1.073658189443679,-0.2594915374638349,0.01500481214168777,0,0
bci2a,true,eegconformer,transformer.2,43,2,64,0.3854166666666667,0.8652289908413628,0.567030257822837,0.9770725612550846,-0.12893883336767603,0.01709526295395377,0,0
bci2a,true,eegconformer,transformer.5,43,2,64,0.3854166666666667,0.9111064997749334,0.5667124594029145,0.9715161122803333,-0.07077704244224778,0.010367429936847685,0,0
bci2a,true,eegconformer,fc,43,2,64,0.3854166666666667,0.9644527140830514,0.6629892762482599,0.9937421776117192,-0.03517730757311331,0.005887844044445298,0,0
bci2a,true,eegconformer,logits,43,2,64,0.3854166666666667,0.9870620179944025,0.5371637173361581,1.0549831422842,-0.06749434340789702,-0.0004267808819005914,0,0
bci2a,true,eegconformer,patch_embedding,43,5,64,0.4027777777777778,0.6404863138592286,0.13156881336062365,0.678785377865591,-0.04894500497430607,0.010645940967943555,0,0
bci2a,true,eegconformer,transformer.0,43,5,64,0.4027777777777778,0.7776473366599619,0.3728214657885598,1.1251766266475203,-0.3623058364426404,0.014776546455081132,0,0
bci2a,true,eegconformer,transformer.2,43,5,64,0.4027777777777778,0.8199784817481174,0.373980906254043,1.0705128472038847,-0.25887740099793755,0.008343035542169952,0,0
bci2a,true,eegconformer,transformer.5,43,5,64,0.4027777777777778,0.83371602603814,0.34285832785297565,1.0546645469180023,-0.22681526933925572,0.005866748459392903,0,0
bci2a,true,eegconformer,fc,43,5,64,0.4027777777777778,0.9289353757371269,0.41281151570429664,1.010113086523248,-0.0822475589756437,0.0010698481895227182,0,0
bci2a,true,eegconformer,logits,43,5,64,0.4027777777777778,0.9798302239045642,0.48657453806468476,1.0337971654731462,-0.05401965687260438,5.2715304022332814e-05,0,0
bci2a,true,eegconformer,patch_embedding,43,10,64,0.4618055555555556,0.5996403726673813,0.12146273002173526,0.6928066866302942,-0.10256884851692935,0.009402534554016188,0,0
bci2a,true,eegconformer,transformer.0,43,10,64,0.4618055555555556,0.7579193768568978,0.2909576572022156,1.2620400898570179,-0.5248842932070604,0.020763580206939594,0,0
bci2a,true,eegconformer,transformer.2,43,10,64,0.4618055555555556,0.8019956113270925,0.26105143861822233,1.1447048979447763,-0.35166058691788005,0.008951300300196259,0,0
bci2a,true,eegconformer,transformer.5,43,10,64,0.4618055555555556,0.7910358706945573,0.23299707269138134,1.0944454776843269,-0.31104841334314215,0.00763880635337188,0,0
bci2a,true,eegconformer,fc,43,10,64,0.4618055555555556,0.8463626745288286,0.3646688288416574,0.9799761128121837,-0.13516139981125755,0.0008561558833756102,0,0
bci2a,true,eegconformer,logits,43,10,64,0.4618055555555556,0.9077404606726323,0.5605087737879602,1.124430930198897,-0.2275109112385,0.0008218173574001779,0,0
bci2a,true,eegconformer,patch_embedding,43,20,64,0.4791666666666667,0.5549738973733329,0.16251795804731495,0.7041014003364998,-0.16396802685091333,0.014840523887745996,0,0
bci2a,true,eegconformer,transformer.0,43,20,64,0.4791666666666667,0.7214912507781903,0.30326825582613626,1.3126909287290864,-0.6215289440054715,0.03032926605457515,0,0
bci2a,true,eegconformer,transformer.2,43,20,64,0.4791666666666667,0.7748832996922097,0.2586290931826269,1.2317306232537608,-0.46979163935789947,0.01294431579634798,0,0
bci2a,true,eegconformer,transformer.5,43,20,64,0.4791666666666667,0.795713949159393,0.23703830430761538,1.208926114037309,-0.4232430796700543,0.010030914792137371,0,0
bci2a,true,eegconformer,fc,43,20,64,0.4791666666666667,0.8399397993419895,0.3408239166847772,1.0899951352045636,-0.25594640601188384,0.0058910701493094944,0,0
bci2a,true,eegconformer,logits,43,20,64,0.4791666666666667,0.9061511052150957,0.486543563591576,1.1146029292477282,-0.21373218246416886,0.005280358431536206,0,0
bci2a,true,eegconformer,patch_embedding,43,30,64,0.4305555555555556,0.5460761181923308,0.18360899598443964,0.747453884552556,-0.21960125493981267,0.018061321981459613,0,0
bci2a,true,eegconformer,transformer.0,43,30,64,0.4305555555555556,0.7010012782774285,0.29957151885401473,1.2705294901480855,-0.5979745157231846,0.02844630385252659,0,0
bci2a,true,eegconformer,transformer.2,43,30,64,0.4305555555555556,0.7509826070687974,0.27461000202209,1.2424436883789949,-0.505223229546927,0.013762148236728817,0,0
bci2a,true,eegconformer,transformer.5,43,30,64,0.4305555555555556,0.7696489129233008,0.28147232521655985,1.2154117112220524,-0.4565487725693159,0.010785974270564224,0,0
bci2a,true,eegconformer,fc,43,30,64,0.4305555555555556,0.8224440812756899,0.4252840378069089,1.3270779422101242,-0.5144295492612962,0.009774344990171463,0,0
bci2a,true,eegconformer,logits,43,30,64,0.4305555555555556,0.8946723936292776,0.5231907111987806,1.3213302326615883,-0.43652640034084045,0.006422810055128408,0,0
bci2a,true,eegconformer,patch_embedding,44,0,64,0.25,0.9532831613655958,0.12685497945871121,0.9732476922940598,-0.020994766291654206,0.0010302353631898354,0,0
bci2a,true,eegconformer,transformer.0,44,0,64,0.25,0.9931479256779367,0.4343813633144014,0.9955982827462395,-0.003265105103095239,0.0008147480347920355,0,0
bci2a,true,eegconformer,transformer.2,44,0,64,0.25,0.995569824593143,0.39104501726762764,0.9786228194152453,0.016368218788923406,0.0005787863889739945,0,0
bci2a,true,eegconformer,transformer.5,44,0,64,0.25,0.9953032103855912,0.39462080517147063,0.9898084409269421,0.0049209239704701,0.0005738454881782339,0,0
bci2a,true,eegconformer,fc,44,0,64,0.25,0.9974085446670076,0.39683339962304615,0.9808763137259722,0.01617655608716555,0.0003556748538699684,0,0
bci2a,true,eegconformer,logits,44,0,64,0.25,0.9991136351782284,0.4910890763459992,0.9777128984618022,0.021116318684459637,0.0002844180319664426,0,0
bci2a,true,eegconformer,patch_embedding,44,1,64,0.3645833333333333,0.7275619312120436,0.12217322835832778,0.7457699447660936,-0.02393050078672723,0.005722487232676823,0,0
bci2a,true,eegconformer,transformer.0,44,1,64,0.3645833333333333,0.8725787384880586,0.365320831810465,1.0799674441155411,-0.2154210774861333,0.008032371858650356,0,0
bci2a,true,eegconformer,transformer.2,44,1,64,0.3645833333333333,0.9118783478422351,0.492716684194886,1.0423418827035293,-0.14017398082522536,0.009710445963931048,0,0
bci2a,true,eegconformer,transformer.5,44,1,64,0.3645833333333333,0.9520056651258495,0.5040520823062155,1.0481772681318688,-0.10154831847152611,0.005376715465506373,0,0
bci2a,true,eegconformer,fc,44,1,64,0.3645833333333333,0.9842748072289405,0.6107996713895651,0.9957416407007046,-0.013505908583592137,0.002039075111827874,0,0
bci2a,true,eegconformer,logits,44,1,64,0.3645833333333333,0.97617501413961,0.7882648675024122,1.0042593922150052,-0.03498395385114919,0.006899575775754058,0,0
bci2a,true,eegconformer,patch_embedding,44,2,64,0.3854166666666667,0.7184637394235631,0.17787987703062735,0.7754694843581242,-0.06599753175490211,0.008991786820340904,0,0
bci2a,true,eegconformer,transformer.0,44,2,64,0.3854166666666667,0.821276463924296,0.38424485725265,1.1187532270205305,-0.3092582779605183,0.011781514864283008,0,0
bci2a,true,eegconformer,transformer.2,44,2,64,0.3854166666666667,0.827078172891748,0.4757541544104382,1.0032329690275106,-0.19253737493132467,0.01638257879556168,0,0
bci2a,true,eegconformer,transformer.5,44,2,64,0.3854166666666667,0.8568381369073308,0.39761027969950685,1.0405315257972236,-0.1924287348712007,0.008735345981307246,0,0
bci2a,true,eegconformer,fc,44,2,64,0.3854166666666667,0.9654439337289042,0.48858944393764714,1.0172249595542566,-0.05120715125428026,-0.0005738745710722804,0,0
bci2a,true,eegconformer,logits,44,2,64,0.3854166666666667,0.9827896021955091,0.6170914004749075,1.052816539889337,-0.0685832197610181,-0.0014437179328098478,0,0
bci2a,true,eegconformer,patch_embedding,44,5,64,0.3541666666666667,0.6749594565043187,0.13044813932246307,0.7234607899366391,-0.05544803598842818,0.0069467025561072435,0,0
bci2a,true,eegconformer,transformer.0,44,5,64,0.3541666666666667,0.7879801521831014,0.37347882387829523,1.1109864816972483,-0.3355722025494403,0.01256587303529265,0,0
bci2a,true,eegconformer,transformer.2,44,5,64,0.3541666666666667,0.8612665783525354,0.3737143553692439,1.0460384245267063,-0.1905802309852158,0.005808384811044525,0,0
bci2a,true,eegconformer,transformer.5,44,5,64,0.3541666666666667,0.8838337547236003,0.41662293651739535,1.0611166733630728,-0.18315513918716914,0.0058722205476959225,0,0
bci2a,true,eegconformer,fc,44,5,64,0.3541666666666667,0.9265797106794547,0.4384039243399793,1.0680547267336804,-0.14389951951541324,0.0024245034611874577,0,0
bci2a,true,eegconformer,logits,44,5,64,0.3541666666666667,0.9402137269741926,0.6076756903668682,1.0806196382475066,-0.1448581663994134,0.004452255126099318,0,0
bci2a,true,eegconformer,patch_embedding,44,10,64,0.4479166666666667,0.6433388537551021,0.11611826726502476,0.7081990490518675,-0.07218514829741718,0.00732495300065145,0,0
bci2a,true,eegconformer,transformer.0,44,10,64,0.4479166666666667,0.8023635642925309,0.31538150819496147,1.2130425745997588,-0.4252698949890311,0.014590884681802693,0,0
bci2a,true,eegconformer,transformer.2,44,10,64,0.4479166666666667,0.8711741929641803,0.23192390859464562,1.147437114415188,-0.281408249067561,0.0051453276165521825,0,0
bci2a,true,eegconformer,transformer.5,44,10,64,0.4479166666666667,0.8889675664937284,0.214978679323222,1.1373599125245146,-0.25198043507997353,0.003588089049186837,0,0
bci2a,true,eegconformer,fc,44,10,64,0.4479166666666667,0.9412668733062579,0.4908002754201311,1.211825392430183,-0.2730434013643349,0.002484882240409999,0,0
bci2a,true,eegconformer,logits,44,10,64,0.4479166666666667,0.9798721630181786,0.6872223818016384,1.2424587758873251,-0.2644076433735088,0.001821030504362199,0,0
bci2a,true,eegconformer,patch_embedding,44,20,64,0.4236111111111111,0.6002129875889037,0.11990454826100878,0.7103657890432942,-0.11770395908722907,0.0075511576328382395,0,0
bci2a,true,eegconformer,transformer.0,44,20,64,0.4236111111111111,0.7699899093441829,0.3174465049360254,1.2560675294612567,-0.5043408051178025,0.018263185000728335,0,0
bci2a,true,eegconformer,transformer.2,44,20,64,0.4236111111111111,0.8136645550816639,0.2781471147424682,1.160369376896869,-0.3547804367698175,0.008075614954611857,0,0
bci2a,true,eegconformer,transformer.5,44,20,64,0.4236111111111111,0.8449729160489596,0.2588451109404743,1.1467029571853105,-0.30719438724125275,0.005464346104901617,0,0
bci2a,true,eegconformer,fc,44,20,64,0.4236111111111111,0.8744395785579968,0.43708777846251556,1.2236713339957626,-0.3538797484329502,0.004647992995184317,0,0
bci2a,true,eegconformer,logits,44,20,64,0.4236111111111111,0.9234545878707754,0.5948856683695656,1.2712946604195072,-0.3658204629943671,0.005189105710652305,0,0
bci2a,true,eegconformer,patch_embedding,44,30,64,0.4270833333333333,0.5604658054222134,0.17601258098231654,0.742893759872243,-0.19702228068069805,0.014478680432222517,0,0
bci2a,true,eegconformer,transformer.0,44,30,64,0.4270833333333333,0.722876044641519,0.2708767003010873,1.3201687596596223,-0.6264937411595941,0.02920102614149007,0,0
bci2a,true,eegconformer,transformer.2,44,30,64,0.4270833333333333,0.7640649968718234,0.22743895388753632,1.2181455828774228,-0.4674469424105921,0.01336635640499155,0,0
bci2a,true,eegconformer,transformer.5,44,30,64,0.4270833333333333,0.7813889862200326,0.2045680756942661,1.1740320447340697,-0.4016537027039972,0.009010644189959692,0,0
bci2a,true,eegconformer,fc,44,30,64,0.4270833333333333,0.8024842785646034,0.41321036234010355,1.2287176464312553,-0.4349519661996035,0.006674397320889812,0,0
bci2a,true,eegconformer,logits,44,30,64,0.4270833333333333,0.8572426526517284,0.6150799988989342,1.352424958096507,-0.5224339014229603,0.006693605550639269,0,0
bci2a,true,eegconformer,patch_embedding,45,0,64,0.25,0.9561597532628778,0.1178859240387522,0.9655120540464478,-0.010262371303406048,0.0009100705198353549,0,0
bci2a,true,eegconformer,transformer.0,45,0,64,0.25,0.994212916542468,0.289756845732775,1.0189353470819889,-0.025111029045777326,0.00038859850625593055,0,0
bci2a,true,eegconformer,transformer.2,45,0,64,0.25,0.9958478940670569,0.40718726011704254,1.0043495416119441,-0.00915698699413773,0.0006553394492503052,0,0
bci2a,true,eegconformer,transformer.5,45,0,64,0.25,0.9972939286959103,0.49136826458792215,1.0046273366475331,-0.007944445416380033,0.0006110374647567014,0,0
bci2a,true,eegconformer,fc,45,0,64,0.25,0.9975039013070398,0.5384310110546695,1.0221349882653024,-0.025349638349634558,0.0007185513913721517,0,0
bci2a,true,eegconformer,logits,45,0,64,0.25,0.9980503282880744,0.7869451483067083,1.0422221159864726,-0.045639915180754734,0.001468127482356244,0,0
bci2a,true,eegconformer,patch_embedding,45,1,64,0.3368055555555556,0.745270954003205,0.20575593338793854,0.7764553738334526,-0.045048343938538044,0.01386392410829015,0,0
bci2a,true,eegconformer,transformer.0,45,1,64,0.3368055555555556,0.915268944135198,0.37145988758975534,1.017459222313739,-0.10643468187954043,0.004244403700998746,0,0
bci2a,true,eegconformer,transformer.2,45,1,64,0.3368055555555556,0.9578042071036685,0.3707532081499927,0.9698658997360126,-0.013986346763468676,0.0019246541311242708,0,0
bci2a,true,eegconformer,transformer.5,45,1,64,0.3368055555555556,0.9562403291572783,0.42046803325001825,1.0008074829582674,-0.04676461483811453,0.0021974610371248504,0,0
bci2a,true,eegconformer,fc,45,1,64,0.3368055555555556,0.976124408462442,0.5356695643514231,0.9857580369099945,-0.010955431540124976,0.001321803092572391,0,0
bci2a,true,eegconformer,logits,45,1,64,0.3368055555555556,0.9789665024135858,0.6018324882536715,1.0398817004212226,-0.061078278706893294,0.0001630806992566191,0,0
bci2a,true,eegconformer,patch_embedding,45,2,64,0.3958333333333333,0.7076668331494584,0.16551771329383247,0.7440358753258007,-0.04718958279899622,0.010820540622653741,0,0
bci2a,true,eegconformer,transformer.0,45,2,64,0.3958333333333333,0.8352606393421816,0.40541675631040774,1.000455297655102,-0.17858709964173067,0.01339244132880986,0,0
bci2a,true,eegconformer,transformer.2,45,2,64,0.3958333333333333,0.854402790505351,0.5028052310583974,0.9767347765659364,-0.14139961090497083,0.019067624844384852,0,0
bci2a,true,eegconformer,transformer.5,45,2,64,0.3958333333333333,0.8465738312617339,0.5835172112293496,1.0254022567053847,-0.20324198529737192,0.024413559853720117,0,0
bci2a,true,eegconformer,fc,45,2,64,0.3958333333333333,0.8081654887922012,0.7029393780560513,1.1463340398282527,-0.41559597825483857,0.07742742721878712,0,0
bci2a,true,eegconformer,logits,45,2,64,0.3958333333333333,0.9331067678183145,0.7033678560675486,0.9774715906790453,-0.06006844559886914,0.015703622738138284,0,0
bci2a,true,eegconformer,patch_embedding,45,5,64,0.3819444444444444,0.6622858857780369,0.17436002646719312,0.7168251191302151,-0.07085198299989444,0.016312749647716104,0,0
bci2a,true,eegconformer,transformer.0,45,5,64,0.3819444444444444,0.8291955836786836,0.330406506729087,1.0374013230767924,-0.21366694354598015,0.00546120414787105,0,0
bci2a,true,eegconformer,transformer.2,45,5,64,0.3819444444444444,0.8872197884468335,0.2905637900322866,1.0643865909982582,-0.18014908545980574,0.002982282908380947,0,0
bci2a,true,eegconformer,transformer.5,45,5,64,0.3819444444444444,0.8730179218396543,0.24927125818946758,1.0428237557212015,-0.172066880682444,0.0022610468008965393,0,0
bci2a,true,eegconformer,fc,45,5,64,0.3819444444444444,0.9202095351044992,0.30326073200908843,1.0137753503232556,-0.09443174724703807,0.000865932028281727,0,0
bci2a,true,eegconformer,logits,45,5,64,0.3819444444444444,0.970787467640414,0.5087181703115564,1.0883320406683332,-0.11810221103372459,0.0005576380058054048,0,0
bci2a,true,eegconformer,patch_embedding,45,10,64,0.3819444444444444,0.617847805300781,0.1843661424864667,0.6902447600890569,-0.08738677694903826,0.014989822160761987,0,0
bci2a,true,eegconformer,transformer.0,45,10,64,0.3819444444444444,0.7068337735972812,0.3717329769660752,0.8980750190146094,-0.19172922848133206,0.00048798306400327945,0,0
bci2a,true,eegconformer,transformer.2,45,10,64,0.3819444444444444,0.7316817565602058,0.35077406226391966,0.9865871792710493,-0.2541069653685726,-0.0007984573422713848,0,0
bci2a,true,eegconformer,transformer.5,45,10,64,0.3819444444444444,0.7482193148728361,0.3191116063416869,0.984169996473232,-0.23791510484375805,0.001964423243361803,0,0
bci2a,true,eegconformer,fc,45,10,64,0.3819444444444444,0.8018521278100419,0.35988843282704147,0.980396242455734,-0.17941611013632436,0.0006800048686458655,0,0
bci2a,true,eegconformer,logits,45,10,64,0.3819444444444444,0.8951499216728845,0.5102718458246555,1.0541117200588328,-0.16265274404431884,-0.0012449927547610426,0,0
bci2a,true,eegconformer,patch_embedding,45,20,64,0.3784722222222222,0.5894874724494448,0.20589904051459818,0.7051122178885294,-0.13744913122958807,0.021824385790503165,0,0
bci2a,true,eegconformer,transformer.0,45,20,64,0.3784722222222222,0.7156172568611616,0.2979054742110646,1.039722474054317,-0.3317567796086781,0.007651562415522553,0,0
bci2a,true,eegconformer,transformer.2,45,20,64,0.3784722222222222,0.742324160789769,0.2635481272522281,1.0623155122141756,-0.3246614571327257,0.004670105708318728,0,0
bci2a,true,eegconformer,transformer.5,45,20,64,0.3784722222222222,0.7513953043656564,0.256206622126237,1.028413726848806,-0.28174281056097716,0.004724388077826906,0,0
bci2a,true,eegconformer,fc,45,20,64,0.3784722222222222,0.758537661001732,0.3886899162639359,0.9843339042191243,-0.23332487898267673,0.0001879501857568298,0,0
bci2a,true,eegconformer,logits,45,20,64,0.3784722222222222,0.8445162683722762,0.5722473029411842,1.0963936653865178,-0.2618664988420871,7.734525361443684e-06,0,0
bci2a,true,eegconformer,patch_embedding,45,30,64,0.40625,0.5385889165614107,0.24027952844880895,0.6876139092624184,-0.1807299396355817,0.031704946934573576,0,0
bci2a,true,eegconformer,transformer.0,45,30,64,0.40625,0.6695412096506672,0.3692005642643766,0.9995135622550583,-0.33707780917691427,0.0071054565725231,0,0
bci2a,true,eegconformer,transformer.2,45,30,64,0.40625,0.7097489082860577,0.3449764892323126,1.0713386669789702,-0.3658219861866537,0.004232227493740688,0,0
bci2a,true,eegconformer,transformer.5,45,30,64,0.40625,0.7341134495218652,0.3266630199458734,1.0953714312425544,-0.3657246372102474,0.0044666554895573946,0,0
bci2a,true,eegconformer,fc,45,30,64,0.40625,0.7859755437010006,0.5167283517539382,1.2421834311225934,-0.4859718537316635,0.022011093709832404,0,0
bci2a,true,eegconformer,logits,45,30,64,0.40625,0.8474561832039477,0.5647181914824307,1.3075229941389073,-0.4938801115819667,0.017658786145445502,0,0
bci2a,true,eegconformer,patch_embedding,46,0,64,0.25,0.9585453699861197,0.10062156818357522,0.9639376488440415,-0.005938683612375609,0.0005464047544533296,0,0
bci2a,true,eegconformer,transformer.0,46,0,64,0.25,0.9947503468824757,0.4726052724181803,1.0375192623084963,-0.043812062099737294,0.0010431466737164366,0,0
bci2a,true,eegconformer,transformer.2,46,0,64,0.25,0.9969800011461533,0.6774433604188508,1.018620810410197,-0.022998341967001897,0.001357532702957226,0,0
bci2a,true,eegconformer,transformer.5,46,0,64,0.25,0.9977095832864842,0.7405186920651641,1.0050812546829206,-0.008677698671875872,0.0013060272754392664,0,0
bci2a,true,eegconformer,fc,46,0,64,0.25,0.9969867414857482,0.762842636032977,0.9951577939514915,-0.000142509442483473,0.001971456976740269,0,0
bci2a,true,eegconformer,logits,46,0,64,0.25,0.9973084925788982,0.8262862921973855,0.9230245761450803,0.07150627526185774,0.0027776411719601622,0,0
bci2a,true,eegconformer,patch_embedding,46,1,64,0.3229166666666667,0.7449260347234149,0.15484217572347697,0.7273444065251847,0.007866388817534509,0.009715239380695538,0,0
bci2a,true,eegconformer,transformer.0,46,1,64,0.3229166666666667,0.9119298150353703,0.4465966736016018,1.1746823292404962,-0.2760056377065533,0.01325312350142661,0,0
bci2a,true,eegconformer,transformer.2,46,1,64,0.3229166666666667,0.9199104286139552,0.5123164416614088,1.039359124725513,-0.1327113512246202,0.013262655113062058,0,0
bci2a,true,eegconformer,transformer.5,46,1,64,0.3229166666666667,0.9431943687673396,0.5197574755940453,1.0774039013536463,-0.1420081832773864,0.007798650691078832,0,0
bci2a,true,eegconformer,fc,46,1,64,0.3229166666666667,0.9744523992030364,0.6447343061426856,1.023965673344437,-0.04843022697797654,-0.0010830471634240219,0,0
bci2a,true,eegconformer,logits,46,1,64,0.3229166666666667,0.9894012321167951,0.6630795934209488,1.1005193416560328,-0.11025440230937242,-0.0008637072298654112,0,0
bci2a,true,eegconformer,patch_embedding,46,2,64,0.3819444444444444,0.7419706104312032,0.12090498641950362,0.7519189891243067,-0.01654025705727996,0.006591878364175967,0,0
bci2a,true,eegconformer,transformer.0,46,2,64,0.3819444444444444,0.9071774608333085,0.33700703098224205,1.1487870704839283,-0.2516077766293827,0.009998166978762935,0,0
bci2a,true,eegconformer,transformer.2,46,2,64,0.3819444444444444,0.9386244288211306,0.38167504957366616,0.9903044777103658,-0.05788259163825943,0.006202542749023915,0,0
bci2a,true,eegconformer,transformer.5,46,2,64,0.3819444444444444,0.9358647473679722,0.4139574597698906,0.9694378852024105,-0.040344631734415465,0.006771493899976527,0,0
bci2a,true,eegconformer,fc,46,2,64,0.3819444444444444,0.9520607262649075,0.4430479102010316,0.9856991575489178,-0.03670090937911803,0.0030624780951076557,0,0
bci2a,true,eegconformer,logits,46,2,64,0.3819444444444444,0.9733895967524842,0.5051873756566723,1.0039492546869502,-0.027401861160355593,-0.0031577967741103414,0,0
bci2a,true,eegconformer,patch_embedding,46,5,64,0.4305555555555556,0.6654277762985414,0.10550858086620346,0.7186128014692126,-0.061240745592508444,0.008055720421836849,0,0
bci2a,true,eegconformer,transformer.0,46,5,64,0.4305555555555556,0.7774689213424613,0.3080054581104855,1.1303446554541496,-0.36763783300189645,0.014762098890207765,0,0
bci2a,true,eegconformer,transformer.2,46,5,64,0.4305555555555556,0.781817299298516,0.2873781609858076,1.033179665350759,-0.25770865489827444,0.006346288846030718,0,0
bci2a,true,eegconformer,transformer.5,46,5,64,0.4305555555555556,0.7894817410252979,0.2735105298382579,1.070053727478077,-0.289945852449245,0.009373865996465627,0,0
bci2a,true,eegconformer,fc,46,5,64,0.4305555555555556,0.8529790338197694,0.35252258456547814,1.0668505421224128,-0.2231288818323671,0.006330775286361275,0,0
bci2a,true,eegconformer,logits,46,5,64,0.4305555555555556,0.8784805633052175,0.5116525316685058,1.197054295648889,-0.3628465138282807,0.01118489299962763,0,0
bci2a,true,eegconformer,patch_embedding,46,10,64,0.4027777777777778,0.6248367103856234,0.13827982642670303,0.6963336973883487,-0.0846198851621847,0.013122898159458593,0,0
bci2a,true,eegconformer,transformer.0,46,10,64,0.4027777777777778,0.7853092783563679,0.3374066566528878,1.2058231520933713,-0.4380153731929074,0.017501499455903385,0,0
bci2a,true,eegconformer,transformer.2,46,10,64,0.4027777777777778,0.8037323322469365,0.3188242625670902,1.1257403940896937,-0.33122735109646584,0.009219289253707973,0,0
bci2a,true,eegconformer,transformer.5,46,10,64,0.4027777777777778,0.7999062432329023,0.3428376859829101,1.0502025995798696,-0.25807509940684586,0.007778743059878102,0,0
bci2a,true,eegconformer,fc,46,10,64,0.4027777777777778,0.8480493713380413,0.5192162445785184,0.9971627823453457,-0.15558829906619565,0.006474888058891181,0,0
bci2a,true,eegconformer,logits,46,10,64,0.4027777777777778,0.8718196172725774,0.6730103612695529,1.1560896800394067,-0.3331874240183164,0.019006547191523553,0,0
bci2a,true,eegconformer,patch_embedding,46,20,64,0.4583333333333333,0.5218874525407946,0.161654971390035,0.6643820601122324,-0.16712647332916314,0.024631865757725024,0,0
bci2a,true,eegconformer,transformer.0,46,20,64,0.4583333333333333,0.7035427186461793,0.3304049915823718,1.1411597705032581,-0.463667908712031,0.02605085685495206,0,0
bci2a,true,eegconformer,transformer.2,46,20,64,0.4583333333333333,0.7233800707096631,0.32518616990426397,1.1204603709995502,-0.4129447196538728,0.015864419363985256,0,0
bci2a,true,eegconformer,transformer.5,46,20,64,0.4583333333333333,0.7333856615589148,0.31564882086678214,1.0615452073766558,-0.3417843907749296,0.01362484495718848,0,0
bci2a,true,eegconformer,fc,46,20,64,0.4583333333333333,0.7248477846971182,0.4678266431175618,0.9450295394188558,-0.23814770046640837,0.014281702065087366,0,0
bci2a,true,eegconformer,logits,46,20,64,0.4583333333333333,0.7885629655458233,0.6388998453572476,0.9488356055944587,-0.19043101087661762,0.018226820408718536,0,0
bci2a,true,eegconformer,patch_embedding,46,30,64,0.4583333333333333,0.43722235754460614,0.20493837313547586,0.6632595592693147,-0.2687402833645185,0.04264311878357807,0,0
bci2a,true,eegconformer,transformer.0,46,30,64,0.4583333333333333,0.6348012418350937,0.3475915268868967,1.0583303124518846,-0.4569024079888183,0.03337333737202634,0,0
bci2a,true,eegconformer,transformer.2,46,30,64,0.4583333333333333,0.6653592814496001,0.357732894719197,1.1301966141165698,-0.49963973578770027,0.03474974290457981,0,0
bci2a,true,eegconformer,transformer.5,46,30,64,0.4583333333333333,0.66221214644168,0.35836667619692414,1.0800078076348023,-0.4509932206594627,0.03317662889104609,0,0
bci2a,true,eegconformer,fc,46,30,64,0.4583333333333333,0.5628703779352311,0.42066855466314446,0.7850753836530467,-0.2728877761757684,0.04223785191763767,0,0
bci2a,true,eegconformer,logits,46,30,64,0.4583333333333333,0.6592106419770357,0.6267138850145204,0.8882371079174156,-0.27761508849101413,0.03742087766607037,0,0
bci2a,true,tsception,temporal_blocks.0,41,0,64,0.2569444444444444,0.41228375951864116,0.342944144050028,0.06368968317884902,0.08692046633543671,0.2616736100043553,0,0
bci2a,true,tsception,temporal_blocks.2,41,0,64,0.2569444444444444,0.5495816692043365,0.24409285812287512,0.32763023676224684,0.13322764314979685,0.0887237892922925,0,0
bci2a,true,tsception,spatial_block_1,41,0,64,0.2569444444444444,0.832783474985952,0.4583604086469176,0.41174771475327554,0.3239360563526422,0.09709970388003418,0,0
bci2a,true,tsception,spatial_block_2,41,0,64,0.2569444444444444,0.7770586927588715,0.4225858201046474,0.9804432602218501,-0.2927444125105881,0.0893598450476091,0,0
bci2a,true,tsception,batch_temporal_lay,41,0,64,0.2569444444444444,0.38854884778482796,0.26614915740712203,0.22449496898175808,0.015271491470248129,0.14878238733282123,0,0
bci2a,true,tsception,batch_spatial_lay,41,0,64,0.2569444444444444,0.725086305767469,0.4317993367832351,0.802690474423539,-0.1933141152832858,0.11570994662721484,0,0
bci2a,true,tsception,dense_layer,41,0,64,0.2569444444444444,0.7791640680641253,0.43440015500269175,0.823876614988359,-0.1490977629147472,0.10438521599051365,0,0
bci2a,true,tsception,logits,41,0,64,0.2569444444444444,0.9773772361325612,0.4479669141139089,1.0481522795463016,-0.07208586161882895,0.0013108182050884615,0,0
bci2a,true,tsception,temporal_blocks.0,41,1,64,0.375,0.4179775566048608,0.3516651943204835,0.050118540061329084,0.1038774741060918,0.26398154243743976,0,0
bci2a,true,tsception,temporal_blocks.2,41,1,64,0.375,0.532189192578457,0.22220180400278766,0.31135951413677465,0.13401803041107618,0.08681164803060584,0,0
bci2a,true,tsception,spatial_block_1,41,1,64,0.375,0.709439117352928,0.44744439467358615,1.361562746454422,-0.7750449555583142,0.12292132645682047,0,0
bci2a,true,tsception,spatial_block_2,41,1,64,0.375,0.7650189921963495,0.4560707122244959,1.374526031880079,-0.7207210255767615,0.11121398589303251,0,0
bci2a,true,tsception,batch_temporal_lay,41,1,64,0.375,0.5140081806580445,0.2727980537453984,1.069554238855055,-0.6520561423436707,0.09651008414665907,0,0
bci2a,true,tsception,batch_spatial_lay,41,1,64,0.375,0.5877515861706946,0.4405016589773406,1.4210412178772525,-1.0153978108842567,0.18210817917769753,0,0
bci2a,true,tsception,dense_layer,41,1,64,0.375,0.6486995214495974,0.6051211478971514,1.6424921998637574,-1.248409941367344,0.25461726295318365,0,0
bci2a,true,tsception,logits,41,1,64,0.375,0.641398406173743,0.6154098526104133,1.5923345107696618,-1.2227363502876982,0.2119636530814269,0,0
bci2a,true,tsception,temporal_blocks.0,41,2,64,0.4340277777777778,0.4016083592820618,0.35801712194810886,0.028974273780099327,0.08280670626555744,0.2898273792364049,0,0
bci2a,true,tsception,temporal_blocks.2,41,2,64,0.4340277777777778,0.5219532758556377,0.21950537693137745,0.2966230869750493,0.13653646817235734,0.0887937207082305,0,0
bci2a,true,tsception,spatial_block_1,41,2,64,0.4340277777777778,0.6951705484046429,0.33550014156739527,1.2370578464352324,-0.6563886678329971,0.1145013698024075,0,0
bci2a,true,tsception,spatial_block_2,41,2,64,0.4340277777777778,0.8126822420686287,0.5022085601243863,1.497689906801704,-0.7965276834351449,0.11152001870206876,0,0
bci2a,true,tsception,batch_temporal_lay,41,2,64,0.4340277777777778,0.5067604136654094,0.27398324442449995,1.065056203715463,-0.6544104380555107,0.09611464800545638,0,0
bci2a,true,tsception,batch_spatial_lay,41,2,64,0.4340277777777778,0.5266467974604718,0.43239876529955934,1.4613889267848,-1.1516083568744568,0.21686622755012805,0,0
bci2a,true,tsception,dense_layer,41,2,64,0.4340277777777778,0.6673591645117039,0.5526926495094114,1.5959033551698882,-1.1389602382246409,0.21041604756645654,0,0
bci2a,true,tsception,logits,41,2,64,0.4340277777777778,0.6609013446937687,0.5335137482626149,1.5787344302828392,-1.2470363381056124,0.2409799674886569,0,0
bci2a,true,tsception,temporal_blocks.0,41,5,64,0.4722222222222222,0.37066475112543074,0.3624070164192107,0.005478947901718555,0.028804810946912975,0.3363809922767992,0,0
bci2a,true,tsception,temporal_blocks.2,41,5,64,0.4722222222222222,0.5078859462819281,0.23430398588584447,0.27264189671991224,0.141063608107733,0.0941804414542823,0,0
bci2a,true,tsception,spatial_block_1,41,5,64,0.4722222222222222,0.6851379560294518,0.4580383112229621,1.445003843642763,-0.9235984574286363,0.16373256981532439,0,0
bci2a,true,tsception,spatial_block_2,41,5,64,0.4722222222222222,0.7815391548513728,0.44784660336044385,1.3789402866347258,-0.7028444714518112,0.10544333966845619,0,0
bci2a,true,tsception,batch_temporal_lay,41,5,64,0.4722222222222222,0.4847051781188987,0.2812333380655258,1.0596667803119502,-0.677266900945614,0.10230529875256171,0,0
bci2a,true,tsception,batch_spatial_lay,41,5,64,0.4722222222222222,0.4954744920967201,0.43092989178350394,1.4518591690092095,-1.1867014604383201,0.23016536115502895,0,0
bci2a,true,tsception,dense_layer,41,5,64,0.4722222222222222,0.5662960043204937,0.47153629760478954,1.5363010156936379,-1.2148921547295104,0.2448871433563663,0,0
bci2a,true,tsception,logits,41,5,64,0.4722222222222222,0.5093530905725858,0.45041177105357133,0.8877565023019859,-0.8308921218298169,0.1773357936937257,0,0
bci2a,true,tsception,temporal_blocks.0,41,10,64,0.5243055555555556,0.3538278499252825,0.35908950152759067,4.7627477553979376e-05,-0.0072210584371181314,0.3610012808848466,0,0
bci2a,true,tsception,temporal_blocks.2,41,10,64,0.5243055555555556,0.4870786508262637,0.21004532873821763,0.24846333123755998,0.14187379316256454,0.09674152642613879,0,0
bci2a,true,tsception,spatial_block_1,41,10,64,0.5243055555555556,0.6639870022466166,0.35034626630132865,1.355841555353187,-0.840953707321,0.1490991542144294,0,0
bci2a,true,tsception,spatial_block_2,41,10,64,0.5243055555555556,0.7829857752335682,0.4805764263688276,1.510721210708521,-0.8536400982348616,0.12590466275990805,0,0
bci2a,true,tsception,batch_temporal_lay,41,10,64,0.5243055555555556,0.46968471244318344,0.2685256576928279,1.053391644356036,-0.6881293332273766,0.10442240131452288,0,0
bci2a,true,tsception,batch_spatial_lay,41,10,64,0.5243055555555556,0.49994529481843647,0.4204160102299808,1.4956947369412297,-1.2396856964037877,0.24393625428099122,0,0
bci2a,true,tsception,dense_layer,41,10,64,0.5243055555555556,0.5955866687020619,0.514518845702222,1.7969103980764014,-1.5210407743898355,0.31971704501549614,0,0
bci2a,true,tsception,logits,41,10,64,0.5243055555555556,0.5493165257919745,0.47835820061310863,0.6329408871265494,-0.368945033165174,0.04640601922425911,0,0
bci2a,true,tsception,temporal_blocks.0,41,20,64,0.5034722222222222,0.3300447477290223,0.3388278398671485,8.63014472833584e-05,-0.011391734912068841,0.34135018119380767,0,0
bci2a,true,tsception,temporal_blocks.2,41,20,64,0.5034722222222222,0.4752608705008541,0.17428034823794306,0.2272828137561707,0.15733968758598957,0.09063836915869362,0,0
bci2a,true,tsception,spatial_block_1,41,20,64,0.5034722222222222,0.660487787044499,0.3729436061988667,1.400053570924624,-0.9044491320484074,0.1648833481682831,0,0
bci2a,true,tsception,spatial_block_2,41,20,64,0.5034722222222222,0.7879096259929647,0.4140117538298811,1.4271939053377656,-0.7427972021993781,0.10351292285457436,0,0
bci2a,true,tsception,batch_temporal_lay,41,20,64,0.5034722222222222,0.45035286120022644,0.24593580867626827,1.0217945975465919,-0.6720091888053292,0.10056745245896273,0,0
bci2a,true,tsception,batch_spatial_lay,41,20,64,0.5034722222222222,0.46074510605053465,0.37050341161100864,1.3792562036516565,-1.1468719486246362,0.22836085102351222,0,0
bci2a,true,tsception,dense_layer,41,20,64,0.5034722222222222,0.4877070018237283,0.3815266473003404,1.3679947405603945,-1.136117708719694,0.25582996998302804,0,0
bci2a,true,tsception,logits,41,20,64,0.5034722222222222,0.47952799933785056,0.5024530867397091,0.5740834931772878,-0.5986007337747008,0.2090423804196581,0,0
bci2a,true,tsception,temporal_blocks.0,41,30,64,0.5034722222222222,0.2797378803867637,0.29645434130355314,0.0001841994341158091,-0.02011327820380417,0.29963262158234244,0,0
bci2a,true,tsception,temporal_blocks.2,41,30,64,0.5034722222222222,0.45122046921805564,0.1798072108120512,0.18869450179643785,0.15890752105772732,0.10361844636389003,0,0
bci2a,true,tsception,spatial_block_1,41,30,64,0.5034722222222222,0.666937529629134,0.397487323668162,1.4741408795615838,-0.9797928306394261,0.17258948070697658,0,0
bci2a,true,tsception,spatial_block_2,41,30,64,0.5034722222222222,0.7962968842588724,0.45969718147843236,1.5491145646283648,-0.8796340803757905,0.12681640000629807,0,0
bci2a,true,tsception,batch_temporal_lay,41,30,64,0.5034722222222222,0.4408357108567016,0.23572514824547425,1.0100028322339276,-0.6703952719355356,0.10122815055830861,0,0
bci2a,true,tsception,batch_spatial_lay,41,30,64,0.5034722222222222,0.5202662598361447,0.4117040433913153,1.526377935024033,-1.2490401621813514,0.24292848699346492,0,0
bci2a,true,tsception,dense_layer,41,30,64,0.5034722222222222,0.500316565148377,0.48427339014050264,1.763362718287923,-1.6575811917570904,0.39453503861754446,0,0
bci2a,true,tsception,logits,41,30,64,0.5034722222222222,0.5383810357057146,0.5613688639702089,1.4753304675170797,-1.500368580521509,0.38326563362589194,0,0
bci2a,true,tsception,temporal_blocks.0,42,0,64,0.2534722222222222,0.46783038856305537,0.2559463706914989,0.15738189934317953,0.17990123496770005,0.13054725425217548,0,0
bci2a,true,tsception,temporal_blocks.2,42,0,64,0.2534722222222222,0.4851209669731998,0.21312467882734487,0.21196670717516858,0.17099736457233156,0.1021568952256991,0,0
bci2a,true,tsception,spatial_block_1,42,0,64,0.2534722222222222,0.5048666601970444,0.14193408823952108,0.33562519052285944,0.0879093044595392,0.0813321652146457,0,0
bci2a,true,tsception,spatial_block_2,42,0,64,0.2534722222222222,0.7327614085882151,0.13135081453701802,0.6036589865364721,0.10079004840056056,0.028312373651182256,0,0
bci2a,true,tsception,batch_temporal_lay,42,0,64,0.2534722222222222,0.352143563494564,0.23183966006879864,0.15339076005772787,0.05991626441461291,0.13883653902222295,0,0
bci2a,true,tsception,batch_spatial_lay,42,0,64,0.2534722222222222,0.5390834377872273,0.13416535629227286,0.49247761649255584,-0.008831543240940305,0.05543736453561077,0,0
bci2a,true,tsception,dense_layer,42,0,64,0.2534722222222222,0.6567163793631661,0.17943783652616674,0.5324719587672999,0.0619575723231974,0.062286848272668685,0,0
bci2a,true,tsception,logits,42,0,64,0.2534722222222222,0.9684198866400249,0.4164488306361724,1.0161564340912186,-0.05236454041012803,0.004627992958934377,0,0
bci2a,true,tsception,temporal_blocks.0,42,1,64,0.3784722222222222,0.4597087518264359,0.2575970729749333,0.13534759603011448,0.18867247817756327,0.1356886776187579,0,0
bci2a,true,tsception,temporal_blocks.2,42,1,64,0.3784722222222222,0.47251306246727104,0.21164231138923872,0.20702755779010495,0.16381778442386818,0.10166772025329748,0,0
bci2a,true,tsception,spatial_block_1,42,1,64,0.3784722222222222,0.7636975782070414,0.3177142420772151,1.2095530345616585,-0.5134531411385284,0.06759768478391136,0,0
bci2a,true,tsception,spatial_block_2,42,1,64,0.3784722222222222,0.7567049412590203,0.4513711951502788,1.4062906107376447,-0.7767041831590205,0.12711851368039323,0,0
bci2a,true,tsception,batch_temporal_lay,42,1,64,0.3784722222222222,0.5348736174340295,0.23847357785023493,1.0379513227217205,-0.584592601089456,0.08151489580176435,0,0
bci2a,true,tsception,batch_spatial_lay,42,1,64,0.3784722222222222,0.6311149555288849,0.3692525519398058,1.329658603261631,-0.8346064106854385,0.13606276295269096,0,0
bci2a,true,tsception,dense_layer,42,1,64,0.3784722222222222,0.6555154230370188,0.7001349661698213,1.9557471668087782,-1.809325635860372,0.5090938920886126,0,0
bci2a,true,tsception,logits,42,1,64,0.3784722222222222,0.7413665551902675,0.759554927989151,2.8885612604269952,-2.8372626295533667,0.6827846088532601,0,0
bci2a,true,tsception,temporal_blocks.0,42,2,64,0.5173611111111112,0.43538115210526396,0.27984250485429907,0.1130421664720465,0.16097142557197475,0.16136756006124223,0,0
bci2a,true,tsception,temporal_blocks.2,42,2,64,0.5173611111111112,0.47547137657444,0.2225511613951034,0.20240942096873277,0.16633562038713395,0.10672633521857303,0,0
bci2a,true,tsception,spatial_block_1,42,2,64,0.5173611111111112,0.7376525090746924,0.3029613806395223,1.1594626492952682,-0.4979166827455431,0.07610654252496707,0,0
bci2a,true,tsception,spatial_block_2,42,2,64,0.5173611111111112,0.7748338639181234,0.42637628549247164,1.4077853041530348,-0.7483797546251545,0.11542831439024359,0,0
bci2a,true,tsception,batch_temporal_lay,42,2,64,0.5173611111111112,0.5354736516880394,0.2519223881661151,1.0797002840168184,-0.6298042625007377,0.08557763017195746,0,0
bci2a,true,tsception,batch_spatial_lay,42,2,64,0.5173611111111112,0.5665830124656009,0.3707722686550013,1.3909816667425876,-0.9997006410620262,0.17530198678503595,0,0
bci2a,true,tsception,dense_layer,42,2,64,0.5173611111111112,0.7227504562273923,0.647759855613663,2.0644905434707153,-1.694233016001001,0.352492928757678,0,0
bci2a,true,tsception,logits,42,2,64,0.5173611111111112,0.7645510801984217,0.7199921249394483,2.3357276214135054,-1.9662410661648604,0.36942590457572644,0,0
bci2a,true,tsception,temporal_blocks.0,42,5,64,0.5243055555555556,0.4204581041235692,0.29121282380397395,0.08846524259396008,0.15080594026795857,0.18118692126165015,0,0
bci2a,true,tsception,temporal_blocks.2,42,5,64,0.5243055555555556,0.4506550669856183,0.24680409182506802,0.1817361967245732,0.14711160788095895,0.12180726238008585,0,0
bci2a,true,tsception,spatial_block_1,42,5,64,0.5243055555555556,0.7556531317690783,0.3377241354010984,1.2652498072833205,-0.5947250995398357,0.08512842402559331,0,0
bci2a,true,tsception,spatial_block_2,42,5,64,0.5243055555555556,0.764855045845821,0.4451190721379714,1.420979451304679,-0.7783669622089647,0.12224255675010609,0,0
bci2a,true,tsception,batch_temporal_lay,42,5,64,0.5243055555555556,0.5100999696325165,0.2575336172053603,1.0716877591606855,-0.6527348083776193,0.09114701884944866,0,0
bci2a,true,tsception,batch_spatial_lay,42,5,64,0.5243055555555556,0.5328124702911405,0.39619459395964574,1.4292765966632786,-1.1002453556016674,0.2037812292295251,0,0
bci2a,true,tsception,dense_layer,42,5,64,0.5243055555555556,0.7058830603399829,0.6362117839614259,2.2675501260779134,-2.0141183662744973,0.45245130053656724,0,0
bci2a,true,tsception,logits,42,5,64,0.5243055555555556,0.7338252189823187,0.6069284517761299,2.209633995160284,-1.8950651706899504,0.39280543016768216,0,0
bci2a,true,tsception,temporal_blocks.0,42,10,64,0.5555555555555556,0.39090845577360667,0.2919522851406403,0.06445885764093448,0.13125730762122173,0.1951922905114502,0,0
bci2a,true,tsception,temporal_blocks.2,42,10,64,0.5555555555555556,0.4412070477345996,0.2319258411252299,0.16711366438234362,0.15388768339923198,0.12020569995302342,0,0
bci2a,true,tsception,spatial_block_1,42,10,64,0.5555555555555556,0.711784915888795,0.2701273416835409,1.1886177306647405,-0.5498354047088684,0.07300258993292265,0,0
bci2a,true,tsception,spatial_block_2,42,10,64,0.5555555555555556,0.7430222488290967,0.41605608086788615,1.3742721424441995,-0.7562618098263764,0.1250119162112737,0,0
bci2a,true,tsception,batch_temporal_lay,42,10,64,0.5555555555555556,0.49281753129680705,0.2447114212136893,1.0516560110888808,-0.6489936581627751,0.09015517837070006,0,0
bci2a,true,tsception,batch_spatial_lay,42,10,64,0.5555555555555556,0.4696644382433205,0.35450426194046103,1.3147707009925682,-1.0437446500090002,0.1986383872597503,0,0
bci2a,true,tsception,dense_layer,42,10,64,0.5555555555555556,0.6059300804960743,0.5266085653465075,1.879187149922672,-1.6399447901558712,0.36668772072927336,0,0
bci2a,true,tsception,logits,42,10,64,0.5555555555555556,0.666540598342597,0.49451651830322446,1.7765913011132015,-1.548555197499268,0.29123528484250594,0,0
bci2a,true,tsception,temporal_blocks.0,42,20,64,0.5104166666666666,0.3602823691446251,0.3166342552684013,0.04605416347473862,0.0804790571233768,0.23374914854650947,0,0
bci2a,true,tsception,temporal_blocks.2,42,20,64,0.5104166666666666,0.4182126435499193,0.23700986433494609,0.1207361322902906,0.16165551562602376,0.13582099563360453,0,0
bci2a,true,tsception,spatial_block_1,42,20,64,0.5104166666666666,0.7416947600081607,0.3837919553519584,1.3854664985844014,-0.7636234014199106,0.11985166284366985,0,0
bci2a,true,tsception,spatial_block_2,42,20,64,0.5104166666666666,0.7308144727493237,0.4573696244571999,1.4525707591516155,-0.8787775753000832,0.1570212888977906,0,0
bci2a,true,tsception,batch_temporal_lay,42,20,64,0.5104166666666666,0.4620130994354823,0.25203709888929665,1.0396087868723187,-0.6787743517755932,0.10117866433875583,0,0
bci2a,true,tsception,batch_spatial_lay,42,20,64,0.5104166666666666,0.48221219172466273,0.4222379312637101,1.5014975111887776,-1.286727331401058,0.26744201193694367,0,0
bci2a,true,tsception,dense_layer,42,20,64,0.5104166666666666,0.6707262618483216,0.7181766996205518,2.937689638162403,-3.068012024762843,0.8010486484487616,0,0
bci2a,true,tsception,logits,42,20,64,0.5104166666666666,0.7053103767373208,0.7276465463446613,3.570206155374736,-4.0398767446810675,1.1447826148772906,0,0
bci2a,true,tsception,temporal_blocks.0,42,30,64,0.5625,0.3358622198546105,0.3164269135075749,0.023673653887039497,0.05182648956485142,0.2603620764027195,0,0
bci2a,true,tsception,temporal_blocks.2,42,30,64,0.5625,0.40354831271673,0.24426286782882312,0.09713659598206847,0.1592831668909791,0.14712854984368198,0,0
bci2a,true,tsception,spatial_block_1,42,30,64,0.5625,0.6698521820270491,0.32471511981190126,1.2524639870321854,-0.6945731841172779,0.11196137911214182,0,0
bci2a,true,tsception,spatial_block_2,42,30,64,0.5625,0.7280785023477362,0.4611905925209212,1.4923530988102927,-0.9229216258507509,0.15864702938819336,0,0
bci2a,true,tsception,batch_temporal_lay,42,30,64,0.5625,0.44070042515750185,0.2521181855603898,1.0300904160187683,-0.6945622386981158,0.10517224783684885,0,0
bci2a,true,tsception,batch_spatial_lay,42,30,64,0.5625,0.44959415364325617,0.4158326363380094,1.4570605741704226,-1.2739774658644611,0.2665110453372942,0,0
bci2a,true,tsception,dense_layer,42,30,64,0.5625,0.6016315169534199,0.6853139845596754,2.7790154586317235,-2.9493306617933994,0.7719467201150954,0,0
bci2a,true,tsception,logits,42,30,64,0.5625,0.4874469495278385,0.5072937038105401,1.5791496391827442,-1.6021524211712728,0.3544857268326793,0,0
bci2a,true,tsception,temporal_blocks.0,43,0,64,0.25,0.5073780038207549,0.2300506813089989,0.18502790510711134,0.21283500871971855,0.10951508999392476,0,0
bci2a,true,tsception,temporal_blocks.2,43,0,64,0.25,0.5607598518326442,0.17735327164039094,0.33431564928608326,0.16359376666502165,0.06285043588153907,0,0
bci2a,true,tsception,spatial_block_1,43,0,64,0.25,0.5783666689802535,0.3644707646143801,0.2617928035265714,0.1425036453920045,0.1740702200616777,0,0
bci2a,true,tsception,spatial_block_2,43,0,64,0.25,0.838060399573106,0.3695467113608657,0.5176198125616547,0.2483701351374397,0.07207045187401104,0,0
bci2a,true,tsception,batch_temporal_lay,43,0,64,0.25,0.4133850327953118,0.23039782963770306,0.21399471248236293,0.07839542519069732,0.12099489512225119,0,0
bci2a,true,tsception,batch_spatial_lay,43,0,64,0.25,0.7664932640580706,0.3675896001338926,0.4711228854322592,0.19833744715766544,0.09703293146814543,0,0
bci2a,true,tsception,dense_layer,43,0,64,0.25,0.8288967967751562,0.4205327550749185,0.4824873852101731,0.2498943237907374,0.09651508777424561,0,0
bci2a,true,tsception,logits,43,0,64,0.25,0.9775645982124604,0.453658477696659,0.9768960990457112,-0.007272994007740458,0.007941493174489521,0,0
bci2a,true,tsception,temporal_blocks.0,43,1,64,0.4270833333333333,0.48835593890705925,0.24704078715739725,0.17281582060637865,0.19606379870012944,0.11947631960055081,0,0
bci2a,true,tsception,temporal_blocks.2,43,1,64,0.4270833333333333,0.5455273992248992,0.17627563573442842,0.3211443728916962,0.16002162017856372,0.06436140615463912,0,0
bci2a,true,tsception,spatial_block_1,43,1,64,0.4270833333333333,0.6283457335904061,0.16145265825195065,0.7339583873575541,-0.1414318514463474,0.03581919767919864,0,0
bci2a,true,tsception,spatial_block_2,43,1,64,0.4270833333333333,0.8151500261989559,0.42085190655761284,1.40925562656698,-0.6776061205968169,0.08350052022879148,0,0
bci2a,true,tsception,batch_temporal_lay,43,1,64,0.4270833333333333,0.5214244437743053,0.22967448496170112,0.9919388169972443,-0.5444366491339734,0.07392227591103348,0,0
bci2a,true,tsception,batch_spatial_lay,43,1,64,0.4270833333333333,0.5917370686532437,0.37225529650189587,1.316743146599621,-0.8667729839009961,0.14176690595461686,0,0
bci2a,true,tsception,dense_layer,43,1,64,0.4270833333333333,0.6060731029554765,0.3995721713618451,1.1881741420870713,-0.7465757660411807,0.1644747269095859,0,0
bci2a,true,tsception,logits,43,1,64,0.4270833333333333,0.6287169360666103,0.5078276059822759,1.4158560255770043,-1.293262235324283,0.3000327338166351,0,0
bci2a,true,tsception,temporal_blocks.0,43,2,64,0.40625,0.4846326278563156,0.22483351796946563,0.15762991239797206,0.21124838124670403,0.11575433421163893,0,0
bci2a,true,tsception,temporal_blocks.2,43,2,64,0.40625,0.5181295243605808,0.18333062081137944,0.27664754747055453,0.16791863286701353,0.07356334402301212,0,0
bci2a,true,tsception,spatial_block_1,43,2,64,0.40625,0.6977131106984521,0.23363975158975603,1.0687317032925376,-0.4342545638633848,0.06323597126930006,0,0
bci2a,true,tsception,spatial_block_2,43,2,64,0.40625,0.7377042836530716,0.3170505564775431,1.2399060979592442,-0.579850012064637,0.07764819775846367,0,0
bci2a,true,tsception,batch_temporal_lay,43,2,64,0.40625,0.5242150192126729,0.22555406722370452,1.0087710297099202,-0.5577416161383075,0.07318560564105879,0,0
bci2a,true,tsception,batch_spatial_lay,43,2,64,0.40625,0.4698940160643367,0.2549714058735432,1.0977066463526073,-0.7530644529119517,0.12521284859460297,0,0
bci2a,true,tsception,dense_layer,43,2,64,0.40625,0.50661651618235,0.3086731574995696,1.1654968774049095,-0.8353784252938204,0.17649806407126106,0,0
bci2a,true,tsception,logits,43,2,64,0.40625,0.6378682252953851,0.4635735369197153,1.2901488898402373,-1.002600294740542,0.15821158003200034,0,0
bci2a,true,tsception,temporal_blocks.0,43,5,64,0.4861111111111111,0.4581336362393876,0.2249869836819567,0.12622569277657947,0.2070568174372441,0.12485112602556342,0,0
bci2a,true,tsception,temporal_blocks.2,43,5,64,0.4861111111111111,0.48546645607867556,0.21137586441022915,0.2341210867112569,0.1572312075103655,0.09411416185705292,0,0
bci2a,true,tsception,spatial_block_1,43,5,64,0.4861111111111111,0.6790410458517392,0.13628348037038668,0.9049782759549269,-0.25797256634331156,0.03203533624012418,0,0
bci2a,true,tsception,spatial_block_2,43,5,64,0.4861111111111111,0.6926423069877444,0.271725601363918,1.1210802015926882,-0.501214952824897,0.0727770582199529,0,0
bci2a,true,tsception,batch_temporal_lay,43,5,64,0.4861111111111111,0.4959068736078503,0.23188254861620508,1.0092947022491399,-0.5939675836132834,0.08057975497199224,0,0
bci2a,true,tsception,batch_spatial_lay,43,5,64,0.4861111111111111,0.3850547840212636,0.19314318803860192,0.8910529969315747,-0.6255539430522927,0.10371827382534987,0,0
bci2a,true,tsception,dense_layer,43,5,64,0.4861111111111111,0.5047289389728721,0.2814569192812223,1.1098844706698037,-0.749165887765678,0.14401035606874618,0,0
bci2a,true,tsception,logits,43,5,64,0.4861111111111111,0.4805155642480078,0.48453420351602394,0.7847753444618575,-0.6582816705029741,0.10645505031867807,0,0
bci2a,true,tsception,temporal_blocks.0,43,10,64,0.5173611111111112,0.4437028751455204,0.2406952604454065,0.10899510119466549,0.1935391660175636,0.14116860793329084,0,0
bci2a,true,tsception,temporal_blocks.2,43,10,64,0.5173611111111112,0.46716114011409615,0.2195504229796692,0.21897561999809612,0.1469843221856404,0.1012011979303595,0,0
bci2a,true,tsception,spatial_block_1,43,10,64,0.5173611111111112,0.6958791494067561,0.16452273020768982,0.9784314204800583,-0.32416060559898935,0.04160833452568625,0,0
bci2a,true,tsception,spatial_block_2,43,10,64,0.5173611111111112,0.7326133496255,0.35621553689879865,1.2807481226156625,-0.6387977448726456,0.09066297188248057,0,0
bci2a,true,tsception,batch_temporal_lay,43,10,64,0.5173611111111112,0.48330140472333516,0.23039477154404364,1.0011970477236156,-0.6023840168053176,0.08448837380503645,0,0
bci2a,true,tsception,batch_spatial_lay,43,10,64,0.5173611111111112,0.42988109019786014,0.26639802356668024,1.0924848296594325,-0.8052202320325506,0.14261649257097697,0,0
bci2a,true,tsception,dense_layer,43,10,64,0.5173611111111112,0.5155131299029798,0.3134498974863875,1.2760907654558364,-0.957215511854749,0.1966378763018927,0,0
bci2a,true,tsception,logits,43,10,64,0.5173611111111112,0.5837558688795148,0.5076467292167507,1.6845045585756269,-1.5947591835344361,0.3600119092327785,0,0
bci2a,true,tsception,temporal_blocks.0,43,20,64,0.5208333333333334,0.424487170587701,0.2912125510525283,0.059613637824211196,0.17569155962190913,0.18918197314158047,0,0
bci2a,true,tsception,temporal_blocks.2,43,20,64,0.5208333333333334,0.45450272429035227,0.24855861189043194,0.20417269228725124,0.13331326081395334,0.11701677118914751,0,0
bci2a,true,tsception,spatial_block_1,43,20,64,0.5208333333333334,0.62200458457611,0.16358857122512513,0.8769973084527284,-0.31294069186122636,0.05794796798460711,0,0
bci2a,true,tsception,spatial_block_2,43,20,64,0.5208333333333334,0.7625480907424104,0.45790909384167455,1.4967085711185348,-0.8621197403483369,0.12795925997221166,0,0
bci2a,true,tsception,batch_temporal_lay,43,20,64,0.5208333333333334,0.4570360032400159,0.2544033262005966,0.9969448709010631,-0.6365416210080058,0.09663275334695764,0,0
bci2a,true,tsception,batch_spatial_lay,43,20,64,0.5208333333333334,0.46576745081168935,0.32968276795856866,1.270524536780024,-0.994327945162224,0.18957085919388633,0,0
bci2a,true,tsception,dense_layer,43,20,64,0.5208333333333334,0.47882547035373596,0.48642884175649415,1.7814158457756437,-1.7251295521858832,0.4224571233689356,0,0
bci2a,true,tsception,logits,43,20,64,0.5208333333333334,0.5797589609218243,0.5888008326747678,2.320566239990968,-2.6266751903451144,0.7155335005773203,0,0
bci2a,true,tsception,temporal_blocks.0,43,30,64,0.5486111111111112,0.4034757374225719,0.28606103968868224,0.04437648226348292,0.16601596989474046,0.19308328526434812,0,0
bci2a,true,tsception,temporal_blocks.2,43,30,64,0.5486111111111112,0.4437960376949709,0.26169301492795616,0.19431333185677954,0.1206557423183767,0.12882696351981449,0,0
bci2a,true,tsception,spatial_block_1,43,30,64,0.5486111111111112,0.6318839311986366,0.11546373387974132,0.8723283104326349,-0.2701928602911605,0.029748481057161415,0,0
bci2a,true,tsception,spatial_block_2,43,30,64,0.5486111111111112,0.7078070181324082,0.4322278980830326,1.3930906003401757,-0.8202016568720241,0.1349180746642572,0,0
bci2a,true,tsception,batch_temporal_lay,43,30,64,0.5486111111111112,0.44654669392077184,0.25065569399238985,0.9944747520893383,-0.647721334349947,0.09979327618137977,0,0
bci2a,true,tsception,batch_spatial_lay,43,30,64,0.5486111111111112,0.4222655447403788,0.30933849905094957,1.1295336360144628,-0.8808593461536083,0.1733805490720239,0,0
bci2a,true,tsception,dense_layer,43,30,64,0.5486111111111112,0.41891042490881647,0.4451807780836644,1.450269673855507,-1.3972158161252761,0.3658189585815227,0,0
bci2a,true,tsception,logits,43,30,64,0.5486111111111112,0.5314429483924539,0.5631593225955608,2.5733237078031714,-3.205271911681497,0.9441930988208339,0,0
bci2a,true,tsception,temporal_blocks.0,44,0,64,0.25,0.447147769596851,0.3125289341849139,0.11370004932081595,0.15118086740237305,0.1822668528736619,0,0
bci2a,true,tsception,temporal_blocks.2,44,0,64,0.25,0.5162861862992307,0.1743343973673949,0.2562177563543057,0.18008275700300874,0.07998567294191605,0,0
bci2a,true,tsception,spatial_block_1,44,0,64,0.25,0.5327990730933423,0.2515331130647377,0.2776314306018751,0.1163301953621777,0.13883744712928922,0,0
bci2a,true,tsception,spatial_block_2,44,0,64,0.25,0.6818453348569686,0.33729798627687113,0.3416725676416055,0.2378880384303737,0.10228472878498934,0,0
bci2a,true,tsception,batch_temporal_lay,44,0,64,0.25,0.3857441821697811,0.2168091244636229,0.23117071233132253,0.04032277663824381,0.11425069320021422,0,0
bci2a,true,tsception,batch_spatial_lay,44,0,64,0.25,0.44952183064505,0.31395076450409154,0.40861096129818597,-0.10921534946521817,0.15012621881208227,0,0
bci2a,true,tsception,dense_layer,44,0,64,0.25,0.6406010325133425,0.3037682849712269,0.5117551221624448,0.022535505646901995,0.1063104047039958,0,0
bci2a,true,tsception,logits,44,0,64,0.25,0.9754722812696952,0.44726698196572917,1.0425941250125437,-0.07209607316200192,0.004974229419153623,0,0
bci2a,true,tsception,temporal_blocks.0,44,1,64,0.4201388888888889,0.4146326643674849,0.33886900868370734,0.08764840455255465,0.10415356329683625,0.22283069651809373,0,0
bci2a,true,tsception,temporal_blocks.2,44,1,64,0.4201388888888889,0.4937257200892303,0.18917897601789882,0.22860796454562388,0.1741451352185901,0.09097262032501605,0,0
bci2a,true,tsception,spatial_block_1,44,1,64,0.4201388888888889,0.7340329260878227,0.36515616841088,1.167921924701012,-0.5183821644218078,0.08449316580861882,0,0
bci2a,true,tsception,spatial_block_2,44,1,64,0.4201388888888889,0.725919466958695,0.27952930468150283,1.1626260315634445,-0.5019735612585461,0.06526699665379587,0,0
bci2a,true,tsception,batch_temporal_lay,44,1,64,0.4201388888888889,0.544056590097898,0.2349938163372488,1.0251105036548411,-0.553510813432315,0.07245689987537082,0,0
bci2a,true,tsception,batch_spatial_lay,44,1,64,0.4201388888888889,0.5611818317380963,0.30776291390184984,1.1360538011398498,-0.6943839528274709,0.11951198342571556,0,0
bci2a,true,tsception,dense_layer,44,1,64,0.4201388888888889,0.6101641795903426,0.6166589814243553,1.382383089137961,-1.092927673926635,0.3207087643790168,0,0
bci2a,true,tsception,logits,44,1,64,0.4201388888888889,0.7662673404359693,0.6369221097396313,1.063999720485366,-0.4640205899708602,0.16541199598778822,0,0
bci2a,true,tsception,temporal_blocks.0,44,2,64,0.4513888888888889,0.42810712329574424,0.3407160975811876,0.10289401500363586,0.1073827271894843,0.21783038110262393,0,0
bci2a,true,tsception,temporal_blocks.2,44,2,64,0.4513888888888889,0.47175960834991343,0.20059810073878254,0.21375646185874642,0.1594844062177619,0.09851874027340493,0,0
bci2a,true,tsception,spatial_block_1,44,2,64,0.4513888888888889,0.6511742742456263,0.24046072491493348,0.899067720804982,-0.31108459620484635,0.06319114964549054,0,0
bci2a,true,tsception,spatial_block_2,44,2,64,0.4513888888888889,0.7339400081705513,0.3346053353110321,1.259304312559524,-0.605173397205583,0.07980909281661043,0,0
bci2a,true,tsception,batch_temporal_lay,44,2,64,0.4513888888888889,0.5318483300276537,0.2390154982992055,1.0292598849067522,-0.5717004222327453,0.07428886735364557,0,0
bci2a,true,tsception,batch_spatial_lay,44,2,64,0.4513888888888889,0.44668468158447183,0.2764704090108183,1.0580982447429248,-0.7381356055189976,0.1267220423605429,0,0
bci2a,true,tsception,dense_layer,44,2,64,0.4513888888888889,0.5308510981791291,0.4037153550243978,1.0922375111981069,-0.741972281893802,0.18058586887482442,0,0
bci2a,true,tsception,logits,44,2,64,0.4513888888888889,0.6301465053590287,0.5060146203201766,0.7728332423627355,-0.38812297365782267,0.113029019093661,0,0
bci2a,true,tsception,temporal_blocks.0,44,5,64,0.53125,0.4106068891842015,0.3450782888574886,0.10120169883726432,0.08752172985452672,0.22188346049241042,0,0
bci2a,true,tsception,temporal_blocks.2,44,5,64,0.53125,0.44616161944616983,0.2284780257173631,0.1741572693602333,0.15390432711156737,0.11810002297436906,0,0
bci2a,true,tsception,spatial_block_1,44,5,64,0.53125,0.7184189217232518,0.2656026187327807,1.1061560299464177,-0.4442473105157583,0.056510202292591516,0,0
bci2a,true,tsception,spatial_block_2,44,5,64,0.53125,0.7621404265984759,0.2810269026823161,1.242434950791199,-0.5385151519541089,0.05822062776138566,0,0
bci2a,true,tsception,batch_temporal_lay,44,5,64,0.53125,0.5157250685810387,0.24401600449493618,1.0363134246948078,-0.600811150469178,0.08022279435540784,0,0
bci2a,true,tsception,batch_spatial_lay,44,5,64,0.53125,0.4728695074976869,0.27340427554366054,1.1084577112994753,-0.7543539743817214,0.11874939000602018,0,0
bci2a,true,tsception,dense_layer,44,5,64,0.53125,0.6708365966787537,0.4354705262550871,1.5793330942511168,-1.084506905476489,0.17601040790412611,0,0
bci2a,true,tsception,logits,44,5,64,0.53125,0.6449652294917507,0.49166567813996054,1.5351915912267948,-1.1836999678470126,0.19639668788722436,0,0
bci2a,true,tsception,temporal_blocks.0,44,10,64,0.5,0.3982166115228249,0.3161705942696253,0.11068694332743186,0.0963563473555184,0.19117332083987443,0,0
bci2a,true,tsception,temporal_blocks.2,44,10,64,0.5,0.4238927725400019,0.26138700385782176,0.1509647584754159,0.13352015308596302,0.13940786097862268,0,0
bci2a,true,tsception,spatial_block_1,44,10,64,0.5,0.593850393308732,0.23284219823873192,0.8472967615862302,-0.3316617149702395,0.07821534669274059,0,0
bci2a,true,tsception,spatial_block_2,44,10,64,0.5,0.7773414409768731,0.4050060741831377,1.4058485459533991,-0.7236571398172043,0.09515003484067733,0,0
bci2a,true,tsception,batch_temporal_lay,44,10,64,0.5,0.5034164298314816,0.24488356422583807,1.0368558255430749,-0.6174618523086046,0.08402245659700999,0,0
bci2a,true,tsception,batch_spatial_lay,44,10,64,0.5,0.4876734258198946,0.34400535712611796,1.2970258013949687,-0.9795429655394958,0.17019058996442066,0,0
bci2a,true,tsception,dense_layer,44,10,64,0.5,0.6488663823075609,0.516678030228301,1.727740241826932,-1.3281158513939233,0.24924199187455182,0,0
bci2a,true,tsception,logits,44,10,64,0.5,0.6926305866059329,0.5341453531155735,1.8210423570672354,-1.4598243104128226,0.2616240700980039,0,0
bci2a,true,tsception,temporal_blocks.0,44,20,64,0.5451388888888888,0.377216931915892,0.326667204684375,0.09429417723432551,0.07925396449538552,0.2036687901861809,0,0
bci2a,true,tsception,temporal_blocks.2,44,20,64,0.5451388888888888,0.40065452574994903,0.2371674947495895,0.11584153760633113,0.14518603756056128,0.13962695058305608,0,0
bci2a,true,tsception,spatial_block_1,44,20,64,0.5451388888888888,0.6885278943530905,0.27275846152879063,1.138029159288784,-0.5247630370208192,0.07526177208512522,0,0
bci2a,true,tsception,spatial_block_2,44,20,64,0.5451388888888888,0.7474885692283731,0.3688155601675682,1.359354144651863,-0.7100083780198182,0.09814280259632704,0,0
bci2a,true,tsception,batch_temporal_lay,44,20,64,0.5451388888888888,0.47604620362253536,0.23776171781433753,1.017142458199086,-0.6289285756164347,0.08783232103988335,0,0
bci2a,true,tsception,batch_spatial_lay,44,20,64,0.5451388888888888,0.4925263252268004,0.3385229619945192,1.2947821884144837,-0.9727853793257268,0.17052951613804215,0,0
bci2a,true,tsception,dense_layer,44,20,64,0.5451388888888888,0.5408824632404078,0.35120509300964375,1.2515657100416184,-0.8759903764680538,0.1653071296668432,0,0
bci2a,true,tsception,logits,44,20,64,0.5451388888888888,0.6172735697780308,0.5344638332435405,1.5801063977272518,-1.417293430579877,0.29466948570739093,0,0
bci2a,true,tsception,temporal_blocks.0,44,30,64,0.5486111111111112,0.3674586533697688,0.3286564302412414,0.0865347176919854,0.07425783300929678,0.2066661026684866,0,0
bci2a,true,tsception,temporal_blocks.2,44,30,64,0.5486111111111112,0.3878659631996625,0.2541307748521686,0.09622115421148238,0.13793998884169373,0.15370482014648595,0,0
bci2a,true,tsception,spatial_block_1,44,30,64,0.5486111111111112,0.6552567010761685,0.3030691148304023,1.1466263202573956,-0.5870795994739613,0.0957099802927335,0,0
bci2a,true,tsception,spatial_block_2,44,30,64,0.5486111111111112,0.7269366553775453,0.33780061546453855,1.320089995444789,-0.6878498713836914,0.09469653131644566,0,0
bci2a,true,tsception,batch_temporal_lay,44,30,64,0.5486111111111112,0.4536419399322563,0.2365681071186599,1.0007117193428856,-0.6399988409948341,0.09292906158420418,0,0
bci2a,true,tsception,batch_spatial_lay,44,30,64,0.5486111111111112,0.4454957570252541,0.32288893218168524,1.2199784337019282,-0.9507802313518446,0.1762975546751676,0,0
bci2a,true,tsception,dense_layer,44,30,64,0.5486111111111112,0.4977170300129035,0.39717912730622046,1.405538343797565,-1.165402507377785,0.25758119359312326,0,0
bci2a,true,tsception,logits,44,30,64,0.5486111111111112,0.490219322233161,0.5092086998954489,1.1017090913008276,-0.9680389800564138,0.20805342522259201,0,0
bci2a,true,tsception,temporal_blocks.0,45,0,64,0.2326388888888889,0.46235580152943434,0.26878659936963206,0.1322684432568948,0.17938608724790495,0.15070127102463418,0,0
bci2a,true,tsception,temporal_blocks.2,45,0,64,0.2326388888888889,0.4319861805758663,0.15372568107635998,0.1987103449940256,0.154348852333315,0.07892698324852515,0,0
bci2a,true,tsception,spatial_block_1,45,0,64,0.2326388888888889,0.6734967203342663,0.2805513991864226,0.28374019223219427,0.28314151290619105,0.1066150151958814,0,0
bci2a,true,tsception,spatial_block_2,45,0,64,0.2326388888888889,0.6918085086588728,0.12168169822028473,0.5752045527236127,0.08221270996966162,0.03439124596559802,0,0
bci2a,true,tsception,batch_temporal_lay,45,0,64,0.2326388888888889,0.3711554184483314,0.20597849754894593,0.19893428254434722,0.05609574107452586,0.11612539482945794,0,0
bci2a,true,tsception,batch_spatial_lay,45,0,64,0.2326388888888889,0.5194433902069064,0.22641273768482278,0.3168037853319484,0.08884819250025093,0.1137914123747076,0,0
bci2a,true,tsception,dense_layer,45,0,64,0.2326388888888889,0.6642468125055261,0.25553059231543007,0.49378402792168735,0.06648616085557942,0.1039766237282593,0,0
bci2a,true,tsception,logits,45,0,64,0.2326388888888889,0.9824227513240015,0.5370487335781096,1.1032269924454,-0.1334318602173068,0.012627619095908534,0,0
bci2a,true,tsception,temporal_blocks.0,45,1,64,0.3993055555555556,0.4503010868773265,0.2831896065695376,0.10933362712858058,0.17307689480479474,0.16789056494395058,0,0
bci2a,true,tsception,temporal_blocks.2,45,1,64,0.3993055555555556,0.4344347990201891,0.16504293665251374,0.21022341579261095,0.14060030765340725,0.08361107557417058,0,0
bci2a,true,tsception,spatial_block_1,45,1,64,0.3993055555555556,0.6088322894860522,0.14923788793535558,0.8652897567801242,-0.2926735647615336,0.036216097467461315,0,0
bci2a,true,tsception,spatial_block_2,45,1,64,0.3993055555555556,0.8106136242118716,0.3874036928182004,1.4051599782006907,-0.679893303416031,0.08534694942720955,0,0
bci2a,true,tsception,batch_temporal_lay,45,1,64,0.3993055555555556,0.5508678753327025,0.23173623323999443,1.0664192941106316,-0.5966988862231587,0.08114746744522836,0,0
bci2a,true,tsception,batch_spatial_lay,45,1,64,0.3993055555555556,0.5508115420895445,0.31934754038600344,1.1896820533544434,-0.7765901180777789,0.13771960681287887,0,0
bci2a,true,tsception,dense_layer,45,1,64,0.3993055555555556,0.6204033507493197,0.7939185227006124,2.8402089439919602,-3.1023068123228743,0.8825012190802335,0,0
bci2a,true,tsception,logits,45,1,64,0.3993055555555556,0.6239535357077775,0.7295242752634372,2.464703469295235,-2.6846122968375252,0.7491231276942074,0,0
bci2a,true,tsception,temporal_blocks.0,45,2,64,0.4548611111111111,0.43584560013919216,0.2770697625946641,0.10128465727453909,0.16745191333919437,0.1671090295254582,0,0
bci2a,true,tsception,temporal_blocks.2,45,2,64,0.4548611111111111,0.43057517414962104,0.18650600304905907,0.19502929221154536,0.14037859725878768,0.09516728467928773,0,0
bci2a,true,tsception,spatial_block_1,45,2,64,0.4548611111111111,0.6310777302301598,0.18211868462579375,0.8514794963509651,-0.27854326531078705,0.058141499189982085,0,0
bci2a,true,tsception,spatial_block_2,45,2,64,0.4548611111111111,0.8166761426206841,0.368908409144578,1.4077898948759828,-0.6707016030109993,0.07958785075569945,0,0
bci2a,true,tsception,batch_temporal_lay,45,2,64,0.4548611111111111,0.5529036598793587,0.2378189917240159,1.0780502592677208,-0.6051270787766022,0.07998047938823913,0,0
bci2a,true,tsception,batch_spatial_lay,45,2,64,0.4548611111111111,0.5519375476170388,0.3264258472628079,1.29929167457653,-0.9002029567354553,0.15284882977596287,0,0
bci2a,true,tsception,dense_layer,45,2,64,0.4548611111111111,0.6531033745536889,0.6333765453887654,1.990116505555748,-1.7169881802778986,0.37997504927583914,0,0
bci2a,true,tsception,logits,45,2,64,0.4548611111111111,0.7190183224928757,0.632671499427746,1.8639579176181758,-1.3966063861388884,0.22988619544776406,0,0
bci2a,true,tsception,temporal_blocks.0,45,5,64,0.4930555555555556,0.4064079725355222,0.28237145658925294,0.08962241747908226,0.1415612267545806,0.17522432830185886,0,0
bci2a,true,tsception,temporal_blocks.2,45,5,64,0.4930555555555556,0.4064588781637633,0.18138223499026868,0.1747816509980614,0.13094647905904083,0.10073074810666086,0,0
bci2a,true,tsception,spatial_block_1,45,5,64,0.4930555555555556,0.5769483418720693,0.34507999963039415,1.024286514930114,-0.5695075462877814,0.12216937322973667,0,0
bci2a,true,tsception,spatial_block_2,45,5,64,0.4930555555555556,0.764800369572268,0.327726119177838,1.3702931067432735,-0.691656978309511,0.0861642411385048,0,0
bci2a,true,tsception,batch_temporal_lay,45,5,64,0.4930555555555556,0.5211680362508856,0.24945187397704277,1.082656936208806,-0.6530453235405027,0.09155642358258163,0,0
bci2a,true,tsception,batch_spatial_lay,45,5,64,0.4930555555555556,0.45287691910641403,0.3318958478262321,1.2494660966534366,-0.9759643138025621,0.17913645402964126,0,0
bci2a,true,tsception,dense_layer,45,5,64,0.4930555555555556,0.6215743490896692,0.555552523058185,1.9620552669986369,-1.7159116423930838,0.37543072448411585,0,0
bci2a,true,tsception,logits,45,5,64,0.4930555555555556,0.6821543064898044,0.4605693498695427,1.720560616181493,-1.5651515627418398,0.29839911441659084,0,0
bci2a,true,tsception,temporal_blocks.0,45,10,64,0.53125,0.37919762712343724,0.26251500369295466,0.07321376386191003,0.1353701014407068,0.17061376182082,0,0
bci2a,true,tsception,temporal_blocks.2,45,10,64,0.53125,0.3888346615482386,0.18793012960433084,0.16414155846246015,0.11633060885323984,0.1083624942325383,0,0
bci2a,true,tsception,spatial_block_1,45,10,64,0.53125,0.5664136297962455,0.12268322091792376,0.7146090495558326,-0.19894584236667756,0.050750422607089694,0,0
bci2a,true,tsception,spatial_block_2,45,10,64,0.53125,0.7652659279855167,0.3291614082271832,1.404625467920029,-0.7322829885181793,0.09292344858366523,0,0
bci2a,true,tsception,batch_temporal_lay,45,10,64,0.53125,0.5155957354779512,0.2373653762194459,1.0853109210369425,-0.6624963007462732,0.09278111518728102,0,0
bci2a,true,tsception,batch_spatial_lay,45,10,64,0.53125,0.44564942963887777,0.2871700226663767,1.2176148526311903,-0.9431479202974966,0.171000981565216,0,0
bci2a,true,tsception,dense_layer,45,10,64,0.53125,0.6229249715103269,0.5367334050486177,2.1494867318804993,-1.962290101582231,0.4357283412120583,0,0
bci2a,true,tsception,logits,45,10,64,0.53125,0.7025117628997662,0.5912758234255326,2.5481345098091923,-2.6859760013467056,0.6313190760812382,0,0
bci2a,true,tsception,temporal_blocks.0,45,20,64,0.5486111111111112,0.3568022754663217,0.27542684756497665,0.029466833832014407,0.12870463184861664,0.19863080978569053,0,0
bci2a,true,tsception,temporal_blocks.2,45,20,64,0.5486111111111112,0.36860496006550014,0.22850070783592924,0.16019108267579873,0.07890855285663789,0.1295053245330633,0,0
bci2a,true,tsception,spatial_block_1,45,20,64,0.5486111111111112,0.6789901705987034,0.3541089537828883,1.2654012085906976,-0.6887978155199,0.10238677752790598,0,0
bci2a,true,tsception,spatial_block_2,45,20,64,0.5486111111111112,0.7770015820848202,0.43186846311934296,1.5313581763511004,-0.8812137150745422,0.12685712080825853,0,0
bci2a,true,tsception,batch_temporal_lay,45,20,64,0.5486111111111112,0.5049740699726034,0.2566056976508103,1.091587013338894,-0.6869412490612654,0.10032830569497393,0,0
bci2a,true,tsception,batch_spatial_lay,45,20,64,0.5486111111111112,0.471422803347942,0.38054020882978146,1.4013239277333585,-1.1506585037363628,0.22071689827726704,0,0
bci2a,true,tsception,dense_layer,45,20,64,0.5486111111111112,0.5418109696086474,0.43772709431392465,1.860947670528592,-1.7056313762824407,0.3864946753624964,0,0
bci2a,true,tsception,logits,45,20,64,0.5486111111111112,0.5839930435990401,0.5801600783128269,1.8949812946299032,-2.158275467916643,0.5964505379396728,0,0
bci2a,true,tsception,temporal_blocks.0,45,30,64,0.5347222222222222,0.3367661130311032,0.3076188734962846,0.006134841095517748,0.06742113683610776,0.2632101350994776,0,0
bci2a,true,tsception,temporal_blocks.2,45,30,64,0.5347222222222222,0.3476216019019569,0.22349678847811294,0.1478300535030278,0.07014000866633702,0.129651539732592,0,0
bci2a,true,tsception,spatial_block_1,45,30,64,0.5347222222222222,0.6289424734749337,0.22569699543425475,1.072584782029919,-0.5206226749345737,0.0769803663795882,0,0
bci2a,true,tsception,spatial_block_2,45,30,64,0.5347222222222222,0.7497756595344236,0.40124521547722203,1.4677617505989133,-0.8365945547489031,0.11860846368441152,0,0
bci2a,true,tsception,batch_temporal_lay,45,30,64,0.5347222222222222,0.48081943226067775,0.2686232836745611,1.0888490439481426,-0.7177931545667894,0.1097635428793236,0,0
bci2a,true,tsception,batch_spatial_lay,45,30,64,0.5347222222222222,0.40285476075147036,0.3409848809387121,1.2558116274119842,-1.0686077463185892,0.21560133079191712,0,0
bci2a,true,tsception,dense_layer,45,30,64,0.5347222222222222,0.5111041873730998,0.4326663521805615,2.046625134219778,-2.038363451662638,0.5028425048159597,0,0
bci2a,true,tsception,logits,45,30,64,0.5347222222222222,0.5383861709547266,0.5310147593289836,1.7057557003078732,-1.9190641215113424,0.5179276663551277,0,0
bci2a,true,tsception,temporal_blocks.0,46,0,64,0.21875,0.4573510804461854,0.2710153640915519,0.1599289931601024,0.15298532421441835,0.14443676307166436,0,0
bci2a,true,tsception,temporal_blocks.2,46,0,64,0.21875,0.5255513963859955,0.19595465087830077,0.27169818758268754,0.17346644949550213,0.08038675930780556,0,0
bci2a,true,tsception,spatial_block_1,46,0,64,0.21875,0.718326061544448,0.17643788223491902,0.6409057306380266,0.03204967125817929,0.045370659648242696,0,0
bci2a,true,tsception,spatial_block_2,46,0,64,0.21875,0.6485358901941071,0.31965347083560064,0.6883757521581744,-0.14148562037741638,0.10164575841334902,0,0
bci2a,true,tsception,batch_temporal_lay,46,0,64,0.21875,0.33210796951135435,0.24764437198635048,0.19459403948791315,-0.009882000801264324,0.1473959308247052,0,0
bci2a,true,tsception,batch_spatial_lay,46,0,64,0.21875,0.5098360842336211,0.2718938011104863,0.6824195054948365,-0.2939983751614078,0.12141495390019222,0,0
bci2a,true,tsception,dense_layer,46,0,64,0.21875,0.6716646714399384,0.2261910311785726,0.6537118687213844,-0.05749937329611381,0.07545217601466774,0,0
bci2a,true,tsception,logits,46,0,64,0.21875,0.97271422152959,0.4327582457659316,0.9892678820260851,-0.02249367555295667,0.005940015056461559,0,0
bci2a,true,tsception,temporal_blocks.0,46,1,64,0.4236111111111111,0.4521740379150481,0.27711452190447283,0.14310644228261185,0.15787217354152105,0.15119542209091477,0,0
bci2a,true,tsception,temporal_blocks.2,46,1,64,0.4236111111111111,0.5134997519652696,0.20328982621286595,0.25478565087510985,0.17171165235092273,0.08700244873923692,0,0
bci2a,true,tsception,spatial_block_1,46,1,64,0.4236111111111111,0.7041258616797554,0.3037171810266831,1.0385518541160434,-0.41453091947453075,0.0801049270382421,0,0
bci2a,true,tsception,spatial_block_2,46,1,64,0.4236111111111111,0.6752510906324016,0.21248283745615035,0.9046808374420957,-0.28674539818047284,0.057315651370779486,0,0
bci2a,true,tsception,batch_temporal_lay,46,1,64,0.4236111111111111,0.5682864345821328,0.2579422743325608,1.0861454839609115,-0.6022114986774882,0.08435244929870839,0,0
bci2a,true,tsception,batch_spatial_lay,46,1,64,0.4236111111111111,0.5676328311478296,0.2485741222718141,1.0913210277136787,-0.6269865908625574,0.10329839429670586,0,0
bci2a,true,tsception,dense_layer,46,1,64,0.4236111111111111,0.6349136085941456,0.3130661883195526,1.029524382585799,-0.4923980568364206,0.0977872828447672,0,0
bci2a,true,tsception,logits,46,1,64,0.4236111111111111,0.7255334153944466,0.46264412000531396,0.9241026280051567,-0.22580600390688838,0.016508905139401515,0,0
bci2a,true,tsception,temporal_blocks.0,46,2,64,0.4826388888888889,0.43953274633571326,0.25333790141318424,0.12584129018262635,0.17144953922468145,0.1422419169284052,0,0
bci2a,true,tsception,temporal_blocks.2,46,2,64,0.4826388888888889,0.4932097703732088,0.2096293952104364,0.22052404786744553,0.1787065274027474,0.09397919510301572,0,0
bci2a,true,tsception,spatial_block_1,46,2,64,0.4826388888888889,0.7925572784704095,0.3725954614132989,1.3458309475889165,-0.6380373837829276,0.08476371466442105,0,0
bci2a,true,tsception,spatial_block_2,46,2,64,0.4826388888888889,0.667445660395342,0.19262065882589036,0.8543961815240013,-0.23920683944081605,0.052256318312155894,0,0
bci2a,true,tsception,batch_temporal_lay,46,2,64,0.4826388888888889,0.5415675560215776,0.25115942301477084,1.0687181929178673,-0.6111207943502062,0.08397015745391516,0,0
bci2a,true,tsception,batch_spatial_lay,46,2,64,0.4826388888888889,0.5735320332822955,0.34244019723172414,1.340925748076454,-0.9238627219050314,0.1564690071108702,0,0
bci2a,true,tsception,dense_layer,46,2,64,0.4826388888888889,0.5697222403665076,0.3854654459335581,1.2119938123200291,-0.8168378463357345,0.17456627438221317,0,0
bci2a,true,tsception,logits,46,2,64,0.4826388888888889,0.5993534568096094,0.5881445731216801,1.4093269107948008,-1.1613705923080158,0.24866519599087072,0,0
bci2a,true,tsception,temporal_blocks.0,46,5,64,0.5659722222222222,0.41128772767474725,0.26570830379476645,0.09168904073280111,0.1572242552154834,0.16237443172646226,0,0
bci2a,true,tsception,temporal_blocks.2,46,5,64,0.5659722222222222,0.4703705684493047,0.20930087776178669,0.1899197780394974,0.17901142135565445,0.10143936905415234,0,0
bci2a,true,tsception,spatial_block_1,46,5,64,0.5659722222222222,0.6364490523940725,0.19677268958474986,0.8058936972980274,-0.23529475805442335,0.06585011315046832,0,0
bci2a,true,tsception,spatial_block_2,46,5,64,0.5659722222222222,0.6871949346804671,0.21002047146415376,0.8512276262301919,-0.22128537548572313,0.05725268393599807,0,0
bci2a,true,tsception,batch_temporal_lay,46,5,64,0.5659722222222222,0.5093122965447836,0.24702931959345642,1.0584689793973232,-0.6384959869964063,0.08933930414386508,0,0
bci2a,true,tsception,batch_spatial_lay,46,5,64,0.5659722222222222,0.3508218761327109,0.2096207563005797,0.9083928069056407,-0.6796189977438059,0.12109333744858305,0,0
bci2a,true,tsception,dense_layer,46,5,64,0.5659722222222222,0.476224939194697,0.2211630398862031,0.8615106388214684,-0.48146182477579524,0.09617612514902374,0,0
bci2a,true,tsception,logits,46,5,64,0.5659722222222222,0.6499666748321222,0.5048828349745826,1.1040167624232988,-1.001441885998973,0.20254850254517698,0,0
bci2a,true,tsception,temporal_blocks.0,46,10,64,0.5694444444444444,0.3980290813234674,0.2809837594785316,0.07951726827608557,0.13691784286136371,0.18159397018601783,0,0
bci2a,true,tsception,temporal_blocks.2,46,10,64,0.5694444444444444,0.4528903862737565,0.22466822806015307,0.15976592546244126,0.17913687408559986,0.11398758672571507,0,0
bci2a,true,tsception,spatial_block_1,46,10,64,0.5694444444444444,0.6643752352395118,0.2467203504501826,1.0428197282340395,-0.457585365002086,0.07914087200755779,0,0
bci2a,true,tsception,spatial_block_2,46,10,64,0.5694444444444444,0.6605186037933679,0.19653130896950538,0.7972113045520486,-0.20758181209829094,0.07088911133960969,0,0
bci2a,true,tsception,batch_temporal_lay,46,10,64,0.5694444444444444,0.5031570963105516,0.25230955595034427,1.0633095839657194,-0.6506815789808837,0.0905290913257154,0,0
bci2a,true,tsception,batch_spatial_lay,46,10,64,0.5694444444444444,0.35757114488430247,0.24728781067515565,1.021783332022592,-0.8221735359923158,0.1556932889362612,0,0
bci2a,true,tsception,dense_layer,46,10,64,0.5694444444444444,0.4104723939954421,0.24844475416768538,0.9053300724720871,-0.6509131179445673,0.15605543946792239,0,0
bci2a,true,tsception,logits,46,10,64,0.5694444444444444,0.45658122624213865,0.5066028504782079,1.5368571331528,-2.009822187661837,0.6405833001927539,0,0
bci2a,true,tsception,temporal_blocks.0,46,20,64,0.5486111111111112,0.3676558798758693,0.25661283600468165,0.07184545480943394,0.12882883085925062,0.16698159420718467,0,0
bci2a,true,tsception,temporal_blocks.2,46,20,64,0.5486111111111112,0.44389550106760567,0.23933046703794852,0.15395453240121004,0.16618271907085247,0.12375824959554264,0,0
bci2a,true,tsception,spatial_block_1,46,20,64,0.5486111111111112,0.6073674356834527,0.2352235435150904,0.9595337271689572,-0.4456644138641463,0.09349812237864233,0,0
bci2a,true,tsception,spatial_block_2,46,20,64,0.5486111111111112,0.6530514154007604,0.16560796450726029,0.796655601912432,-0.19489790334873677,0.051293716837065795,0,0
bci2a,true,tsception,batch_temporal_lay,46,20,64,0.5486111111111112,0.48477360004379244,0.2584877321982679,1.0564082795964738,-0.6698604438711144,0.0982257643184323,0,0
bci2a,true,tsception,batch_spatial_lay,46,20,64,0.5486111111111112,0.3432119585141161,0.20791214527345897,0.8770851537795779,-0.659451521901817,0.12357211358844011,0,0
bci2a,true,tsception,dense_layer,46,20,64,0.5486111111111112,0.4021279733642917,0.19618922874916894,0.7823477902653991,-0.48906977467996154,0.10878534867818798,0,0
bci2a,true,tsception,logits,46,20,64,0.5486111111111112,0.6586631461592227,0.502712601293404,0.9162091315379874,-0.7038733271988651,0.09850013732246274,0,0
bci2a,true,tsception,temporal_blocks.0,46,30,64,0.5,0.3571831515569207,0.2775039842714586,0.05944015109323348,0.10782683296733725,0.18991616749635007,0,0
bci2a,true,tsception,temporal_blocks.2,46,30,64,0.5,0.44109512011498014,0.25476576095355297,0.14881686605996688,0.15793438387432301,0.13434387018068983,0,0
bci2a,true,tsception,spatial_block_1,46,30,64,0.5,0.6627637354642456,0.32697229526990435,1.3308134708152624,-0.8028557281781343,0.1348059928271173,0,0
bci2a,true,tsception,spatial_block_2,46,30,64,0.5,0.6555285178643749,0.19593159486830453,0.8599516773489785,-0.2648586313752029,0.06043547189059842,0,0
bci2a,true,tsception,batch_temporal_lay,46,30,64,0.5,0.46754809736087244,0.2671578160005248,1.048706679637236,-0.6863430869994223,0.10518450472305829,0,0
bci2a,true,tsception,batch_spatial_lay,46,30,64,0.5,0.4097218858431556,0.29875292610975657,1.1719962393528185,-0.9475366693401419,0.18502416144265477,0,0
bci2a,true,tsception,dense_layer,46,30,64,0.5,0.422725654563107,0.2377326400836482,0.9374130392581677,-0.655430160919843,0.14063480766702652,0,0
bci2a,true,tsception,logits,46,30,64,0.5,0.5913404936726021,0.44939261146276416,0.5994853367664175,-0.32255748529201644,0.02929698354368429,0,0
bci2a,true,atcnet,conv_block,41,0,64,0.25,0.10428690354627528,0.10428690354627528,0.0,0.0,0.091668282944696,0,0
bci2a,true,atcnet,attention_blocks.0,41,0,64,0.25,0.775599061362152,0.47932899854856664,0.5045552331931988,0.07541946890500784,0.19562435926394522,0,0
bci2a,true,atcnet,attention_blocks.4,41,0,64,0.25,0.7758196303486493,0.37186711915427006,0.6375485333663173,0.03159964437928389,0.10667145260304811,0,0
bci2a,true,atcnet,temporal_conv_nets.0,41,0,64,0.25,0.7616424844574861,0.4929921857992199,0.6023174598033736,-0.05930845511251395,0.21863347976662634,0,0
bci2a,true,atcnet,temporal_conv_nets.4,41,0,64,0.25,0.7979664342657531,0.37603928470064846,0.8407002662602989,-0.12960446280894952,0.08687063081440374,0,0
bci2a,true,atcnet,final_layer.4,41,0,64,0.25,0.8938944946146193,0.4715400131206241,0.8209239090081132,0.05467738816400303,0.01829319744250307,0,0
bci2a,true,atcnet,logits,41,0,64,0.25,0.8706362839000386,0.45807432700635853,0.72013280306277,0.12806250625407314,0.022440974583195376,0,0
bci2a,true,atcnet,conv_block,41,1,64,0.3611111111111111,0.6071172163704013,0.3697417600219276,1.096202114020881,-0.5601276802000433,0.07104278254956349,0,0
bci2a,true,atcnet,attention_blocks.0,41,1,64,0.3611111111111111,0.7406754968210442,0.320786000765599,1.279563273215219,-0.5970514373465134,0.058163660952338256,0,0
bci2a,true,atcnet,attention_blocks.4,41,1,64,0.3611111111111111,0.7551285760640241,0.4474486947946089,1.3533418463633617,-0.6692442570320507,0.07103098673271266,0,0
bci2a,true,atcnet,temporal_conv_nets.0,41,1,64,0.3611111111111111,0.8292128431504393,0.31043865157327527,1.2877792197472564,-0.5014264169614933,0.04286004036467622,0,0
bci2a,true,atcnet,temporal_conv_nets.4,41,1,64,0.3611111111111111,0.7938829079390053,0.5300377415715457,1.4694620554124933,-0.7676297698966821,0.09203348863366081,0,0
bci2a,true,atcnet,final_layer.4,41,1,64,0.3611111111111111,0.8241150877598007,0.6941442101335962,1.9661796288839652,-1.3353166163554622,0.18619614871910695,0,0
bci2a,true,atcnet,logits,41,1,64,0.3611111111111111,0.6448938666507593,0.4930393612485455,1.10125979434138,-0.9473724379348534,0.12756367603118723,0,0
bci2a,true,atcnet,conv_block,41,2,64,0.4722222222222222,0.5811767867932254,0.4586386808087415,1.2725513019196733,-0.79804634996903,0.1038001571051041,0,0
bci2a,true,atcnet,attention_blocks.0,41,2,64,0.4722222222222222,0.7111933167239269,0.4072612087819336,1.3281198359604518,-0.7014897165390351,0.07558083616257855,0,0
bci2a,true,atcnet,attention_blocks.4,41,2,64,0.4722222222222222,0.6989773178042094,0.46559898836894914,1.5298605762257382,-0.9634557536667345,0.11260463814603425,0,0
bci2a,true,atcnet,temporal_conv_nets.0,41,2,64,0.4722222222222222,0.7931962855037303,0.3772575678375144,1.2787828584047118,-0.5379014475620845,0.052314874661102934,0,0
bci2a,true,atcnet,temporal_conv_nets.4,41,2,64,0.4722222222222222,0.7726313063327593,0.5508356630222015,1.7223610682097035,-1.0879547555394748,0.12523029129055538,0,0
bci2a,true,atcnet,final_layer.4,41,2,64,0.4722222222222222,0.8607585782558408,0.7824252839371766,2.896313665548548,-2.537052148656729,0.35342838515652064,0,0
bci2a,true,atcnet,logits,41,2,64,0.4722222222222222,0.8349255609036168,0.6790186019432147,1.8576072085601087,-1.6024167988925582,0.21734106074840587,0,0
bci2a,true,atcnet,conv_block,41,5,64,0.5,0.5852637372104227,0.47044003345507546,1.2443786209409544,-0.8976477987064893,0.1009028407430752,0,0
bci2a,true,atcnet,attention_blocks.0,41,5,64,0.5,0.617242785485785,0.40078173429503827,1.126957533291356,-0.6310164310605284,0.05675165767720081,0,0
bci2a,true,atcnet,attention_blocks.4,41,5,64,0.5,0.7220142686596148,0.46337512574941486,1.3304206102951022,-0.9522445104559838,0.09639492644871686,0,0
bci2a,true,atcnet,temporal_conv_nets.0,41,5,64,0.5,0.627976023590717,0.4400046862859005,1.138111953073727,-0.5739249938551301,0.061562362515010696,0,0
bci2a,true,atcnet,temporal_conv_nets.4,41,5,64,0.5,0.7074171807762621,0.463755057037712,1.5320462894023368,-1.0649006763833873,0.1039843968185429,0,0
bci2a,true,atcnet,final_layer.4,41,5,64,0.5,0.8960899103628528,0.7412770078774007,2.457662960038329,-2.2100651118447954,0.266163847241237,0,0
bci2a,true,atcnet,logits,41,5,64,0.5,0.8304611150124261,0.6631856882144453,1.3634416594076926,-0.9219804292717821,0.07597324554911923,0,0
bci2a,true,atcnet,conv_block,41,10,64,0.5833333333333334,0.6206672300900898,0.4325019096989384,1.2083947535168331,-0.826140708874727,0.08859484222957105,0,0
bci2a,true,atcnet,attention_blocks.0,41,10,64,0.5833333333333334,0.6341785473132144,0.4231557157231238,1.163098929409021,-0.7222963906758182,0.07405600263099343,0,0
bci2a,true,atcnet,attention_blocks.4,41,10,64,0.5833333333333334,0.680369565763022,0.3588384162736401,1.1130357581482575,-0.670276553305159,0.05866557973835949,0,0
bci2a,true,atcnet,temporal_conv_nets.0,41,10,64,0.5833333333333334,0.6118703400908079,0.4102569055754117,1.1065885228684678,-0.5996824933964384,0.06862803375246909,0,0
bci2a,true,atcnet,temporal_conv_nets.4,41,10,64,0.5833333333333334,0.684117913801991,0.3438604815516788,1.283820498594099,-0.7144185359531176,0.06416056999244461,0,0
bci2a,true,atcnet,final_layer.4,41,10,64,0.5833333333333334,0.7872133672998629,0.5729506181527031,1.8317963001588615,-1.3544158804428448,0.15403714555925294,0,0
bci2a,true,atcnet,logits,41,10,64,0.5833333333333334,0.7917232778644557,0.503643504982101,0.9172569082087834,-0.4873755244018697,0.02296513725016023,0,0
bci2a,true,atcnet,conv_block,41,20,64,0.6493055555555556,0.6075220318500721,0.39376797219030335,1.1345639263027576,-0.788386902159581,0.09133541769011913,0,0
bci2a,true,atcnet,attention_blocks.0,41,20,64,0.6493055555555556,0.6271060211620161,0.3567222444138073,1.0797696473668705,-0.7202377140876789,0.07612331688231785,0,0
bci2a,true,atcnet,attention_blocks.4,41,20,64,0.6493055555555556,0.6566815134324745,0.2871156256176638,1.003799080431986,-0.5458017077311688,0.034551514040300026,0,0
bci2a,true,atcnet,temporal_conv_nets.0,41,20,64,0.6493055555555556,0.5551212723818144,0.27772310255060095,0.8555903681744754,-0.4068157608799947,0.043883398823101175,0,0
bci2a,true,atcnet,temporal_conv_nets.4,41,20,64,0.6493055555555556,0.6229242121117038,0.354115319982745,0.8970530282672555,-0.3224434411955813,0.0034591429715733714,0,0
bci2a,true,atcnet,final_layer.4,41,20,64,0.6493055555555556,0.7355893577685184,0.5693031883161842,1.0592492210589317,-0.5327113942493391,-0.012724061365548192,0,0
bci2a,true,atcnet,logits,41,20,64,0.6493055555555556,0.574474338805202,0.522884916549037,0.3813572088407092,-0.05483768594885801,0.02090702102883303,0,0
bci2a,true,atcnet,conv_block,41,30,64,0.6666666666666666,0.5289942569204831,0.3829989304945195,1.1429969567103488,-0.8539036715240768,0.12569114344292878,0,0
bci2a,true,atcnet,attention_blocks.0,41,30,64,0.6666666666666666,0.5427090853451864,0.38212521562677093,1.197713481977152,-0.8584874714333952,0.123522913023761,0,0
bci2a,true,atcnet,attention_blocks.4,41,30,64,0.6666666666666666,0.5234175847852798,0.3041279074500196,1.1982930834757164,-0.8058539547176781,0.09480903156835623,0,0
bci2a,true,atcnet,temporal_conv_nets.0,41,30,64,0.6666666666666666,0.47145696547432525,0.30795495146131785,0.9361930554858984,-0.5804557402139028,0.08796007776215967,0,0
bci2a,true,atcnet,temporal_conv_nets.4,41,30,64,0.6666666666666666,0.4986532567995185,0.3377573418239291,1.0944202617402476,-0.704115337710649,0.08801985994869618,0,0
bci2a,true,atcnet,final_layer.4,41,30,64,0.6666666666666666,0.552848627456775,0.5720469102706003,1.2966030938102002,-1.2851718243315544,0.18906418780077303,0,0
bci2a,true,atcnet,logits,41,30,64,0.6666666666666666,0.5755059720981779,0.5470481825726624,0.8968748461418761,-0.9087383946986328,0.21445727574274284,0,0
bci2a,true,atcnet,conv_block,42,0,64,0.24305555555555555,0.13772310697119722,0.13772310697119722,0.0,0.0,0.13053770178980856,0,0
bci2a,true,atcnet,attention_blocks.0,42,0,64,0.24305555555555555,0.8683842379132356,0.48994383589093404,0.6200089377407199,0.11847493508905561,0.1299003650834601,0,0
bci2a,true,atcnet,attention_blocks.4,42,0,64,0.24305555555555555,0.8383509269834408,0.47295324255136917,0.5348434571462133,0.16341317558003182,0.14009429425719572,0,0
bci2a,true,atcnet,temporal_conv_nets.0,42,0,64,0.24305555555555555,0.8408617593245054,0.4808526769307496,0.7178402736197071,-0.02051569179102191,0.14353717749582018,0,0
bci2a,true,atcnet,temporal_conv_nets.4,42,0,64,0.24305555555555555,0.7208562680961802,0.4191448222921698,0.7261941943440524,-0.1960170121956286,0.19067908594775637,0,0
bci2a,true,atcnet,final_layer.4,42,0,64,0.24305555555555555,0.673824891464607,0.5451488329823599,0.6432410196204537,-0.30061507929869047,0.32106340898033886,0,0
bci2a,true,atcnet,logits,42,0,64,0.24305555555555555,0.49557295181331984,0.6363152033134001,0.805482994709765,-1.0561237000868622,0.7025595318402242,0,0
bci2a,true,atcnet,conv_block,42,1,64,0.3680555555555556,0.6235016916780212,0.3634203779440542,1.1273493943621062,-0.583740377559377,0.07989267487529211,0,0
bci2a,true,atcnet,attention_blocks.0,42,1,64,0.3680555555555556,0.7628219288353477,0.33063940841785133,1.1238753445368819,-0.3984854472543617,0.03743203155282734,0,0
bci2a,true,atcnet,attention_blocks.4,42,1,64,0.3680555555555556,0.7833744374465967,0.30847122982613207,1.3154605292543144,-0.5856611064965196,0.05357501468880166,0,0
bci2a,true,atcnet,temporal_conv_nets.0,42,1,64,0.3680555555555556,0.7860276783999376,0.23924587302080333,0.9682890221545459,-0.19684957475896214,0.01458823100435362,0,0
bci2a,true,atcnet,temporal_conv_nets.4,42,1,64,0.3680555555555556,0.7712772019368173,0.28805897921042106,1.2361684860983595,-0.5128630157919507,0.04797173163040824,0,0
bci2a,true,atcnet,final_layer.4,42,1,64,0.3680555555555556,0.8715001646833168,0.4770137821802868,1.4392360497446322,-0.6150171726435109,0.04503899127068664,0,0
bci2a,true,atcnet,logits,42,1,64,0.3680555555555556,0.8643143636452026,0.4497389414146321,1.1997890893545007,-0.3727464404165357,0.03402042525502719,0,0
bci2a,true,atcnet,conv_block,42,2,64,0.4340277777777778,0.63563290868298,0.415132469115449,1.1803759801527103,-0.6280937649069354,0.08335069343720522,0,0
bci2a,true,atcnet,attention_blocks.0,42,2,64,0.4340277777777778,0.7341294995275971,0.3596845184253096,1.0741060509062954,-0.3748127703021644,0.034836218923465945,0,0
bci2a,true,atcnet,attention_blocks.4,42,2,64,0.4340277777777778,0.7586365690968142,0.36228798344724555,1.2774557828229152,-0.5771918219202226,0.05837260819412162,0,0
bci2a,true,atcnet,temporal_conv_nets.0,42,2,64,0.4340277777777778,0.7950294337604473,0.2953191179313217,0.9811729149694658,-0.19923286468768772,0.01308938347866893,0,0
bci2a,true,atcnet,temporal_conv_nets.4,42,2,64,0.4340277777777778,0.7435415380289071,0.332533872396793,1.1416328058475336,-0.4429941287706211,0.04490286095199445,0,0
bci2a,true,atcnet,final_layer.4,42,2,64,0.4340277777777778,0.9034293640057444,0.48784380980502107,1.3048232149853678,-0.42570277434662374,0.02430892336700029,0,0
bci2a,true,atcnet,logits,42,2,64,0.4340277777777778,0.8417925364939256,0.5608825444945079,1.0770502101860868,-0.27773785986862687,0.04248018617646563,0,0
bci2a,true,atcnet,conv_block,42,5,64,0.5138888888888888,0.5684637567852759,0.505898736944488,1.3285773503554061,-0.9845385922054604,0.13613183351048785,0,0
bci2a,true,atcnet,attention_blocks.0,42,5,64,0.5138888888888888,0.5882118347050278,0.46209659778449297,1.204720389886603,-0.7353550002228928,0.09227363459979396,0,0
bci2a,true,atcnet,attention_blocks.4,42,5,64,0.5138888888888888,0.7499717998452299,0.4555387399326165,1.4536726989005881,-1.0021618627649005,0.10302192077378877,0,0
bci2a,true,atcnet,temporal_conv_nets.0,42,5,64,0.5138888888888888,0.6200887042884866,0.4624549159937016,1.1303945719110517,-0.5909621873086224,0.07833712115460043,0,0
bci2a,true,atcnet,temporal_conv_nets.4,42,5,64,0.5138888888888888,0.7315323205236037,0.5169177776496388,1.4190785284456289,-0.8546185053429511,0.07775959708869995,0,0
bci2a,true,atcnet,final_layer.4,42,5,64,0.5138888888888888,0.8452938477036241,0.5088983945215149,1.3659698462225314,-0.8188690959158998,0.0744204607961439,0,0
bci2a,true,atcnet,logits,42,5,64,0.5138888888888888,0.8127195097240544,0.5696804660021504,0.9989613301764703,-0.5003849286352725,0.022620310317664677,0,0
bci2a,true,atcnet,conv_block,42,10,64,0.59375,0.6367760065429457,0.48542316287210924,1.2656126336069535,-0.884839158630226,0.11078740240674198,0,0
bci2a,true,atcnet,attention_blocks.0,42,10,64,0.59375,0.6436299939680629,0.4620987290306908,1.2044954595921968,-0.7677707955565758,0.09337131994488726,0,0
bci2a,true,atcnet,attention_blocks.4,42,10,64,0.59375,0.7595899319599436,0.33136525821138346,1.1541413395531988,-0.6843763174989959,0.0484967046764114,0,0
bci2a,true,atcnet,temporal_conv_nets.0,42,10,64,0.59375,0.6199629360108182,0.43830015511224296,1.1855286537382819,-0.6970148776945346,0.08807516343309715,0,0
bci2a,true,atcnet,temporal_conv_nets.4,42,10,64,0.59375,0.7140672179439791,0.3655161257944948,1.1668691022255095,-0.578852714645651,0.03526966797114753,0,0
bci2a,true,atcnet,final_layer.4,42,10,64,0.59375,0.8399530866885445,0.6256777314093435,1.2401396571704302,-0.7517025355230111,0.0436219782968018,0,0
bci2a,true,atcnet,logits,42,10,64,0.59375,0.7957175157231531,0.49237927667479864,0.794162539720819,-0.27615355745766906,0.004146451368575412,0,0
bci2a,true,atcnet,conv_block,42,20,64,0.6527777777777778,0.6016243693203533,0.41882382468966234,1.2619147697046205,-0.9415558968614823,0.13756355734982928,0,0
bci2a,true,atcnet,attention_blocks.0,42,20,64,0.6527777777777778,0.623369813820928,0.4212318800381867,1.2103006380794374,-0.8606598614910181,0.12187315269071941,0,0
bci2a,true,atcnet,attention_blocks.4,42,20,64,0.6527777777777778,0.717486105213159,0.26463680793711586,1.0770643055826907,-0.6353016344830421,0.049725822425527116,0,0
bci2a,true,atcnet,temporal_conv_nets.0,42,20,64,0.6527777777777778,0.5728369300290456,0.3840319987336367,1.0684664849540744,-0.6457951350480251,0.09656104975417268,0,0
bci2a,true,atcnet,temporal_conv_nets.4,42,20,64,0.6527777777777778,0.6727339175709846,0.3297673520645239,0.9127486758507286,-0.32748162891808286,0.013907312582702083,0,0
bci2a,true,atcnet,final_layer.4,42,20,64,0.6527777777777778,0.7837665802565967,0.6270010525608902,0.8951525449078201,-0.3899122222331166,0.0059013875759726525,0,0
bci2a,true,atcnet,logits,42,20,64,0.6527777777777778,0.5872895894132943,0.511020361191511,0.28591769558696556,0.000580194850358793,0.04558364125474108,0,0
bci2a,true,atcnet,conv_block,42,30,64,0.6527777777777778,0.574240270189716,0.39998362893844835,1.2722466953602756,-0.9786075754961083,0.16004583438942643,0,0
bci2a,true,atcnet,attention_blocks.0,42,30,64,0.6527777777777778,0.5687542595259363,0.37729733566744394,1.1937614742524743,-0.8765052619617449,0.14095859719754725,0,0
bci2a,true,atcnet,attention_blocks.4,42,30,64,0.6527777777777778,0.6722505345861528,0.2595889210349368,0.9869663600760683,-0.625825829059687,0.05424763213717866,0,0
bci2a,true,atcnet,temporal_conv_nets.0,42,30,64,0.6527777777777778,0.4995161403782884,0.35298690227261137,1.0550858314686273,-0.746068785310495,0.14134844762334248,0,0
bci2a,true,atcnet,temporal_conv_nets.4,42,30,64,0.6527777777777778,0.5893559775331836,0.38594547473855356,0.7213664123894713,-0.25889125372670047,0.012827594887025858,0,0
bci2a,true,atcnet,final_layer.4,42,30,64,0.6527777777777778,0.6737132386698809,0.6709632332611191,0.6881565116711469,-0.28528273698708756,0.004561943007205497,0,0
bci2a,true,atcnet,logits,42,30,64,0.6527777777777778,0.46831916944842233,0.5178944046844165,0.2691878075762304,-0.13378592615884782,0.07020144583814954,0,0
bci2a,true,atcnet,conv_block,43,0,64,0.24305555555555555,0.11760535429890316,0.11760535429890315,0.0,0.0,0.1057918886151358,0,0
bci2a,true,atcnet,attention_blocks.0,43,0,64,0.24305555555555555,0.7207493665090472,0.5809158955485061,0.42032944138163114,-0.06391613738629304,0.36433606251370915,0,0
bci2a,true,atcnet,attention_blocks.4,43,0,64,0.24305555555555555,0.7227825849518883,0.43418325914767897,0.7843815050652098,-0.25918751898105064,0.19758859886772928,0,0
bci2a,true,atcnet,temporal_conv_nets.0,43,0,64,0.24305555555555555,0.6829240217769637,0.5243511005895138,0.5535296767371134,-0.2195432786136911,0.34893762365354153,0,0
bci2a,true,atcnet,temporal_conv_nets.4,43,0,64,0.24305555555555555,0.6163495360049241,0.483723422039526,0.6816985809790453,-0.39059540802773307,0.3252463630536119,0,0
bci2a,true,atcnet,final_layer.4,43,0,64,0.24305555555555555,0.4782862076742239,0.5337119241542805,1.3244038163305492,-1.536619191425502,0.4706140695737337,0,0
bci2a,true,atcnet,logits,43,0,64,0.24305555555555555,0.7998270572760642,0.5777316405051476,0.5065155013095566,0.09556562057464671,0.19774593539186086,0,0
bci2a,true,atcnet,conv_block,43,1,64,0.3472222222222222,0.653468797350736,0.3082674851678442,0.9904413012400862,-0.3775685413856057,0.04059603749625549,0,0
bci2a,true,atcnet,attention_blocks.0,43,1,64,0.3472222222222222,0.7674285020666757,0.3868493588018116,1.1821009995558907,-0.4577437556921712,0.04307125820295635,0,0
bci2a,true,atcnet,attention_blocks.4,43,1,64,0.3472222222222222,0.7431699351912211,0.21448875580690813,0.9927969007856896,-0.2677337681994242,0.01810680260495563,0,0
bci2a,true,atcnet,temporal_conv_nets.0,43,1,64,0.3472222222222222,0.7950943956402393,0.32597297443262097,1.021161549489457,-0.2480415899324413,0.021974436083223456,0,0
bci2a,true,atcnet,temporal_conv_nets.4,43,1,64,0.3472222222222222,0.7454766476846643,0.21555891678212294,0.9301184467877979,-0.20160275127563237,0.01696095217249885,0,0
bci2a,true,atcnet,final_layer.4,43,1,64,0.3472222222222222,0.7568857243937647,0.4839465453715135,1.2555405549404903,-0.64408060536347,0.06842998149774471,0,0
bci2a,true,atcnet,logits,43,1,64,0.3472222222222222,0.652027106271968,0.4456723533882885,0.7365759350105683,-0.23817869610105064,0.03495410093173168,0,0
bci2a,true,atcnet,conv_block,43,2,64,0.4756944444444444,0.6216684598935809,0.38360678455447317,1.07403835664069,-0.5162225457302407,0.06385264898313195,0,0
bci2a,true,atcnet,attention_blocks.0,43,2,64,0.4756944444444444,0.7529961127109422,0.3414904106130776,1.123113424935996,-0.40252797803215234,0.03241066580709856,0,0
bci2a,true,atcnet,attention_blocks.4,43,2,64,0.4756944444444444,0.6552814431911818,0.2619137372991036,1.0062506845542416,-0.3930912404775915,0.04212199911453177,0,0
bci2a,true,atcnet,temporal_conv_nets.0,43,2,64,0.4756944444444444,0.7867015162484099,0.3220879383372759,1.0365177806752408,-0.2704294385643528,0.020613174137521798,0,0
bci2a,true,atcnet,temporal_conv_nets.4,43,2,64,0.4756944444444444,0.6605952247420138,0.4108505014480929,1.0634677299955229,-0.46645498124477003,0.06147134643757632,0,0
bci2a,true,atcnet,final_layer.4,43,2,64,0.4756944444444444,0.7588334539376694,0.6050755152061189,1.376908287443995,-0.8740769183976692,0.12054691886681941,0,0
bci2a,true,atcnet,logits,43,2,64,0.4756944444444444,0.7913577835572196,0.5079593385451171,0.7414176544332183,0.03185512844769587,0.0026640972193589744,0,0
bci2a,true,atcnet,conv_block,43,5,64,0.5416666666666666,0.5359326752847409,0.4127265211910054,1.0259426121630917,-0.7315402231497778,0.09256553009409635,0,0
bci2a,true,atcnet,attention_blocks.0,43,5,64,0.5416666666666666,0.5916516286128021,0.38877832366193915,1.1731524752142486,-0.7314813314176924,0.08742031826731583,0,0
bci2a,true,atcnet,attention_blocks.4,43,5,64,0.5416666666666666,0.7047476566153497,0.34488324861165354,1.2527916207038339,-0.9491691186350509,0.11963785701327406,0,0
bci2a,true,atcnet,temporal_conv_nets.0,43,5,64,0.5416666666666666,0.668994549249339,0.42738903571390713,1.2022095837472755,-0.6045148982950744,0.06842285177464139,0,0
bci2a,true,atcnet,temporal_conv_nets.4,43,5,64,0.5416666666666666,0.7480046920284191,0.5570799741915654,1.3220897425967655,-0.8345494820731008,0.08481626876859899,0,0
bci2a,true,atcnet,final_layer.4,43,5,64,0.5416666666666666,0.9084116332487149,0.7794058695047572,1.4308979360589116,-1.0136701172873281,0.09599145566336942,0,0
bci2a,true,atcnet,logits,43,5,64,0.5416666666666666,0.8383341850998348,0.5509318734179616,1.2125603759638741,-0.7818735383202979,0.06966141846194143,0,0
bci2a,true,atcnet,conv_block,43,10,64,0.5625,0.5540473393024496,0.3377501299710217,0.9647066985223978,-0.6675679101269432,0.06820869662966417,0,0
bci2a,true,atcnet,attention_blocks.0,43,10,64,0.5625,0.5674827925133548,0.3223361041466479,0.9656638798217266,-0.6349222205518901,0.06145612928415464,0,0
bci2a,true,atcnet,attention_blocks.4,43,10,64,0.5625,0.763801777567741,0.37577496328224336,1.3405182550518773,-1.0019511401870091,0.11196871530153338,0,0
bci2a,true,atcnet,temporal_conv_nets.0,43,10,64,0.5625,0.5643927305255874,0.3615317083857157,1.0238926566733677,-0.5156464809953277,0.047459706715312716,0,0
bci2a,true,atcnet,temporal_conv_nets.4,43,10,64,0.5625,0.7592687757189811,0.5566546580523126,1.3040014341534283,-0.7664435924205989,0.06763501749854814,0,0
bci2a,true,atcnet,final_layer.4,43,10,64,0.5625,0.9413799908305372,0.794689808698543,1.4453982097767974,-0.998647253471275,0.07489502848822227,0,0
bci2a,true,atcnet,logits,43,10,64,0.5625,0.866274570235362,0.5649527175585899,1.3818435783115524,-0.9587147881136202,0.09055700974574218,0,0
bci2a,true,atcnet,conv_block,43,20,64,0.6423611111111112,0.6020170718668537,0.3974191442608673,1.0632787657482974,-0.7917248742981883,0.09547615707530424,0,0
bci2a,true,atcnet,attention_blocks.0,43,20,64,0.6423611111111112,0.6054627351722236,0.4038135364852015,1.071637762640465,-0.7395954262388977,0.0864217332590372,0,0
bci2a,true,atcnet,attention_blocks.4,43,20,64,0.6423611111111112,0.8095575858352084,0.3157264100958884,1.2074402919926999,-0.8606741405180732,0.07090477584233112,0,0
bci2a,true,atcnet,temporal_conv_nets.0,43,20,64,0.6423611111111112,0.5393584053326459,0.38435137339907055,1.1136166103944427,-0.6865069065220571,0.09148683841789249,0,0
bci2a,true,atcnet,temporal_conv_nets.4,43,20,64,0.6423611111111112,0.754243976591568,0.36968284990300704,1.0423576575548221,-0.4886495160416309,0.0277083730589179,0,0
bci2a,true,atcnet,final_layer.4,43,20,64,0.6423611111111112,0.8788579548994446,0.5335197963293573,0.9421183931750001,-0.4264840692314253,0.007944269153962116,0,0
bci2a,true,atcnet,logits,43,20,64,0.6423611111111112,0.6778106054861625,0.5134718456657186,0.537737851030696,-0.09996242657433461,0.000785738411188547,0,0
bci2a,true,atcnet,conv_block,43,30,64,0.6666666666666666,0.5898532681491173,0.4123035468758885,1.2149077250637466,-0.9599057531645555,0.14271861758832693,0,0
bci2a,true,atcnet,attention_blocks.0,43,30,64,0.6666666666666666,0.6081996998803871,0.44480529008758257,1.2419491210322797,-0.9400287210819906,0.13520957637775177,0,0
bci2a,true,atcnet,attention_blocks.4,43,30,64,0.6666666666666666,0.8189702468540949,0.3108580393831937,1.308704233285846,-0.9389742402371569,0.0838372342128765,0,0
bci2a,true,atcnet,temporal_conv_nets.0,43,30,64,0.6666666666666666,0.5745792763985944,0.4847896365747629,1.3932590722808733,-0.999595596999767,0.15326371057229632,0,0
bci2a,true,atcnet,temporal_conv_nets.4,43,30,64,0.6666666666666666,0.7578441628725991,0.3561264194436191,1.0483304865976497,-0.49123144647290523,0.03073419886154394,0,0
bci2a,true,atcnet,final_layer.4,43,30,64,0.6666666666666666,0.9007460967120143,0.591246046701407,0.9557645634695785,-0.4414617849887932,0.012117370743499915,0,0
bci2a,true,atcnet,logits,43,30,64,0.6666666666666666,0.548720046519714,0.5203387882387388,0.5021279494188766,-0.17041790037322016,0.023616025499538854,0,0
bci2a,true,atcnet,conv_block,44,0,64,0.25,0.11884601707349829,0.11884601707349829,0.0,0.0,0.10934817851725892,0,0
bci2a,true,atcnet,attention_blocks.0,44,0,64,0.25,0.7371128392567152,0.3207249679338384,0.7021641986544757,-0.05791396794554712,0.09286260854778661,0,0
bci2a,true,atcnet,attention_blocks.4,44,0,64,0.25,0.8085098198204698,0.4291800507715393,0.5659806227671424,0.1411825748810778,0.10134662217224949,0,0
bci2a,true,atcnet,temporal_conv_nets.0,44,0,64,0.25,0.7639236058460787,0.37673782331462125,0.7992955891566426,-0.1462104981566266,0.11083851484606272,0,0
bci2a,true,atcnet,temporal_conv_nets.4,44,0,64,0.25,0.8097262911527809,0.3858239478382117,0.6587286344892985,0.07625966902016644,0.07473798764331598,0,0
bci2a,true,atcnet,final_layer.4,44,0,64,0.25,0.8946313770030534,0.5360813364432929,0.7807969912240966,0.06951246554161081,0.04432192023734596,0,0
bci2a,true,atcnet,logits,44,0,64,0.25,0.7944464693325594,0.48387147364654537,0.6029368650873571,0.0898048616798365,0.09957366366894073,0,0
bci2a,true,atcnet,conv_block,44,1,64,0.4027777777777778,0.6056834614282721,0.42292344418048217,1.2112246245295049,-0.701250473479802,0.09570931037856904,0,0
bci2a,true,atcnet,attention_blocks.0,44,1,64,0.4027777777777778,0.6898772502184947,0.2819031310426143,1.01630123344998,-0.3521271507291708,0.025703167497685336,0,0
bci2a,true,atcnet,attention_blocks.4,44,1,64,0.4027777777777778,0.7477507073522425,0.4074182947294137,1.1078576632882196,-0.41037429690217453,0.05026734096619709,0,0
bci2a,true,atcnet,temporal_conv_nets.0,44,1,64,0.4027777777777778,0.7384883683264656,0.3017665174107177,1.0144921321764497,-0.2978874493253083,0.02188368547532414,0,0
bci2a,true,atcnet,temporal_conv_nets.4,44,1,64,0.4027777777777778,0.7832265677312005,0.427866908599834,1.0322947584866737,-0.2864995325079358,0.0374313417524626,0,0
bci2a,true,atcnet,final_layer.4,44,1,64,0.4027777777777778,0.7335951157393306,0.7835484741283795,2.1648993982678713,-2.251269703537541,0.49533762373926743,0,0
bci2a,true,atcnet,logits,44,1,64,0.4027777777777778,0.7306627303248636,0.6702112406427343,0.7679264731486899,-0.08312519629867494,0.04206262706770257,0,0
bci2a,true,atcnet,conv_block,44,2,64,0.46875,0.5425043892584513,0.44600817742045556,1.144713189264324,-0.7544421676167565,0.10697733786691223,0,0
bci2a,true,atcnet,attention_blocks.0,44,2,64,0.46875,0.6031630116803857,0.3501679797146988,0.9827751385585184,-0.41990586016593484,0.037337120991986814,0,0
bci2a,true,atcnet,attention_blocks.4,44,2,64,0.46875,0.6548084440109883,0.3995582049530548,1.081740665485817,-0.48608987565137823,0.05701345209592363,0,0
bci2a,true,atcnet,temporal_conv_nets.0,44,2,64,0.46875,0.6634473076085508,0.3526656813805725,1.0195639517431854,-0.3918714176302396,0.03575477349560488,0,0
bci2a,true,atcnet,temporal_conv_nets.4,44,2,64,0.46875,0.649069414286578,0.440652636956833,1.0581353508439286,-0.47901446922442537,0.05665270671717297,0,0
bci2a,true,atcnet,final_layer.4,44,2,64,0.46875,0.8138550461003523,0.7271532914350487,1.3372975562170644,-1.2028341280136976,0.21586801222089994,0,0
bci2a,true,atcnet,logits,44,2,64,0.46875,0.7098888495027726,0.6508432012107874,0.9320306714616953,-0.5048907307300965,0.06410328578116903,0,0
bci2a,true,atcnet,conv_block,44,5,64,0.53125,0.5727251287607322,0.41877760098251093,1.0644259401749658,-0.6914589112923042,0.07638313656246748,0,0
bci2a,true,atcnet,attention_blocks.0,44,5,64,0.53125,0.5708844623032299,0.3173911168770972,0.9926682880907353,-0.4769301439726251,0.04350781065394544,0,0
bci2a,true,atcnet,attention_blocks.4,44,5,64,0.53125,0.6109919228057175,0.3150589501950117,0.9507778998033539,-0.4713269753006062,0.04170883942253539,0,0
bci2a,true,atcnet,temporal_conv_nets.0,44,5,64,0.53125,0.5839219625582537,0.27011319333554784,0.8391300870844403,-0.28977630371682506,0.034387965770918565,0,0
bci2a,true,atcnet,temporal_conv_nets.4,44,5,64,0.53125,0.6325850574039265,0.3365298923416348,0.9366001314443917,-0.4105984333791347,0.039956581076554594,0,0
bci2a,true,atcnet,final_layer.4,44,5,64,0.53125,0.7318015079126299,0.5860518943605988,0.9176001200815923,-0.5806149774008637,0.07217986489332681,0,0
bci2a,true,atcnet,logits,44,5,64,0.53125,0.7697547560483384,0.48524605694514,0.9447212120987797,-0.36582906364909284,0.004654648596970557,0,0
bci2a,true,atcnet,conv_block,44,10,64,0.5763888888888888,0.6234872867856571,0.35929667992397496,0.9817264424567216,-0.6410324430918205,0.06392662325044517,0,0
bci2a,true,atcnet,attention_blocks.0,44,10,64,0.5763888888888888,0.6098672739787909,0.28403537599628303,0.9777257077661233,-0.5487287213720801,0.04403438894060871,0,0
bci2a,true,atcnet,attention_blocks.4,44,10,64,0.5763888888888888,0.6399715691096233,0.22258807739344166,0.8841948816700655,-0.4487531272610935,0.022333433607923628,0,0
bci2a,true,atcnet,temporal_conv_nets.0,44,10,64,0.5763888888888888,0.5058721033490783,0.2516220116732504,0.6985496461616676,-0.24313274344262506,0.03621809160195602,0,0
bci2a,true,atcnet,temporal_conv_nets.4,44,10,64,0.5763888888888888,0.6519473333078422,0.2077019981030157,0.8622867013645166,-0.32564024808587816,0.013648397881773345,0,0
bci2a,true,atcnet,final_layer.4,44,10,64,0.5763888888888888,0.7830523114444184,0.44466542450303215,0.8864511348413927,-0.4289576878470587,0.0061393632886029125,0,0
bci2a,true,atcnet,logits,44,10,64,0.5763888888888888,0.7898186531526097,0.5245623878704304,0.7448320587336466,-0.2657504376948745,-0.0011988740308500475,0,0
bci2a,true,atcnet,conv_block,44,20,64,0.65625,0.5624794814655242,0.2812170484761177,1.0238203369833974,-0.715756622076564,0.09788411424102181,0,0
bci2a,true,atcnet,attention_blocks.0,44,20,64,0.65625,0.5820096314713443,0.29649436884034325,1.046859270020609,-0.6861823391800419,0.08266906257526482,0,0
bci2a,true,atcnet,attention_blocks.4,44,20,64,0.65625,0.6494388668346344,0.23916697829504371,0.9934155593556974,-0.5959589929183773,0.0537434783913739,0,0
bci2a,true,atcnet,temporal_conv_nets.0,44,20,64,0.65625,0.5151526862443399,0.2937875609766102,0.9029652087696793,-0.50850162376272,0.08174453854270963,0,0
bci2a,true,atcnet,temporal_conv_nets.4,44,20,64,0.65625,0.6575822627414547,0.33387108678742444,0.9391742788188249,-0.394850159196303,0.025195882847831426,0,0
bci2a,true,atcnet,final_layer.4,44,20,64,0.65625,0.8038913591592587,0.5281226302558586,1.0056301159449408,-0.5007331930364839,0.023827855214360424,0,0
bci2a,true,atcnet,logits,44,20,64,0.65625,0.638535744648572,0.5119403842771049,0.4772377850879606,-0.10600859117546772,0.0008242501958767735,0,0
bci2a,true,atcnet,conv_block,44,30,64,0.6423611111111112,0.5080091136331022,0.16578639211688995,0.9264869915079575,-0.6915012730723922,0.10579256633242969,0,0
bci2a,true,atcnet,attention_blocks.0,44,30,64,0.6423611111111112,0.5451655007326961,0.22989622361622164,0.9711176704609283,-0.7224236761856422,0.1023213527707159,0,0
bci2a,true,atcnet,attention_blocks.4,44,30,64,0.6423611111111112,0.6099306575990187,0.3626555936530088,1.1170811276678685,-0.8928890285125824,0.12924740199813978,0,0
bci2a,true,atcnet,temporal_conv_nets.0,44,30,64,0.6423611111111112,0.47295339344138504,0.2395263308584637,0.8578795315161258,-0.5356445482015465,0.09244875405825095,0,0
bci2a,true,atcnet,temporal_conv_nets.4,44,30,64,0.6423611111111112,0.6052993142054756,0.38529581410096375,0.9657256624234419,-0.5897505874052003,0.06729755363245091,0,0
bci2a,true,atcnet,final_layer.4,44,30,64,0.6423611111111112,0.7425877033397783,0.5554865173260024,1.1119083723761167,-0.8804041015432003,0.10875311917507671,0,0
bci2a,true,atcnet,logits,44,30,64,0.6423611111111112,0.6010429834784787,0.532225583254849,0.614202295786167,-0.4070625524029315,0.05176945460124757,0,0
bci2a,true,atcnet,conv_block,45,0,64,0.1840277777777778,0.10262403522894598,0.10262403522894598,0.0,0.0,0.0928388116871174,0,0
bci2a,true,atcnet,attention_blocks.0,45,0,64,0.1840277777777778,0.8116067779103019,0.4121830236330076,0.7969028355779282,-0.08898211556187331,0.10368605789424684,0,0
bci2a,true,atcnet,attention_blocks.4,45,0,64,0.1840277777777778,0.767592111470822,0.4700849372725562,0.7493941605961902,-0.1467407276566477,0.16493867853127947,0,0
bci2a,true,atcnet,temporal_conv_nets.0,45,0,64,0.1840277777777778,0.816887348528516,0.4298279589159483,0.8247219246568652,-0.11368028049942251,0.10584570437107332,0,0
bci2a,true,atcnet,temporal_conv_nets.4,45,0,64,0.1840277777777778,0.6342029329914394,0.5275304363676401,0.6102643592033762,-0.3134307178279916,0.3373692916160547,0,0
bci2a,true,atcnet,final_layer.4,45,0,64,0.1840277777777778,0.8757635007905253,0.6867535140348802,1.2939373102623923,-0.6126298312375249,0.19445602176565777,0,0
bci2a,true,atcnet,logits,45,0,64,0.1840277777777778,0.6130841931661697,0.5473650416523881,1.891380646515115,-1.7883479255829593,0.43678442072701057,0,0
bci2a,true,atcnet,conv_block,45,1,64,0.3680555555555556,0.6005974897910419,0.3953222138110328,1.1697103902799366,-0.6555994048097997,0.08648650432090488,0,0
bci2a,true,atcnet,attention_blocks.0,45,1,64,0.3680555555555556,0.73356597005742,0.2691349990185589,0.9348038863280953,-0.21814026915344964,0.016902352882774346,0,0
bci2a,true,atcnet,attention_blocks.4,45,1,64,0.3680555555555556,0.709933440417684,0.28248395489521716,1.0940936616385368,-0.4183067442242563,0.03414652300340354,0,0
bci2a,true,atcnet,temporal_conv_nets.0,45,1,64,0.3680555555555556,0.7873572890052092,0.2920775419678686,0.9736987730395914,-0.20396669866173048,0.01762521462734819,0,0
bci2a,true,atcnet,temporal_conv_nets.4,45,1,64,0.3680555555555556,0.736673670128029,0.2700205344470269,1.0827741526047903,-0.3761193839636663,0.030018901486904868,0,0
bci2a,true,atcnet,final_layer.4,45,1,64,0.3680555555555556,0.8574982560762772,0.44198704008304013,1.1547022836122816,-0.3239095118006742,0.02285492967686023,0,0
bci2a,true,atcnet,logits,45,1,64,0.3680555555555556,0.5781712670660176,0.49605779917247506,0.7659336957733855,-0.3588376149561019,0.088113583019131,0,0
bci2a,true,atcnet,conv_block,45,2,64,0.4270833333333333,0.5539038332666508,0.4103966898298324,1.1947864906346946,-0.7515280484446626,0.09917993310148107,0,0
bci2a,true,atcnet,attention_blocks.0,45,2,64,0.4270833333333333,0.6928288629176202,0.2909063750027874,0.9877982539527108,-0.32260307794811904,0.027633686913028394,0,0
bci2a,true,atcnet,attention_blocks.4,45,2,64,0.4270833333333333,0.686323129628573,0.31342379384111335,1.3131840995142972,-0.7623046654308135,0.07812255104826553,0,0
bci2a,true,atcnet,temporal_conv_nets.0,45,2,64,0.4270833333333333,0.7031238640505195,0.3157207946905325,0.9240083230200677,-0.2505386647609342,0.02965420579138602,0,0
bci2a,true,atcnet,temporal_conv_nets.4,45,2,64,0.4270833333333333,0.6973468673483253,0.2729343901540682,1.1460541913876443,-0.5163902648237599,0.04607451599759957,0,0
bci2a,true,atcnet,final_layer.4,45,2,64,0.4270833333333333,0.7274899062276932,0.5377981651116364,1.4013046057093732,-0.8844201559706755,0.14187746117444128,0,0
bci2a,true,atcnet,logits,45,2,64,0.4270833333333333,0.7291531632808649,0.6098077681653866,1.385052592341765,-1.1207557093467297,0.2058539436473752,0,0
bci2a,true,atcnet,conv_block,45,5,64,0.5104166666666666,0.6009060663020049,0.4776929077859421,1.2113542630776788,-0.8546703770422528,0.10169334359311191,0,0
bci2a,true,atcnet,attention_blocks.0,45,5,64,0.5104166666666666,0.6005734247450434,0.39437115927497923,1.0473341519981894,-0.6291367681601088,0.06237090333512378,0,0
bci2a,true,atcnet,attention_blocks.4,45,5,64,0.5104166666666666,0.7245528035152013,0.3274760689249663,1.2192407794566718,-0.7732653984539697,0.060666476695333135,0,0
bci2a,true,atcnet,temporal_conv_nets.0,45,5,64,0.5104166666666666,0.5946802068787567,0.3558388050569477,0.9728565304788047,-0.4244024778149236,0.03995204521245481,0,0
bci2a,true,atcnet,temporal_conv_nets.4,45,5,64,0.5104166666666666,0.6965959858029275,0.27684180936856057,1.1032724350916305,-0.5645692024435631,0.039490102413628075,0,0
bci2a,true,atcnet,final_layer.4,45,5,64,0.5104166666666666,0.7663484032035224,0.4735563772106218,1.1766888999846286,-0.6693973775618449,0.06102868797622225,0,0
bci2a,true,atcnet,logits,45,5,64,0.5104166666666666,0.8322022906775304,0.5102247946034628,1.0359718014763828,-0.5383938122008921,0.027685398237429146,0,0
bci2a,true,atcnet,conv_block,45,10,64,0.5972222222222222,0.6133186574083493,0.45211533330216186,1.1383355775226627,-0.8244204579552061,0.1024490323864456,0,0
bci2a,true,atcnet,attention_blocks.0,45,10,64,0.5972222222222222,0.6054272104671837,0.4094552697354935,1.083634117591135,-0.7372720744608923,0.08584127150648274,0,0
bci2a,true,atcnet,attention_blocks.4,45,10,64,0.5972222222222222,0.7306340066616712,0.34404858643644354,1.1203920180550109,-0.6475586287807076,0.04773092251849609,0,0
bci2a,true,atcnet,temporal_conv_nets.0,45,10,64,0.5972222222222222,0.5761994814344383,0.428974756209903,1.0833945230931707,-0.6342606135888709,0.08408702684378266,0,0
bci2a,true,atcnet,temporal_conv_nets.4,45,10,64,0.5972222222222222,0.6929219635016259,0.34438313294178213,1.0501298147967808,-0.44424718087399095,0.030010957202713906,0,0
bci2a,true,atcnet,final_layer.4,45,10,64,0.5972222222222222,0.7788227212624994,0.5793450222568508,1.1444394113865801,-0.5525822865826441,0.041604720210083254,0,0
bci2a,true,atcnet,logits,45,10,64,0.5972222222222222,0.7812018296857425,0.5642167973351155,1.05174859675492,-0.572572815131501,0.05659024568870749,0,0
bci2a,true,atcnet,conv_block,45,20,64,0.6354166666666666,0.6045168063710185,0.3540034843051152,1.075037636326956,-0.7683713753697845,0.10026167004408235,0,0
bci2a,true,atcnet,attention_blocks.0,45,20,64,0.6354166666666666,0.5973070191920393,0.29448941234378345,0.9789645996597615,-0.705468697231189,0.08299210789242643,0,0
bci2a,true,atcnet,attention_blocks.4,45,20,64,0.6354166666666666,0.7259562368693938,0.30005063154896294,1.1423892483219669,-0.7066278057438792,0.06778812148765764,0,0
bci2a,true,atcnet,temporal_conv_nets.0,45,20,64,0.6354166666666666,0.5397903994936057,0.34608275627585167,1.0649833059824325,-0.6856417850519483,0.09047697058198262,0,0
bci2a,true,atcnet,temporal_conv_nets.4,45,20,64,0.6354166666666666,0.6801426359303135,0.3311437427563636,0.980662066477646,-0.41950827581413985,0.03068120954391549,0,0
bci2a,true,atcnet,final_layer.4,45,20,64,0.6354166666666666,0.7769340463313554,0.6396225288191395,0.9318179091092182,-0.3731423112536215,0.023288825598649417,0,0
bci2a,true,atcnet,logits,45,20,64,0.6354166666666666,0.7127324337972805,0.5367055057862551,0.7175025919018785,-0.26623904837860346,0.03215596169294828,0,0
bci2a,true,atcnet,conv_block,45,30,64,0.6840277777777778,0.5644176550762032,0.3329179423147336,1.1029338664829942,-0.8533161358741626,0.1344497892828701,0,0
bci2a,true,atcnet,attention_blocks.0,45,30,64,0.6840277777777778,0.5403766176469539,0.2883684056625472,1.0063467942269086,-0.7348431802782756,0.10663432129106992,0,0
bci2a,true,atcnet,attention_blocks.4,45,30,64,0.6840277777777778,0.6914769295179299,0.2751799479315363,1.083170196157604,-0.6962553353911112,0.07635476489945084,0,0
bci2a,true,atcnet,temporal_conv_nets.0,45,30,64,0.6840277777777778,0.46713493353886104,0.3065871326200038,0.8248176953991948,-0.48223962772542306,0.08982447500148655,0,0
bci2a,true,atcnet,temporal_conv_nets.4,45,30,64,0.6840277777777778,0.7168168746315748,0.2949022064985989,0.9642980982612319,-0.3770120568176703,0.024131373332309573,0,0
bci2a,true,atcnet,final_layer.4,45,30,64,0.6840277777777778,0.8677645904000035,0.590824900039285,1.0732879504752844,-0.4700357001446992,0.018339486493235253,0,0
bci2a,true,atcnet,logits,45,30,64,0.6840277777777778,0.6189007992160367,0.545558642588934,0.5397470556593915,-0.12722747114471417,0.048869340386926065,0,0
bci2a,true,atcnet,conv_block,46,0,64,0.1909722222222222,0.10067759214526062,0.10067759214526062,0.0,0.0,0.08490945011711873,0,0
bci2a,true,atcnet,attention_blocks.0,46,0,64,0.1909722222222222,0.7768227530470446,0.4829453783847447,0.8325991272304127,-0.2195806311966868,0.16380425701331863,0,0
bci2a,true,atcnet,attention_blocks.4,46,0,64,0.1909722222222222,0.7473146864000013,0.4925587855603032,0.5032264900389515,0.03849010754155968,0.2055980888194901,0,0
bci2a,true,atcnet,temporal_conv_nets.0,46,0,64,0.1909722222222222,0.8153927491027988,0.5627945558600729,0.734194617190911,-0.09838968204161103,0.1795878139534987,0,0
bci2a,true,atcnet,temporal_conv_nets.4,46,0,64,0.1909722222222222,0.7675002947617275,0.5180003468161478,0.5115833918317877,0.05076968306741263,0.20514721986252715,0,0
bci2a,true,atcnet,final_layer.4,46,0,64,0.1909722222222222,0.7471541637223879,0.49235024783609505,0.47695739322304787,0.23728255664768022,0.029585954189851188,0,0
bci2a,true,atcnet,logits,46,0,64,0.1909722222222222,0.5749189292709698,0.4905131617045321,0.5626878339044838,-0.24016153171956894,0.19694575509822207,0,0
bci2a,true,atcnet,conv_block,46,1,64,0.3194444444444444,0.6181885747332235,0.28129259718437855,1.0433487374927815,-0.48473902320678597,0.059578860447227794,0,0
bci2a,true,atcnet,attention_blocks.0,46,1,64,0.3194444444444444,0.8272649406690451,0.2785334847311405,1.2014788795132403,-0.4018443615513795,0.02763042270718408,0,0
bci2a,true,atcnet,attention_blocks.4,46,1,64,0.3194444444444444,0.739138548067104,0.18295860060670346,1.0168421797193892,-0.30127268682132957,0.02356905516904447,0,0
bci2a,true,atcnet,temporal_conv_nets.0,46,1,64,0.3194444444444444,0.8234877236271606,0.22563706576186934,1.024271537997099,-0.21505581011975217,0.014271995749813766,0,0
bci2a,true,atcnet,temporal_conv_nets.4,46,1,64,0.3194444444444444,0.7344041480548854,0.21734580678031792,1.0446219997363013,-0.3393542435366505,0.029136391855234638,0,0
bci2a,true,atcnet,final_layer.4,46,1,64,0.3194444444444444,0.8398591946702353,0.42872389196091953,1.0355910926928158,-0.19220632158148515,-0.00701596468239645,0,0
bci2a,true,atcnet,logits,46,1,64,0.3194444444444444,0.8894047357362744,0.4383118522670021,1.4037239445874876,-0.5700879339512778,0.049656744808691505,0,0
bci2a,true,atcnet,conv_block,46,2,64,0.3923611111111111,0.6018130523517395,0.2975289382646036,1.0544952042222335,-0.5230505968804452,0.0703684450099511,0,0
bci2a,true,atcnet,attention_blocks.0,46,2,64,0.3923611111111111,0.837761094496674,0.24497909460720996,1.280690820461298,-0.475558755037617,0.032629029072993275,0,0
bci2a,true,atcnet,attention_blocks.4,46,2,64,0.3923611111111111,0.7231814540434218,0.19431189368395446,1.0448451292766145,-0.35167437674660634,0.030010701513413604,0,0
bci2a,true,atcnet,temporal_conv_nets.0,46,2,64,0.3923611111111111,0.8309322156284993,0.19944229193587168,1.1085329192417799,-0.29717355193766115,0.019572848324380495,0,0
bci2a,true,atcnet,temporal_conv_nets.4,46,2,64,0.3923611111111111,0.7524071285717995,0.21516214869562547,0.9763917767820977,-0.24902367367957895,0.02503902546928055,0,0
bci2a,true,atcnet,final_layer.4,46,2,64,0.3923611111111111,0.8800518418178123,0.4369150729052667,0.7354550708556007,0.13943160441267377,0.005165166549537685,0,0
bci2a,true,atcnet,logits,46,2,64,0.3923611111111111,0.8675204987118517,0.4884269501661427,1.182302017036769,-0.3573673151945243,0.042560610027911394,0,0
bci2a,true,atcnet,conv_block,46,5,64,0.5381944444444444,0.5053717345290205,0.3594167950534132,1.1284701361395895,-0.7968066552434252,0.10725249331089035,0,0
bci2a,true,atcnet,attention_blocks.0,46,5,64,0.5381944444444444,0.6233330058542205,0.2748202440313616,1.1459505519954276,-0.6184379121483274,0.05551785063311252,0,0
bci2a,true,atcnet,attention_blocks.4,46,5,64,0.5381944444444444,0.6707893030063266,0.3011464087044153,1.434792659210085,-1.0172293332198645,0.12297446092014404,0,0
bci2a,true,atcnet,temporal_conv_nets.0,46,5,64,0.5381944444444444,0.6629270056278095,0.26502098832755316,1.0495037024447367,-0.4291777973925226,0.042133940595249206,0,0
bci2a,true,atcnet,temporal_conv_nets.4,46,5,64,0.5381944444444444,0.6092281714623522,0.31536572596353984,1.213021046104822,-0.7491136144662041,0.09129272168384212,0,0
bci2a,true,atcnet,final_layer.4,46,5,64,0.5381944444444444,0.7448580445161145,0.5794700236370698,1.5002309208036861,-1.5690683910934244,0.295683364392781,0,0
bci2a,true,atcnet,logits,46,5,64,0.5381944444444444,0.7588098109485496,0.49471946794460386,1.2075264157218724,-0.8063251284157922,0.09981294972740375,0,0
bci2a,true,atcnet,conv_block,46,10,64,0.5694444444444444,0.5838881863222141,0.3526075868569681,1.077861687060038,-0.8184148133216028,0.10694650040699463,0,0
bci2a,true,atcnet,attention_blocks.0,46,10,64,0.5694444444444444,0.6617235719963042,0.3439694505933333,1.2026026807261654,-0.8610700133407729,0.09378866047048841,0,0
bci2a,true,atcnet,attention_blocks.4,46,10,64,0.5694444444444444,0.6996723046968334,0.298418634680674,1.3019935788819503,-0.9538464691391163,0.10666928250069244,0,0
bci2a,true,atcnet,temporal_conv_nets.0,46,10,64,0.5694444444444444,0.6001837532560212,0.379499189291329,1.1075570048688945,-0.6068326380185272,0.06672322386487306,0,0
bci2a,true,atcnet,temporal_conv_nets.4,46,10,64,0.5694444444444444,0.6587437243227174,0.3001380534038041,1.1660115963306872,-0.6794879041799273,0.06741174150529958,0,0
bci2a,true,atcnet,final_layer.4,46,10,64,0.5694444444444444,0.8375741956385689,0.5457180649500901,1.4175713226832265,-1.1425435684627272,0.1479980445203109,0,0
bci2a,true,atcnet,logits,46,10,64,0.5694444444444444,0.8279148136840477,0.5198247898362665,1.1020919031603256,-0.698540568941536,0.06808375646467499,0,0
bci2a,true,atcnet,conv_block,46,20,64,0.6076388888888888,0.5287898401788632,0.24063257685585915,0.9626352559243057,-0.7304458993462116,0.10783803084697577,0,0
bci2a,true,atcnet,attention_blocks.0,46,20,64,0.6076388888888888,0.5717744504134171,0.28344540533572293,1.02480465355185,-0.7532392682230755,0.09724218856254307,0,0
bci2a,true,atcnet,attention_blocks.4,46,20,64,0.6076388888888888,0.6636933342659844,0.25733341120256503,1.2726130458063598,-0.9398405537681185,0.12058850824595668,0,0
bci2a,true,atcnet,temporal_conv_nets.0,46,20,64,0.6076388888888888,0.5888439401806679,0.2993956663726027,1.045822507857603,-0.5756238745243648,0.06611021278444297,0,0
bci2a,true,atcnet,temporal_conv_nets.4,46,20,64,0.6076388888888888,0.5884631419710817,0.26126029703665876,1.021828241317066,-0.5573216391585956,0.05328296495716198,0,0
bci2a,true,atcnet,final_layer.4,46,20,64,0.6076388888888888,0.7634669848377886,0.45233498486931356,1.234297085262892,-0.8533893050882223,0.08249246183892908,0,0
bci2a,true,atcnet,logits,46,20,64,0.6076388888888888,0.6616312004254193,0.5563671832257565,0.6304234270966169,-0.24380024450491156,0.016711649940525725,0,0
bci2a,true,atcnet,conv_block,46,30,64,0.6458333333333334,0.5301493042556791,0.26486216844974036,1.0568538287010094,-0.8394026293646691,0.137915462040952,0,0
bci2a,true,atcnet,attention_blocks.0,46,30,64,0.6458333333333334,0.5152870016368213,0.26629216252847276,0.9804134021091947,-0.739631630368707,0.12180605899471159,0,0
bci2a,true,atcnet,attention_blocks.4,46,30,64,0.6458333333333334,0.7116626174942073,0.3309257777330856,1.4486064069793474,-1.164219457009905,0.18106799348393865,0,0
bci2a,true,atcnet,temporal_conv_nets.0,46,30,64,0.6458333333333334,0.5488595476694736,0.3150902310841342,0.969295827714005,-0.5569080695148368,0.09655209433694095,0,0
bci2a,true,atcnet,temporal_conv_nets.4,46,30,64,0.6458333333333334,0.6193487320866472,0.26579941952204167,1.0026690044165445,-0.5187745495005075,0.05456481507929307,0,0
bci2a,true,atcnet,final_layer.4,46,30,64,0.6458333333333334,0.7118022849311333,0.49253528355531717,0.9601662123800143,-0.5521998544692815,0.043289960185177695,0,0
bci2a,true,atcnet,logits,46,30,64,0.6458333333333334,0.6126887451387546,0.5355458799987114,0.2983845055554845,0.012201486240097946,0.049556881610597056,0,0
