dataset,label_mode,arch,layer,seed,epoch,n_windows,val_acc,raw_odi,anchored_odi,signed_baseline,signed_cross,signed_residual,raw_floor_pairs,anchor_excluded_pairs
sleepedf_full,shuffled,eegnet,conv_temporal,41,0,65,0.2025,0.0004976390905650339,0.0004976390905650339,0.0,0.0,-0.00017350139968431305,0,0
sleepedf_full,shuffled,eegnet,bnorm_1,41,0,65,0.2025,0.000553555698261581,0.0005535556982615808,0.0,0.0,-0.00018819349923972843,0,0
sleepedf_full,shuffled,eegnet,conv_spatial,41,0,65,0.2025,0.0005535557023029754,0.0005535557023029754,0.0,0.0,-0.00018819349733055566,0,0
sleepedf_full,shuffled,eegnet,conv_separable_depth,41,0,65,0.2025,0.008130796396221052,0.008130796396221052,0.0,0.0,0.0012315223987611824,0,0
sleepedf_full,shuffled,eegnet,bnorm_2,41,0,65,0.2025,0.010155325808471505,0.010155325808471507,0.0,0.0,0.0016248703444272893,0,0
sleepedf_full,shuffled,eegnet,pool_2,41,0,65,0.2025,0.05096188668955794,0.050961886689557936,0.0,0.0,0.029988645396080173,0,0
sleepedf_full,shuffled,eegnet,logits,41,0,65,0.2025,0.3837770971383551,0.3837770971383551,0.0,0.0,0.03585832929956225,0,0
sleepedf_full,shuffled,eegnet,conv_temporal,41,1,65,0.2245,0.000785013571310994,0.000785013571310994,0.0,0.0,-0.0004738472770216827,0,0
sleepedf_full,shuffled,eegnet,bnorm_1,41,1,65,0.2245,0.09285704221749598,0.0009128028105674967,0.09331340367173872,1.9274029222012822e-05,-0.0004921534043232861,0,0
sleepedf_full,shuffled,eegnet,conv_spatial,41,1,65,0.2245,0.006150330884495587,0.0009408460064936537,0.006053207392564952,2.829035734169843e-05,-0.0005619422684900489,0,0
sleepedf_full,shuffled,eegnet,conv_separable_depth,41,1,65,0.2245,0.06780324339822225,0.009265520415837974,0.06641466355184605,-0.0001316599147823201,0.0006011737685686922,0,0
sleepedf_full,shuffled,eegnet,bnorm_2,41,1,65,0.2245,0.5182773194980457,0.011685400555244025,0.5292731337073414,-0.010883313396277112,-0.0001125008130186821,0,0
sleepedf_full,shuffled,eegnet,pool_2,41,1,65,0.2245,0.9072580210517639,0.05908974516047981,0.971972066836785,-0.06602464520800758,0.0013105994229860238,0,0
sleepedf_full,shuffled,eegnet,logits,41,1,65,0.2245,0.9727115973607315,0.37269958714523943,1.0827258940217186,-0.11165081462303098,0.0016365179620437785,0,0
sleepedf_full,shuffled,eegnet,conv_temporal,41,2,65,0.2015,0.0007036629019988928,0.000703662901998893,0.0,0.0,-0.0003799689453263838,0,0
sleepedf_full,shuffled,eegnet,bnorm_1,41,2,65,0.2015,0.05191256671122527,0.0007954945891882211,0.052254653430423896,3.367860337191248e-05,-0.00041601048609897246,0,0
sleepedf_full,shuffled,eegnet,conv_spatial,41,2,65,0.2015,0.0047770524678378105,0.0008815870927422522,0.004557680176521799,1.7657320626143985e-06,-0.000475861696484291,0,0
sleepedf_full,shuffled,eegnet,conv_separable_depth,41,2,65,0.2015,0.049101022773162396,0.00949984565230135,0.04700429786712267,-0.001045171652651517,0.0016860406718719615,0,0
sleepedf_full,shuffled,eegnet,bnorm_2,41,2,65,0.2015,0.3755320872469078,0.012294889395148032,0.39616932562147184,-0.021073990066893714,0.0004367516923295488,0,0
sleepedf_full,shuffled,eegnet,pool_2,41,2,65,0.2015,0.7715173563502966,0.12192769698480041,0.9629624484103311,-0.20384443154172202,0.012399339481687208,0,0
sleepedf_full,shuffled,eegnet,logits,41,2,65,0.2015,0.8453434568222113,0.4196949114516091,1.2180300343538006,-0.39716438107956387,0.024261012160250405,0,0
sleepedf_full,shuffled,eegnet,conv_temporal,41,5,65,0.212,0.0006682022315306786,0.0006682022315306786,0.0,0.0,-0.00025631641195758873,0,0
sleepedf_full,shuffled,eegnet,bnorm_1,41,5,65,0.212,0.043246848611114386,0.000756541962393163,0.04347541726589498,1.3529089321426703e-05,-0.0002840905934946579,0,0
sleepedf_full,shuffled,eegnet,conv_spatial,41,5,65,0.212,0.022274561878338213,0.0010137197740060402,0.02232177131117672,3.479500630253453e-05,-0.00039755461253171296,0,0
sleepedf_full,shuffled,eegnet,conv_separable_depth,41,5,65,0.212,0.05183033762399671,0.01125070685158174,0.054552639341932004,-0.011250747392664542,0.004380037459495673,0,0
sleepedf_full,shuffled,eegnet,bnorm_2,41,5,65,0.212,0.31005502199266466,0.014330899175545976,0.3323024380666018,-0.024189578914847173,0.001942162840910117,0,0
sleepedf_full,shuffled,eegnet,pool_2,41,5,65,0.212,0.5938650203989481,0.19564104797062973,0.9736946761256757,-0.4365272967518788,0.051368691284949974,0,0
sleepedf_full,shuffled,eegnet,logits,41,5,65,0.212,0.7082503772108381,0.43695340410405664,1.2237542745820393,-0.6561309075700347,0.08138155976724862,0,0
sleepedf_full,shuffled,eegnet,conv_temporal,41,10,65,0.203,0.0007353864572127719,0.0007353864572127717,0.0,0.0,-0.00014348379508785173,0,0
sleepedf_full,shuffled,eegnet,bnorm_1,41,10,65,0.203,0.1332037739952731,0.0009494169236372972,0.13349085532128352,-5.356964549962451e-05,-0.0002335116805109005,0,0
sleepedf_full,shuffled,eegnet,conv_spatial,41,10,65,0.203,0.04732965259323612,0.0013260172932774668,0.04746585134459806,-8.885012707565295e-06,-0.0003386689216456462,0,0
sleepedf_full,shuffled,eegnet,conv_separable_depth,41,10,65,0.203,0.131571138775499,0.012855786078233298,0.16241423327080332,-0.04123888174280465,0.004382296428523613,0,0
sleepedf_full,shuffled,eegnet,bnorm_2,41,10,65,0.203,0.3497501562997973,0.015623216734835625,0.36147007330302644,-0.013770412113253434,0.0020504951100243285,0,0
sleepedf_full,shuffled,eegnet,pool_2,41,10,65,0.203,0.6129194284724888,0.17927107577359305,0.9923866839922229,-0.42959856454524176,0.04452795487970829,0,0
sleepedf_full,shuffled,eegnet,logits,41,10,65,0.203,0.6595775559005792,0.37832070337246887,1.0784888601340443,-0.5188407570219234,0.05285751144670836,0,0
sleepedf_full,shuffled,eegnet,conv_temporal,41,20,65,0.2095,0.000959751536463674,0.000959751536463674,0.0,0.0,2.6056296212357088e-05,0,0
sleepedf_full,shuffled,eegnet,bnorm_1,41,20,65,0.2095,0.26337127000677013,0.0012326791243725287,0.2636823578835182,-9.62985588281503e-05,-0.0002147893179200447,0,0
sleepedf_full,shuffled,eegnet,conv_spatial,41,20,65,0.2095,0.10079205737132622,0.001636929614151189,0.10103745446166298,1.880799795202215e-05,-0.00031008858892815085,0,0
sleepedf_full,shuffled,eegnet,conv_separable_depth,41,20,65,0.2095,0.19521176980722854,0.013562503691923208,0.23243102756354306,-0.040421467970932524,0.0023057491186274357,0,0
sleepedf_full,shuffled,eegnet,bnorm_2,41,20,65,0.2095,0.36258317553057456,0.01560421216021351,0.35895953256210134,0.002799838366582605,0.000823804601890729,0,0
sleepedf_full,shuffled,eegnet,pool_2,41,20,65,0.2095,0.6199409548590986,0.13887493365669254,1.0227810127712806,-0.4536026503632732,0.04646250439116919,0,0
sleepedf_full,shuffled,eegnet,logits,41,20,65,0.2095,0.6308020354849474,0.37475792810954994,1.0463873803336383,-0.5144099686026617,0.056827389226970275,0,0
sleepedf_full,shuffled,eegnet,conv_temporal,42,0,65,0.205,0.00038917104231505706,0.00038917104231505685,0.0,0.0,-0.00010739431482810584,0,0
sleepedf_full,shuffled,eegnet,bnorm_1,42,0,65,0.205,0.00041754217795454083,0.0004175421779545412,0.0,0.0,-5.136189973444862e-05,0,0
sleepedf_full,shuffled,eegnet,conv_spatial,42,0,65,0.205,0.00041754216991565676,0.0004175421699156568,0.0,0.0,-5.136190393495538e-05,0,0
sleepedf_full,shuffled,eegnet,conv_separable_depth,42,0,65,0.205,0.008533526653218807,0.008533526653218809,0.0,0.0,0.001611626671373597,0,0
sleepedf_full,shuffled,eegnet,bnorm_2,42,0,65,0.205,0.00893492302474049,0.00893492302474049,0.0,0.0,0.0013602108269010354,0,0
sleepedf_full,shuffled,eegnet,pool_2,42,0,65,0.205,0.04744109087042693,0.04744109087042693,0.0,0.0,0.01618300008283034,0,0
sleepedf_full,shuffled,eegnet,logits,42,0,65,0.205,0.3834588611775457,0.3834588611775457,0.0,0.0,0.033166565623816056,0,0
sleepedf_full,shuffled,eegnet,conv_temporal,42,1,65,0.18,0.0005322485485154551,0.0005322485485154551,0.0,0.0,-0.0003392697086407631,0,0
sleepedf_full,shuffled,eegnet,bnorm_1,42,1,65,0.18,0.07762862631321253,0.0006187516941504899,0.07791807970626702,-1.2080652699335082e-05,-0.0002892386575157839,0,0
sleepedf_full,shuffled,eegnet,conv_spatial,42,1,65,0.18,0.010754086887289063,0.0006354493881269076,0.010844194325942873,-3.535978129703641e-05,-0.00032672592519460006,0,0
sleepedf_full,shuffled,eegnet,conv_separable_depth,42,1,65,0.18,0.06680802741596188,0.010155329528985632,0.05911514647902253,0.005879471445638065,0.001364152216641312,0,0
sleepedf_full,shuffled,eegnet,bnorm_2,42,1,65,0.18,0.39209417994707285,0.009636240590866903,0.3942431235556615,-0.002394419315495567,0.0002454757069070151,0,0
sleepedf_full,shuffled,eegnet,pool_2,42,1,65,0.18,0.7912918111070734,0.04793948603348853,0.8583251259388062,-0.06930513309172233,0.0022718182599897534,0,0
sleepedf_full,shuffled,eegnet,logits,42,1,65,0.18,0.9005142393032348,0.3735763930897452,0.9618230913142553,-0.06903914178230738,0.0009471282085357943,0,0
sleepedf_full,shuffled,eegnet,conv_temporal,42,2,65,0.188,0.0005633932658481337,0.0005633932658481331,0.0,0.0,-0.00034582885088708216,0,0
sleepedf_full,shuffled,eegnet,bnorm_1,42,2,65,0.188,0.027357498102694933,0.0006315500785485699,0.027570610796495185,-5.025203052049497e-07,-0.0003223378805188172,0,0
sleepedf_full,shuffled,eegnet,conv_spatial,42,2,65,0.188,0.010221267074346715,0.0006764121822474509,0.010332401518513145,-7.006480892055127e-05,-0.0003469260997198271,0,0
sleepedf_full,shuffled,eegnet,conv_separable_depth,42,2,65,0.188,0.034961572859202275,0.010892165129334781,0.02683478568419003,0.003922975338248851,0.002582111911268145,0,0
sleepedf_full,shuffled,eegnet,bnorm_2,42,2,65,0.188,0.2600900120832647,0.010124970185542212,0.264460713723607,-0.004970135922508972,0.0005994342821666642,0,0
sleepedf_full,shuffled,eegnet,pool_2,42,2,65,0.188,0.6487277402062681,0.08416374033811543,0.8543625948870923,-0.22412020942533267,0.018485354744508187,0,0
sleepedf_full,shuffled,eegnet,logits,42,2,65,0.188,0.7433147807282096,0.39292214959709504,0.9692894245187487,-0.2735599235746528,0.02974363573820791,0,0
sleepedf_full,shuffled,eegnet,conv_temporal,42,5,65,0.1835,0.0005568308858630696,0.0005568308858630699,0.0,0.0,-0.00018646355367508437,0,0
sleepedf_full,shuffled,eegnet,bnorm_1,42,5,65,0.1835,0.043714646313909165,0.0006517320757983999,0.043843347662888665,3.6278538466792883e-05,-0.0002348974000743294,0,0
sleepedf_full,shuffled,eegnet,conv_spatial,42,5,65,0.1835,0.022490343981562445,0.0007477755084597201,0.022551556857871247,-2.783689139873812e-05,-0.0002829711445005195,0,0
sleepedf_full,shuffled,eegnet,conv_separable_depth,42,5,65,0.1835,0.03213328690131406,0.011385461625323265,0.034549864587145776,-0.009071425343901844,0.0034860223114875502,0,0
sleepedf_full,shuffled,eegnet,bnorm_2,42,5,65,0.1835,0.2745989585808836,0.010491568882647611,0.28004381208067225,-0.006114007941561916,0.0006691544417732982,0,0
sleepedf_full,shuffled,eegnet,pool_2,42,5,65,0.1835,0.5390840267322197,0.16106822710063837,0.930540067787991,-0.4472488372590585,0.05462405175646568,0,0
sleepedf_full,shuffled,eegnet,logits,42,5,65,0.1835,0.6439325570415252,0.3986030006756286,1.1125070555170231,-0.6168997390559969,0.0858871603937829,0,0
sleepedf_full,shuffled,eegnet,conv_temporal,42,10,65,0.1935,0.0007224755106062422,0.0007224755106062418,0.0,0.0,-3.3385150166627546e-05,0,0
sleepedf_full,shuffled,eegnet,bnorm_1,42,10,65,0.1935,0.15109793276661238,0.0007826020986112135,0.15118847768381824,7.765943842064439e-05,-0.00016820435562653075,0,0
sleepedf_full,shuffled,eegnet,conv_spatial,42,10,65,0.1935,0.030298896851694408,0.0009138979933375354,0.030238919867364555,-8.720125343093888e-05,-0.00018355825666490844,0,0
sleepedf_full,shuffled,eegnet,conv_separable_depth,42,10,65,0.1935,0.10214793095683199,0.011886089993294437,0.1234287717105655,-0.025734121781323404,0.002782205474492535,0,0
sleepedf_full,shuffled,eegnet,bnorm_2,42,10,65,0.1935,0.3518129620254307,0.01138241783696663,0.3537935871717194,-0.0024075928340832986,0.00042696768779480315,0,0
sleepedf_full,shuffled,eegnet,pool_2,42,10,65,0.1935,0.6011621531512908,0.1490303043450348,0.9839439207494559,-0.4258772079373312,0.04303143692879023,0,0
sleepedf_full,shuffled,eegnet,logits,42,10,65,0.1935,0.6560071635446846,0.4048852287480673,1.0519052716897759,-0.5004188744215977,0.053514365859757516,0,0
sleepedf_full,shuffled,eegnet,conv_temporal,42,20,65,0.191,0.001077823302280664,0.0010778233022806633,0.0,0.0,9.092754721044421e-05,0,0
sleepedf_full,shuffled,eegnet,bnorm_1,42,20,65,0.191,0.35041813393456467,0.001109025537547267,0.3505363202746398,6.186447939192167e-05,-0.0001800508194674033,0,0
sleepedf_full,shuffled,eegnet,conv_spatial,42,20,65,0.191,0.05419503040331269,0.0013017661852587927,0.054149375148188135,-4.965489633028302e-05,-0.00023033569296352968,0,0
sleepedf_full,shuffled,eegnet,conv_separable_depth,42,20,65,0.191,0.20783396333194878,0.013431650322217263,0.24474500369539245,-0.03970493312309824,0.0026511978065848958,0,0
sleepedf_full,shuffled,eegnet,bnorm_2,42,20,65,0.191,0.38064800816435435,0.013972542381396467,0.3751657095975136,0.0045943916351965635,0.0008879069316442354,0,0
sleepedf_full,shuffled,eegnet,pool_2,42,20,65,0.191,0.6215049292684411,0.1435388147773218,1.0174931950600816,-0.438323470336108,0.04205841861485201,0,0
sleepedf_full,shuffled,eegnet,logits,42,20,65,0.191,0.6337022463389078,0.4102177065292993,1.0517142728558322,-0.5270406033638605,0.051414879564387964,0,0
sleepedf_full,shuffled,eegnet,conv_temporal,43,0,65,0.194,0.00041593123111971985,0.00041593123111971996,0.0,0.0,-0.00018483356705362454,0,0
sleepedf_full,shuffled,eegnet,bnorm_1,43,0,65,0.194,0.00047783750165099353,0.00047783750165099364,0.0,0.0,-0.0001201381951586498,0,0
sleepedf_full,shuffled,eegnet,conv_spatial,43,0,65,0.194,0.00047783749416046705,0.00047783749416046716,0.0,0.0,-0.00012013818404623521,0,0
sleepedf_full,shuffled,eegnet,conv_separable_depth,43,0,65,0.194,0.0097722530643831,0.009772253064383098,0.0,0.0,0.0016902685644963808,0,0
sleepedf_full,shuffled,eegnet,bnorm_2,43,0,65,0.194,0.010762380277160363,0.010762380277160363,0.0,0.0,0.0023621990425675065,0,0
sleepedf_full,shuffled,eegnet,pool_2,43,0,65,0.194,0.08015034366592606,0.08015034366592606,0.0,0.0,0.06559665059133032,0,0
sleepedf_full,shuffled,eegnet,logits,43,0,65,0.194,0.38422704938437685,0.38422704938437685,0.0,0.0,0.0033551257294911763,0,0
sleepedf_full,shuffled,eegnet,conv_temporal,43,1,65,0.2075,0.0005157444053854747,0.0005157444053854745,0.0,0.0,-0.00028536204665141444,0,0
sleepedf_full,shuffled,eegnet,bnorm_1,43,1,65,0.2075,0.07223132057653783,0.0005640867586444177,0.07244706026190752,7.496800299662633e-07,-0.00023452935864815483,0,0
sleepedf_full,shuffled,eegnet,conv_spatial,43,1,65,0.2075,0.0020214203312096607,0.0005740363380036787,0.0019111751422566364,2.10662556530256e-05,-0.0002710326826575153,0,0
sleepedf_full,shuffled,eegnet,conv_separable_depth,43,1,65,0.2075,0.14561264728066087,0.010024771004465754,0.15906144479613468,-0.015450219935319271,0.0019327237338093541,0,0
sleepedf_full,shuffled,eegnet,bnorm_2,43,1,65,0.2075,0.5631017474788048,0.011401194713303349,0.5902289927607601,-0.02773003375918386,0.0006027884772286436,0,0
sleepedf_full,shuffled,eegnet,pool_2,43,1,65,0.2075,0.8872433819803298,0.11347632958558032,0.9718068089831918,-0.08736775279869032,0.0028043257958273136,0,0
sleepedf_full,shuffled,eegnet,logits,43,1,65,0.2075,0.9330833499822048,0.3791946962893115,1.0660325377562954,-0.13873475753692582,0.005785569762835073,0,0
sleepedf_full,shuffled,eegnet,conv_temporal,43,2,65,0.207,0.0005418284843162614,0.0005418284843162614,0.0,0.0,-0.0002578416831783834,0,0
sleepedf_full,shuffled,eegnet,bnorm_1,43,2,65,0.207,0.03515718082733381,0.0006008476332820532,0.0353686428144713,3.9685280311298314e-06,-0.0002729877658585007,0,0
sleepedf_full,shuffled,eegnet,conv_spatial,43,2,65,0.207,0.008132872322642077,0.000632659187234298,0.00812243214814433,1.2804162945091302e-05,-0.0002749241112942144,0,0
sleepedf_full,shuffled,eegnet,conv_separable_depth,43,2,65,0.207,0.10434958388750935,0.011642302433768782,0.12133507888365296,-0.022417861111253858,0.005156469614745044,0,0
sleepedf_full,shuffled,eegnet,bnorm_2,43,2,65,0.207,0.39948222736760464,0.012498604898372354,0.4345943417619436,-0.037077206593098905,0.0019650921987597347,0,0
sleepedf_full,shuffled,eegnet,pool_2,43,2,65,0.207,0.7678548047985772,0.15398155759846807,0.9525524033130737,-0.1968718804492212,0.012174281934724017,0,0
sleepedf_full,shuffled,eegnet,logits,43,2,65,0.207,0.8060443600710478,0.4139901746947237,1.0403779341921244,-0.28537086352554486,0.02895685988573506,0,0
sleepedf_full,shuffled,eegnet,conv_temporal,43,5,65,0.2015,0.0006352615312989924,0.0006352615312989921,0.0,0.0,-0.0001337637001289224,0,0
sleepedf_full,shuffled,eegnet,bnorm_1,43,5,65,0.2015,0.04492872753903608,0.0006810554070912011,0.045049572678400936,-9.139170723462075e-06,-0.00020301451495170262,0,0
sleepedf_full,shuffled,eegnet,conv_spatial,43,5,65,0.2015,0.014345573485962736,0.0007795454212308414,0.01421545984856909,-2.4029129846918224e-05,-0.00019290992029608,0,0
sleepedf_full,shuffled,eegnet,conv_separable_depth,43,5,65,0.2015,0.08208478090732846,0.01279276704845285,0.10728012864181499,-0.03976427522322428,0.007015951654578689,0,0
sleepedf_full,shuffled,eegnet,bnorm_2,43,5,65,0.2015,0.32858943465214985,0.012729252427019402,0.3458386256307223,-0.019201031724624763,0.0019518407460522285,0,0
sleepedf_full,shuffled,eegnet,pool_2,43,5,65,0.2015,0.5819972204939472,0.16063622682672277,0.8922101481205458,-0.35417490703880444,0.0314614141061316,0,0
sleepedf_full,shuffled,eegnet,logits,43,5,65,0.2015,0.7112885726085343,0.40290219059928467,1.0348800494163541,-0.4885082723989303,0.053499186030321826,0,0
sleepedf_full,shuffled,eegnet,conv_temporal,43,10,65,0.203,0.0007758181964053113,0.0007758181964053111,0.0,0.0,-1.7251555814608268e-05,0,0
sleepedf_full,shuffled,eegnet,bnorm_1,43,10,65,0.203,0.15573155365289246,0.000782085586542378,0.15582090931800108,3.0777894763546154e-05,-0.00012888200186561368,0,0
sleepedf_full,shuffled,eegnet,conv_spatial,43,10,65,0.203,0.0202235571198681,0.0009038843127530463,0.020005780993991487,-8.914513613790828e-05,-9.674292441845483e-05,0,0
sleepedf_full,shuffled,eegnet,conv_separable_depth,43,10,65,0.203,0.20456054355695988,0.013698598593096079,0.25786477942107844,-0.06166750787141964,0.0053599123087472444,0,0
sleepedf_full,shuffled,eegnet,bnorm_2,43,10,65,0.203,0.40700744405991435,0.013657729816736358,0.4144608039157886,-0.008938985487117943,0.0014856256312436528,0,0
sleepedf_full,shuffled,eegnet,pool_2,43,10,65,0.203,0.5994677259120083,0.16206450456690785,0.9293032005861241,-0.37995165454245716,0.02973354462824007,0,0
sleepedf_full,shuffled,eegnet,logits,43,10,65,0.203,0.633601193697205,0.37271802043370633,0.8673299637907674,-0.35723960232645974,0.033496061921533093,0,0
sleepedf_full,shuffled,eegnet,conv_temporal,43,20,65,0.2045,0.0011021534276042047,0.0011021534276042042,0.0,0.0,0.0001384005050964555,0,0
sleepedf_full,shuffled,eegnet,bnorm_1,43,20,65,0.2045,0.3628636892144802,0.0011585622785583141,0.3629702776594958,2.0252742001966033e-05,-0.00012684118701776113,0,0
sleepedf_full,shuffled,eegnet,conv_spatial,43,20,65,0.2045,0.05173626853748023,0.0012516088418945861,0.05140509772179391,-2.2198397174017822e-05,5.032693399021357e-05,0,0
sleepedf_full,shuffled,eegnet,conv_separable_depth,43,20,65,0.2045,0.36084083098736036,0.01764731057179869,0.43432058304327903,-0.07734514283699535,0.003431070513789606,0,0
sleepedf_full,shuffled,eegnet,bnorm_2,43,20,65,0.2045,0.4380566956164697,0.017553867486485537,0.43910334859154965,-0.00247774496714571,0.0014310919920659355,0,0
sleepedf_full,shuffled,eegnet,pool_2,43,20,65,0.2045,0.596834583073851,0.14805054485380426,0.9474016000775181,-0.3945869542915337,0.0298999782345305,0,0
sleepedf_full,shuffled,eegnet,logits,43,20,65,0.2045,0.6330453693352066,0.4171401786028144,0.8678857815186082,-0.32801193163391973,0.026209509436555242,0,0
sleepedf_full,shuffled,eegnet,conv_temporal,44,0,65,0.206,0.0005885035878190097,0.0005885035878190092,0.0,0.0,-6.581964595205412e-05,0,0
sleepedf_full,shuffled,eegnet,bnorm_1,44,0,65,0.206,0.0007609828031410281,0.0007609828031410282,0.0,0.0,-0.0001093810629080403,0,0
sleepedf_full,shuffled,eegnet,conv_spatial,44,0,65,0.206,0.0007609827966273938,0.0007609827966273939,0.0,0.0,-0.00010938106488112134,0,0
sleepedf_full,shuffled,eegnet,conv_separable_depth,44,0,65,0.206,0.008281651120737357,0.008281651120737359,0.0,0.0,0.0029259731796819725,0,0
sleepedf_full,shuffled,eegnet,bnorm_2,44,0,65,0.206,0.010209339859896133,0.010209339859896131,0.0,0.0,0.003317073396201938,0,0
sleepedf_full,shuffled,eegnet,pool_2,44,0,65,0.206,0.06291107855387212,0.06291107855387211,0.0,0.0,0.030622530443997546,0,0
sleepedf_full,shuffled,eegnet,logits,44,0,65,0.206,0.38620255997266645,0.38620255997266645,0.0,0.0,0.029926070901518064,0,0
sleepedf_full,shuffled,eegnet,conv_temporal,44,1,65,0.209,0.000848374587017246,0.0008483745870172461,0.0,0.0,-0.0004684035179437016,0,0
sleepedf_full,shuffled,eegnet,bnorm_1,44,1,65,0.209,0.11813293671591546,0.001026396634210199,0.11858505748832125,-2.4854690000332064e-05,-0.0004276408846256168,0,0
sleepedf_full,shuffled,eegnet,conv_spatial,44,1,65,0.209,0.004481628299672081,0.0010774726119833255,0.004305077435131941,1.355752695087055e-06,-0.0005878588613338491,0,0
sleepedf_full,shuffled,eegnet,conv_separable_depth,44,1,65,0.209,0.08615149776821804,0.009010829386089922,0.08076094587281517,0.003684195760760304,0.0011767155189814631,0,0
sleepedf_full,shuffled,eegnet,bnorm_2,44,1,65,0.209,0.5785775933333683,0.010295455111012633,0.5832282754288404,-0.00449073110834295,-0.00015995098712897577,0,0
sleepedf_full,shuffled,eegnet,pool_2,44,1,65,0.209,0.915865864996429,0.0526712893767881,0.9744433454821281,-0.05980224120423327,0.0012247607185337157,0,0
sleepedf_full,shuffled,eegnet,logits,44,1,65,0.209,0.9697831673713503,0.37647319154284575,1.050917951532399,-0.08364710704255407,0.002512322881505477,0,0
sleepedf_full,shuffled,eegnet,conv_temporal,44,2,65,0.2025,0.00087207909094964,0.0008720790909496403,0.0,0.0,-0.0004275869423876802,0,0
sleepedf_full,shuffled,eegnet,bnorm_1,44,2,65,0.2025,0.05070040000248091,0.0010059335912778107,0.051027398298243674,-1.9027367306583113e-06,-0.00045187055219954943,0,0
sleepedf_full,shuffled,eegnet,conv_spatial,44,2,65,0.2025,0.0041532714301,0.0011357951832797193,0.0038638183011973797,1.546051974475326e-05,-0.0005823470701174076,0,0
sleepedf_full,shuffled,eegnet,conv_separable_depth,44,2,65,0.2025,0.05432881639002031,0.009530746305988866,0.048861977905749816,0.002237133673977199,0.0020467407464340517,0,0
sleepedf_full,shuffled,eegnet,bnorm_2,44,2,65,0.2025,0.4233597522825773,0.01068253551289933,0.4328596668128355,-0.009513922635904207,1.400810564593776e-05,0,0
sleepedf_full,shuffled,eegnet,pool_2,44,2,65,0.2025,0.7900675700499604,0.09857238239018733,0.9811867550463017,-0.20256574724550236,0.011446562249161001,0,0
sleepedf_full,shuffled,eegnet,logits,44,2,65,0.2025,0.8830678947255585,0.394940065600353,1.154621190546534,-0.28920583544332784,0.01765253962235226,0,0
sleepedf_full,shuffled,eegnet,conv_temporal,44,5,65,0.22,0.0009159779314599841,0.0009159779314599841,0.0,0.0,-0.00033186932965758464,0,0
sleepedf_full,shuffled,eegnet,bnorm_1,44,5,65,0.22,0.0317867837659366,0.0009672994678858195,0.03181686735477764,2.586490401224817e-05,-0.0003221796296125207,0,0
sleepedf_full,shuffled,eegnet,conv_spatial,44,5,65,0.22,0.010004905586869665,0.001212738669717855,0.009722701445610481,3.202595497041528e-05,-0.0004467568051371729,0,0
sleepedf_full,shuffled,eegnet,conv_separable_depth,44,5,65,0.22,0.02445076726084039,0.009924515664015227,0.0187577265844197,-0.0004933767940685078,0.0040265827258050306,0,0
sleepedf_full,shuffled,eegnet,bnorm_2,44,5,65,0.22,0.3206103510102848,0.011072564833234377,0.3292935428350731,-0.009500678950199327,0.0008098882386798238,0,0
sleepedf_full,shuffled,eegnet,pool_2,44,5,65,0.22,0.5350815833671185,0.14768303110258219,0.9141989726658996,-0.4236424448753178,0.04357952593383737,0,0
sleepedf_full,shuffled,eegnet,logits,44,5,65,0.22,0.553276604216906,0.38408197271571415,0.706835816704617,-0.25666799459194306,0.02670848310143658,0,0
sleepedf_full,shuffled,eegnet,conv_temporal,44,10,65,0.2225,0.0010772192104671974,0.0010772192104671976,0.0,0.0,-0.00021161222530978983,0,0
sleepedf_full,shuffled,eegnet,bnorm_1,44,10,65,0.2225,0.14480147619462427,0.0010873794820574112,0.1449339088025968,7.565483471876052e-05,-0.00020991772630546963,0,0
sleepedf_full,shuffled,eegnet,conv_spatial,44,10,65,0.2225,0.02044464274138252,0.0012736228186120031,0.020210110970746497,2.7786414073549274e-05,-0.000334076575636382,0,0
sleepedf_full,shuffled,eegnet,conv_separable_depth,44,10,65,0.2225,0.09814481848291447,0.011352208636626055,0.11479326176471823,-0.02528858628661694,0.0038502087047075687,0,0
sleepedf_full,shuffled,eegnet,bnorm_2,44,10,65,0.2225,0.379138180952885,0.012317260569910542,0.3840342371064188,-0.005549798043301631,0.0006537418897677634,0,0
sleepedf_full,shuffled,eegnet,pool_2,44,10,65,0.2225,0.5602622605620549,0.1385404548496362,0.9414642146772355,-0.4204034651919086,0.036866512166014116,0,0
sleepedf_full,shuffled,eegnet,logits,44,10,65,0.2225,0.6121098860391173,0.39332315748936747,0.8469177541835944,-0.35435683072029833,0.02671722893161501,0,0
sleepedf_full,shuffled,eegnet,conv_temporal,44,20,65,0.219,0.001323336219584113,0.0013233362195841122,0.0,0.0,-4.995215652124483e-05,0,0
sleepedf_full,shuffled,eegnet,bnorm_1,44,20,65,0.219,0.34594549316870554,0.00122696178759308,0.3460575740361307,5.701567305886909e-05,-0.0001690965404842724,0,0
sleepedf_full,shuffled,eegnet,conv_spatial,44,20,65,0.219,0.027474540518331366,0.0013593956898546894,0.027163317885725364,6.299591306282143e-06,-0.00020434920424484867,0,0
sleepedf_full,shuffled,eegnet,conv_separable_depth,44,20,65,0.219,0.23455895221846373,0.014596062065898209,0.276262995752254,-0.045747081290688274,0.003173444745657402,0,0
sleepedf_full,shuffled,eegnet,bnorm_2,44,20,65,0.219,0.40813223520718495,0.016072557100671167,0.40526563733926596,0.0016916443616962155,0.0011749535062226817,0,0
sleepedf_full,shuffled,eegnet,pool_2,44,20,65,0.219,0.5689783672591966,0.13602868170970533,0.951116187379148,-0.423585973753383,0.034341660839384655,0,0
sleepedf_full,shuffled,eegnet,logits,44,20,65,0.219,0.573021037429708,0.40718238216499414,0.7431820692275282,-0.27032932551168815,0.01352319228022208,0,0
sleepedf_full,shuffled,eegnet,conv_temporal,45,0,65,0.1945,0.0005271817627119246,0.0005271817627119248,0.0,0.0,-6.375741053914187e-05,0,0
sleepedf_full,shuffled,eegnet,bnorm_1,45,0,65,0.1945,0.0008577270012892522,0.0008577270012892525,0.0,0.0,-6.718318948164428e-05,0,0
sleepedf_full,shuffled,eegnet,conv_spatial,45,0,65,0.1945,0.0008577269873753876,0.0008577269873753876,0.0,0.0,-6.718319663287814e-05,0,0
sleepedf_full,shuffled,eegnet,conv_separable_depth,45,0,65,0.1945,0.009668269855091068,0.009668269855091064,0.0,0.0,0.0023137908144560022,0,0
sleepedf_full,shuffled,eegnet,bnorm_2,45,0,65,0.1945,0.01064533513333615,0.01064533513333615,0.0,0.0,0.0026753883245181375,0,0
sleepedf_full,shuffled,eegnet,pool_2,45,0,65,0.1945,0.09418858114349893,0.09418858114349891,0.0,0.0,0.0836861302636552,0,0
sleepedf_full,shuffled,eegnet,logits,45,0,65,0.1945,0.39793159326525324,0.39793159326525324,0.0,0.0,0.10689922236027952,0,0
sleepedf_full,shuffled,eegnet,conv_temporal,45,1,65,0.2015,0.0006805841176739371,0.000680584117673937,0.0,0.0,-0.00032071966396910134,0,0
sleepedf_full,shuffled,eegnet,bnorm_1,45,1,65,0.2015,0.12067801167069132,0.0008709213332460885,0.12101759505298353,2.165200435709732e-06,-0.000341748582728001,0,0
sleepedf_full,shuffled,eegnet,conv_spatial,45,1,65,0.2015,0.003817281325785257,0.0009271299792066778,0.0035317354398479222,-8.983828603078546e-06,-0.00042551954917522945,0,0
sleepedf_full,shuffled,eegnet,conv_separable_depth,45,1,65,0.2015,0.09823525559432311,0.01028055383287682,0.11005009981690474,-0.014583979274434583,0.002012003439505047,0,0
sleepedf_full,shuffled,eegnet,bnorm_2,45,1,65,0.2015,0.5951639945637162,0.011689789047808123,0.6199448523370058,-0.024923456894683203,0.0001425991213934309,0,0
sleepedf_full,shuffled,eegnet,pool_2,45,1,65,0.2015,0.9059070307975395,0.1153287856706892,0.9858496530632572,-0.08192395181759675,0.001981329551878227,0,0
sleepedf_full,shuffled,eegnet,logits,45,1,65,0.2015,0.8753165319290873,0.3742230235874027,0.9233225826785857,-0.053894575726674686,0.0008176812656561078,0,0
sleepedf_full,shuffled,eegnet,conv_temporal,45,2,65,0.2065,0.0006351939853681647,0.0006351939853681647,0.0,0.0,-0.00024147533655091631,0,0
sleepedf_full,shuffled,eegnet,bnorm_1,45,2,65,0.2065,0.07593737290211879,0.0007494457165944136,0.07619661086898642,1.9061896227640698e-05,-0.0002864486057963513,0,0
sleepedf_full,shuffled,eegnet,conv_spatial,45,2,65,0.2065,0.004064314605473164,0.0008580731908500335,0.0038294473274934583,-2.4514106005247684e-05,-0.00033846415236529455,0,0
sleepedf_full,shuffled,eegnet,conv_separable_depth,45,2,65,0.2065,0.06466912671342273,0.011654044421145386,0.07574194297618475,-0.018042030263570947,0.003802611684920839,0,0
sleepedf_full,shuffled,eegnet,bnorm_2,45,2,65,0.2065,0.4225248339611171,0.012696266301070968,0.45559707321805837,-0.03364904907413077,0.0005768098171895938,0,0
sleepedf_full,shuffled,eegnet,pool_2,45,2,65,0.2065,0.7790867045688077,0.15601868613305236,0.9557246552177199,-0.18613941834666406,0.009501467697751103,0,0
sleepedf_full,shuffled,eegnet,logits,45,2,65,0.2065,0.8042143029820358,0.3882530563263564,0.9974121826879376,-0.21105607273941007,0.010301880341841109,0,0
sleepedf_full,shuffled,eegnet,conv_temporal,45,5,65,0.2005,0.0006393409747212646,0.0006393409747212643,0.0,0.0,-8.218297066707668e-05,0,0
sleepedf_full,shuffled,eegnet,bnorm_1,45,5,65,0.2005,0.07489569153054976,0.0007229996410631083,0.07497293095599755,6.553649444229715e-05,-0.0001586765123165191,0,0
sleepedf_full,shuffled,eegnet,conv_spatial,45,5,65,0.2005,0.009792883294394917,0.0008699221386965015,0.009646960516265513,2.82133182693536e-06,-0.00019923458386728168,0,0
sleepedf_full,shuffled,eegnet,conv_separable_depth,45,5,65,0.2005,0.08816891989125021,0.013526619167657565,0.1083814120818712,-0.03272569127862741,0.005665298805705078,0,0
sleepedf_full,shuffled,eegnet,bnorm_2,45,5,65,0.2005,0.3071549659031074,0.014924139912352759,0.3355167996703009,-0.03064907605225231,0.0022827560699988244,0,0
sleepedf_full,shuffled,eegnet,pool_2,45,5,65,0.2005,0.594076903356098,0.1782301831513147,0.8891076415067619,-0.3434599364929822,0.0317725065376432,0,0
sleepedf_full,shuffled,eegnet,logits,45,5,65,0.2005,0.7257526508976646,0.3860096121227539,0.9407693516076909,-0.3577670655426801,0.028373885337221967,0,0
sleepedf_full,shuffled,eegnet,conv_temporal,45,10,65,0.1905,0.0008579429147165988,0.0008579429147165989,0.0,0.0,8.871197549956911e-06,0,0
sleepedf_full,shuffled,eegnet,bnorm_1,45,10,65,0.1905,0.2552149081956901,0.0008950484948495288,0.2551388305127862,0.00018304100469407168,-0.00010696332179042635,0,0
sleepedf_full,shuffled,eegnet,conv_spatial,45,10,65,0.1905,0.04455278035322229,0.0010519653321754822,0.044509457495943185,-4.65173786502253e-06,-6.839729766477845e-05,0,0
sleepedf_full,shuffled,eegnet,conv_separable_depth,45,10,65,0.1905,0.18727828445635453,0.015015188803687313,0.2355211489509377,-0.05659645025480399,0.004690031227555105,0,0
sleepedf_full,shuffled,eegnet,bnorm_2,45,10,65,0.1905,0.3714350644697905,0.01732845260688437,0.3858544635616312,-0.016930067238398436,0.002510668146557828,0,0
sleepedf_full,shuffled,eegnet,pool_2,45,10,65,0.1905,0.613830232941517,0.17085609880745428,0.8963338249619415,-0.33588555907057877,0.02493310612750766,0,0
sleepedf_full,shuffled,eegnet,logits,45,10,65,0.1905,0.6741528179094978,0.4107196260067544,0.7834004758110183,-0.23470256190777572,0.011362858853238813,0,0
sleepedf_full,shuffled,eegnet,conv_temporal,45,20,65,0.1905,0.0011558038987130098,0.0011558038987130096,0.0,0.0,0.0002740910587206319,0,0
sleepedf_full,shuffled,eegnet,bnorm_1,45,20,65,0.1905,0.47495605168460153,0.0012007936625322898,0.4748748721489631,0.00016238212969645784,-8.120259405818752e-05,0,0
sleepedf_full,shuffled,eegnet,conv_spatial,45,20,65,0.1905,0.08538545908150406,0.0014096553481584653,0.0852504967035958,3.47712465166333e-05,6.368383510270225e-05,0,0
sleepedf_full,shuffled,eegnet,conv_separable_depth,45,20,65,0.1905,0.31449623604254506,0.01687127895605482,0.3736350936563449,-0.062084002585459895,0.0027875081642253696,0,0
sleepedf_full,shuffled,eegnet,bnorm_2,45,20,65,0.1905,0.41925181167419245,0.020068407817103978,0.4147168044628074,0.002396157267640248,0.0021388499437448075,0,0
sleepedf_full,shuffled,eegnet,pool_2,45,20,65,0.1905,0.6377898101918253,0.12765577755482338,0.9108035242185717,-0.3104130378194255,0.016980081213584998,0,0
sleepedf_full,shuffled,eegnet,logits,45,20,65,0.1905,0.7038407981698517,0.38580128135915154,0.9752859086173834,-0.3965434246401131,0.01989642454502448,0,0
sleepedf_full,shuffled,eegnet,conv_temporal,46,0,65,0.2035,0.000630440660361508,0.000630440660361508,0.0,0.0,-0.0003651965956093213,0,0
sleepedf_full,shuffled,eegnet,bnorm_1,46,0,65,0.2035,0.0006742565520295736,0.0006742565520295736,0.0,0.0,-0.0002888539946971825,0,0
sleepedf_full,shuffled,eegnet,conv_spatial,46,0,65,0.2035,0.0006742565595994881,0.0006742565595994881,0.0,0.0,-0.00028885399106070247,0,0
sleepedf_full,shuffled,eegnet,conv_separable_depth,46,0,65,0.2035,0.0088170663722042,0.008817066372204202,0.0,0.0,0.0007940247512119591,0,0
sleepedf_full,shuffled,eegnet,bnorm_2,46,0,65,0.2035,0.010344466907637897,0.010344466907637894,0.0,0.0,0.0006197007696234034,0,0
sleepedf_full,shuffled,eegnet,pool_2,46,0,65,0.2035,0.0485823545040798,0.0485823545040798,0.0,0.0,0.01924295937574745,0,0
sleepedf_full,shuffled,eegnet,logits,46,0,65,0.2035,0.3726007263871177,0.37260072638711766,0.0,0.0,0.03430923011097988,0,0
sleepedf_full,shuffled,eegnet,conv_temporal,46,1,65,0.205,0.0009308336937363854,0.0009308336937363856,0.0,0.0,-0.000615856353515077,0,0
sleepedf_full,shuffled,eegnet,bnorm_1,46,1,65,0.205,0.0664583822712522,0.0009544620346671407,0.0669583786872872,3.8582944122602855e-05,-0.0005511895905511723,0,0
sleepedf_full,shuffled,eegnet,conv_spatial,46,1,65,0.205,0.002692991562249088,0.0009853657109153004,0.002406740396785363,1.2858383347572205e-05,-0.0006164891353357388,0,0
sleepedf_full,shuffled,eegnet,conv_separable_depth,46,1,65,0.205,0.0343067036916617,0.0087214622637952,0.031231312627835916,0.00034357898986932473,0.0006422607563802932,0,0
sleepedf_full,shuffled,eegnet,bnorm_2,46,1,65,0.205,0.4213146595522099,0.010308002054613092,0.4215524030554606,-1.3831797978981236e-05,-0.00022391170527182757,0,0
sleepedf_full,shuffled,eegnet,pool_2,46,1,65,0.205,0.8741251070342817,0.045192907724072175,0.9244880297714602,-0.05162882168452301,0.0012658989473443834,0,0
sleepedf_full,shuffled,eegnet,logits,46,1,65,0.205,0.8645532830807282,0.3772399102923482,0.9394637812593821,-0.07787423284272262,0.002963734664068848,0,0
sleepedf_full,shuffled,eegnet,conv_temporal,46,2,65,0.199,0.000859418001412712,0.0008594180014127113,0.0,0.0,-0.0005378359151269038,0,0
sleepedf_full,shuffled,eegnet,bnorm_1,46,2,65,0.199,0.037002437207856675,0.0008636494604100144,0.03743163376214899,2.1015239247381466e-05,-0.0005177648468319226,0,0
sleepedf_full,shuffled,eegnet,conv_spatial,46,2,65,0.199,0.0026175881542504086,0.0009220520657968835,0.002323572771761936,9.961159773227154e-07,-0.0005510698978184585,0,0
sleepedf_full,shuffled,eegnet,conv_separable_depth,46,2,65,0.199,0.021363403887653887,0.008856477358332459,0.017078797601058897,-0.00034141576955216946,0.0016940771890720165,0,0
sleepedf_full,shuffled,eegnet,bnorm_2,46,2,65,0.199,0.2386198951546599,0.010216412195342278,0.23966025104473285,-0.0011689538051155271,0.0001264707227815683,0,0
sleepedf_full,shuffled,eegnet,pool_2,46,2,65,0.199,0.6316790440755023,0.07334912012620533,0.8092550884179868,-0.1938012424235746,0.016225198081090464,0,0
sleepedf_full,shuffled,eegnet,logits,46,2,65,0.199,0.7036178657074212,0.37401258431228257,0.8777760401243287,-0.2482588336675907,0.03357041646375248,0,0
sleepedf_full,shuffled,eegnet,conv_temporal,46,5,65,0.2165,0.0008570807955252203,0.0008570807955252204,0.0,0.0,-0.00046834535756804207,0,0
sleepedf_full,shuffled,eegnet,bnorm_1,46,5,65,0.2165,0.04276761558357973,0.0008308293065703421,0.04311478483790428,4.239462923966602e-06,-0.00044749268273969287,0,0
sleepedf_full,shuffled,eegnet,conv_spatial,46,5,65,0.2165,0.010580815360450342,0.000946388603543736,0.010600821218155487,1.2019278235081593e-06,-0.00047771818683359956,0,0
sleepedf_full,shuffled,eegnet,conv_separable_depth,46,5,65,0.2165,0.023649065624978066,0.008860203112752138,0.0224293292524418,-0.003888972956274322,0.001892146040525154,0,0
sleepedf_full,shuffled,eegnet,bnorm_2,46,5,65,0.2165,0.24583605866427707,0.010277623522918083,0.24457051884104933,0.000946959596668037,0.0003004359993904155,0,0
sleepedf_full,shuffled,eegnet,pool_2,46,5,65,0.2165,0.5239243731710569,0.14735686395373526,0.8825782763458913,-0.4347318758912326,0.05428443322579718,0,0
sleepedf_full,shuffled,eegnet,logits,46,5,65,0.2165,0.6303113998085628,0.41226539572132914,1.0267552565787053,-0.6096498045295167,0.092041867917465,0,0
sleepedf_full,shuffled,eegnet,conv_temporal,46,10,65,0.1945,0.0009217440275687952,0.0009217440275687956,0.0,0.0,-0.00035728592257710785,0,0
sleepedf_full,shuffled,eegnet,bnorm_1,46,10,65,0.1945,0.1192389603949352,0.0009214591234323578,0.11958058899069154,-6.7405956748579746e-06,-0.00035648400252226756,0,0
sleepedf_full,shuffled,eegnet,conv_spatial,46,10,65,0.1945,0.014607503965587043,0.0010514533828622655,0.014538640503345626,-5.915859029070187e-06,-0.0003983600893110617,0,0
sleepedf_full,shuffled,eegnet,conv_separable_depth,46,10,65,0.1945,0.06438648345638939,0.009519509350090187,0.07785933509497021,-0.018177913142375105,0.0025007044722763043,0,0
sleepedf_full,shuffled,eegnet,bnorm_2,46,10,65,0.1945,0.31891332532026845,0.010791656475857883,0.31311645108535013,0.005416404435332015,0.0003804697995862163,0,0
sleepedf_full,shuffled,eegnet,pool_2,46,10,65,0.1945,0.5861469456393951,0.12554159043095042,0.9478146463806381,-0.4116523418556292,0.04139385027177442,0,0
sleepedf_full,shuffled,eegnet,logits,46,10,65,0.1945,0.6245988759596874,0.3944373551284103,0.874282945669432,-0.3681959320622972,0.046860892954740684,0,0
sleepedf_full,shuffled,eegnet,conv_temporal,46,20,65,0.1935,0.001125982111829504,0.0011259821118295035,0.0,0.0,-0.00017538466282597236,0,0
sleepedf_full,shuffled,eegnet,bnorm_1,46,20,65,0.1935,0.28325334437010374,0.0010416802244424532,0.2835521274697102,-5.315641904807713e-05,-0.0002456266805585088,0,0
sleepedf_full,shuffled,eegnet,conv_spatial,46,20,65,0.1935,0.05508912568192248,0.0011843961257888452,0.055140476591471185,-1.843738585264456e-05,-0.0002664347982133053,0,0
sleepedf_full,shuffled,eegnet,conv_separable_depth,46,20,65,0.1935,0.17337789473932522,0.01119842584800003,0.20892351065270534,-0.038270061593654245,0.0024931259689929537,0,0
sleepedf_full,shuffled,eegnet,bnorm_2,46,20,65,0.1935,0.33646019010780814,0.01217478615036271,0.3277519972239589,0.00804279862727677,0.0006653942565724848,0,0
sleepedf_full,shuffled,eegnet,pool_2,46,20,65,0.1935,0.5717219012731766,0.12278789527394789,0.9713280440608074,-0.45429578817016664,0.0471119001808044,0,0
sleepedf_full,shuffled,eegnet,logits,46,20,65,0.1935,0.5852062549194836,0.40686510818029814,0.8369638838807354,-0.3779338789872476,0.041799132390602234,0,0
sleepedf_full,shuffled,shallowconvnet,conv_time_spat,41,0,65,0.2,0.0006597296157728408,0.0006597296157728403,0.0,0.0,-0.0003832720667068767,0,0
sleepedf_full,shuffled,shallowconvnet,bnorm,41,0,65,0.2,0.0006597296169993241,0.000659729616999324,0.0,0.0,-0.00038327206554043206,0,0
sleepedf_full,shuffled,shallowconvnet,conv_nonlin_exp,41,0,65,0.2,0.22760039134302917,0.22760039134302917,0.0,0.0,0.22760039134302917,0,0
sleepedf_full,shuffled,shallowconvnet,pool,41,0,65,0.2,0.539363476152574,0.539363476152574,0.0,0.0,0.539363476152574,0,0
sleepedf_full,shuffled,shallowconvnet,pool_nonlin_exp,41,0,65,0.2,0.979715067816953,0.9849618875148761,4.447292204627915,-4.7344726284384855,1.266895491627554,0,0
sleepedf_full,shuffled,shallowconvnet,logits,41,0,65,0.2,0.967330590362219,0.9763197088102535,4.619762727069503,-5.030640748127529,1.3782086114202459,0,0
sleepedf_full,shuffled,shallowconvnet,conv_time_spat,41,1,65,0.1995,0.08897089211409819,0.0007704849167291208,0.08924344447588331,0.00010429741903725927,-0.0003768497808224358,0,0
sleepedf_full,shuffled,shallowconvnet,bnorm,41,1,65,0.1995,0.00771902239947863,0.0007876601267992943,0.007765263772577768,-1.5488672396239624e-05,-0.00046291949786682145,0,0
sleepedf_full,shuffled,shallowconvnet,conv_nonlin_exp,41,1,65,0.1995,0.24948501310317636,0.2451548164405739,0.00017737593681638457,0.0057418398737860985,0.24356579729257385,0,0
sleepedf_full,shuffled,shallowconvnet,pool,41,1,65,0.1995,0.6037255375032655,0.6002682749527585,0.0004644907779899052,0.014874462505630015,0.5883865842196455,0,0
sleepedf_full,shuffled,shallowconvnet,pool_nonlin_exp,41,1,65,0.1995,0.8773922453821412,0.9834114574774001,14.233727561617727,-21.653766416808732,8.297431100573062,0,0
sleepedf_full,shuffled,shallowconvnet,logits,41,1,65,0.1995,0.825725182546549,0.981305535031057,16.81232393179653,-26.436287637570462,10.449211649578801,0,0
sleepedf_full,shuffled,shallowconvnet,conv_time_spat,41,2,65,0.202,0.18444364297704238,0.000722201381424646,0.18470806713503596,1.7077452156085498e-05,-0.0002815016101500029,0,0
sleepedf_full,shuffled,shallowconvnet,bnorm,41,2,65,0.202,0.01449051208029082,0.0007277527121948043,0.014716140232918316,-3.2888512816730208e-06,-0.0004181736613722883,0,0
sleepedf_full,shuffled,shallowconvnet,conv_nonlin_exp,41,2,65,0.202,0.2566234584248978,0.24828674571289164,0.0009069866409593603,0.01036227425557519,0.24535419752836327,0,0
sleepedf_full,shuffled,shallowconvnet,pool,41,2,65,0.202,0.6181603548532675,0.6119223187229251,0.0022825813177263644,0.026231802712220965,0.5896459708233202,0,0
sleepedf_full,shuffled,shallowconvnet,pool_nonlin_exp,41,2,65,0.202,0.8782000293481615,0.979786524647085,13.98827614480901,-21.28625558417497,8.17617946871405,0,0
sleepedf_full,shuffled,shallowconvnet,logits,41,2,65,0.202,0.9063159092589657,0.9872206389352864,14.983425999924355,-22.919197899460524,8.842087808795135,0,0
sleepedf_full,shuffled,shallowconvnet,conv_time_spat,41,5,65,0.192,0.17927387885950383,0.0006850702557209909,0.1794410166408985,8.568111072888348e-05,-0.000252818892123686,0,0
sleepedf_full,shuffled,shallowconvnet,bnorm,41,5,65,0.192,0.05888821175505615,0.0006899102935940128,0.05925215207739503,-4.8193486656661595e-05,-0.000335658990152317,0,0
sleepedf_full,shuffled,shallowconvnet,conv_nonlin_exp,41,5,65,0.192,0.2734336092298847,0.2346596248253815,0.008337280261762059,0.04096765930989612,0.22412866965822636,0,0
sleepedf_full,shuffled,shallowconvnet,pool,41,5,65,0.192,0.6429298038850085,0.620097267944238,0.01789696431846518,0.09508175078656561,0.5299510887799775,0,0
sleepedf_full,shuffled,shallowconvnet,pool_nonlin_exp,41,5,65,0.192,0.8720286994417445,0.9651685273762027,10.747689886094895,-15.744235869257407,5.868574682604255,0,0
sleepedf_full,shuffled,shallowconvnet,logits,41,5,65,0.192,0.9480020267344916,0.9917840535902211,12.80205869984175,-18.77397635771034,6.919919684603078,0,0
sleepedf_full,shuffled,shallowconvnet,conv_time_spat,41,10,65,0.232,0.19905370607882059,0.0006634476897395142,0.1991531598075874,0.00014437523428660596,-0.0002438289630537319,0,0
sleepedf_full,shuffled,shallowconvnet,bnorm,41,10,65,0.232,0.18708217094310572,0.0006659631270411632,0.18756059421594157,-0.00022484468255539627,-0.0002535785902807999,0,0
sleepedf_full,shuffled,shallowconvnet,conv_nonlin_exp,41,10,65,0.232,0.3213058947241523,0.19291788704083776,0.05533312418376563,0.09817199498002518,0.16780077556036127,0,0
sleepedf_full,shuffled,shallowconvnet,pool,41,10,65,0.232,0.677975561559858,0.614617418399574,0.09508786758969906,0.20098888079287344,0.3818988131772847,0,0
sleepedf_full,shuffled,shallowconvnet,pool_nonlin_exp,41,10,65,0.232,0.8548176453101257,0.9386718441501024,6.985721760880029,-9.352693612647268,3.2217894970773204,0,0
sleepedf_full,shuffled,shallowconvnet,logits,41,10,65,0.232,0.8508674225919849,0.9563728616987015,8.312164246787543,-11.474418876743425,4.011948211682137,0,0
sleepedf_full,shuffled,shallowconvnet,conv_time_spat,41,20,65,0.186,0.31213835700242865,0.0006846127828603997,0.31242663372248936,-9.076453911197009e-05,-0.0001975121809492426,0,0
sleepedf_full,shuffled,shallowconvnet,bnorm,41,20,65,0.186,0.4621403350726668,0.0006874786929230017,0.4625406906851907,-0.00026410550480924957,-0.00013625010771543957,0,0
sleepedf_full,shuffled,shallowconvnet,conv_nonlin_exp,41,20,65,0.186,0.44866990561474934,0.12352337657904668,0.2117790869856194,0.15050730903921491,0.08638350958991442,0,0
sleepedf_full,shuffled,shallowconvnet,pool,41,20,65,0.186,0.7805986002875307,0.5992260200616021,0.3210765541271704,0.2778090487730716,0.18171299738728844,0,0
sleepedf_full,shuffled,shallowconvnet,pool_nonlin_exp,41,20,65,0.186,0.8445893730731421,0.9058320254224127,4.694819912142217,-5.6259508906612545,1.775720351592165,0,0
sleepedf_full,shuffled,shallowconvnet,logits,41,20,65,0.186,0.8659480135045843,0.8348866624764588,4.163831887770026,-4.711413292089053,1.4050692447956574,0,0
sleepedf_full,shuffled,shallowconvnet,conv_time_spat,42,0,65,0.185,0.0006833101258672295,0.0006833101258672295,0.0,0.0,-0.00038431483619009836,0,0
sleepedf_full,shuffled,shallowconvnet,bnorm,42,0,65,0.185,0.000683310131642737,0.0006833101316427372,0.0,0.0,-0.00038431483663360844,0,0
sleepedf_full,shuffled,shallowconvnet,conv_nonlin_exp,42,0,65,0.185,0.21635784574910505,0.21635784574910505,0.0,0.0,0.21635784574910505,0,0
sleepedf_full,shuffled,shallowconvnet,pool,42,0,65,0.185,0.5129625780815167,0.5129625780815168,0.0,0.0,0.5129625780815167,0,0
sleepedf_full,shuffled,shallowconvnet,pool_nonlin_exp,42,0,65,0.185,0.9778172577777985,0.9840099430016821,4.541032559630842,-4.878659411128712,1.3154441092756994,0,0
sleepedf_full,shuffled,shallowconvnet,logits,42,0,65,0.185,0.9498867734627147,0.9719687957189561,4.908842896420397,-5.513420037607036,1.5544639146493533,0,0
sleepedf_full,shuffled,shallowconvnet,conv_time_spat,42,1,65,0.173,0.0789208504685349,0.0007432732857207874,0.07925339339942344,-9.85026450345575e-07,-0.0003369961307040319,0,0
sleepedf_full,shuffled,shallowconvnet,bnorm,42,1,65,0.173,0.00876039145371744,0.0007475243003653432,0.008789056594908546,1.8661094689143492e-05,-0.0003991788150238008,0,0
sleepedf_full,shuffled,shallowconvnet,conv_nonlin_exp,42,1,65,0.173,0.24747632622012983,0.24278566129696844,0.00019969004268621386,0.005959641441634354,0.24131699473580925,0,0
sleepedf_full,shuffled,shallowconvnet,pool,42,1,65,0.173,0.5984037404206543,0.5933853697582679,0.0005221781488499314,0.015414866409830096,0.5824666958619743,0,0
sleepedf_full,shuffled,shallowconvnet,pool_nonlin_exp,42,1,65,0.173,0.8868415797123974,0.981162920597708,13.390421836454935,-20.16355327807341,7.65997302133083,0,0
sleepedf_full,shuffled,shallowconvnet,logits,42,1,65,0.173,0.9483321492327832,0.9929942623124923,16.01341406156041,-24.40369349883979,9.338611586512167,0,0
sleepedf_full,shuffled,shallowconvnet,conv_time_spat,42,2,65,0.204,0.09537187076779176,0.000770128722337899,0.09577588059070538,-6.469838623404854e-05,-0.00034854486097488264,0,0
sleepedf_full,shuffled,shallowconvnet,bnorm,42,2,65,0.204,0.018625108299324376,0.0007635883211293095,0.01881750750624175,-4.042793162232595e-06,-0.000403469133255156,0,0
sleepedf_full,shuffled,shallowconvnet,conv_nonlin_exp,42,2,65,0.204,0.2517592859035816,0.2411890666201893,0.0009364801754767821,0.012962349356129296,0.2378604563719755,0,0
sleepedf_full,shuffled,shallowconvnet,pool,42,2,65,0.204,0.608854189006764,0.5998365126447162,0.0023440122063786255,0.03296646927085621,0.573543707529529,0,0
sleepedf_full,shuffled,shallowconvnet,pool_nonlin_exp,42,2,65,0.204,0.8784392744602875,0.9751844508506944,11.878508390664738,-17.560315139797275,6.560246023592772,0,0
sleepedf_full,shuffled,shallowconvnet,logits,42,2,65,0.204,0.770957909868281,0.8653382768659487,5.958766539016786,-7.9448977765809365,2.7465559378971247,0,0
sleepedf_full,shuffled,shallowconvnet,conv_time_spat,42,5,65,0.227,0.3000904907759749,0.0006909703926366066,0.3005186602028629,-0.00023595387552941905,-0.00019221555135941326,0,0
sleepedf_full,shuffled,shallowconvnet,bnorm,42,5,65,0.227,0.05028376514616046,0.000686626132848552,0.05060437540994151,-9.82132839870136e-06,-0.0003386158478483955,0,0
sleepedf_full,shuffled,shallowconvnet,conv_nonlin_exp,42,5,65,0.227,0.25950746753819476,0.23027303771672475,0.005367844579482134,0.031970060053101525,0.22216956290561102,0,0
sleepedf_full,shuffled,shallowconvnet,pool,42,5,65,0.227,0.6187640126652845,0.5998129866477123,0.011890584866188873,0.07659729590507829,0.5302761318940171,0,0
sleepedf_full,shuffled,shallowconvnet,pool_nonlin_exp,42,5,65,0.227,0.8574975122780628,0.9600297487089916,9.6915524108718,-13.898498953746468,5.064444055152717,0,0
sleepedf_full,shuffled,shallowconvnet,logits,42,5,65,0.227,0.688427502548356,0.9510532717263493,10.890689977877575,-17.147823602560955,6.918301996042778,0,0
sleepedf_full,shuffled,shallowconvnet,conv_time_spat,42,10,65,0.2195,0.2590243061224343,0.000681773425303366,0.2594612674689099,-0.000220479486224869,-0.0002164818602513447,0,0
sleepedf_full,shuffled,shallowconvnet,bnorm,42,10,65,0.2195,0.17997069330254625,0.0006799075608957649,0.18023802631289143,-9.340715786179735e-06,-0.0002579922945593715,0,0
sleepedf_full,shuffled,shallowconvnet,conv_nonlin_exp,42,10,65,0.2195,0.3063673059631125,0.1903185070653695,0.045234034516439044,0.09227539858844254,0.16885787285823053,0,0
sleepedf_full,shuffled,shallowconvnet,pool,42,10,65,0.2195,0.6666817252935249,0.603913054736083,0.08134074460823275,0.19634147918454015,0.38899950150075135,0,0
sleepedf_full,shuffled,shallowconvnet,pool_nonlin_exp,42,10,65,0.2195,0.8559777371289458,0.9373516542017931,6.886494237128543,-9.202151822994713,3.1716353229950665,0,0
sleepedf_full,shuffled,shallowconvnet,logits,42,10,65,0.2195,0.8583714778358048,0.9004010608479888,5.7504490234453565,-7.389318778399569,2.480141905608503,0,0
sleepedf_full,shuffled,shallowconvnet,conv_time_spat,42,20,65,0.1885,0.31054737918796405,0.0006625316775403086,0.31090309716155445,-0.00016640087578221628,-0.0001893170978091443,0,0
sleepedf_full,shuffled,shallowconvnet,bnorm,42,20,65,0.1885,0.4506563425123424,0.000662236457975887,0.4508002000386726,-6.667929903926519e-06,-0.00013718959642735172,0,0
sleepedf_full,shuffled,shallowconvnet,conv_nonlin_exp,42,20,65,0.1885,0.4282281708156381,0.12185740876454014,0.18774304081463158,0.1518961094108557,0.08858902059015025,0,0
sleepedf_full,shuffled,shallowconvnet,pool,42,20,65,0.1885,0.7672143986930953,0.581763910543616,0.29092080070145687,0.28736542014289684,0.18892817784874005,0,0
sleepedf_full,shuffled,shallowconvnet,pool_nonlin_exp,42,20,65,0.1885,0.8442290306108483,0.9041621096172636,4.657135899656239,-5.5633290144960945,1.750422145450709,0,0
sleepedf_full,shuffled,shallowconvnet,logits,42,20,65,0.1885,0.8120303281985054,0.8746641097849877,4.259854830171493,-5.320307211043271,1.8622419102588734,0,0
sleepedf_full,shuffled,shallowconvnet,conv_time_spat,43,0,65,0.2,0.0006852692348088399,0.0006852692348088397,0.0,0.0,-0.00035896331068098594,0,0
sleepedf_full,shuffled,shallowconvnet,bnorm,43,0,65,0.2,0.0006852692355773202,0.0006852692355773201,0.0,0.0,-0.000358963305400765,0,0
sleepedf_full,shuffled,shallowconvnet,conv_nonlin_exp,43,0,65,0.2,0.2080240496164255,0.20802404961642548,0.0,0.0,0.2080240496164255,0,0
sleepedf_full,shuffled,shallowconvnet,pool,43,0,65,0.2,0.498901335052763,0.498901335052763,0.0,0.0,0.498901335052763,0,0
sleepedf_full,shuffled,shallowconvnet,pool_nonlin_exp,43,0,65,0.2,0.9813449382387766,0.9844795066418289,4.418486006805338,-4.692117734091672,1.2549766655251404,0,0
sleepedf_full,shuffled,shallowconvnet,logits,43,0,65,0.2,0.9871668245668056,0.9877866815843956,4.349454175882736,-4.575553800498204,1.2132664491822747,0,0
sleepedf_full,shuffled,shallowconvnet,conv_time_spat,43,1,65,0.18,0.17020442598596047,0.0007521415317322084,0.1705821674939636,-8.113022386374005e-05,-0.00029661128413959153,0,0
sleepedf_full,shuffled,shallowconvnet,bnorm,43,1,65,0.18,0.007915236843882224,0.0007440058898238744,0.007933931502887478,1.5291387732142013e-05,-0.00041162039416869683,0,0
sleepedf_full,shuffled,shallowconvnet,conv_nonlin_exp,43,1,65,0.18,0.24689409922820912,0.2428153973955487,0.0001622744917956088,0.00522773629096276,0.24150408844545074,0,0
sleepedf_full,shuffled,shallowconvnet,pool,43,1,65,0.18,0.598517768589614,0.5942169658614667,0.00042337166723495383,0.013502161126702565,0.5845922357956765,0,0
sleepedf_full,shuffled,shallowconvnet,pool_nonlin_exp,43,1,65,0.18,0.887733945102899,0.9824579665647074,13.873731698686038,-21.010818785072757,8.024821031489566,0,0
sleepedf_full,shuffled,shallowconvnet,logits,43,1,65,0.18,0.9684345569491428,0.9947302949152979,14.135849844618642,-21.04244445437198,7.875029166702478,0,0
sleepedf_full,shuffled,shallowconvnet,conv_time_spat,43,2,65,0.2305,0.20640507506548722,0.0007223405507493656,0.20672409957893437,-6.0083398623502155e-05,-0.000258941114824069,0,0
sleepedf_full,shuffled,shallowconvnet,bnorm,43,2,65,0.2305,0.01475547898597091,0.0007186529921782421,0.014935821091556044,1.0489543623154409e-05,-0.0003894930342191936,0,0
sleepedf_full,shuffled,shallowconvnet,conv_nonlin_exp,43,2,65,0.2305,0.2540727504735482,0.2458703932217351,0.0010265769539012995,0.01006138743626746,0.24298478608337945,0,0
sleepedf_full,shuffled,shallowconvnet,pool,43,2,65,0.2305,0.6142537066996488,0.6082648830388419,0.002533252797191607,0.02537656968830228,0.5863438842141551,0,0
sleepedf_full,shuffled,shallowconvnet,pool_nonlin_exp,43,2,65,0.2305,0.8808642108847136,0.9832339408721422,14.7900527641038,-22.684217557834252,8.775029004615087,0,0
sleepedf_full,shuffled,shallowconvnet,logits,43,2,65,0.2305,0.9676728533884073,0.9921843179806914,14.618189026916212,-21.958255610303663,8.307739436775858,0,0
sleepedf_full,shuffled,shallowconvnet,conv_time_spat,43,5,65,0.182,0.3369492993803071,0.0006852264109507702,0.33727104114668094,-0.00013198441291706878,-0.0001897573534572797,0,0
sleepedf_full,shuffled,shallowconvnet,bnorm,43,5,65,0.182,0.054193373347329404,0.0006915361816133657,0.05445989330826776,5.5674493000781816e-05,-0.0003534011254835097,0,0
sleepedf_full,shuffled,shallowconvnet,conv_nonlin_exp,43,5,65,0.182,0.26806246594131206,0.23435091834827623,0.007580674652098874,0.03569017209331393,0.22479161919589918,0,0
sleepedf_full,shuffled,shallowconvnet,pool,43,5,65,0.182,0.6362976593060299,0.6173376030996333,0.016315127136020343,0.08428142239594365,0.5357011097740659,0,0
sleepedf_full,shuffled,shallowconvnet,pool_nonlin_exp,43,5,65,0.182,0.8630285891085686,0.9632702682704524,9.67169708294775,-13.781715834113292,4.973047340274073,0,0
sleepedf_full,shuffled,shallowconvnet,logits,43,5,65,0.182,0.9577151733771568,0.9918551914289937,11.462077626633924,-16.456257822292066,5.9518953690353,0,0
sleepedf_full,shuffled,shallowconvnet,conv_time_spat,43,10,65,0.1975,0.2355909401907174,0.0006572691931647861,0.23590394406970727,-8.932347218023924e-05,-0.0002236804068101129,0,0
sleepedf_full,shuffled,shallowconvnet,bnorm,43,10,65,0.1975,0.18969000248170342,0.0006621913310457115,0.18980024514924201,0.00014128147964478807,-0.0002515241471837692,0,0
sleepedf_full,shuffled,shallowconvnet,conv_nonlin_exp,43,10,65,0.1975,0.31679964562048446,0.18881451771038904,0.05961741323512156,0.09347561574843563,0.16370661663692682,0,0
sleepedf_full,shuffled,shallowconvnet,pool,43,10,65,0.1975,0.667267927225137,0.6127794525969826,0.10207515506923642,0.192435049100965,0.37275772305493515,0,0
sleepedf_full,shuffled,shallowconvnet,pool_nonlin_exp,43,10,65,0.1975,0.8520603904646716,0.9462383401928057,7.849268881047322,-10.907864117852963,3.910655627270292,0,0
sleepedf_full,shuffled,shallowconvnet,logits,43,10,65,0.1975,0.9501276748461719,0.9595971658223017,8.013286547080565,-10.694558347249412,3.6298330217268986,0,0
sleepedf_full,shuffled,shallowconvnet,conv_time_spat,43,20,65,0.206,0.3219359593201547,0.0006320650784710825,0.32223870827768036,-0.00011748411595327876,-0.00018526484157263334,0,0
sleepedf_full,shuffled,shallowconvnet,bnorm,43,20,65,0.206,0.44796451306246143,0.000639219752209234,0.4478909331733722,0.00021400328475409874,-0.0001404233956663868,0,0
sleepedf_full,shuffled,shallowconvnet,conv_nonlin_exp,43,20,65,0.206,0.4331290878483239,0.12267170042263506,0.1949416488763376,0.1501600623414641,0.08802737663052172,0,0
sleepedf_full,shuffled,shallowconvnet,pool,43,20,65,0.206,0.7666875199957679,0.600246276135977,0.29905264931137293,0.2810753533678885,0.1865595173165059,0,0
sleepedf_full,shuffled,shallowconvnet,pool_nonlin_exp,43,20,65,0.206,0.8473529853108925,0.9221808018740918,5.529109920170938,-7.110758681157927,2.4290017462978573,0,0
sleepedf_full,shuffled,shallowconvnet,logits,43,20,65,0.206,0.9046330224366886,0.939668938248437,6.139660002797842,-7.911162064477695,2.6727952096021648,0,0
sleepedf_full,shuffled,shallowconvnet,conv_time_spat,44,0,65,0.2005,0.0006989122614957968,0.0006989122614957967,0.0,0.0,-0.000387831905282901,0,0
sleepedf_full,shuffled,shallowconvnet,bnorm,44,0,65,0.2005,0.0006989122603123901,0.0006989122603123902,0.0,0.0,-0.0003878319071561544,0,0
sleepedf_full,shuffled,shallowconvnet,conv_nonlin_exp,44,0,65,0.2005,0.23362720848014953,0.23362720848014953,0.0,0.0,0.23362720848014953,0,0
sleepedf_full,shuffled,shallowconvnet,pool,44,0,65,0.2005,0.5595430187267176,0.5595430187267176,0.0,0.0,0.5595430187267176,0,0
sleepedf_full,shuffled,shallowconvnet,pool_nonlin_exp,44,0,65,0.2005,0.9809659833597995,0.9852058733716851,4.425412286237295,-4.6999431607157085,1.2554968578382426,0,0
sleepedf_full,shuffled,shallowconvnet,logits,44,0,65,0.2005,0.9710079145590663,0.9750666998166441,4.259614991505575,-4.477098561706742,1.1884914847602333,0,0
sleepedf_full,shuffled,shallowconvnet,conv_time_spat,44,1,65,0.2455,0.14924575939976265,0.000716822355018796,0.14960520255591278,-7.285876211366425e-05,-0.00028658439403686406,0,0
sleepedf_full,shuffled,shallowconvnet,bnorm,44,1,65,0.2455,0.009689273414011872,0.0007132208591768666,0.009732654365183526,8.072868576307703e-06,-0.00040016857195182743,0,0
sleepedf_full,shuffled,shallowconvnet,conv_nonlin_exp,44,1,65,0.2455,0.2495142835194931,0.24410442530716286,0.0003342657863256399,0.007113504936962782,0.24206651279620467,0,0
sleepedf_full,shuffled,shallowconvnet,pool,44,1,65,0.2455,0.6041061610209065,0.6005554628423598,0.0008722767124343312,0.018503608511019457,0.5847302757974527,0,0
sleepedf_full,shuffled,shallowconvnet,pool_nonlin_exp,44,1,65,0.2455,0.8910356984001884,0.9830990039410814,13.767309491639056,-20.779928065561737,7.9036542723227825,0,0
sleepedf_full,shuffled,shallowconvnet,logits,44,1,65,0.2455,0.9765971988919327,0.9974998560887642,16.164455517113932,-24.524694210471466,9.33683589224947,0,0
sleepedf_full,shuffled,shallowconvnet,conv_time_spat,44,2,65,0.1525,0.2077157187720621,0.000674506290131122,0.20791528289684635,3.667647744653299e-05,-0.000236240602231148,0,0
sleepedf_full,shuffled,shallowconvnet,bnorm,44,2,65,0.1525,0.016432592032112114,0.0006599418634032305,0.016601846569845657,1.4336959932915244e-05,-0.00035812867401447903,0,0
sleepedf_full,shuffled,shallowconvnet,conv_nonlin_exp,44,2,65,0.1525,0.25339852973638377,0.24364510476544712,0.0010927879651862623,0.012102814791699654,0.24020292697949788,0,0
sleepedf_full,shuffled,shallowconvnet,pool,44,2,65,0.1525,0.6120913404872697,0.6057652257573776,0.0027430646139623544,0.030760195860264964,0.5785880800130424,0,0
sleepedf_full,shuffled,shallowconvnet,pool_nonlin_exp,44,2,65,0.1525,0.8831302297886049,0.9789336880133048,13.255028724492721,-19.944101896444575,7.572203401740409,0,0
sleepedf_full,shuffled,shallowconvnet,logits,44,2,65,0.1525,0.9734468777531434,0.9966256375004673,15.218570395443512,-22.83789533975971,8.592771822069343,0,0
sleepedf_full,shuffled,shallowconvnet,conv_time_spat,44,5,65,0.1595,0.20759212755567738,0.0006785180037072268,0.20789848025947555,-4.90761930520939e-05,-0.00025727651074618153,0,0
sleepedf_full,shuffled,shallowconvnet,bnorm,44,5,65,0.1595,0.05109931941867292,0.000670951442170408,0.051406567271306915,1.577748664018023e-05,-0.0003566870671792173,0,0
sleepedf_full,shuffled,shallowconvnet,conv_nonlin_exp,44,5,65,0.1595,0.2606414118121143,0.22887700120157312,0.009163811903738439,0.03271238886770245,0.21876521104067323,0,0
sleepedf_full,shuffled,shallowconvnet,pool,44,5,65,0.1595,0.613067692559625,0.6018810708729846,0.0192714652102014,0.07587191322079373,0.5179243141286299,0,0
sleepedf_full,shuffled,shallowconvnet,pool_nonlin_exp,44,5,65,0.1595,0.8518809672768349,0.9703569773616968,12.482101322012898,-18.804904088946078,7.174683734209954,0,0
sleepedf_full,shuffled,shallowconvnet,logits,44,5,65,0.1595,0.9332362711647048,0.9868960720261164,11.85392152793994,-17.229223925889023,6.308538669113787,0,0
sleepedf_full,shuffled,shallowconvnet,conv_time_spat,44,10,65,0.232,0.20109119640143197,0.0006474402391521916,0.20130752029008675,3.219979893962026e-05,-0.0002485236875945875,0,0
sleepedf_full,shuffled,shallowconvnet,bnorm,44,10,65,0.232,0.18262334269723055,0.0006445351266611967,0.18285090977605337,3.341000676120042e-05,-0.0002609770855843649,0,0
sleepedf_full,shuffled,shallowconvnet,conv_nonlin_exp,44,10,65,0.232,0.31199488771904976,0.18732873098003308,0.055804882751865265,0.09273201182972214,0.1634579931374621,0,0
sleepedf_full,shuffled,shallowconvnet,pool,44,10,65,0.232,0.6608823693408833,0.6040161120461798,0.09683995415845519,0.1918783058361122,0.3721641093463162,0,0
sleepedf_full,shuffled,shallowconvnet,pool_nonlin_exp,44,10,65,0.232,0.8466767287234361,0.938971434503374,7.696277418734854,-10.645641954044503,3.796041264033045,0,0
sleepedf_full,shuffled,shallowconvnet,logits,44,10,65,0.232,0.9023475887123817,0.9707466529741415,7.773232427973216,-10.312259060211634,3.4413742209507987,0,0
sleepedf_full,shuffled,shallowconvnet,conv_time_spat,44,20,65,0.199,0.28349453238110894,0.000625030072396341,0.283794112779103,-0.00010925371770370848,-0.00019032668029089815,0,0
sleepedf_full,shuffled,shallowconvnet,bnorm,44,20,65,0.199,0.4526208757642312,0.0006321046843090939,0.45277423475795137,-2.1604050929784595e-05,-0.0001317549427916651,0,0
sleepedf_full,shuffled,shallowconvnet,conv_nonlin_exp,44,20,65,0.199,0.4385145921330533,0.12214476920389845,0.20174925360087095,0.14944628481860694,0.08731905371357444,0,0
sleepedf_full,shuffled,shallowconvnet,pool,44,20,65,0.199,0.7746377064138448,0.6009091567748466,0.3103167302455133,0.27921959454007084,0.1851013816282597,0,0
sleepedf_full,shuffled,shallowconvnet,pool_nonlin_exp,44,20,65,0.199,0.8545022922659087,0.9121469517447306,4.73605238224618,-5.670376322863427,1.7888262328831386,0,0
sleepedf_full,shuffled,shallowconvnet,logits,44,20,65,0.199,0.9130090372394533,0.890687808292953,4.430001896598784,-4.9423803445697745,1.425210209973052,0,0
sleepedf_full,shuffled,shallowconvnet,conv_time_spat,45,0,65,0.2,0.0006335733399382317,0.0006335733399382319,0.0,0.0,-0.0003658903438152838,0,0
sleepedf_full,shuffled,shallowconvnet,bnorm,45,0,65,0.2,0.0006335733443478013,0.0006335733443478013,0.0,0.0,-0.0003658903419195694,0,0
sleepedf_full,shuffled,shallowconvnet,conv_nonlin_exp,45,0,65,0.2,0.2266537457343588,0.2266537457343588,0.0,0.0,0.2266537457343588,0,0
sleepedf_full,shuffled,shallowconvnet,pool,45,0,65,0.2,0.5439469422070099,0.5439469422070099,0.0,0.0,0.5439469422070099,0,0
sleepedf_full,shuffled,shallowconvnet,pool_nonlin_exp,45,0,65,0.2,0.9810941614486363,0.9853993378712171,4.501203065051019,-4.817884873143507,1.297775969541154,0,0
sleepedf_full,shuffled,shallowconvnet,logits,45,0,65,0.2,0.9868024991942347,0.9893419606151532,4.29233572134711,-4.489605316101832,1.1840720939489577,0,0
sleepedf_full,shuffled,shallowconvnet,conv_time_spat,45,1,65,0.1825,0.08346431543786119,0.0007085302492187326,0.08378457987840901,1.3296473441999497e-05,-0.0003412214106640924,0,0
sleepedf_full,shuffled,shallowconvnet,bnorm,45,1,65,0.1825,0.006997518743760657,0.0007109504498611099,0.007053317730535228,1.489320578107174e-06,-0.00041237854615080056,0,0
sleepedf_full,shuffled,shallowconvnet,conv_nonlin_exp,45,1,65,0.1825,0.24683782518610384,0.24293056392433698,0.0001508486170628809,0.004982013623589216,0.2417049629454517,0,0
sleepedf_full,shuffled,shallowconvnet,pool,45,1,65,0.1825,0.5988141488888064,0.5945342856593177,0.00040113796888214273,0.013036231703390652,0.5853767792165334,0,0
sleepedf_full,shuffled,shallowconvnet,pool_nonlin_exp,45,1,65,0.1825,0.8837860357389498,0.9836197148405732,14.910480945983043,-22.844572872748717,8.817877962504543,0,0
sleepedf_full,shuffled,shallowconvnet,logits,45,1,65,0.1825,0.9133721846637568,0.9879446800895582,14.138996143505407,-21.277049843224145,8.051425884382493,0,0
sleepedf_full,shuffled,shallowconvnet,conv_time_spat,45,2,65,0.1985,0.1729066782979244,0.000695939503821251,0.1732432140971871,-6.879258957377358e-05,-0.00026774320968907765,0,0
sleepedf_full,shuffled,shallowconvnet,bnorm,45,2,65,0.1985,0.013683042181173596,0.0007015958569078135,0.013848497576399575,4.374026197864491e-08,-0.00039181647058826244,0,0
sleepedf_full,shuffled,shallowconvnet,conv_nonlin_exp,45,2,65,0.1985,0.25662893122687097,0.24795273327681555,0.0004811899563832199,0.010976148841332564,0.24517159242915518,0,0
sleepedf_full,shuffled,shallowconvnet,pool,45,2,65,0.1985,0.6222600413340647,0.6147373993015922,0.0012627473424666805,0.02845160482899672,0.5925456891626014,0,0
sleepedf_full,shuffled,shallowconvnet,pool_nonlin_exp,45,2,65,0.1985,0.8783265848994966,0.9775028521523172,12.328696744506148,-18.292829956754225,6.842459797147539,0,0
sleepedf_full,shuffled,shallowconvnet,logits,45,2,65,0.1985,0.8630445096952378,0.9777301494887917,11.869151608805629,-17.50438418991496,6.498198212071049,0,0
sleepedf_full,shuffled,shallowconvnet,conv_time_spat,45,5,65,0.2165,0.21420363745712903,0.0006822404693443365,0.21464360754196438,-0.00019509399286239877,-0.0002448760919734665,0,0
sleepedf_full,shuffled,shallowconvnet,bnorm,45,5,65,0.2165,0.03870754695422533,0.0006823290868787859,0.03900989012325098,1.689093247673198e-05,-0.0003648162754757462,0,0
sleepedf_full,shuffled,shallowconvnet,conv_nonlin_exp,45,5,65,0.2165,0.26359124861070227,0.23779406997809913,0.003764980107592615,0.029300744409885143,0.23052552409322447,0,0
sleepedf_full,shuffled,shallowconvnet,pool,45,5,65,0.2165,0.6328866373739885,0.6142734369712229,0.008813738277670367,0.07147807914043706,0.5525948199558811,0,0
sleepedf_full,shuffled,shallowconvnet,pool_nonlin_exp,45,5,65,0.2165,0.8620321020144989,0.9659395120434022,10.708551897324318,-15.595832047487896,5.749312252178029,0,0
sleepedf_full,shuffled,shallowconvnet,logits,45,5,65,0.2165,0.8722194872650375,0.968103553756379,10.0052238654401,-14.31804368448049,5.184539132082667,0,0
sleepedf_full,shuffled,shallowconvnet,conv_time_spat,45,10,65,0.1865,0.24219481495027412,0.0006655140192984235,0.24263208939706205,-0.00020620360843846743,-0.00023107083834974381,0,0
sleepedf_full,shuffled,shallowconvnet,bnorm,45,10,65,0.1865,0.13415298304031636,0.0006638077508517176,0.1343178283677761,0.0001289621391608464,-0.0002938074666208783,0,0
sleepedf_full,shuffled,shallowconvnet,conv_nonlin_exp,45,10,65,0.1865,0.29907377816819364,0.20747380417039937,0.03731499735220794,0.07520073733653015,0.18655804347945523,0,0
sleepedf_full,shuffled,shallowconvnet,pool,45,10,65,0.1865,0.6547016294593501,0.6158915666873729,0.06679040943572884,0.15835951158071734,0.4295517084429034,0,0
sleepedf_full,shuffled,shallowconvnet,pool_nonlin_exp,45,10,65,0.1865,0.8477203113542703,0.9449434283939501,8.90020330475651,-12.684125868182948,4.6316428747806695,0,0
sleepedf_full,shuffled,shallowconvnet,logits,45,10,65,0.1865,0.9229202011052197,0.9700571367227706,9.324707170101687,-12.935376937682861,4.533589968686392,0,0
sleepedf_full,shuffled,shallowconvnet,conv_time_spat,45,20,65,0.222,0.22544524443576774,0.0006390987424090286,0.22557955986977923,9.649044606755666e-05,-0.00023080588007942586,0,0
sleepedf_full,shuffled,shallowconvnet,bnorm,45,20,65,0.222,0.3990233305113916,0.0006325090633156171,0.399069865726409,0.00010712597229224703,-0.00015366118731047353,0,0
sleepedf_full,shuffled,shallowconvnet,conv_nonlin_exp,45,20,65,0.222,0.4089856179702647,0.13199980450222992,0.1658250773970449,0.14421289198387446,0.09894764858934492,0,0
sleepedf_full,shuffled,shallowconvnet,pool,45,20,65,0.222,0.7463589051119394,0.594527682036361,0.2587213236040097,0.27412280315263315,0.21351477835529536,0,0
sleepedf_full,shuffled,shallowconvnet,pool_nonlin_exp,45,20,65,0.222,0.8482300178023868,0.9331472229089467,6.251226058190993,-8.332994231573954,2.9299981911853217,0,0
sleepedf_full,shuffled,shallowconvnet,logits,45,20,65,0.222,0.8969849474469969,0.9326949534667166,6.805200908313359,-9.1684897296129,3.25058127045206,0,0
sleepedf_full,shuffled,shallowconvnet,conv_time_spat,46,0,65,0.1995,0.0006368558530177794,0.0006368558530177793,0.0,0.0,-0.0003476513165971724,0,0
sleepedf_full,shuffled,shallowconvnet,bnorm,46,0,65,0.1995,0.0006368558470964169,0.0006368558470964167,0.0,0.0,-0.0003476513152482888,0,0
sleepedf_full,shuffled,shallowconvnet,conv_nonlin_exp,46,0,65,0.1995,0.2172991914309743,0.2172991914309743,0.0,0.0,0.2172991914309743,0,0
sleepedf_full,shuffled,shallowconvnet,pool,46,0,65,0.1995,0.5185125121056804,0.5185125121056804,0.0,0.0,0.5185125121056804,0,0
sleepedf_full,shuffled,shallowconvnet,pool_nonlin_exp,46,0,65,0.1995,0.9805243113269305,0.9842499020295526,4.3588328619499475,-4.599554993054068,1.2212464424310796,0,0
sleepedf_full,shuffled,shallowconvnet,logits,46,0,65,0.1995,0.9890668570043186,0.9925097338842015,4.396393492555659,-4.638891915058523,1.2315652795071834,0,0
sleepedf_full,shuffled,shallowconvnet,conv_time_spat,46,1,65,0.201,0.10621295445849291,0.0007918078814532827,0.10658523593476821,-1.232503206702283e-05,-0.0003599564442084484,0,0
sleepedf_full,shuffled,shallowconvnet,bnorm,46,1,65,0.201,0.008759612408130512,0.0007796972037074322,0.008804595613855735,1.462203419946999e-05,-0.0004496264231310226,0,0
sleepedf_full,shuffled,shallowconvnet,conv_nonlin_exp,46,1,65,0.201,0.24331927954869315,0.23883874706764044,0.00039320626568966645,0.005782496646569262,0.23714357663643418,0,0
sleepedf_full,shuffled,shallowconvnet,pool,46,1,65,0.201,0.5871583209666857,0.5839733752234436,0.001010329838735472,0.014925380481007734,0.5712226106469425,0,0
sleepedf_full,shuffled,shallowconvnet,pool_nonlin_exp,46,1,65,0.201,0.8790055918433748,0.9850550780833977,15.250574761699697,-23.471784928892028,9.100215759035622,0,0
sleepedf_full,shuffled,shallowconvnet,logits,46,1,65,0.201,0.9312756361423832,0.9896695142387284,13.845443131943242,-20.718324694142186,7.804157198341329,0,0
sleepedf_full,shuffled,shallowconvnet,conv_time_spat,46,2,65,0.2125,0.12724097089911035,0.0007593795657642833,0.12761284156989686,-3.8401494937546825e-05,-0.0003334691758489738,0,0
sleepedf_full,shuffled,shallowconvnet,bnorm,46,2,65,0.2125,0.012315046374517725,0.0007551787340878925,0.012428286963068476,-7.306047999381724e-06,-0.0004329825497107894,0,0
sleepedf_full,shuffled,shallowconvnet,conv_nonlin_exp,46,2,65,0.2125,0.2545572607837673,0.24752965873791044,0.0004641862433005788,0.008866670136937989,0.24522640440352866,0,0
sleepedf_full,shuffled,shallowconvnet,pool,46,2,65,0.2125,0.6128544912974664,0.6064175877578792,0.001203888511239408,0.02284447557706427,0.5888061272091627,0,0
sleepedf_full,shuffled,shallowconvnet,pool_nonlin_exp,46,2,65,0.2125,0.872910660224206,0.980696030034866,14.53379950447654,-22.247520119051803,8.586631274799407,0,0
sleepedf_full,shuffled,shallowconvnet,logits,46,2,65,0.2125,0.9741524419903043,0.995716222252216,14.830084463595666,-22.13030343154335,8.27437140993799,0,0
sleepedf_full,shuffled,shallowconvnet,conv_time_spat,46,5,65,0.212,0.20843383291174877,0.0006967740762209835,0.20857653310739968,9.744731408235933e-05,-0.0002401475097337336,0,0
sleepedf_full,shuffled,shallowconvnet,bnorm,46,5,65,0.212,0.04551544134236178,0.0006850787055837562,0.045854411660083395,-1.9921027060697542e-05,-0.00035020764834428744,0,0
sleepedf_full,shuffled,shallowconvnet,conv_nonlin_exp,46,5,65,0.212,0.26608921092019905,0.23770651940227105,0.005785357938993715,0.030861004692141387,0.2294428482890638,0,0
sleepedf_full,shuffled,shallowconvnet,pool,46,5,65,0.212,0.6330417615898191,0.6137969649982596,0.012946196160611923,0.07375512066193426,0.5463404447672726,0,0
sleepedf_full,shuffled,shallowconvnet,pool_nonlin_exp,46,5,65,0.212,0.857491514229896,0.9647603447155882,9.990620433052024,-14.329678232492768,5.196549313670615,0,0
sleepedf_full,shuffled,shallowconvnet,logits,46,5,65,0.212,0.9076519939320943,0.9674959197445007,9.884522448016327,-13.882847344617218,4.9059768905329815,0,0
sleepedf_full,shuffled,shallowconvnet,conv_time_spat,46,10,65,0.23,0.30553671198406734,0.0006699624852703239,0.305738999007966,-1.256845845590548e-05,-0.00018971856544279753,0,0
sleepedf_full,shuffled,shallowconvnet,bnorm,46,10,65,0.23,0.16394035064657128,0.0006647091332470373,0.16422925133816824,-2.8333406578341616e-05,-0.0002605672850188981,0,0
sleepedf_full,shuffled,shallowconvnet,conv_nonlin_exp,46,10,65,0.23,0.3083167832633775,0.2017619145753338,0.04901260774436104,0.08129666529008156,0.1780075102289346,0,0
sleepedf_full,shuffled,shallowconvnet,pool,46,10,65,0.23,0.6585371509461567,0.6137957855819114,0.08465554421147212,0.16829132364075444,0.40559028309393025,0,0
sleepedf_full,shuffled,shallowconvnet,pool_nonlin_exp,46,10,65,0.23,0.8560563524797205,0.9476011118452851,8.047399629825614,-11.244540398690397,4.053197121344462,0,0
sleepedf_full,shuffled,shallowconvnet,logits,46,10,65,0.23,0.9408089257911931,0.8770306114133337,5.402794684016342,-6.447979001252208,1.98599324302706,0,0
sleepedf_full,shuffled,shallowconvnet,conv_time_spat,46,20,65,0.2,0.3544040177911312,0.0006532244807287419,0.3547912495662759,-0.00021953881780051304,-0.0001676929573443336,0,0
sleepedf_full,shuffled,shallowconvnet,bnorm,46,20,65,0.2,0.4656131153897065,0.0006533847049874823,0.4656660123667233,7.228853362829322e-05,-0.0001251855106464813,0,0
sleepedf_full,shuffled,shallowconvnet,conv_nonlin_exp,46,20,65,0.2,0.44090671766140666,0.11735304934167955,0.20099027448300755,0.15639827077362978,0.08351817240476893,0,0
sleepedf_full,shuffled,shallowconvnet,pool,46,20,65,0.2,0.7773751250791274,0.587533521600306,0.30846624031238534,0.29253493714702633,0.17637394761971462,0,0
sleepedf_full,shuffled,shallowconvnet,pool_nonlin_exp,46,20,65,0.2,0.848003585481005,0.8571486735611863,3.573182911787525,-3.759780085736978,1.0346007594304447,0,0
sleepedf_full,shuffled,shallowconvnet,logits,46,20,65,0.2,0.9081998830080225,0.9086308849913793,3.8830758024535794,-4.056676375400613,1.0813335865060967,0,0
sleepedf_full,shuffled,eegconformer,patch_embedding,41,0,65,0.2,0.9957885480169073,0.1966180765760792,1.0052531641799214,-0.009631114703545026,0.00016649854052858037,0,0
sleepedf_full,shuffled,eegconformer,transformer.0,41,0,65,0.2,0.9991715782987867,0.5125349979644758,1.007819412013023,-0.008824165017579513,0.00017633130334280156,0,0
sleepedf_full,shuffled,eegconformer,transformer.2,41,0,65,0.2,0.9996491737876709,0.6144164404237509,1.003343659592502,-0.003785111499749894,9.062569491806826e-05,0,0
sleepedf_full,shuffled,eegconformer,transformer.5,41,0,65,0.2,0.9997153593728452,0.6000641254019072,1.002263592705849,-0.002621346632120147,7.311329911341702e-05,0,0
sleepedf_full,shuffled,eegconformer,fc,41,0,65,0.2,0.9996934274791041,0.6753291807853413,1.0047296173158322,-0.005135878041927932,9.968820519961561e-05,0,0
sleepedf_full,shuffled,eegconformer,logits,41,0,65,0.2,0.9996264870133372,0.5600551380922622,1.0128387441238587,-0.013302973943136558,9.071683261488262e-05,0,0
sleepedf_full,shuffled,eegconformer,patch_embedding,41,1,65,0.217,0.9213110950243739,0.27806703407491185,0.948269522459056,-0.030028055105485913,0.003069627670799151,0,0
sleepedf_full,shuffled,eegconformer,transformer.0,41,1,65,0.217,0.9658664536534443,0.7052365050598074,1.0763755750362458,-0.11634731248163022,0.005838191098824294,0,0
sleepedf_full,shuffled,eegconformer,transformer.2,41,1,65,0.217,0.9761404331608314,0.6380665310461315,1.0580502612871132,-0.08552947529480688,0.003619647168522907,0,0
sleepedf_full,shuffled,eegconformer,transformer.5,41,1,65,0.217,0.9824026280375552,0.653925185377107,1.003923188300833,-0.02409857327732823,0.002578013014051398,0,0
sleepedf_full,shuffled,eegconformer,fc,41,1,65,0.217,0.9941123741028519,0.6509068283387707,1.0208502685976373,-0.027904188538814018,0.001166294044028772,0,0
sleepedf_full,shuffled,eegconformer,logits,41,1,65,0.217,0.9963598294771222,0.7463159705610506,1.082623630165112,-0.0876599809474989,0.0013961802595089526,0,0
sleepedf_full,shuffled,eegconformer,patch_embedding,41,2,65,0.2015,0.9058143787013049,0.29968948484667285,0.9402905477926995,-0.03809608958810206,0.0036199204967069616,0,0
sleepedf_full,shuffled,eegconformer,transformer.0,41,2,65,0.2015,0.9510765993000312,0.7503266622095727,1.0613995274524008,-0.11799560121722343,0.007672673064849577,0,0
sleepedf_full,shuffled,eegconformer,transformer.2,41,2,65,0.2015,0.9578312681667516,0.7590039820189627,0.9890146312870194,-0.037929038404690744,0.006745675284421724,0,0
sleepedf_full,shuffled,eegconformer,transformer.5,41,2,65,0.2015,0.9683318140917689,0.8824527265210826,0.9216124686238422,0.038531859625739635,0.008187485842185004,0,0
sleepedf_full,shuffled,eegconformer,fc,41,2,65,0.2015,0.9900902034398266,0.9388978194751703,0.9651471964751791,0.021333083256603658,0.0036099237080437175,0,0
sleepedf_full,shuffled,eegconformer,logits,41,2,65,0.2015,0.9924088096051382,0.9078569139759588,0.8270278880944814,0.1573833322074481,0.007997589303208529,0,0
sleepedf_full,shuffled,eegconformer,patch_embedding,41,5,65,0.2075,0.8810608570086861,0.26994752185564796,0.928422741595079,-0.04994594304390716,0.002584058457513189,0,0
sleepedf_full,shuffled,eegconformer,transformer.0,41,5,65,0.2075,0.970460835645622,0.6599457188119813,1.0079710697903985,-0.039546134844686984,0.002035900699909336,0,0
sleepedf_full,shuffled,eegconformer,transformer.2,41,5,65,0.2075,0.9568058572105678,0.7408408697099972,1.0041392459221137,-0.051104307683365796,0.0037709189718158026,0,0
sleepedf_full,shuffled,eegconformer,transformer.5,41,5,65,0.2075,0.9694462372768611,0.7012613508942838,1.0117936769585272,-0.044635412571820514,0.0022879728901520364,0,0
sleepedf_full,shuffled,eegconformer,fc,41,5,65,0.2075,0.9658596401917904,0.7235366911479961,1.0361415092013833,-0.07218681280708794,0.0019049437974950879,0,0
sleepedf_full,shuffled,eegconformer,logits,41,5,65,0.2075,0.9688933670360887,0.8902651713348215,0.8971733394925264,0.06628079530233952,0.005439232241222811,0,0
sleepedf_full,shuffled,eegconformer,patch_embedding,41,10,65,0.214,0.835531866496244,0.23815589363796053,0.8997706483263248,-0.06584737103364609,0.0016085892035643588,0,0
sleepedf_full,shuffled,eegconformer,transformer.0,41,10,65,0.214,0.897455178570504,0.7198046929265585,1.1282775558318654,-0.23370290010415368,0.0028805228427889896,0,0
sleepedf_full,shuffled,eegconformer,transformer.2,41,10,65,0.214,0.9445190461405664,0.6609770712047958,1.0599442985700631,-0.1165137072086238,0.001088454779125261,0,0
sleepedf_full,shuffled,eegconformer,transformer.5,41,10,65,0.214,0.979359403675654,0.4138610191080907,1.0080409338986323,-0.02882938537876144,0.0001478551557839815,0,0
sleepedf_full,shuffled,eegconformer,fc,41,10,65,0.214,0.9972144696470207,0.5478588020788915,0.9952965957755455,0.001881958164752291,3.591570672270864e-05,0,0
sleepedf_full,shuffled,eegconformer,logits,41,10,65,0.214,0.9998161252945231,0.6378137126982621,1.0037117870805083,-0.0038981235946321646,2.461808647229306e-06,0,0
sleepedf_full,shuffled,eegconformer,patch_embedding,41,20,65,0.211,0.7227867322205358,0.15772835534168966,0.8521740862595275,-0.13107333843571692,0.001685984396723002,0,0
sleepedf_full,shuffled,eegconformer,transformer.0,41,20,65,0.211,0.6996011570124255,0.12052763065376865,0.9367581543664434,-0.23841950538654472,0.0004523488555144925,0,0
sleepedf_full,shuffled,eegconformer,transformer.2,41,20,65,0.211,0.6607871244814217,0.08530872659314538,0.847557179750783,-0.19047535571289315,0.00030302839802678346,0,0
sleepedf_full,shuffled,eegconformer,transformer.5,41,20,65,0.211,0.6605490413364837,0.059807996446384015,0.8225967140074228,-0.16245051488503862,0.000402842214099206,0,0
sleepedf_full,shuffled,eegconformer,fc,41,20,65,0.211,0.953582559058758,0.4088473684391475,0.9828403280239324,-0.029549133361516457,0.0002913643963420751,0,0
sleepedf_full,shuffled,eegconformer,logits,41,20,65,0.211,0.9763554965640583,0.6537250384985284,0.9695649186451152,0.006388909877565903,0.0004016680413772644,0,0
sleepedf_full,shuffled,eegconformer,patch_embedding,42,0,65,0.198,0.9923851265182811,0.252789409108064,1.000775858014796,-0.00875416953561142,0.0003634380390947495,0,0
sleepedf_full,shuffled,eegconformer,transformer.0,42,0,65,0.198,0.9988023675370591,0.5786240210111127,1.0007745970460014,-0.002211356140351054,0.00023912663140851246,0,0
sleepedf_full,shuffled,eegconformer,transformer.2,42,0,65,0.198,0.9991317893517683,0.6689929215496082,0.9981680553410038,0.0007454096241519173,0.00021832438661243428,0,0
sleepedf_full,shuffled,eegconformer,transformer.5,42,0,65,0.198,0.9994112485016832,0.714264552157658,0.9957271990079841,0.0035328976456555903,0.0001511518480379941,0,0
sleepedf_full,shuffled,eegconformer,fc,42,0,65,0.198,0.9994407476900335,0.6996001228640878,0.9917681153240614,0.007523701770160621,0.00014893059581138135,0,0
sleepedf_full,shuffled,eegconformer,logits,42,0,65,0.198,0.9996075791341411,0.7919552379667647,0.9830470334591505,0.016432486134001247,0.00012805954098939478,0,0
sleepedf_full,shuffled,eegconformer,patch_embedding,42,1,65,0.2,0.9149087712831967,0.3310002995385445,0.9678574100588554,-0.05779465377596949,0.004846015000309582,0,0
sleepedf_full,shuffled,eegconformer,transformer.0,42,1,65,0.2,0.9705675297590468,0.6303367075014592,1.0183917932967423,-0.05299773720238414,0.00517347366468663,0,0
sleepedf_full,shuffled,eegconformer,transformer.2,42,1,65,0.2,0.979428476798364,0.6354829043039859,1.0137731850294052,-0.03882475054011139,0.0044800423090682545,0,0
sleepedf_full,shuffled,eegconformer,transformer.5,42,1,65,0.2,0.9843775897823744,0.6423562768349009,1.0036236472841598,-0.023260842049618334,0.004014784547828834,0,0
sleepedf_full,shuffled,eegconformer,fc,42,1,65,0.2,0.9999995130847968,0.9808566695414433,1.0002266976495853,-0.00022744061185860643,2.5604707030412695e-07,0,0
sleepedf_full,shuffled,eegconformer,logits,42,1,65,0.2,0.9999992239002868,0.9966707331016019,0.9973672953678753,0.0026296185182717855,2.310014139761001e-06,0,0
sleepedf_full,shuffled,eegconformer,patch_embedding,42,2,65,0.202,0.9093909908516197,0.3437231205658435,0.9704375456327137,-0.06529925790988557,0.0042527031287884634,0,0
sleepedf_full,shuffled,eegconformer,transformer.0,42,2,65,0.202,0.9719732170482114,0.6731739110175348,1.026233543654092,-0.057761879270281105,0.0035015526643974175,0,0
sleepedf_full,shuffled,eegconformer,transformer.2,42,2,65,0.202,0.9798625901517094,0.689628431441979,1.0339125350949845,-0.056938181378919234,0.002888236435639078,0,0
sleepedf_full,shuffled,eegconformer,transformer.5,42,2,65,0.202,0.9853569062338955,0.7659817481546385,0.9922095343163241,-0.009760873357749085,0.002908245275319174,0,0
sleepedf_full,shuffled,eegconformer,fc,42,2,65,0.202,0.9999985972817851,0.9498744776162198,0.9996520370526707,0.00034595462868766073,6.056004267701607e-07,0,0
sleepedf_full,shuffled,eegconformer,logits,42,2,65,0.202,0.9999963110838457,0.9404090615567754,0.9992294621805143,0.0007652089059341639,1.6399973972492487e-06,0,0
sleepedf_full,shuffled,eegconformer,patch_embedding,42,5,65,0.193,0.8896083131353639,0.3224147283138094,0.9578647605344461,-0.0716086032001509,0.003352155801066983,0,0
sleepedf_full,shuffled,eegconformer,transformer.0,42,5,65,0.193,0.9617159454940212,0.6766933723773091,1.0646545157404503,-0.10564228430756266,0.0027037140611316955,0,0
sleepedf_full,shuffled,eegconformer,transformer.2,42,5,65,0.193,0.9287016547275947,0.6210800972110239,0.9732983992697295,-0.048529055552226044,0.00393231101009015,0,0
sleepedf_full,shuffled,eegconformer,transformer.5,42,5,65,0.193,0.9451297036594049,0.7105785661502552,1.009475441960453,-0.06809502612596519,0.003749287824913992,0,0
sleepedf_full,shuffled,eegconformer,fc,42,5,65,0.193,0.9999312496512162,0.8855591698950978,1.0044436340993306,-0.0045175427929287915,5.158344814476136e-06,0,0
sleepedf_full,shuffled,eegconformer,logits,42,5,65,0.193,0.9999556819250457,0.7538770594365203,1.000755336224374,-0.0008011105353515664,1.4562360233372164e-06,0,0
sleepedf_full,shuffled,eegconformer,patch_embedding,42,10,65,0.205,0.8313942827561889,0.3398782069281113,0.9292819800784293,-0.10187352827718325,0.003985830954942651,0,0
sleepedf_full,shuffled,eegconformer,transformer.0,42,10,65,0.205,0.9457219954387438,0.6749392217507484,1.004270604390397,-0.06023598985809859,0.0016873809064448827,0,0
sleepedf_full,shuffled,eegconformer,transformer.2,42,10,65,0.205,0.9597113029419917,0.6150221137437735,0.984050225691863,-0.025258885428143876,0.0009199626782725389,0,0
sleepedf_full,shuffled,eegconformer,transformer.5,42,10,65,0.205,0.9686676811954044,0.6017651637544936,0.9650173161291165,0.002962562155233743,0.0006878029110525764,0,0
sleepedf_full,shuffled,eegconformer,fc,42,10,65,0.205,0.9999999268788111,0.9598571068788906,0.9999524849547445,4.743548341304945e-05,6.440653454194168e-09,0,0
sleepedf_full,shuffled,eegconformer,logits,42,10,65,0.205,0.9999999828957291,0.9663702625473479,1.0002099953721901,-0.0002100198777560134,7.401295013814054e-09,0,0
sleepedf_full,shuffled,eegconformer,patch_embedding,42,20,65,0.1965,0.8277434795424814,0.2949967144065172,0.9256888394721426,-0.10022443735961939,0.002279077429957424,0,0
sleepedf_full,shuffled,eegconformer,transformer.0,42,20,65,0.1965,0.9490375659143857,0.6334580216282075,0.9880794346105018,-0.040073023738683426,0.0010311550425651055,0,0
sleepedf_full,shuffled,eegconformer,transformer.2,42,20,65,0.1965,0.9543997721562826,0.6522286985488294,0.9420115925781493,0.011220837980726218,0.001167341597404073,0,0
sleepedf_full,shuffled,eegconformer,transformer.5,42,20,65,0.1965,0.941926131033418,0.7006391470832304,0.9729685791368117,-0.03296046180023481,0.0019180136968390445,0,0
sleepedf_full,shuffled,eegconformer,fc,42,20,65,0.1965,0.9999999999996569,0.7685643264501836,0.9999997313784305,2.686211773364558e-07,4.934706456234631e-14,0,86
sleepedf_full,shuffled,eegconformer,logits,42,20,65,0.1965,0.9999999999998275,0.5024347228543606,0.9999991316258992,8.683738750585522e-07,5.318238060683415e-14,0,850
sleepedf_full,shuffled,eegconformer,patch_embedding,43,0,65,0.171,0.9942148909033044,0.21481477509830157,0.9978396119548519,-0.0038373895891068836,0.0002126685375565168,0,0
sleepedf_full,shuffled,eegconformer,transformer.0,43,0,65,0.171,0.9995144420111364,0.5676701168985528,1.0017091289601117,-0.002287137742036721,9.245079305839334e-05,0,0
sleepedf_full,shuffled,eegconformer,transformer.2,43,0,65,0.171,0.9996676914813826,0.6784444951154769,0.9996418019995896,-6.730960817957615e-05,9.319908997188784e-05,0,0
sleepedf_full,shuffled,eegconformer,transformer.5,43,0,65,0.171,0.9997503005224703,0.7096942979212909,0.9998639262341678,-0.000187055808058868,7.343009635990735e-05,0,0
sleepedf_full,shuffled,eegconformer,fc,43,0,65,0.171,0.9997017918809726,0.6141191797737662,1.0012116462792258,-0.0015762831959932296,6.642879774011592e-05,0,0
sleepedf_full,shuffled,eegconformer,logits,43,0,65,0.171,0.9996838602914826,0.862282983599541,0.9976069132858264,0.0019253806984048426,0.0001515663072515725,0,0
sleepedf_full,shuffled,eegconformer,patch_embedding,43,1,65,0.203,0.9075099088071986,0.40605748124491187,0.9198292429592788,-0.018662089068285703,0.006342754916203158,0,0
sleepedf_full,shuffled,eegconformer,transformer.0,43,1,65,0.203,0.9722040237341278,0.7119780038195328,1.0605666326808336,-0.09286124665487439,0.00449863770816704,0,0
sleepedf_full,shuffled,eegconformer,transformer.2,43,1,65,0.203,0.9696958729763181,0.7161473199630384,1.048787069298945,-0.08333643080074281,0.004245234478112611,0,0
sleepedf_full,shuffled,eegconformer,transformer.5,43,1,65,0.203,0.9801322577249494,0.723589836374465,1.0313660420582345,-0.053901182274414955,0.002667397941126912,0,0
sleepedf_full,shuffled,eegconformer,fc,43,1,65,0.203,0.9998843288182293,0.9561325889317497,1.0048941295047695,-0.005026217582396123,1.6416895855911453e-05,0,0
sleepedf_full,shuffled,eegconformer,logits,43,1,65,0.203,0.9947033069977949,0.9794952514270063,1.0391072295619321,-0.0451268395811916,0.0007229170170542109,0,0
sleepedf_full,shuffled,eegconformer,patch_embedding,43,2,65,0.2,0.9018561126296013,0.3835434360539051,0.9155239405436141,-0.01896696530728798,0.005299137393274049,0,0
sleepedf_full,shuffled,eegconformer,transformer.0,43,2,65,0.2,0.9656757289962423,0.709529308149354,1.0402947902915773,-0.07861403378073076,0.003994972485394888,0,0
sleepedf_full,shuffled,eegconformer,transformer.2,43,2,65,0.2,0.9439162415543086,0.7666959637271082,1.0097307935035014,-0.07317807794324835,0.007363525994054321,0,0
sleepedf_full,shuffled,eegconformer,transformer.5,43,2,65,0.2,0.9423456601469197,0.7635215822062854,1.009057020064804,-0.07479797593059287,0.00808661601270597,0,0
sleepedf_full,shuffled,eegconformer,fc,43,2,65,0.2,0.999503552073186,0.8483779129184185,1.010672970665532,-0.01122365048803936,5.423189569307828e-05,0,0
sleepedf_full,shuffled,eegconformer,logits,43,2,65,0.2,0.9951538331388448,0.78139974483993,1.0003030252537854,-0.005429434431124728,0.0002802423161840842,0,0
sleepedf_full,shuffled,eegconformer,patch_embedding,43,5,65,0.201,0.8903481166662791,0.33595004737304673,0.918064297224624,-0.03173243448390505,0.004016253925558111,0,0
sleepedf_full,shuffled,eegconformer,transformer.0,43,5,65,0.201,0.974124185403799,0.510625629133822,1.0407568201155795,-0.06800331739317142,0.0013706826813887235,0,0
sleepedf_full,shuffled,eegconformer,transformer.2,43,5,65,0.201,0.9722340072675869,0.4315347322837882,1.0318316804114147,-0.06058360960720288,0.000985936463373046,0,0
sleepedf_full,shuffled,eegconformer,transformer.5,43,5,65,0.201,0.9731230007374075,0.3264829249828548,1.010469878355328,-0.03779349566369882,0.0004466180457741803,0,0
sleepedf_full,shuffled,eegconformer,fc,43,5,65,0.201,0.999955433508632,0.4849084781754296,1.0017511217890414,-0.0017975971718794063,1.9088914699213024e-06,0,0
sleepedf_full,shuffled,eegconformer,logits,43,5,65,0.201,0.9997978717846787,0.5490617852290401,1.0040348158468184,-0.004240802002604593,3.857940464822492e-06,0,0
sleepedf_full,shuffled,eegconformer,patch_embedding,43,10,65,0.199,0.8835404887922333,0.30389477707002827,0.9195048130878143,-0.038846781340456694,0.002882457044873764,0,0
sleepedf_full,shuffled,eegconformer,transformer.0,43,10,65,0.199,0.9694009131934399,0.467345755982735,1.0322391460356553,-0.06378947382499295,0.0009512409827751238,0,0
sleepedf_full,shuffled,eegconformer,transformer.2,43,10,65,0.199,0.9786473671990565,0.41571871509006364,1.0035406493570647,-0.025402670450587694,0.0005093882925783993,0,0
sleepedf_full,shuffled,eegconformer,transformer.5,43,10,65,0.199,0.9794447180574054,0.42478262333928785,0.9912814173406745,-0.012374128916528237,0.0005374296332602455,0,0
sleepedf_full,shuffled,eegconformer,fc,43,10,65,0.199,0.9999408137009952,0.612726110560678,1.0005021083303658,-0.000562716901272122,1.4222719014268442e-06,0,0
sleepedf_full,shuffled,eegconformer,logits,43,10,65,0.199,0.9991394206792401,0.9545771243538513,0.9869007847209026,0.01217818030107777,6.04556572597296e-05,0,0
sleepedf_full,shuffled,eegconformer,patch_embedding,43,20,65,0.2,0.8484412993581751,0.2419118372816011,0.9357573696709507,-0.08899636108415482,0.0016802907713758819,0,0
sleepedf_full,shuffled,eegconformer,transformer.0,43,20,65,0.2,0.9717199198907339,0.5507659569307066,1.0075442573994964,-0.03641875240107044,0.0005944148923072164,0,0
sleepedf_full,shuffled,eegconformer,transformer.2,43,20,65,0.2,0.9747949983264949,0.5739537342404919,1.0115491624424509,-0.03734241866443333,0.0005882545484772329,0,0
sleepedf_full,shuffled,eegconformer,transformer.5,43,20,65,0.2,0.9859256158447877,0.5913146738658298,0.9726039513862903,0.012939520443095388,0.0003821440154007974,0,0
sleepedf_full,shuffled,eegconformer,fc,43,20,65,0.2,0.9999999999999998,0.8790329037300647,0.9999999953118657,4.688133968896349e-09,3.808919033979971e-17,0,1136
sleepedf_full,shuffled,eegconformer,logits,43,20,65,0.2,0.9999999999999967,0.9175946703254194,1.0000000343289288,-3.432894723116277e-08,1.4837374577636408e-14,0,0
sleepedf_full,shuffled,eegconformer,patch_embedding,44,0,65,0.2,0.9931027185869029,0.17624906748647845,1.0002144773520294,-0.007256605160440546,0.00014484639531114546,0,0
sleepedf_full,shuffled,eegconformer,transformer.0,44,0,65,0.2,0.9991886758161685,0.5030422017370594,1.006831404869989,-0.0077516670895467765,0.00010893803572398436,0,0
sleepedf_full,shuffled,eegconformer,transformer.2,44,0,65,0.2,0.9995664104111727,0.5100666971727854,1.0017659829372105,-0.002263763397728795,6.419087169022074e-05,0,0
sleepedf_full,shuffled,eegconformer,transformer.5,44,0,65,0.2,0.9997363416778595,0.5670252069371039,1.0001823129514673,-0.0004968739160782237,5.0902642469067084e-05,0,0
sleepedf_full,shuffled,eegconformer,fc,44,0,65,0.2,0.9995813261343139,0.6083677239617339,1.0074506286441636,-0.007954631417214093,8.532890736451047e-05,0,0
sleepedf_full,shuffled,eegconformer,logits,44,0,65,0.2,0.9996276243445723,0.761714117146697,0.9987733233897605,0.0007019611557013518,0.00015233979911039077,0,0
sleepedf_full,shuffled,eegconformer,patch_embedding,44,1,65,0.212,0.9153876161286787,0.31752573710153903,0.9121692016129149,-0.0013395538636203428,0.0045579683793836555,0,0
sleepedf_full,shuffled,eegconformer,transformer.0,44,1,65,0.212,0.9669708804178773,0.7019343603739983,1.0724198148578263,-0.11264443656223885,0.007195502122286956,0,0
sleepedf_full,shuffled,eegconformer,transformer.2,44,1,65,0.212,0.9581464710084246,0.7691341061041622,1.0077827439429936,-0.05948425210202012,0.009847979167449802,0,0
sleepedf_full,shuffled,eegconformer,transformer.5,44,1,65,0.212,0.958482589954267,0.792810260366772,1.0335853172018552,-0.08562251230958798,0.010519785061996646,0,0
sleepedf_full,shuffled,eegconformer,fc,44,1,65,0.212,0.9984593344464164,0.6722265318686343,1.0113113248376666,-0.013088257019690479,0.00023626662844037516,0,0
sleepedf_full,shuffled,eegconformer,logits,44,1,65,0.212,0.9974819376163945,0.8997394501853788,1.0735524099854177,-0.07701005318649293,0.0009395808174693928,0,0
sleepedf_full,shuffled,eegconformer,patch_embedding,44,2,65,0.202,0.8986557302654828,0.28512281811977813,0.905911568409849,-0.010965934486446562,0.003710096342077379,0,0
sleepedf_full,shuffled,eegconformer,transformer.0,44,2,65,0.202,0.9465848044158469,0.6285484687169214,1.030149441747101,-0.09063158741266997,0.007066950081415054,0,0
sleepedf_full,shuffled,eegconformer,transformer.2,44,2,65,0.202,0.9484832052190678,0.6691661821271777,1.0088642386254767,-0.06706910830016094,0.006688074893749654,0,0
sleepedf_full,shuffled,eegconformer,transformer.5,44,2,65,0.202,0.969441851293808,0.6715385115487216,0.9780989712131865,-0.013245446786483199,0.004588326867102864,0,0
sleepedf_full,shuffled,eegconformer,fc,44,2,65,0.202,0.8861531425466798,0.7628895793699056,0.830022539817356,0.044614560758116255,0.011516041971207532,0,0
sleepedf_full,shuffled,eegconformer,logits,44,2,65,0.202,0.8638588728432335,0.6550399951007684,0.991259670208589,-0.1374939307773085,0.010093133411953087,0,0
sleepedf_full,shuffled,eegconformer,patch_embedding,44,5,65,0.2135,0.873290412545992,0.2523986741929492,0.8888617674302752,-0.01809080027271993,0.002519445388433342,0,0
sleepedf_full,shuffled,eegconformer,transformer.0,44,5,65,0.2135,0.9638676004000779,0.5698098027165535,1.037966102651307,-0.07600867436597264,0.0019101721147430303,0,0
sleepedf_full,shuffled,eegconformer,transformer.2,44,5,65,0.2135,0.9689758839979506,0.5260034478865057,0.9858287002359661,-0.01784104645677308,0.000988230218758336,0,0
sleepedf_full,shuffled,eegconformer,transformer.5,44,5,65,0.2135,0.960359086543366,0.48945499828579403,0.999051420247932,-0.03989909448945207,0.0012067607848873475,0,0
sleepedf_full,shuffled,eegconformer,fc,44,5,65,0.2135,0.9975668433817276,0.8257524806525336,1.0211516953054878,-0.02370916937657806,0.0001243174528178918,0,0
sleepedf_full,shuffled,eegconformer,logits,44,5,65,0.2135,0.9996925736070429,0.8398869798352537,1.0245137645302667,-0.02486859297326197,4.7402050038191124e-05,0,0
sleepedf_full,shuffled,eegconformer,patch_embedding,44,10,65,0.212,0.8204802329510401,0.1821885694168548,0.8525827232813656,-0.03371477932695494,0.001612288996628809,0,0
sleepedf_full,shuffled,eegconformer,transformer.0,44,10,65,0.212,0.8497088334415289,0.65611815471043,1.0936102160884427,-0.2481493935470213,0.004248010900103964,0,0
sleepedf_full,shuffled,eegconformer,transformer.2,44,10,65,0.212,0.8620659985525322,0.5954789946467196,1.0194667919281362,-0.16015270186035324,0.002751908484746567,0,0
sleepedf_full,shuffled,eegconformer,transformer.5,44,10,65,0.212,0.8444275875359046,0.49712169497938113,0.9026863896953414,-0.060756115604031304,0.0024973134445935388,0,0
sleepedf_full,shuffled,eegconformer,fc,44,10,65,0.212,0.9837840683271495,0.6768750611181102,0.9826070993167829,0.0007189736414116978,0.00045799536895507943,0,0
sleepedf_full,shuffled,eegconformer,logits,44,10,65,0.212,0.9991355626576413,0.9572154383522197,0.8982422322713547,0.09971158707598884,0.0011817433102978977,0,0
sleepedf_full,shuffled,eegconformer,patch_embedding,44,20,65,0.2105,0.7495850010307679,0.16864618305840776,0.8457363130053035,-0.09720656755074755,0.0010552555762103754,0,0
sleepedf_full,shuffled,eegconformer,transformer.0,44,20,65,0.2105,0.8991608587933768,0.14176398112330685,1.0853075898046316,-0.1862532950599597,0.00010656404870064954,0,0
sleepedf_full,shuffled,eegconformer,transformer.2,44,20,65,0.2105,0.8694017876452169,0.10155885042792172,1.0546711532524886,-0.1853760339778021,0.00010666837052731033,0,0
sleepedf_full,shuffled,eegconformer,transformer.5,44,20,65,0.2105,0.8622004355810056,0.07476474576438034,0.9769381835331935,-0.11479710480744795,5.9356855256798954e-05,0,0
sleepedf_full,shuffled,eegconformer,fc,44,20,65,0.2105,0.9692845629851277,0.6144465962081099,0.9931661378539668,-0.023882150359920702,5.75491081647597e-07,0,0
sleepedf_full,shuffled,eegconformer,logits,44,20,65,0.2105,0.9940881438765491,0.896657253430717,0.9914113988388152,0.0026805068945227628,-3.7618567891395963e-06,0,0
sleepedf_full,shuffled,eegconformer,patch_embedding,45,0,65,0.2125,0.992243146323603,0.2601348197317259,0.9876553029222324,0.004159502367858387,0.0004283410335092514,0,0
sleepedf_full,shuffled,eegconformer,transformer.0,45,0,65,0.2125,0.9981416884026614,0.6099262985646206,0.997630059771655,9.679674554045675e-05,0.00041483188546537295,0,0
sleepedf_full,shuffled,eegconformer,transformer.2,45,0,65,0.2125,0.9990672397893428,0.6838438477706403,1.0047153482989126,-0.0059141991379779105,0.00026609062840652465,0,0
sleepedf_full,shuffled,eegconformer,transformer.5,45,0,65,0.2125,0.9993149591487203,0.6554505007894701,1.0035496485429802,-0.004414654838841396,0.00017996544457986481,0,0
sleepedf_full,shuffled,eegconformer,fc,45,0,65,0.2125,0.9994918807666359,0.6275120265176517,0.9963077637146188,0.0030483577520533933,0.0001357592999636216,0,0
sleepedf_full,shuffled,eegconformer,logits,45,0,65,0.2125,0.9987709102943477,0.8439255294650659,0.9857807299484442,0.012569566224553692,0.00042061412134970994,0,0
sleepedf_full,shuffled,eegconformer,patch_embedding,45,1,65,0.199,0.9272116067970134,0.4021307941490666,0.9397573899498856,-0.018597541923231962,0.006051758770358266,0,0
sleepedf_full,shuffled,eegconformer,transformer.0,45,1,65,0.199,0.959628168669702,0.7795315864191998,1.0744369445488515,-0.1274976734479455,0.012688897568793779,0,0
sleepedf_full,shuffled,eegconformer,transformer.2,45,1,65,0.199,0.9423309710751475,0.8770661152391657,1.1238651603682384,-0.20175886698964884,0.020224677696556115,0,0
sleepedf_full,shuffled,eegconformer,transformer.5,45,1,65,0.199,0.9442923581527376,0.8754490075336976,1.0631906245147587,-0.1372418468477058,0.0183435804856834,0,0
sleepedf_full,shuffled,eegconformer,fc,45,1,65,0.199,0.9971302795246535,0.8815046794439789,1.009779957414371,-0.013544664469961144,0.00089498658024346,0,0
sleepedf_full,shuffled,eegconformer,logits,45,1,65,0.199,0.9704649623988794,0.8884123350697165,1.2185178750717482,-0.2645288119395323,0.01647589926666327,0,0
sleepedf_full,shuffled,eegconformer,patch_embedding,45,2,65,0.197,0.9253620252278091,0.38747482890342744,0.9341254034780679,-0.013553792004483926,0.004790413754222618,0,0
sleepedf_full,shuffled,eegconformer,transformer.0,45,2,65,0.197,0.9726548502681815,0.7225946045145654,1.0339069995754482,-0.06707670197437661,0.005824552667108146,0,0
sleepedf_full,shuffled,eegconformer,transformer.2,45,2,65,0.197,0.9633311905565813,0.8464637575221546,1.1321154867300924,-0.17994740757264308,0.011163111399128225,0,0
sleepedf_full,shuffled,eegconformer,transformer.5,45,2,65,0.197,0.9549241305788351,0.8631397375903238,1.0730405511872323,-0.13147196947311837,0.013355548864716795,0,0
sleepedf_full,shuffled,eegconformer,fc,45,2,65,0.197,0.9995720042902732,0.5474401341861188,1.0029018881007856,-0.00334942819281395,1.954438230182729e-05,0,0
sleepedf_full,shuffled,eegconformer,logits,45,2,65,0.197,0.9920523744409993,0.5767987769413194,1.055585320021504,-0.06440826137930786,0.000875315798802906,0,0
sleepedf_full,shuffled,eegconformer,patch_embedding,45,5,65,0.193,0.9064205312750631,0.39872885420834137,0.9174448320336375,-0.01612360382896927,0.005099303070392135,0,0
sleepedf_full,shuffled,eegconformer,transformer.0,45,5,65,0.193,0.9811210348843566,0.7168127988463979,1.0069332058211224,-0.028813535253802126,0.0030013643170363597,0,0
sleepedf_full,shuffled,eegconformer,transformer.2,45,5,65,0.193,0.9570121836494072,0.8671507544595926,1.0488322431557289,-0.10174293571729014,0.009922876210966302,0,0
sleepedf_full,shuffled,eegconformer,transformer.5,45,5,65,0.193,0.9516740184293342,0.8495986169875471,1.0245784866990655,-0.08143623275166878,0.008531764481935072,0,0
sleepedf_full,shuffled,eegconformer,fc,45,5,65,0.193,0.9906475479615278,0.9608667570253118,1.023755498125446,-0.03464914612104721,0.0015411959571289616,0,0
sleepedf_full,shuffled,eegconformer,logits,45,5,65,0.193,0.9275191722803403,0.9992699001571144,0.6809769550431372,0.19869783714597788,0.047844380091225276,0,0
sleepedf_full,shuffled,eegconformer,patch_embedding,45,10,65,0.1985,0.8590000466124117,0.30151562615041366,0.8892844630854495,-0.03308157101701997,0.0027971545439800867,0,0
sleepedf_full,shuffled,eegconformer,transformer.0,45,10,65,0.1985,0.978355827127686,0.5518917849755884,1.0626329070233829,-0.08466459728417658,0.00038751738847695415,0,0
sleepedf_full,shuffled,eegconformer,transformer.2,45,10,65,0.1985,0.9791770534664327,0.5701502437857214,1.0041872114925314,-0.02544089972916697,0.0004307417030662601,0,0
sleepedf_full,shuffled,eegconformer,transformer.5,45,10,65,0.1985,0.9832560399695809,0.49525851492904793,0.9942829462632071,-0.01124315676590013,0.00021625047227217246,0,0
sleepedf_full,shuffled,eegconformer,fc,45,10,65,0.1985,0.9963263500343538,0.7515668752371991,1.0385284703614865,-0.0419265532742519,-0.0002755670528808553,0,0
sleepedf_full,shuffled,eegconformer,logits,45,10,65,0.1985,0.9995608530596227,0.8951910431734489,1.0202262121669259,-0.020468158424905458,-0.00019720068239769762,0,0
sleepedf_full,shuffled,eegconformer,patch_embedding,45,20,65,0.2,0.8321979705641389,0.26876118587274406,0.9124990071462382,-0.08231532028781317,0.0020142837057125734,0,0
sleepedf_full,shuffled,eegconformer,transformer.0,45,20,65,0.2,0.9004774907571867,0.5904440035205212,1.032927575038034,-0.13347524337996886,0.0010251590991192888,0,0
sleepedf_full,shuffled,eegconformer,transformer.2,45,20,65,0.2,0.8939081179573918,0.6148390301741101,1.0096325718718326,-0.1168484304405053,0.0011239765260611834,0,0
sleepedf_full,shuffled,eegconformer,transformer.5,45,20,65,0.2,0.9093500088115488,0.4335564401427923,0.9502014761152997,-0.04129805156538147,0.0004465842616309514,0,0
sleepedf_full,shuffled,eegconformer,fc,45,20,65,0.2,0.9999999999142314,0.6536987861458632,0.9999981671277326,1.832786292214001e-06,2.064587728794309e-13,0,56
sleepedf_full,shuffled,eegconformer,logits,45,20,65,0.2,0.9999999999367007,0.5862128973659837,0.9999956290778456,4.370858362784044e-06,4.924130556605922e-13,0,0
sleepedf_full,shuffled,eegconformer,patch_embedding,46,0,65,0.2,0.9952463324631488,0.19213787533858467,0.9957198366561565,-0.0006114590376413291,0.00013795484463163517,0,0
sleepedf_full,shuffled,eegconformer,transformer.0,46,0,65,0.2,0.9992914029807415,0.5724436862662031,1.002285520999256,-0.0031528107968028765,0.00015869277828856133,0,0
sleepedf_full,shuffled,eegconformer,transformer.2,46,0,65,0.2,0.9993845882168516,0.6346895568573415,1.004745027071142,-0.0055266432929519565,0.00016620443865880254,0,0
sleepedf_full,shuffled,eegconformer,transformer.5,46,0,65,0.2,0.9995206479785728,0.7061093120688359,0.9969793225021837,0.0023846110947222817,0.00015671438166530547,0,0
sleepedf_full,shuffled,eegconformer,fc,46,0,65,0.2,0.999471058176889,0.6699044307235249,1.0020876228833295,-0.0027633377785529194,0.00014677307211229628,0,0
sleepedf_full,shuffled,eegconformer,logits,46,0,65,0.2,0.9993321040231146,0.8275199694699439,1.0087375812045287,-0.009663907336442974,0.0002584301550287449,0,0
sleepedf_full,shuffled,eegconformer,patch_embedding,46,1,65,0.1865,0.9251662779284205,0.2836109481117948,0.9487186442425141,-0.02710749004561024,0.003555123731514434,0,0
sleepedf_full,shuffled,eegconformer,transformer.0,46,1,65,0.1865,0.9829067148779939,0.7144203353159962,1.0884123109109212,-0.10909140256923226,0.0035858065363061913,0,0
sleepedf_full,shuffled,eegconformer,transformer.2,46,1,65,0.1865,0.988947710918605,0.7657928913217226,1.0357549141626599,-0.04908749746899041,0.0022802942249331537,0,0
sleepedf_full,shuffled,eegconformer,transformer.5,46,1,65,0.1865,0.9920691564934738,0.7241016374658918,0.9966622320428454,-0.006120134731675767,0.0015270591823031013,0,0
sleepedf_full,shuffled,eegconformer,fc,46,1,65,0.1865,0.9991362604906081,0.7244734107710609,0.9902275556523171,0.008687669754929864,0.00022103508336114157,0,0
sleepedf_full,shuffled,eegconformer,logits,46,1,65,0.1865,0.9996717622278477,0.6683856824670918,1.0100976184646284,-0.01050345604559222,7.75998088115164e-05,0,0
sleepedf_full,shuffled,eegconformer,patch_embedding,46,2,65,0.189,0.9151528061415697,0.2885445361296901,0.9501510594560032,-0.03841616770836368,0.0034179143939262256,0,0
sleepedf_full,shuffled,eegconformer,transformer.0,46,2,65,0.189,0.9811924343289985,0.6830336667821167,1.1012660727123713,-0.12297230169209866,0.0028986633087253557,0,0
sleepedf_full,shuffled,eegconformer,transformer.2,46,2,65,0.189,0.9835026439163009,0.7294633932359186,1.055036641354827,-0.07386255194103122,0.002328554502502799,0,0
sleepedf_full,shuffled,eegconformer,transformer.5,46,2,65,0.189,0.9865226324932378,0.7274985803676447,1.024702758283309,-0.040087037464285206,0.001906911674213388,0,0
sleepedf_full,shuffled,eegconformer,fc,46,2,65,0.189,0.9987138199768295,0.7213957353526016,0.9946180141274994,0.003915112347814979,0.00018069350151508182,0,0
sleepedf_full,shuffled,eegconformer,logits,46,2,65,0.189,0.9998267167325252,0.5884903126662875,0.9936830676229628,0.006133304848142395,1.0344261420225419e-05,0,0
sleepedf_full,shuffled,eegconformer,patch_embedding,46,5,65,0.1915,0.8894928441068612,0.26224024767930876,0.9331095266332743,-0.046303111646703025,0.002686429120289202,0,0
sleepedf_full,shuffled,eegconformer,transformer.0,46,5,65,0.1915,0.9751022178779891,0.6877364110642415,1.0916781541985732,-0.11894948219541432,0.002373545874827074,0,0
sleepedf_full,shuffled,eegconformer,transformer.2,46,5,65,0.1915,0.9745454409242649,0.705541889491731,1.0360130294076482,-0.0632509250887974,0.0017833366054137033,0,0
sleepedf_full,shuffled,eegconformer,transformer.5,46,5,65,0.1915,0.9835181501968732,0.7146048843928768,1.0354410915689833,-0.05326216132909754,0.0013392199569837568,0,0
sleepedf_full,shuffled,eegconformer,fc,46,5,65,0.1915,0.9981877359002436,0.9037416733606316,0.9923070309006526,0.005469403264907809,0.00041130173468341847,0,0
sleepedf_full,shuffled,eegconformer,logits,46,5,65,0.1915,0.9999121005626636,0.9954076682097018,0.9459826659349331,0.053397533898679364,0.0005319007290512058,0,0
sleepedf_full,shuffled,eegconformer,patch_embedding,46,10,65,0.21,0.838496284440558,0.21100397285288017,0.9008185922266704,-0.0638719671694569,0.0015496593833432882,0,0
sleepedf_full,shuffled,eegconformer,transformer.0,46,10,65,0.21,0.9715413939037448,0.5807521519702071,1.11382062384047,-0.14295998951992583,0.0006807595831974739,0,0
sleepedf_full,shuffled,eegconformer,transformer.2,46,10,65,0.21,0.9746278148568306,0.5673895006532902,1.0462527896156524,-0.07206777727700979,0.0004428025181859792,0,0
sleepedf_full,shuffled,eegconformer,transformer.5,46,10,65,0.21,0.9824275108308245,0.4627721458676563,1.0301466005206021,-0.047908668992018164,0.00018957930223710914,0,0
sleepedf_full,shuffled,eegconformer,fc,46,10,65,0.21,0.9947679783934678,0.7723269742621666,0.9889004156861432,0.005738535743347065,0.00012902696397751591,0,0
sleepedf_full,shuffled,eegconformer,logits,46,10,65,0.21,0.9998694375999034,0.6541032993385608,0.9596674642997182,0.04017594317418975,2.603012599554903e-05,0,0
sleepedf_full,shuffled,eegconformer,patch_embedding,46,20,65,0.1885,0.6983027405812204,0.15186384762081875,0.848757545680179,-0.1536485773351313,0.0020149886908685188,0,0
sleepedf_full,shuffled,eegconformer,transformer.0,46,20,65,0.1885,0.8486221654959807,0.23684697731357687,1.1840807036689147,-0.3360353887128993,0.0005768505399652022,0,0
sleepedf_full,shuffled,eegconformer,transformer.2,46,20,65,0.1885,0.853265764879486,0.20961634285420722,1.0965546649165303,-0.24367316179449744,0.00038426175745210305,0,0
sleepedf_full,shuffled,eegconformer,transformer.5,46,20,65,0.1885,0.8086955992086822,0.1194227468975847,0.958580086101113,-0.1500926385288044,0.00020815163637347093,0,0
sleepedf_full,shuffled,eegconformer,fc,46,20,65,0.1885,0.973269060067941,0.46630777224911096,0.9881096967117897,-0.014883975300987434,4.3338657138791534e-05,0,0
sleepedf_full,shuffled,eegconformer,logits,46,20,65,0.1885,0.9934168486508277,0.8128191176856338,1.0847061602792452,-0.09134679483259642,5.748320417883147e-05,0,0
sleepedf_full,shuffled,tsception,temporal_blocks.0,41,0,65,0.1995,0.6578533381962489,0.4408590287426753,0.39217965077349204,0.09591015884477498,0.16976352857798185,0,0
sleepedf_full,shuffled,tsception,temporal_blocks.2,41,0,65,0.1995,0.7994936187799273,0.19324908663631565,0.7156022805292618,0.06420586782754549,0.019685470423118363,0,0
sleepedf_full,shuffled,tsception,spatial_block_1,41,0,65,0.1995,0.9262697159731836,0.17035567230456033,0.8826473485746835,0.03803154901326612,0.005590818385227679,0,0
sleepedf_full,shuffled,tsception,spatial_block_2,41,0,65,0.1995,0.9739074616393089,0.47818205571775785,0.872254091249435,0.09702663783945217,0.004626732550421643,0,0
sleepedf_full,shuffled,tsception,batch_temporal_lay,41,0,65,0.1995,0.688138181297957,0.3312582774006847,0.6605852643358748,-0.041007430611505094,0.06856034757358702,0,0
sleepedf_full,shuffled,tsception,batch_spatial_lay,41,0,65,0.1995,0.9643623698215033,0.4248944313979642,0.864312325407482,0.0945647344713379,0.00548530994268325,0,0
sleepedf_full,shuffled,tsception,dense_layer,41,0,65,0.1995,0.9654840033230822,0.49004409072010735,0.842202963635267,0.11530630068773748,0.007974739000077632,0,0
sleepedf_full,shuffled,tsception,logits,41,0,65,0.1995,0.9908499515134537,0.6620602303073049,0.9016181026324428,0.08562142407919861,0.0036104248018122673,0,0
sleepedf_full,shuffled,tsception,temporal_blocks.0,41,1,65,0.215,0.659314072134525,0.3481754230727307,0.3989254700354804,0.13910014890864794,0.12128845319039486,0,0
sleepedf_full,shuffled,tsception,temporal_blocks.2,41,1,65,0.215,0.8060283606677969,0.13514588973731492,0.7251512870838734,0.06626756742785611,0.014609506156067407,0,0
sleepedf_full,shuffled,tsception,spatial_block_1,41,1,65,0.215,0.8294952962408582,0.5245194937266787,1.152568820282583,-0.3804693544332192,0.05739583039149586,0,0
sleepedf_full,shuffled,tsception,spatial_block_2,41,1,65,0.215,0.8228678011909858,0.26806862779114354,0.9244643524772833,-0.11724462403604426,0.015648072749739075,0,0
sleepedf_full,shuffled,tsception,batch_temporal_lay,41,1,65,0.215,0.7325754086809945,0.264389894164897,1.0179735912153234,-0.3215617958131892,0.03616361327886031,0,0
sleepedf_full,shuffled,tsception,batch_spatial_lay,41,1,65,0.215,0.7437470190931205,0.41583078241820043,1.0641438406467898,-0.3729711001880991,0.05257427863442935,0,0
sleepedf_full,shuffled,tsception,dense_layer,41,1,65,0.215,0.764191070382366,0.9180820179545847,2.8419664540486718,-3.0961730661350932,1.0183976824687881,0,0
sleepedf_full,shuffled,tsception,logits,41,1,65,0.215,0.6816716687863239,0.906756252504722,5.965626223724991,-8.028444660432102,2.6669364891914182,0,0
sleepedf_full,shuffled,tsception,temporal_blocks.0,41,2,65,0.216,0.6529471831012207,0.3949577961026193,0.40096410335848676,0.10928948889629828,0.14269359084643615,0,0
sleepedf_full,shuffled,tsception,temporal_blocks.2,41,2,65,0.216,0.801765996019362,0.13677333982699652,0.7144351976991588,0.07248558813732929,0.014845210182870973,0,0
sleepedf_full,shuffled,tsception,spatial_block_1,41,2,65,0.216,0.8162192433231673,0.4514116838058693,1.1338656535019873,-0.3665491496581723,0.048902739479351864,0,0
sleepedf_full,shuffled,tsception,spatial_block_2,41,2,65,0.216,0.8260631903675698,0.23455186201301537,0.9167078098284336,-0.10687208428217479,0.01622746482131504,0,0
sleepedf_full,shuffled,tsception,batch_temporal_lay,41,2,65,0.216,0.7177231983667522,0.2671026441103756,1.0109320196650873,-0.3300705558715541,0.036861734573219236,0,0
sleepedf_full,shuffled,tsception,batch_spatial_lay,41,2,65,0.216,0.7340931701127087,0.3936822202955113,1.0862947126136782,-0.40821875682862535,0.05601721432765606,0,0
sleepedf_full,shuffled,tsception,dense_layer,41,2,65,0.216,0.9143923598491532,0.9586284033093838,1.5042274522368047,-1.0044811043933168,0.4146460120056652,0,0
sleepedf_full,shuffled,tsception,logits,41,2,65,0.216,0.921665173350725,0.8705320896571088,1.0411520208577791,-0.27837372493933404,0.157317063290665,0,0
sleepedf_full,shuffled,tsception,temporal_blocks.0,41,5,65,0.1965,0.6212998735353332,0.3891167971239162,0.32623849487701095,0.14060743371508896,0.15445394494323278,0,0
sleepedf_full,shuffled,tsception,temporal_blocks.2,41,5,65,0.1965,0.7673643788513854,0.20514654959153344,0.6540421507781866,0.09198796674353996,0.021334261329660237,0,0
sleepedf_full,shuffled,tsception,spatial_block_1,41,5,65,0.1965,0.8373926294894153,0.4520978452957415,1.0957838852365753,-0.2961368450878861,0.03774558934072266,0,0
sleepedf_full,shuffled,tsception,spatial_block_2,41,5,65,0.1965,0.8123825087079088,0.2905760454997697,0.9426359034661095,-0.14498683309457036,0.014733438336370757,0,0
sleepedf_full,shuffled,tsception,batch_temporal_lay,41,5,65,0.1965,0.7109892535441124,0.2923703853870371,0.9995677303947146,-0.31928777103343065,0.030709294182828386,0,0
sleepedf_full,shuffled,tsception,batch_spatial_lay,41,5,65,0.1965,0.6884659672460323,0.40686489986529417,1.1007877501405359,-0.4783934128179271,0.06607162992342264,0,0
sleepedf_full,shuffled,tsception,dense_layer,41,5,65,0.1965,0.6588488003515209,0.9418156812370028,4.571620463658499,-5.3764958391459245,1.4632716985679983,0,0
sleepedf_full,shuffled,tsception,logits,41,5,65,0.1965,0.7561263439678829,0.9435885054867955,4.273077706413011,-5.526230064665369,1.7125910105698443,0,0
sleepedf_full,shuffled,tsception,temporal_blocks.0,41,10,65,0.2285,0.5944426135313549,0.35788406717991467,0.24937308884023904,0.18549687361770692,0.15957265107340945,0,0
sleepedf_full,shuffled,tsception,temporal_blocks.2,41,10,65,0.2285,0.7453751753447564,0.22769623197303082,0.6132924508663667,0.10717180605904142,0.024910918419348,0,0
sleepedf_full,shuffled,tsception,spatial_block_1,41,10,65,0.2285,0.8787114495089882,0.411025772522445,1.1520115808665474,-0.30404668658116235,0.030746555223598926,0,0
sleepedf_full,shuffled,tsception,spatial_block_2,41,10,65,0.2285,0.8129976415255458,0.27304216534588527,0.9301656366511002,-0.13530375432083422,0.018135759195275925,0,0
sleepedf_full,shuffled,tsception,batch_temporal_lay,41,10,65,0.2285,0.6899492677279051,0.2772195609510325,0.9773849042694875,-0.3177454814994978,0.03030984495791496,0,0
sleepedf_full,shuffled,tsception,batch_spatial_lay,41,10,65,0.2285,0.6838849587627087,0.4111652566523777,1.2112935203897979,-0.6226510633857562,0.09524250175866664,0,0
sleepedf_full,shuffled,tsception,dense_layer,41,10,65,0.2285,0.7923228181242107,0.52514847179399,1.0235246338679636,-0.39872788923644614,0.16752607349269322,0,0
sleepedf_full,shuffled,tsception,logits,41,10,65,0.2285,0.7568027651519975,0.5621218284625298,0.8771295400035681,-0.3248840289711209,0.19242754474379317,0,0
sleepedf_full,shuffled,tsception,temporal_blocks.0,41,20,65,0.2225,0.5655897996502662,0.33738103093891986,0.2240330023451322,0.17878901362763602,0.16276778367749756,0,0
sleepedf_full,shuffled,tsception,temporal_blocks.2,41,20,65,0.2225,0.7299968440664918,0.1765628897524251,0.5853969483500232,0.12113196835902419,0.02346792735744646,0,0
sleepedf_full,shuffled,tsception,spatial_block_1,41,20,65,0.2225,0.8657818853814947,0.3428226087325254,1.1018676246635448,-0.26360325218906755,0.027517512907015346,0,0
sleepedf_full,shuffled,tsception,spatial_block_2,41,20,65,0.2225,0.7994002968914876,0.2015754005165931,0.9133524188453883,-0.1330688333925669,0.019116711438667305,0,0
sleepedf_full,shuffled,tsception,batch_temporal_lay,41,20,65,0.2225,0.6705130256130561,0.24393464990853334,0.9532118588596656,-0.31255192649532454,0.029853093248714987,0,0
sleepedf_full,shuffled,tsception,batch_spatial_lay,41,20,65,0.2225,0.6526138403915915,0.32037939766734813,1.1724078744009045,-0.6122213985785852,0.0924273645692721,0,0
sleepedf_full,shuffled,tsception,dense_layer,41,20,65,0.2225,0.5699704154047495,0.5747445567042037,2.4868007238556595,-2.7834130337034515,0.866582725252541,0,0
sleepedf_full,shuffled,tsception,logits,41,20,65,0.2225,0.5298122687816864,0.6199919293012628,1.4323549783673706,-1.5017212187008684,0.4824705768506794,0,0
sleepedf_full,shuffled,tsception,temporal_blocks.0,42,0,65,0.2135,0.652845010034786,0.33697513021622555,0.4045853638365138,0.13475424553622908,0.11350540066204222,0,0
sleepedf_full,shuffled,tsception,temporal_blocks.2,42,0,65,0.2135,0.808112591092507,0.12684336516234382,0.692680510441008,0.09601375729408189,0.01941832335741727,0,0
sleepedf_full,shuffled,tsception,spatial_block_1,42,0,65,0.2135,0.9112633242769116,0.31732426335392583,0.7019667688717272,0.18494799677760282,0.024348558627581555,0,0
sleepedf_full,shuffled,tsception,spatial_block_2,42,0,65,0.2135,0.9714509176372,0.39347034662662633,0.9746703731512246,-0.009613663257778609,0.006394207743751481,0,0
sleepedf_full,shuffled,tsception,batch_temporal_lay,42,0,65,0.2135,0.7220186152291714,0.2222857790213837,0.6166589464146242,0.05953877018180593,0.04582089863274108,0,0
sleepedf_full,shuffled,tsception,batch_spatial_lay,42,0,65,0.2135,0.9576174433512629,0.3807920255997922,0.9506604769211872,-0.002250613948370026,0.009207580378445468,0,0
sleepedf_full,shuffled,tsception,dense_layer,42,0,65,0.2135,0.9687980151479467,0.3923766869640872,0.9377922352605592,0.023762192924152714,0.007243586963234634,0,0
sleepedf_full,shuffled,tsception,logits,42,0,65,0.2135,0.9921626976028725,0.4657178910932743,0.9675045669939856,0.023066813608893802,0.0015913169999931074,0,0
sleepedf_full,shuffled,tsception,temporal_blocks.0,42,1,65,0.216,0.6568700862000009,0.3095335568173652,0.39441287807860786,0.16376300901473048,0.09869419910666155,0,0
sleepedf_full,shuffled,tsception,temporal_blocks.2,42,1,65,0.216,0.8148182529147289,0.118076152488546,0.7042969340816372,0.0919785389434793,0.01854277988960883,0,0
sleepedf_full,shuffled,tsception,spatial_block_1,42,1,65,0.216,0.8186170672381216,0.25908272625420947,1.0620625104046153,-0.2658133776030122,0.022367934436517575,0,0
sleepedf_full,shuffled,tsception,spatial_block_2,42,1,65,0.216,0.8953579879093408,0.37784346555722853,1.0610904102899903,-0.18570769450641353,0.019975272125766438,0,0
sleepedf_full,shuffled,tsception,batch_temporal_lay,42,1,65,0.216,0.7100249976988965,0.2042358521157725,0.9774420460713207,-0.3016107133174564,0.03419366494503246,0,0
sleepedf_full,shuffled,tsception,batch_spatial_lay,42,1,65,0.216,0.7876315482256635,0.33744746102437895,1.0684111964570109,-0.31802562199761136,0.03724597376626369,0,0
sleepedf_full,shuffled,tsception,dense_layer,42,1,65,0.216,0.8458707598908154,0.7923790397366263,2.1557749109814512,-1.6365663154469003,0.3266621643562646,0,0
sleepedf_full,shuffled,tsception,logits,42,1,65,0.216,0.953871797938929,0.835137229901556,2.215985739995008,-1.5156143362952685,0.25350039423918946,0,0
sleepedf_full,shuffled,tsception,temporal_blocks.0,42,2,65,0.211,0.6388514564698259,0.3498618822723592,0.36524160059290556,0.15419404299427936,0.11941581288263986,0,0
sleepedf_full,shuffled,tsception,temporal_blocks.2,42,2,65,0.211,0.8177369427037052,0.11516013337137204,0.7076623308212713,0.09208462364875851,0.017989988233671803,0,0
sleepedf_full,shuffled,tsception,spatial_block_1,42,2,65,0.211,0.7979563704192165,0.2471688212724911,0.9743274525145528,-0.19611054637017258,0.019739464274837165,0,0
sleepedf_full,shuffled,tsception,spatial_block_2,42,2,65,0.211,0.8852335867499912,0.4112628997463414,1.0505206755950485,-0.18560883617785334,0.020321747332792354,0,0
sleepedf_full,shuffled,tsception,batch_temporal_lay,42,2,65,0.211,0.6920951460457293,0.2275408412289484,0.9636158602775754,-0.3062839258718476,0.034763211640001124,0,0
sleepedf_full,shuffled,tsception,batch_spatial_lay,42,2,65,0.211,0.7647705873350424,0.38117482415101595,1.057478321106812,-0.33173344902808083,0.03902571525631075,0,0
sleepedf_full,shuffled,tsception,dense_layer,42,2,65,0.211,0.9861754776082764,0.7342500987958065,1.0593530161349405,-0.07786128987901843,0.004683751352354386,0,0
sleepedf_full,shuffled,tsception,logits,42,2,65,0.211,0.9749776507858264,0.7101546658198749,0.9783858668846928,-0.008970619521573858,0.005562403422707471,0,0
sleepedf_full,shuffled,tsception,temporal_blocks.0,42,5,65,0.199,0.6197642698581485,0.36583387913541937,0.38079123151738176,0.11435495573995039,0.12461808260081621,0,0
sleepedf_full,shuffled,tsception,temporal_blocks.2,42,5,65,0.199,0.809767275814862,0.10353245201392054,0.6998480808958762,0.0934596751828726,0.01645951973611299,0,0
sleepedf_full,shuffled,tsception,spatial_block_1,42,5,65,0.199,0.820173435802523,0.32666107130683475,1.0819438784171782,-0.2872391057904027,0.025468663175746212,0,0
sleepedf_full,shuffled,tsception,spatial_block_2,42,5,65,0.199,0.8773287284222708,0.3522202129503653,1.03556626559906,-0.1755707753407491,0.01733323816395558,0,0
sleepedf_full,shuffled,tsception,batch_temporal_lay,42,5,65,0.199,0.6695373214051054,0.2452348853902552,0.9574920094137097,-0.32539207226751177,0.0374373842589073,0,0
sleepedf_full,shuffled,tsception,batch_spatial_lay,42,5,65,0.199,0.7305479222193517,0.35031171809374173,1.0450102516987514,-0.3549596565404144,0.04049732706101445,0,0
sleepedf_full,shuffled,tsception,dense_layer,42,5,65,0.199,0.9492491724707627,0.7797317242369342,1.086087468771871,-0.18042227611496262,0.04358397981385411,0,0
sleepedf_full,shuffled,tsception,logits,42,5,65,0.199,0.9687056747089547,0.7388939569268607,1.206739246877178,-0.26326956794373635,0.025235995775513043,0,0
sleepedf_full,shuffled,tsception,temporal_blocks.0,42,10,65,0.1945,0.5952785102542059,0.29278486882619553,0.3722993216501446,0.12087907435437002,0.1021001142496904,0,0
sleepedf_full,shuffled,tsception,temporal_blocks.2,42,10,65,0.1945,0.8091850061490239,0.10232183674148741,0.6978861362207907,0.0949851435972925,0.016313726330940186,0,0
sleepedf_full,shuffled,tsception,spatial_block_1,42,10,65,0.1945,0.8134201927377902,0.2690025287574772,1.1431715383432526,-0.3601097926684165,0.030358447062953937,0,0
sleepedf_full,shuffled,tsception,spatial_block_2,42,10,65,0.1945,0.8479735645210122,0.3491554334984581,1.0626416367487437,-0.2398650642580701,0.025196992030337734,0,0
sleepedf_full,shuffled,tsception,batch_temporal_lay,42,10,65,0.1945,0.6400458842460709,0.2079403255061715,0.9166708505298169,-0.31381535748841516,0.037190391204669146,0,0
sleepedf_full,shuffled,tsception,batch_spatial_lay,42,10,65,0.1945,0.6745940499887609,0.312565599082264,1.0719672801222118,-0.4563967895740644,0.05902355944061301,0,0
sleepedf_full,shuffled,tsception,dense_layer,42,10,65,0.1945,0.8330133802058634,0.9581749747106635,2.1125197912303193,-1.9984547225186382,0.718948311494182,0,0
sleepedf_full,shuffled,tsception,logits,42,10,65,0.1945,0.81455905269032,0.9495537510393538,1.0650665570169495,-0.7610429479646501,0.5044763283676291,0,0
sleepedf_full,shuffled,tsception,temporal_blocks.0,42,20,65,0.202,0.5638787360828769,0.3721052764615944,0.36118624990793047,0.08259327588235023,0.12009921029259504,0,0
sleepedf_full,shuffled,tsception,temporal_blocks.2,42,20,65,0.202,0.7984284593179769,0.09901146701805885,0.6760050945883355,0.1057350617957836,0.01668830293385679,0,0
sleepedf_full,shuffled,tsception,spatial_block_1,42,20,65,0.202,0.8069838030862175,0.36519714012042626,1.2891604467294429,-0.5347637575362115,0.05258711389297886,0,0
sleepedf_full,shuffled,tsception,spatial_block_2,42,20,65,0.202,0.8318530343509306,0.32583351783029374,1.0958258460039751,-0.29283786181351285,0.028865050160469103,0,0
sleepedf_full,shuffled,tsception,batch_temporal_lay,42,20,65,0.202,0.6272282932083231,0.2338037741197064,0.893183723607578,-0.30357289903060053,0.0376174686313454,0,0
sleepedf_full,shuffled,tsception,batch_spatial_lay,42,20,65,0.202,0.6525764410475426,0.280765632778084,1.1360236161523076,-0.5592956647197526,0.07584848961498705,0,0
sleepedf_full,shuffled,tsception,dense_layer,42,20,65,0.202,0.9516421023017917,0.44857281152247047,1.1546645327002305,-0.21750619022730958,0.014483759828870619,0,0
sleepedf_full,shuffled,tsception,logits,42,20,65,0.202,0.9766606765307262,0.5576715685595943,1.174849824506442,-0.20720383176872517,0.009014683793009182,0,0
sleepedf_full,shuffled,tsception,temporal_blocks.0,43,0,65,0.2,0.7438895239337877,0.28040073975419544,0.528787290979171,0.15917204007467506,0.0559301928799384,0,0
sleepedf_full,shuffled,tsception,temporal_blocks.2,43,0,65,0.2,0.701706666528748,0.17116202321413856,0.5041253977035905,0.16049970136628255,0.03708156745887541,0,0
sleepedf_full,shuffled,tsception,spatial_block_1,43,0,65,0.2,0.95738128651804,0.1666138749185637,0.868416084643521,0.08568765238566738,0.0032775494888503567,0,0
sleepedf_full,shuffled,tsception,spatial_block_2,43,0,65,0.2,0.9095725593513996,0.2961069683700116,0.929999119440056,-0.027933991554465996,0.007507431465808092,0,0
sleepedf_full,shuffled,tsception,batch_temporal_lay,43,0,65,0.2,0.6661560983256988,0.1962033874471405,0.5419764193028095,0.07890925416249155,0.04527042486039768,0,0
sleepedf_full,shuffled,tsception,batch_spatial_lay,43,0,65,0.2,0.9041225579874702,0.26335630131081905,0.89558069810734,0.0005630790388268397,0.007978780841303115,0,0
sleepedf_full,shuffled,tsception,dense_layer,43,0,65,0.2,0.9169018522475483,0.2772680264042276,0.8944060489896402,0.015505991032437279,0.006989812225470893,0,0
sleepedf_full,shuffled,tsception,logits,43,0,65,0.2,0.9863939165141654,0.4569032870585107,0.9581738184410724,0.026540353167708374,0.0016797449053845422,0,0
sleepedf_full,shuffled,tsception,temporal_blocks.0,43,1,65,0.1895,0.756415555406649,0.24043678487580455,0.5592532574819254,0.14810023502060785,0.049062062904114336,0,0
sleepedf_full,shuffled,tsception,temporal_blocks.2,43,1,65,0.1895,0.6972921717030324,0.15269933574413064,0.5016290244791457,0.16128417611171794,0.034378971112166166,0,0
sleepedf_full,shuffled,tsception,spatial_block_1,43,1,65,0.1895,0.8595813672368526,0.2297625290657315,1.0099624626056678,-0.1660701524956894,0.015689057126872376,0,0
sleepedf_full,shuffled,tsception,spatial_block_2,43,1,65,0.1895,0.8648820478162922,0.2234680828869742,0.8563314622099835,0.002255081014170453,0.006295504592139001,0,0
sleepedf_full,shuffled,tsception,batch_temporal_lay,43,1,65,0.1895,0.7344454474036773,0.1879700191396435,0.9521758521784816,-0.2445621839268605,0.026831779152056406,0,0
sleepedf_full,shuffled,tsception,batch_spatial_lay,43,1,65,0.1895,0.7952272227645231,0.2287101649273745,0.9636863383979946,-0.18373176641572536,0.015272650782253698,0,0
sleepedf_full,shuffled,tsception,dense_layer,43,1,65,0.1895,0.9928577777354362,0.4453619769885619,0.9929052778083433,-0.0006292162137273494,0.0005817161408204784,0,0
sleepedf_full,shuffled,tsception,logits,43,1,65,0.1895,0.9749689887970321,0.630902019972923,1.0180409603989873,-0.048409094885376584,0.0053371232834213194,0,0
sleepedf_full,shuffled,tsception,temporal_blocks.0,43,2,65,0.212,0.7495177498150234,0.25563781684295367,0.555157257587873,0.14389462944664702,0.05046586278050005,0,0
sleepedf_full,shuffled,tsception,temporal_blocks.2,43,2,65,0.212,0.6934608388350992,0.14475710767935787,0.48796719146038026,0.1707343028490499,0.034759344525668555,0,0
sleepedf_full,shuffled,tsception,spatial_block_1,43,2,65,0.212,0.8813524346416038,0.20566941803714434,1.0036618911062338,-0.13258974844879765,0.010280291984166022,0,0
sleepedf_full,shuffled,tsception,spatial_block_2,43,2,65,0.212,0.8521757729546369,0.22100825058708168,0.8469416459465274,-0.0026375474893230596,0.007871674497434587,0,0
sleepedf_full,shuffled,tsception,batch_temporal_lay,43,2,65,0.212,0.7205883591305924,0.18688251113353943,0.9350294203820533,-0.24194502366655013,0.02750396241508917,0,0
sleepedf_full,shuffled,tsception,batch_spatial_lay,43,2,65,0.212,0.7698301824573378,0.21845982536998115,0.9250321087452892,-0.17109149943193777,0.015889573143986004,0,0
sleepedf_full,shuffled,tsception,dense_layer,43,2,65,0.212,0.9946506950971142,0.45408679432813487,1.0230738614641777,-0.02944430435350632,0.0010211379864429374,0,0
sleepedf_full,shuffled,tsception,logits,43,2,65,0.212,0.9799159662921283,0.5460176839469914,0.8369072987456491,0.1370854506944742,0.0059232168520048836,0,0
sleepedf_full,shuffled,tsception,temporal_blocks.0,43,5,65,0.1775,0.7115062723783536,0.28362533230706355,0.46579911471328006,0.18635077219087873,0.059356385474191725,0,0
sleepedf_full,shuffled,tsception,temporal_blocks.2,43,5,65,0.1775,0.6844445811553802,0.14354871473184846,0.4539347015367606,0.19280409568689735,0.037705783931721595,0,0
sleepedf_full,shuffled,tsception,spatial_block_1,43,5,65,0.1775,0.8963141632736181,0.25315707414912664,1.090234102094508,-0.20768321176430662,0.013763272943415386,0,0
sleepedf_full,shuffled,tsception,spatial_block_2,43,5,65,0.1775,0.8412106231809868,0.11308046331660485,0.8624034767738401,-0.023681628893711455,0.0024887753008574903,0,0
sleepedf_full,shuffled,tsception,batch_temporal_lay,43,5,65,0.1775,0.69305770577338,0.20552770040809318,0.953583598992585,-0.2886988803173521,0.02817298709814654,0,0
sleepedf_full,shuffled,tsception,batch_spatial_lay,43,5,65,0.1775,0.7155905490697991,0.16254872707854656,0.9268198990586127,-0.2277839070795087,0.01655455709069483,0,0
sleepedf_full,shuffled,tsception,dense_layer,43,5,65,0.1775,0.9501391207561178,0.37541486315913597,1.0488693700035703,-0.10085300142217704,0.002122752174724525,0,0
sleepedf_full,shuffled,tsception,logits,43,5,65,0.1775,0.9448252115641312,0.415947550850991,0.9460471215791071,-0.005714840930207401,0.002176161282772066,0,0
sleepedf_full,shuffled,tsception,temporal_blocks.0,43,10,65,0.212,0.6803288121212938,0.2635402349756827,0.4221671364763275,0.1987821012615145,0.05937957438345017,0,0
sleepedf_full,shuffled,tsception,temporal_blocks.2,43,10,65,0.212,0.6642430972098938,0.14361308421052713,0.4257201165467104,0.1977581369324901,0.04076484373069357,0,0
sleepedf_full,shuffled,tsception,spatial_block_1,43,10,65,0.212,0.8838532089612003,0.3272461095708947,1.1705813677165204,-0.31012107117450766,0.023392912419184397,0,0
sleepedf_full,shuffled,tsception,spatial_block_2,43,10,65,0.212,0.8534186794080482,0.14734117891401094,0.9290113666946743,-0.0775444828670505,0.0019517955804244933,0,0
sleepedf_full,shuffled,tsception,batch_temporal_lay,43,10,65,0.212,0.6542086951307156,0.22537774168939742,0.9423365006174872,-0.32056213437237013,0.032434328885598294,0,0
sleepedf_full,shuffled,tsception,batch_spatial_lay,43,10,65,0.212,0.6428524545283661,0.21712427175735483,0.928825961431642,-0.3189259068184462,0.03295239991517031,0,0
sleepedf_full,shuffled,tsception,dense_layer,43,10,65,0.212,0.8894499428702297,0.32734207777512603,0.9592412367721527,-0.07584803048600654,0.004850789181156763,0,0
sleepedf_full,shuffled,tsception,logits,43,10,65,0.212,0.8942437966791975,0.4224867877962755,0.9943038937077157,-0.11466278178578336,0.005223036194072852,0,0
sleepedf_full,shuffled,tsception,temporal_blocks.0,43,20,65,0.197,0.652163832883307,0.32010610728286787,0.379480280911082,0.19550313145550186,0.07718042051672262,0,0
sleepedf_full,shuffled,tsception,temporal_blocks.2,43,20,65,0.197,0.6559094711695773,0.1468071745881093,0.42560107170543066,0.18827982770842333,0.042028571755720535,0,0
sleepedf_full,shuffled,tsception,spatial_block_1,43,20,65,0.197,0.8830659529966108,0.41039473415824584,1.2558917151811946,-0.4105905596138047,0.037764797429219926,0,0
sleepedf_full,shuffled,tsception,spatial_block_2,43,20,65,0.197,0.8427281344736034,0.17443766023186943,0.9434899098725837,-0.10505346487782972,0.0042916894788453275,0,0
sleepedf_full,shuffled,tsception,batch_temporal_lay,43,20,65,0.197,0.6117994266979382,0.24488275010301075,0.9231522893204079,-0.3502610246817061,0.03890816205923575,0,0
sleepedf_full,shuffled,tsception,batch_spatial_lay,43,20,65,0.197,0.6284143804579884,0.3221476351340887,1.0881841888618862,-0.529658035078127,0.06988822667422853,0,0
sleepedf_full,shuffled,tsception,dense_layer,43,20,65,0.197,0.6467365997247032,0.9265134250567219,3.1755727803723746,-3.5282064107742745,0.9993702301266034,0,0
sleepedf_full,shuffled,tsception,logits,43,20,65,0.197,0.6248223019739708,0.9124784514214864,1.4671215876491945,-1.232391299171078,0.37433428156429377,0,0
sleepedf_full,shuffled,tsception,temporal_blocks.0,44,0,65,0.2135,0.743574187104516,0.23273089956799758,0.5832774295148503,0.12008686809851676,0.04020988949114619,0,0
sleepedf_full,shuffled,tsception,temporal_blocks.2,44,0,65,0.2135,0.7966368289515496,0.21797744704199265,0.6954779367259044,0.07384770339193822,0.027311188833711333,0,0
sleepedf_full,shuffled,tsception,spatial_block_1,44,0,65,0.2135,0.6371004393438371,0.19931922594607263,0.5425188544301228,0.032938946602829026,0.0616426383108836,0,0
sleepedf_full,shuffled,tsception,spatial_block_2,44,0,65,0.2135,0.9758176716732219,0.2166269530253142,1.0093904401138545,-0.03557007129978902,0.0019973028591553465,0,0
sleepedf_full,shuffled,tsception,batch_temporal_lay,44,0,65,0.2135,0.6481764472120911,0.25589454329545724,0.6054067023737952,-0.026120179340250273,0.06888992417854548,0,0
sleepedf_full,shuffled,tsception,batch_spatial_lay,44,0,65,0.2135,0.9527745214995801,0.2108445796565543,0.9904512633961282,-0.04134394622909148,0.0036672043325430698,0,0
sleepedf_full,shuffled,tsception,dense_layer,44,0,65,0.2135,0.9572504206510133,0.2168290237887758,0.9832110051532511,-0.029324749137424763,0.00336416463518709,0,0
sleepedf_full,shuffled,tsception,logits,44,0,65,0.2135,0.9838139939810627,0.4677785936586056,1.007026611537727,-0.02622606528495894,0.003013447728294701,0,0
sleepedf_full,shuffled,tsception,temporal_blocks.0,44,1,65,0.1875,0.7229256674114947,0.2752207814522569,0.5433757086988382,0.13171347906957392,0.0478364796430801,0,0
sleepedf_full,shuffled,tsception,temporal_blocks.2,44,1,65,0.1875,0.8047363508119932,0.2132069718506472,0.7085875807532402,0.06931189014909561,0.026836879909659866,0,0
sleepedf_full,shuffled,tsception,spatial_block_1,44,1,65,0.1875,0.7573635206111251,0.36866650282570623,1.0182975934059888,-0.30528564197609065,0.044351569181226166,0,0
sleepedf_full,shuffled,tsception,spatial_block_2,44,1,65,0.1875,0.9063431814088444,0.11192953004781116,0.9358440571832624,-0.03139407501055071,0.0018931992361325182,0,0
sleepedf_full,shuffled,tsception,batch_temporal_lay,44,1,65,0.1875,0.7496472527535858,0.2631549474407493,1.0412008052714596,-0.32522869804405674,0.03367514552618308,0,0
sleepedf_full,shuffled,tsception,batch_spatial_lay,44,1,65,0.1875,0.7576462354571432,0.1910926111380477,0.8726887610243929,-0.13237173069390512,0.01732920512665534,0,0
sleepedf_full,shuffled,tsception,dense_layer,44,1,65,0.1875,0.9024372215429167,0.8453599072117165,1.373729082427514,-0.7075146466385033,0.2362227857539062,0,0
sleepedf_full,shuffled,tsception,logits,44,1,65,0.1875,0.7747654295239064,0.7525542897685215,1.747610871736176,-1.4495189246604365,0.4697991487021514,0,0
sleepedf_full,shuffled,tsception,temporal_blocks.0,44,2,65,0.206,0.7167183380576382,0.2626573571407377,0.5416022795278355,0.1280703050235975,0.04704575350620637,0,0
sleepedf_full,shuffled,tsception,temporal_blocks.2,44,2,65,0.206,0.8065344238692176,0.18191148133325794,0.7082535565595289,0.07503007127097105,0.023250796038719275,0,0
sleepedf_full,shuffled,tsception,spatial_block_1,44,2,65,0.206,0.7677151568687239,0.24652064351280492,0.9353237188511965,-0.19286568250391986,0.025257120521449312,0,0
sleepedf_full,shuffled,tsception,spatial_block_2,44,2,65,0.206,0.9023639655679966,0.11924757272838192,0.9585582151929585,-0.060244365705293915,0.004050116080329692,0,0
sleepedf_full,shuffled,tsception,batch_temporal_lay,44,2,65,0.206,0.7242999011139045,0.23392252928902094,1.005725882845547,-0.3149173553986421,0.03349137366699925,0,0
sleepedf_full,shuffled,tsception,batch_spatial_lay,44,2,65,0.206,0.7602638736054544,0.15902240889112476,0.9097750625441459,-0.164332952155029,0.014821763216337484,0,0
sleepedf_full,shuffled,tsception,dense_layer,44,2,65,0.206,0.8245135191814335,0.815674738225665,1.7513183529496656,-1.0616979197176082,0.13489308594937585,0,0
sleepedf_full,shuffled,tsception,logits,44,2,65,0.206,0.7263030525141013,0.8543903803817599,2.0601933408147324,-1.6422291163715923,0.24936667750579683,0,0
sleepedf_full,shuffled,tsception,temporal_blocks.0,44,5,65,0.218,0.690532030872203,0.2588531135765358,0.47835270991614487,0.15367237819392626,0.05850694276213018,0,0
sleepedf_full,shuffled,tsception,temporal_blocks.2,44,5,65,0.218,0.7821615964683607,0.15084338957324217,0.6689321513358722,0.0912170981867687,0.02201234694572254,0,0
sleepedf_full,shuffled,tsception,spatial_block_1,44,5,65,0.218,0.791589378821556,0.32903269150285186,1.0134195059286457,-0.2502797600127524,0.028449632905662787,0,0
sleepedf_full,shuffled,tsception,spatial_block_2,44,5,65,0.218,0.8910454243924313,0.11111185242206813,0.9740704824260514,-0.08525111043188849,0.002226052398263107,0,0
sleepedf_full,shuffled,tsception,batch_temporal_lay,44,5,65,0.218,0.7049033425750572,0.24653305302764586,0.9922922635292465,-0.3163837928021253,0.02899487184793588,0,0
sleepedf_full,shuffled,tsception,batch_spatial_lay,44,5,65,0.218,0.7015129363990833,0.18574083142892894,0.9209083454341972,-0.24078354852563605,0.021388139490521776,0,0
sleepedf_full,shuffled,tsception,dense_layer,44,5,65,0.218,0.6140097971385166,0.6475881628819761,2.7712273928185214,-2.9544934031479575,0.7972758074679527,0,0
sleepedf_full,shuffled,tsception,logits,44,5,65,0.218,0.5943852528812554,0.5980683921072544,1.6911167593771048,-1.6263252001219415,0.4558730592371916,0,0
sleepedf_full,shuffled,tsception,temporal_blocks.0,44,10,65,0.205,0.6607739074970541,0.22878793862509486,0.42732335599258364,0.16998984147193208,0.06346071003253692,0,0
sleepedf_full,shuffled,tsception,temporal_blocks.2,44,10,65,0.205,0.7521954717729541,0.16671393077203656,0.6165646302271306,0.10675752575297084,0.028873315792849377,0,0
sleepedf_full,shuffled,tsception,spatial_block_1,44,10,65,0.205,0.8060517079323531,0.2815288670130171,1.0531024365612838,-0.2732929702109422,0.0262422415820104,0,0
sleepedf_full,shuffled,tsception,spatial_block_2,44,10,65,0.205,0.8739643591741022,0.07942588397270348,0.9736823191284872,-0.1034706288336308,0.0037526688792385195,0,0
sleepedf_full,shuffled,tsception,batch_temporal_lay,44,10,65,0.205,0.6799862115337265,0.2583422385740459,0.9856451253472008,-0.33726402465537136,0.03160511084189685,0,0
sleepedf_full,shuffled,tsception,batch_spatial_lay,44,10,65,0.205,0.6507699658686118,0.15203281927685675,0.9115803439090772,-0.2912572263712745,0.030446848330808816,0,0
sleepedf_full,shuffled,tsception,dense_layer,44,10,65,0.205,0.6377557659804335,0.5755230694603278,1.360015805450102,-0.8204934841385751,0.09653610001410141,0,0
sleepedf_full,shuffled,tsception,logits,44,10,65,0.205,0.7364113046379804,0.7201028967517433,1.1790096533623338,-0.4524260553261406,-0.0012231192203814808,0,0
sleepedf_full,shuffled,tsception,temporal_blocks.0,44,20,65,0.2245,0.6188259016916282,0.24979240777178124,0.3242286562577168,0.20373929212004224,0.09085795331386674,0,0
sleepedf_full,shuffled,tsception,temporal_blocks.2,44,20,65,0.2245,0.7346183377749397,0.14566197093481872,0.5828195665576648,0.1251610612800096,0.026637709937265604,0,0
sleepedf_full,shuffled,tsception,spatial_block_1,44,20,65,0.2245,0.7697212523969639,0.37423258761367634,1.1311803851760016,-0.40308091435976123,0.04162178158072374,0,0
sleepedf_full,shuffled,tsception,spatial_block_2,44,20,65,0.2245,0.8448393900253852,0.11566065363572355,0.9638853053036238,-0.12535468446304687,0.006308769184806677,0,0
sleepedf_full,shuffled,tsception,batch_temporal_lay,44,20,65,0.2245,0.6340510222101413,0.28474718515398556,0.9616863535949197,-0.36532530327989904,0.037068407618421055,0,0
sleepedf_full,shuffled,tsception,batch_spatial_lay,44,20,65,0.2245,0.6324910801618643,0.12549522372006242,0.8804449196934975,-0.2738015681859419,0.02584772865430852,0,0
sleepedf_full,shuffled,tsception,dense_layer,44,20,65,0.2245,0.6408309801366582,0.27680693451240396,0.5784977710167204,0.062204653232902085,-0.0004720253878355162,0,0
sleepedf_full,shuffled,tsception,logits,44,20,65,0.2245,0.7426207313146254,0.440629734129464,0.6589326356430207,0.08742280563960206,-0.009562954024476461,0,0
sleepedf_full,shuffled,tsception,temporal_blocks.0,45,0,65,0.1965,0.6768229413285084,0.36321832372746465,0.4444543702444399,0.12377246702497487,0.10859610405909192,0,0
sleepedf_full,shuffled,tsception,temporal_blocks.2,45,0,65,0.1965,0.8026062269807925,0.2531787175028266,0.703902234798878,0.07438842201814898,0.024315570163763744,0,0
sleepedf_full,shuffled,tsception,spatial_block_1,45,0,65,0.1965,0.9055037662577499,0.3828129770777268,0.7884964587309238,0.09438100638371277,0.02262630114311277,0,0
sleepedf_full,shuffled,tsception,spatial_block_2,45,0,65,0.1965,0.9609669302694464,0.40971437098174524,0.9942320224017878,-0.0392247048740748,0.0059596127417285965,0,0
sleepedf_full,shuffled,tsception,batch_temporal_lay,45,0,65,0.1965,0.6872979866950312,0.278250737901805,0.6070759466859086,0.02354569965705675,0.056676340352065854,0,0
sleepedf_full,shuffled,tsception,batch_spatial_lay,45,0,65,0.1965,0.9376667557243634,0.4010172465281742,0.9560102788349711,-0.02868605451211835,0.010342531401510598,0,0
sleepedf_full,shuffled,tsception,dense_layer,45,0,65,0.1965,0.9483394863447908,0.4440323529862925,0.9481655970004564,-0.011294234933867681,0.011468124278202107,0,0
sleepedf_full,shuffled,tsception,logits,45,0,65,0.1965,0.9907091943385529,0.42021211169954636,0.9987119360573036,-0.008745795323099572,0.0007430536043487972,0,0
sleepedf_full,shuffled,tsception,temporal_blocks.0,45,1,65,0.2305,0.6699006157286327,0.3863577228217065,0.43197304996279157,0.12433201799721387,0.11359554776862502,0,0
sleepedf_full,shuffled,tsception,temporal_blocks.2,45,1,65,0.2305,0.8091203204261754,0.2765269007600502,0.71737061676148,0.06656395969842323,0.02518574396626864,0,0
sleepedf_full,shuffled,tsception,spatial_block_1,45,1,65,0.2305,0.7151371093500009,0.2614618978287859,0.6621945688695722,0.021528614626355153,0.031413925854072676,0,0
sleepedf_full,shuffled,tsception,spatial_block_2,45,1,65,0.2305,0.8450608069017481,0.3538165522634236,0.9770977770363276,-0.14836533105537894,0.0163283609208009,0,0
sleepedf_full,shuffled,tsception,batch_temporal_lay,45,1,65,0.2305,0.6997637811259394,0.3185620185677298,1.0228354612954988,-0.36654066031003296,0.043468980140473304,0,0
sleepedf_full,shuffled,tsception,batch_spatial_lay,45,1,65,0.2305,0.7456524222039455,0.34934712365442894,0.9126930495059618,-0.19294906327804526,0.025908435976029036,0,0
sleepedf_full,shuffled,tsception,dense_layer,45,1,65,0.2305,0.9894979661947808,0.8593392439162246,0.8734746141098131,0.10872601015634367,0.007297341928624116,0,0
sleepedf_full,shuffled,tsception,logits,45,1,65,0.2305,0.9879354159057101,0.643616063934373,0.9273513320038027,0.05895594338726601,0.0016281405146414837,0,0
sleepedf_full,shuffled,tsception,temporal_blocks.0,45,2,65,0.2085,0.6786302230122312,0.3751419542549109,0.46465744414138044,0.11620888288597646,0.0977638959848731,0,0
sleepedf_full,shuffled,tsception,temporal_blocks.2,45,2,65,0.2085,0.7978461178488796,0.25811379060795975,0.6967064253251098,0.07691533407832124,0.024224358445448197,0,0
sleepedf_full,shuffled,tsception,spatial_block_1,45,2,65,0.2085,0.7430035942147287,0.26020037433562393,0.7505024993918478,-0.03898147402841845,0.03148256885129871,0,0
sleepedf_full,shuffled,tsception,spatial_block_2,45,2,65,0.2085,0.8611473071213035,0.3498992603347489,0.9872451082944755,-0.14294379105593197,0.01684598988275766,0,0
sleepedf_full,shuffled,tsception,batch_temporal_lay,45,2,65,0.2085,0.6886662778702723,0.30476706808530046,1.009530609333185,-0.3638312803462725,0.0429669488833595,0,0
sleepedf_full,shuffled,tsception,batch_spatial_lay,45,2,65,0.2085,0.7504680394408013,0.3486623339265847,0.9334096711410622,-0.21266038654095148,0.0297187548406903,0,0
sleepedf_full,shuffled,tsception,dense_layer,45,2,65,0.2085,0.8915825986662861,0.900489910469619,1.3914958180896195,-0.8264762177603276,0.32656299833699454,0,0
sleepedf_full,shuffled,tsception,logits,45,2,65,0.2085,0.7948380363114912,0.9312454820827705,2.579752350882991,-2.6666678010430065,0.8788217331578114,0,0
sleepedf_full,shuffled,tsception,temporal_blocks.0,45,5,65,0.169,0.6428229071348555,0.3672558377772067,0.42425784457404747,0.10934426383563087,0.10922079872517494,0,0
sleepedf_full,shuffled,tsception,temporal_blocks.2,45,5,65,0.169,0.7814381501974097,0.19298772336380496,0.6677652834748922,0.08862013948645699,0.025052727236058964,0,0
sleepedf_full,shuffled,tsception,spatial_block_1,45,5,65,0.169,0.8364849764893048,0.18394004457630064,0.9118813962505888,-0.08295485384871619,0.007558434087430841,0,0
sleepedf_full,shuffled,tsception,spatial_block_2,45,5,65,0.169,0.8537872199930273,0.35876894575514373,1.0460930353194597,-0.21236744343509936,0.02006162810866463,0,0
sleepedf_full,shuffled,tsception,batch_temporal_lay,45,5,65,0.169,0.6639988676254376,0.2800545078000633,0.9967065161172913,-0.3738338721929413,0.041126223701087185,0,0
sleepedf_full,shuffled,tsception,batch_spatial_lay,45,5,65,0.169,0.6905824035538123,0.32532232222493146,0.9582715900591087,-0.3111509876459948,0.043461801140698024,0,0
sleepedf_full,shuffled,tsception,dense_layer,45,5,65,0.169,0.6865656986595193,0.9693293256774632,4.205119069156108,-5.535483910616087,2.0169305401194975,0,0
sleepedf_full,shuffled,tsception,logits,45,5,65,0.169,0.6702903229556543,0.9910839591978292,14.025802068978269,-23.19186224764704,9.64459582930624,0,0
sleepedf_full,shuffled,tsception,temporal_blocks.0,45,10,65,0.211,0.6132291896430455,0.4112022511302758,0.37894738118192073,0.10200285114576667,0.13227895731535827,0,0
sleepedf_full,shuffled,tsception,temporal_blocks.2,45,10,65,0.211,0.7700798297673148,0.21834280277637275,0.6535337618699923,0.0876372594169856,0.02890880848033724,0,0
sleepedf_full,shuffled,tsception,spatial_block_1,45,10,65,0.211,0.8346265277238115,0.23254716543854326,0.9770746930593941,-0.15511562368706058,0.012667458351476785,0,0
sleepedf_full,shuffled,tsception,spatial_block_2,45,10,65,0.211,0.8514600572380797,0.43240631046570965,1.1431691863184614,-0.32529580688621096,0.03358667780582501,0,0
sleepedf_full,shuffled,tsception,batch_temporal_lay,45,10,65,0.211,0.6335092391274404,0.3046745277931766,0.984372489861844,-0.39598271699393167,0.04495120983754154,0,0
sleepedf_full,shuffled,tsception,batch_spatial_lay,45,10,65,0.211,0.6505439063108951,0.4235155772285508,1.1070402650648845,-0.5448355610330676,0.0883392022790778,0,0
sleepedf_full,shuffled,tsception,dense_layer,45,10,65,0.211,0.618030622076906,0.9251098350730713,6.721616532843643,-10.387282767265841,4.283696856499104,0,0
sleepedf_full,shuffled,tsception,logits,45,10,65,0.211,0.7184869055422904,0.8032515366110413,2.7783514031851193,-3.3899914460230165,1.3098119766774137,0,0
sleepedf_full,shuffled,tsception,temporal_blocks.0,45,20,65,0.2025,0.5760910683289786,0.36690465575946835,0.36933386366342363,0.08990938587119196,0.1168478187943619,0,0
sleepedf_full,shuffled,tsception,temporal_blocks.2,45,20,65,0.2025,0.758838361304704,0.232648126786251,0.6325238402418992,0.09573163054344577,0.03058289051935717,0,0
sleepedf_full,shuffled,tsception,spatial_block_1,45,20,65,0.2025,0.8420391610554236,0.40152643542049804,1.1808585606621909,-0.3774311351556277,0.03861173554885956,0,0
sleepedf_full,shuffled,tsception,spatial_block_2,45,20,65,0.2025,0.8403503007182522,0.3800128262278918,1.1606049797506666,-0.3527875256811545,0.03253284664873793,0,0
sleepedf_full,shuffled,tsception,batch_temporal_lay,45,20,65,0.2025,0.6148721251096748,0.28463659248050227,0.9565277593120805,-0.38597237251489974,0.04372886837405999,0,0
sleepedf_full,shuffled,tsception,batch_spatial_lay,45,20,65,0.2025,0.6343072723461083,0.40208290919071327,1.1476713721046554,-0.6001447106655668,0.08678061090701965,0,0
sleepedf_full,shuffled,tsception,dense_layer,45,20,65,0.2025,0.911870101848458,0.8607392335973626,1.0770408732600798,-0.41790146828085534,0.25273069686923355,0,0
sleepedf_full,shuffled,tsception,logits,45,20,65,0.2025,0.9295428879174699,0.771836195515869,0.7942984482773063,0.08079736743193275,0.05278248692639675,0,0
sleepedf_full,shuffled,tsception,temporal_blocks.0,46,0,65,0.2005,0.732935001358391,0.24943316897407936,0.5426243491429348,0.13800378697785226,0.052306865237602154,0,0
sleepedf_full,shuffled,tsception,temporal_blocks.2,46,0,65,0.2005,0.7230688143855666,0.31031375066600414,0.6173755079622661,0.05573770394720839,0.04995560247609428,0,0
sleepedf_full,shuffled,tsception,spatial_block_1,46,0,65,0.2005,0.8984631739164728,0.2981040742849509,0.7301495971533283,0.14896524529706429,0.01934833146608013,0,0
sleepedf_full,shuffled,tsception,spatial_block_2,46,0,65,0.2005,0.9537545536264087,0.3241086924212548,0.8741949875349312,0.07149179436568061,0.008067771725794703,0,0
sleepedf_full,shuffled,tsception,batch_temporal_lay,46,0,65,0.2005,0.6866883796355219,0.2501024103873553,0.5583477688821026,0.07055731692290797,0.05778329383051139,0,0
sleepedf_full,shuffled,tsception,batch_spatial_lay,46,0,65,0.2005,0.9298725005878075,0.31754673096666997,0.8404334989268375,0.0771210925831518,0.012317909077818193,0,0
sleepedf_full,shuffled,tsception,dense_layer,46,0,65,0.2005,0.9401573401242952,0.26001691065233806,0.8692694366136621,0.06247072316565627,0.008417180344976837,0,0
sleepedf_full,shuffled,tsception,logits,46,0,65,0.2005,0.9931114788851313,0.4246161398836426,0.9791053626299361,0.01365456176748795,0.00035155448770738627,0,0
sleepedf_full,shuffled,tsception,temporal_blocks.0,46,1,65,0.2125,0.7298433075860788,0.24775322145308554,0.5377917595036225,0.1408591889027672,0.051192359179685065,0,0
sleepedf_full,shuffled,tsception,temporal_blocks.2,46,1,65,0.2125,0.7244344594120669,0.2588766098795628,0.6236290819553887,0.06265785589971398,0.038147521556964416,0,0
sleepedf_full,shuffled,tsception,spatial_block_1,46,1,65,0.2125,0.6089293744923006,0.23356338579464764,0.38749360846995334,0.1580156975384961,0.06342006848385193,0,0
sleepedf_full,shuffled,tsception,spatial_block_2,46,1,65,0.2125,0.8315650763575024,0.35339739802631454,1.031134962510854,-0.2305397354378953,0.03096984928454244,0,0
sleepedf_full,shuffled,tsception,batch_temporal_lay,46,1,65,0.2125,0.7396312933238679,0.22840287400763903,0.9558245663362822,-0.24460200632171758,0.028408733309303037,0,0
sleepedf_full,shuffled,tsception,batch_spatial_lay,46,1,65,0.2125,0.7383691714730728,0.3932068535628669,1.0614779871394073,-0.38480534433584673,0.061696528669511884,0,0
sleepedf_full,shuffled,tsception,dense_layer,46,1,65,0.2125,0.9832212302323454,0.7498641270440594,0.9061911241203487,0.06770623259939264,0.009323873512604044,0,0
sleepedf_full,shuffled,tsception,logits,46,1,65,0.2125,0.9905589753850697,0.5159772403516987,1.028762978770687,-0.04166832766113921,0.0034643242755216922,0,0
sleepedf_full,shuffled,tsception,temporal_blocks.0,46,2,65,0.1925,0.7177736489541875,0.311958798019909,0.5212013093362285,0.1341211725006618,0.06245116711729575,0,0
sleepedf_full,shuffled,tsception,temporal_blocks.2,46,2,65,0.1925,0.7283638475599333,0.2042469831815954,0.6115978042774624,0.08475029261405571,0.03201575066841724,0,0
sleepedf_full,shuffled,tsception,spatial_block_1,46,2,65,0.1925,0.5427439966920921,0.2448551096682841,0.32230641874007443,0.1320413953135496,0.08839618263846766,0,0
sleepedf_full,shuffled,tsception,spatial_block_2,46,2,65,0.1925,0.843899906155448,0.3533186168751254,1.052107520707843,-0.23623191710358787,0.02802430255118877,0,0
sleepedf_full,shuffled,tsception,batch_temporal_lay,46,2,65,0.1925,0.7336682395376617,0.24116911437324737,0.9463930952267656,-0.24049014065399393,0.027765284964890245,0,0
sleepedf_full,shuffled,tsception,batch_spatial_lay,46,2,65,0.1925,0.7336629382544765,0.41039394147801805,1.0942504092873542,-0.4220512853584797,0.061463814325601586,0,0
sleepedf_full,shuffled,tsception,dense_layer,46,2,65,0.1925,0.7706622515038941,0.8590671603772201,2.8108656644155574,-2.6145669358566233,0.5743635229449601,0,0
sleepedf_full,shuffled,tsception,logits,46,2,65,0.1925,0.8415540544381721,0.8999794476110948,3.4425842894894876,-3.312627481296979,0.7107153394963063,0,0
sleepedf_full,shuffled,tsception,temporal_blocks.0,46,5,65,0.192,0.6907399499712406,0.30377863380353753,0.46704502246683544,0.1551574193200018,0.06853750818440048,0,0
sleepedf_full,shuffled,tsception,temporal_blocks.2,46,5,65,0.192,0.7040280313171066,0.1877014241847938,0.5720963775678467,0.10020765931921032,0.031723994430047364,0,0
sleepedf_full,shuffled,tsception,spatial_block_1,46,5,65,0.192,0.6926586045549391,0.19978934847771945,0.630072072837355,0.03960899137387828,0.022977540343706006,0,0
sleepedf_full,shuffled,tsception,spatial_block_2,46,5,65,0.192,0.8470153580384007,0.39114823921902653,1.0883434271296972,-0.26756876489825804,0.026240695806958148,0,0
sleepedf_full,shuffled,tsception,batch_temporal_lay,46,5,65,0.192,0.7089610987741702,0.25332070945876434,0.9278768334503935,-0.2451512867775542,0.02623555210133055,0,0
sleepedf_full,shuffled,tsception,batch_spatial_lay,46,5,65,0.192,0.7135898192343084,0.4262977886177744,1.1321023193469448,-0.48427285922108787,0.06576035910845135,0,0
sleepedf_full,shuffled,tsception,dense_layer,46,5,65,0.192,0.789538675865767,0.799550771328248,2.0331251281056706,-1.7890556980647319,0.5454692458248281,0,0
sleepedf_full,shuffled,tsception,logits,46,5,65,0.192,0.6892171008140178,0.8541224479840669,4.046069565591182,-6.351821590151124,2.6990870843706003,0,0
sleepedf_full,shuffled,tsception,temporal_blocks.0,46,10,65,0.202,0.6516719674974801,0.29073360709381607,0.4131192090871085,0.16389735560650062,0.07465540280386966,0,0
sleepedf_full,shuffled,tsception,temporal_blocks.2,46,10,65,0.202,0.6760755951148554,0.20163913508512524,0.4929072969154454,0.1390682973187774,0.044100000880632734,0,0
sleepedf_full,shuffled,tsception,spatial_block_1,46,10,65,0.202,0.7630298860421681,0.16462383998642596,0.7638293320175294,-0.006920463374562551,0.006121017399201254,0,0
sleepedf_full,shuffled,tsception,spatial_block_2,46,10,65,0.202,0.8226922979380104,0.3396502655121913,1.0569998223510813,-0.26270229273174267,0.028394768318671725,0,0
sleepedf_full,shuffled,tsception,batch_temporal_lay,46,10,65,0.202,0.673329632106422,0.231130869671737,0.8909804462209069,-0.24376625805210533,0.026115443937620494,0,0
sleepedf_full,shuffled,tsception,batch_spatial_lay,46,10,65,0.202,0.6482278767632331,0.3759341605839749,1.1267632963290932,-0.5609924944499239,0.08245707488406376,0,0
sleepedf_full,shuffled,tsception,dense_layer,46,10,65,0.202,0.638113585202886,0.8930358262561761,5.188531395505654,-6.60950325433795,2.0590060333936195,0,0
sleepedf_full,shuffled,tsception,logits,46,10,65,0.202,0.6539110947485041,0.9040535183453778,4.764900072776606,-6.189585558588142,1.9815501121150965,0,0
sleepedf_full,shuffled,tsception,temporal_blocks.0,46,20,65,0.2125,0.6189838764560547,0.38370043978679075,0.3704719772656102,0.1460774110156584,0.10243448817478783,0,0
sleepedf_full,shuffled,tsception,temporal_blocks.2,46,20,65,0.2125,0.6841814051327487,0.1652081810844905,0.4917347850653235,0.1539093787909772,0.03853724127644936,0,0
sleepedf_full,shuffled,tsception,spatial_block_1,46,20,65,0.2125,0.8000550967153685,0.19166217640228533,0.8461416443772574,-0.049755019813852275,0.003668472151964286,0,0
sleepedf_full,shuffled,tsception,spatial_block_2,46,20,65,0.2125,0.8235492207028473,0.36726325042329905,1.0835275566510774,-0.2903513510088388,0.03037301506060623,0,0
sleepedf_full,shuffled,tsception,batch_temporal_lay,46,20,65,0.2125,0.641586051715229,0.25312901855102066,0.8684989804693428,-0.2563957778808528,0.029482849126738993,0,0
sleepedf_full,shuffled,tsception,batch_spatial_lay,46,20,65,0.2125,0.6060603403552759,0.36790454252991456,1.0751936245702274,-0.5515669719081805,0.08243368769322844,0,0
sleepedf_full,shuffled,tsception,dense_layer,46,20,65,0.2125,0.6736496265454512,0.6824120561637547,1.37981801124204,-0.967754455872141,0.2615860711755523,0,0
sleepedf_full,shuffled,tsception,logits,46,20,65,0.2125,0.8510998124438782,0.546319997779794,1.0166627626478684,-0.20160649893008084,0.028313128220178656,0,0
sleepedf_full,shuffled,atcnet,conv_block,41,0,65,0.2065,0.12316558910277609,0.12316558910277609,0.0,0.0,0.12043562699239857,0,0
sleepedf_full,shuffled,atcnet,attention_blocks.0,41,0,65,0.2065,0.8929934652627547,0.5849504672692972,1.008381155866753,-0.23018884030231881,0.11480114969831909,0,0
sleepedf_full,shuffled,atcnet,attention_blocks.4,41,0,65,0.2065,0.9181627466862508,0.6977558482372872,0.6838522028554088,0.0907128013115774,0.1435977425192643,0,0
sleepedf_full,shuffled,atcnet,temporal_conv_nets.0,41,0,65,0.2065,0.8869813240599961,0.4914345485468846,0.9765448026275771,-0.16702186784251974,0.07745838927493827,0,0
sleepedf_full,shuffled,atcnet,temporal_conv_nets.4,41,0,65,0.2065,0.9361033289937585,0.7198417549050634,0.7397054771129674,0.07381297543290746,0.12258487644788338,0,0
sleepedf_full,shuffled,atcnet,final_layer.4,41,0,65,0.2065,0.9407889108968917,0.7345926262829431,0.9112666321365062,-0.09755346446362032,0.12707574322400597,0,0
sleepedf_full,shuffled,atcnet,logits,41,0,65,0.2065,0.8717453430745479,0.826786169937678,0.8922164740344849,-0.3623641122631183,0.34189298130318135,0,0
sleepedf_full,shuffled,atcnet,conv_block,41,1,65,0.1905,0.8243124250714099,0.5224475807796047,1.0676062635681418,-0.26006532791965437,0.0167714894229221,0,0
sleepedf_full,shuffled,atcnet,attention_blocks.0,41,1,65,0.1905,0.9488491303487478,0.49429160222223334,1.120526803224048,-0.17454083439205745,0.002863161516756852,0,0
sleepedf_full,shuffled,atcnet,attention_blocks.4,41,1,65,0.1905,0.921097073546746,0.47019303507850146,1.100412742776389,-0.1834156991990762,0.004100029969432765,0,0
sleepedf_full,shuffled,atcnet,temporal_conv_nets.0,41,1,65,0.1905,0.956690364738968,0.5223648235728406,1.076085127112916,-0.12253679634876888,0.003142033974819943,0,0
sleepedf_full,shuffled,atcnet,temporal_conv_nets.4,41,1,65,0.1905,0.8831804837529761,0.43119861882056026,1.018383198936074,-0.1390523786538213,0.003849663470722399,0,0
sleepedf_full,shuffled,atcnet,final_layer.4,41,1,65,0.1905,0.9242621150929727,0.48475374361008455,0.960902900107464,-0.037175772949885194,0.0005349879353937563,0,0
sleepedf_full,shuffled,atcnet,logits,41,1,65,0.1905,0.9199394185986556,0.7125268847326579,1.0635343586764847,-0.1571068944212592,0.013511954343430202,0,0
sleepedf_full,shuffled,atcnet,conv_block,41,2,65,0.2185,0.8197422171532971,0.5119145469665117,1.0213652363589771,-0.21286564337145603,0.01124262416577543,0,0
sleepedf_full,shuffled,atcnet,attention_blocks.0,41,2,65,0.2185,0.9394524383137386,0.6061909112169604,1.1867172765649738,-0.2532376585867395,0.005972820335503446,0,0
sleepedf_full,shuffled,atcnet,attention_blocks.4,41,2,65,0.2185,0.9327065045388482,0.4459807843856123,1.1961210055036564,-0.26574657888363795,0.002332077918829261,0,0
sleepedf_full,shuffled,atcnet,temporal_conv_nets.0,41,2,65,0.2185,0.9409323716718008,0.6955468963692517,1.1165839843560676,-0.18257888392684524,0.006927271242577824,0,0
sleepedf_full,shuffled,atcnet,temporal_conv_nets.4,41,2,65,0.2185,0.8927864313170463,0.4085567562407358,1.083768131220544,-0.19332399506980164,0.00234229516630386,0,0
sleepedf_full,shuffled,atcnet,final_layer.4,41,2,65,0.2185,0.9278916858800156,0.6205396018408709,1.0148915810550443,-0.09066567151618181,0.0036657763411534388,0,0
sleepedf_full,shuffled,atcnet,logits,41,2,65,0.2185,0.9117808242805314,0.5620261613401457,1.0929596499942051,-0.18686467635790602,0.00568585064423256,0,0
sleepedf_full,shuffled,atcnet,conv_block,41,5,65,0.219,0.7503475633498208,0.44519699181351674,0.9148204350171065,-0.17198710361460087,0.007514231947314795,0,0
sleepedf_full,shuffled,atcnet,attention_blocks.0,41,5,65,0.219,0.9126314405644661,0.503502054442875,1.2769036050074372,-0.36677774744737973,0.0025055830044082065,0,0
sleepedf_full,shuffled,atcnet,attention_blocks.4,41,5,65,0.219,0.8615625304173969,0.4500588556027174,1.2269505985148734,-0.3670374493246838,0.0016493812272070695,0,0
sleepedf_full,shuffled,atcnet,temporal_conv_nets.0,41,5,65,0.219,0.876853142419054,0.6412525684565406,1.1414629890294723,-0.27149278990180903,0.006882943291390048,0,0
sleepedf_full,shuffled,atcnet,temporal_conv_nets.4,41,5,65,0.219,0.8175531342566984,0.4231558457589604,1.0367986791215764,-0.21917947818627534,-6.606667860311874e-05,0,0
sleepedf_full,shuffled,atcnet,final_layer.4,41,5,65,0.219,0.8128711144368954,0.5939066746831889,1.1537433704001034,-0.34496233243038527,-0.004771324838044438,0,0
sleepedf_full,shuffled,atcnet,logits,41,5,65,0.219,0.8244045302888982,0.6364567891906088,1.0902624531004232,-0.2807172397457086,-0.00135257839393523,0,0
sleepedf_full,shuffled,atcnet,conv_block,41,10,65,0.2165,0.7485534674857792,0.5272659341782363,0.9322802836408595,-0.1890593669791374,0.005332550824055844,0,0
sleepedf_full,shuffled,atcnet,attention_blocks.0,41,10,65,0.2165,0.9077140211553993,0.46925232379842174,1.1988227817589758,-0.29212354889131836,0.0010147882877418431,0,0
sleepedf_full,shuffled,atcnet,attention_blocks.4,41,10,65,0.2165,0.7913081158555142,0.4626012804169165,1.0608349839223268,-0.270065873273683,0.0005390052068698212,0,0
sleepedf_full,shuffled,atcnet,temporal_conv_nets.0,41,10,65,0.2165,0.9223786341326112,0.4459543065013012,1.1583479447048657,-0.2371294297978674,0.001160119225612324,0,0
sleepedf_full,shuffled,atcnet,temporal_conv_nets.4,41,10,65,0.2165,0.7757774221745037,0.48429196968866234,0.9409094494927662,-0.16711657880332534,0.0019845514850629423,0,0
sleepedf_full,shuffled,atcnet,final_layer.4,41,10,65,0.2165,0.7974238711799856,0.53568817520047,1.0521570019000026,-0.3797371909513625,0.0028257204490154475,0,0
sleepedf_full,shuffled,atcnet,logits,41,10,65,0.2165,0.8128770896798426,0.7031320323801441,1.1560988811588075,-0.3956267090575033,0.009671885856649794,0,0
sleepedf_full,shuffled,atcnet,conv_block,41,20,65,0.222,0.6989091180947319,0.5526564883185011,0.9404965270436277,-0.2513974926495987,0.007180746253510045,0,0
sleepedf_full,shuffled,atcnet,attention_blocks.0,41,20,65,0.222,0.7946318653484014,0.4954659547152588,1.258261092147497,-0.4647316535393982,0.0010973701059206124,0,0
sleepedf_full,shuffled,atcnet,attention_blocks.4,41,20,65,0.222,0.7357625480227679,0.5119853239070824,1.147781348997097,-0.4275479673754622,0.003108895490873001,0,0
sleepedf_full,shuffled,atcnet,temporal_conv_nets.0,41,20,65,0.222,0.8379605939127487,0.668162147261224,1.2130271158475951,-0.3817317559812835,0.0066652340464366635,0,0
sleepedf_full,shuffled,atcnet,temporal_conv_nets.4,41,20,65,0.222,0.7258633203565701,0.5275690807862268,0.9618216428758374,-0.23973165683392011,0.0025683610476738145,0,0
sleepedf_full,shuffled,atcnet,final_layer.4,41,20,65,0.222,0.8331763954568605,0.5692544062251248,1.1942923094449829,-0.4145813944585644,0.000601079511652875,0,0
sleepedf_full,shuffled,atcnet,logits,41,20,65,0.222,0.8393534146315695,0.7102950060649377,1.414913160284555,-0.7472567649787254,0.010758838099684986,0,0
sleepedf_full,shuffled,atcnet,conv_block,42,0,65,0.1865,0.16779727148061718,0.16779727148061718,0.0,0.0,0.1669908847615146,0,0
sleepedf_full,shuffled,atcnet,attention_blocks.0,42,0,65,0.1865,0.8625006599304158,0.8180609395097496,0.567706059373176,-0.08782866427164687,0.3826232648288864,0,0
sleepedf_full,shuffled,atcnet,attention_blocks.4,42,0,65,0.1865,0.868826694008798,0.61050692524186,0.9757895906778313,-0.2786090329759677,0.17164613630693384,0,0
sleepedf_full,shuffled,atcnet,temporal_conv_nets.0,42,0,65,0.1865,0.9269956238924262,0.8755206901094859,0.7542716450009105,-0.10810850128133054,0.28083248017284596,0,0
sleepedf_full,shuffled,atcnet,temporal_conv_nets.4,42,0,65,0.1865,0.8285443359802005,0.5866942685622781,1.1891120264102473,-0.5856020411700006,0.22503435073995362,0,0
sleepedf_full,shuffled,atcnet,final_layer.4,42,0,65,0.1865,0.8077230098134068,0.7189859627264035,2.025854981815919,-1.784474495674045,0.5461295734574991,0,0
sleepedf_full,shuffled,atcnet,logits,42,0,65,0.1865,0.8039954720761261,0.753692347618508,1.537957673107632,-1.2884417715661163,0.5544795705346105,0,0
sleepedf_full,shuffled,atcnet,conv_block,42,1,65,0.2035,0.763805027634423,0.4580499965403946,0.9977467946909347,-0.2480129448600218,0.014071177803509229,0,0
sleepedf_full,shuffled,atcnet,attention_blocks.0,42,1,65,0.2035,0.8565252745229361,0.4031125351892804,1.1227021068244976,-0.27676892478094706,0.01059209247938537,0,0
sleepedf_full,shuffled,atcnet,attention_blocks.4,42,1,65,0.2035,0.8770743676545096,0.40625342798848324,1.1582348719213078,-0.28621284663933044,0.005052342372531986,0,0
sleepedf_full,shuffled,atcnet,temporal_conv_nets.0,42,1,65,0.2035,0.8504036425569514,0.45774562578248135,1.1191647382837961,-0.290769880948252,0.02200878522140705,0,0
sleepedf_full,shuffled,atcnet,temporal_conv_nets.4,42,1,65,0.2035,0.9016700325063917,0.31665234507392426,1.0874239115876887,-0.18996113562433523,0.004207256543037484,0,0
sleepedf_full,shuffled,atcnet,final_layer.4,42,1,65,0.2035,0.9203948882467777,0.5375664077411123,1.1722984379271588,-0.2629527754880188,0.008054490935171344,0,0
sleepedf_full,shuffled,atcnet,logits,42,1,65,0.2035,0.9448430393325324,0.5159014472442142,1.1136107596387135,-0.18393187397751726,0.005409313299208934,0,0
sleepedf_full,shuffled,atcnet,conv_block,42,2,65,0.211,0.7486273410282975,0.4269007192867239,0.9381543882643472,-0.20037096674283075,0.010843919506780163,0,0
sleepedf_full,shuffled,atcnet,attention_blocks.0,42,2,65,0.211,0.8611858239742182,0.45699950868662215,1.171013470979982,-0.3177202029150323,0.007892555909268503,0,0
sleepedf_full,shuffled,atcnet,attention_blocks.4,42,2,65,0.211,0.8910663633918859,0.4032713850726732,1.1487654937725738,-0.26055797745193904,0.00285884707125082,0,0
sleepedf_full,shuffled,atcnet,temporal_conv_nets.0,42,2,65,0.211,0.8144304351275106,0.45231255503171897,1.145174610535546,-0.3419704421348672,0.011226266726831132,0,0
sleepedf_full,shuffled,atcnet,temporal_conv_nets.4,42,2,65,0.211,0.8832629691298991,0.4169093958894221,1.177446842568872,-0.2987428106843953,0.004558937245421748,0,0
sleepedf_full,shuffled,atcnet,final_layer.4,42,2,65,0.211,0.904945392776135,0.596001735907752,1.4636587456984822,-0.5741583781913151,0.011582152418658257,0,0
sleepedf_full,shuffled,atcnet,logits,42,2,65,0.211,0.9178362545914098,0.5572266386587018,1.2154016846154394,-0.32499059951961146,0.007548085382770327,0,0
sleepedf_full,shuffled,atcnet,conv_block,42,5,65,0.1915,0.7613909341171287,0.4666839610889769,0.9404279217473311,-0.18439015238730883,0.0053531647571056626,0,0
sleepedf_full,shuffled,atcnet,attention_blocks.0,42,5,65,0.1915,0.8938405389245434,0.44082171120817515,1.103738402495833,-0.21211863565914033,0.002220772087851104,0,0
sleepedf_full,shuffled,atcnet,attention_blocks.4,42,5,65,0.1915,0.8750774286629215,0.3845063689499868,1.0745793111923887,-0.20108201416651042,0.0015801316370423067,0,0
sleepedf_full,shuffled,atcnet,temporal_conv_nets.0,42,5,65,0.1915,0.886323507617288,0.4083862048635274,1.0632823302068073,-0.17892356109121677,0.0019647385016966596,0,0
sleepedf_full,shuffled,atcnet,temporal_conv_nets.4,42,5,65,0.1915,0.885311448728824,0.41411120398469675,1.0158937402917354,-0.13156155110968776,0.0009792595467756696,0,0
sleepedf_full,shuffled,atcnet,final_layer.4,42,5,65,0.1915,0.8686425034925079,0.5760977511819025,1.0380683981421608,-0.18385689262440214,-0.002677825341818673,0,0
sleepedf_full,shuffled,atcnet,logits,42,5,65,0.1915,0.8776448278870561,0.5379349618184862,0.9820310711400485,-0.10518016866772785,0.0007939254147353792,0,0
sleepedf_full,shuffled,atcnet,conv_block,42,10,65,0.215,0.7237119022685088,0.47629500329013497,0.9122804881528059,-0.19322254062912686,0.004120003912896777,0,0
sleepedf_full,shuffled,atcnet,attention_blocks.0,42,10,65,0.215,0.8707478372363494,0.5395804727517287,1.1607695914161877,-0.2933396962681279,0.003317942088288867,0,0
sleepedf_full,shuffled,atcnet,attention_blocks.4,42,10,65,0.215,0.8139683710845855,0.42611363900584937,1.075131184726562,-0.26335478977959886,0.00219197613762149,0,0
sleepedf_full,shuffled,atcnet,temporal_conv_nets.0,42,10,65,0.215,0.8622580953865063,0.4437750062122906,1.0493007466521937,-0.18832063384527878,0.0012779825795912218,0,0
sleepedf_full,shuffled,atcnet,temporal_conv_nets.4,42,10,65,0.215,0.8240587706949949,0.49494393389124947,1.0539673358269355,-0.2318713433869809,0.001962778255039596,0,0
sleepedf_full,shuffled,atcnet,final_layer.4,42,10,65,0.215,0.8384871026288075,0.593237342487741,1.170644501869625,-0.33954575857198727,0.0039053687686805335,0,0
sleepedf_full,shuffled,atcnet,logits,42,10,65,0.215,0.7699800738813202,0.5046155488368798,0.8773755961559006,-0.14480313955991664,-0.0006979820884073658,0,0
sleepedf_full,shuffled,atcnet,conv_block,42,20,65,0.204,0.7100939268821107,0.4791868531361799,0.9109029514492994,-0.2054541737922092,0.0035289197229685493,0,0
sleepedf_full,shuffled,atcnet,attention_blocks.0,42,20,65,0.204,0.8749549695785426,0.47049099145140455,1.2040109810285122,-0.33160208484493525,0.0025460733949650414,0,0
sleepedf_full,shuffled,atcnet,attention_blocks.4,42,20,65,0.204,0.8011527429010028,0.3919901095703428,1.1259253684513244,-0.3231463959157605,-0.00162622963456165,0,0
sleepedf_full,shuffled,atcnet,temporal_conv_nets.0,42,20,65,0.204,0.8399162518288165,0.3953507059620781,1.079696267220282,-0.24189103704332557,0.002111021651859887,0,0
sleepedf_full,shuffled,atcnet,temporal_conv_nets.4,42,20,65,0.204,0.7624998680238337,0.31738576851890493,1.0017531413079834,-0.23901619382117606,-0.0002370794629742748,0,0
sleepedf_full,shuffled,atcnet,final_layer.4,42,20,65,0.204,0.8224829579250584,0.4368136280037614,0.9018880410715088,-0.08569052088141826,0.0006940455894834059,0,0
sleepedf_full,shuffled,atcnet,logits,42,20,65,0.204,0.8541291565816792,0.465265770695865,1.3192493969966805,-0.5134962781208662,-0.0005991557130188762,0,0
sleepedf_full,shuffled,atcnet,conv_block,43,0,65,0.2095,0.16944487911280653,0.16944487911280653,0.0,0.0,0.16798925548146015,0,0
sleepedf_full,shuffled,atcnet,attention_blocks.0,43,0,65,0.2095,0.9230247716485869,0.8190973488295452,0.659944650850599,0.034101826729814884,0.22897829406817247,0,0
sleepedf_full,shuffled,atcnet,attention_blocks.4,43,0,65,0.2095,0.8621848236553482,0.6718382883790808,0.7965569369651561,-0.14509328258890367,0.21072116927909568,0,0
sleepedf_full,shuffled,atcnet,temporal_conv_nets.0,43,0,65,0.2095,0.9077914621403739,0.7917611437818757,1.1022737290123377,-0.4313254047388881,0.23684313786692385,0,0
sleepedf_full,shuffled,atcnet,temporal_conv_nets.4,43,0,65,0.2095,0.8554025633443321,0.6125316206428444,1.0875241505812385,-0.41763820552182385,0.18551661828491695,0,0
sleepedf_full,shuffled,atcnet,final_layer.4,43,0,65,0.2095,0.9167553004540269,0.6708890374536761,1.5852600209872034,-0.8389953889701762,0.17049066843699978,0,0
sleepedf_full,shuffled,atcnet,logits,43,0,65,0.2095,0.8548835494429344,0.5904362858358161,1.1612220138048845,-0.46169520068405545,0.15412136180402472,0,0
sleepedf_full,shuffled,atcnet,conv_block,43,1,65,0.21,0.8349677655230459,0.49082550354213184,1.0513076300750401,-0.22974654620626117,0.013406681654265947,0,0
sleepedf_full,shuffled,atcnet,attention_blocks.0,43,1,65,0.21,0.9133734272163547,0.446115529953671,1.1227549337258,-0.21325411543761222,0.0038726089281660376,0,0
sleepedf_full,shuffled,atcnet,attention_blocks.4,43,1,65,0.21,0.9369547633183931,0.5857939603388838,1.1975692676650533,-0.26874082675946465,0.00812632241280429,0,0
sleepedf_full,shuffled,atcnet,temporal_conv_nets.0,43,1,65,0.21,0.9343157970332457,0.48251127566370516,1.0756679202629478,-0.14461553879322966,0.0032634155635272405,0,0
sleepedf_full,shuffled,atcnet,temporal_conv_nets.4,43,1,65,0.21,0.9300201836880464,0.5467039285686739,1.0702499754506627,-0.1466792078476319,0.006449416085015247,0,0
sleepedf_full,shuffled,atcnet,final_layer.4,43,1,65,0.21,0.8803741753078633,0.7938507479103917,1.2386295791673354,-0.3859803565603064,0.02666347758360139,0,0
sleepedf_full,shuffled,atcnet,logits,43,1,65,0.21,0.9161137817721469,0.5948131679633349,1.1759154164805397,-0.2679356548548661,0.008134020146473435,0,0
sleepedf_full,shuffled,atcnet,conv_block,43,2,65,0.196,0.8155156901161789,0.4368047219981898,0.9858035016975784,-0.17859730782836783,0.008309496246968417,0,0
sleepedf_full,shuffled,atcnet,attention_blocks.0,43,2,65,0.196,0.851679377027551,0.35122438884994045,1.0315845282864702,-0.1831175203780122,0.00321236911909303,0,0
sleepedf_full,shuffled,atcnet,attention_blocks.4,43,2,65,0.196,0.9321580471901934,0.5450828579493426,1.1778371275759618,-0.25079165534376213,0.005112574957993253,0,0
sleepedf_full,shuffled,atcnet,temporal_conv_nets.0,43,2,65,0.196,0.9371383617744974,0.45365714573133786,1.0559251599388435,-0.121311550507951,0.0025247523436045314,0,0
sleepedf_full,shuffled,atcnet,temporal_conv_nets.4,43,2,65,0.196,0.922968712801277,0.5140881079018941,1.0698789951781118,-0.15129583371727873,0.004385551340443384,0,0
sleepedf_full,shuffled,atcnet,final_layer.4,43,2,65,0.196,0.933372804917031,0.7791601470353554,1.4961960843022082,-0.5806625706179679,0.017839291232790523,0,0
sleepedf_full,shuffled,atcnet,logits,43,2,65,0.196,0.9600173173204698,0.6313798270704771,1.2259206490646595,-0.27819367414127055,0.0038455019593380446,0,0
sleepedf_full,shuffled,atcnet,conv_block,43,5,65,0.198,0.8092811591716454,0.5358479859979759,0.9977974921308037,-0.19742333761716882,0.008907004658009239,0,0
sleepedf_full,shuffled,atcnet,attention_blocks.0,43,5,65,0.198,0.892097697261415,0.607257003727909,1.1686227503766773,-0.2817431802154638,0.005218127100200882,0,0
sleepedf_full,shuffled,atcnet,attention_blocks.4,43,5,65,0.198,0.9588940448637842,0.5263376426583775,1.2239748080361261,-0.2663266374295081,0.0012458742571654024,0,0
sleepedf_full,shuffled,atcnet,temporal_conv_nets.0,43,5,65,0.198,0.9134121975030314,0.5264534217789236,1.0434624066402582,-0.1310748904224696,0.0010246812852421417,0,0
sleepedf_full,shuffled,atcnet,temporal_conv_nets.4,43,5,65,0.198,0.930689590227146,0.4884493028844445,1.1381480993664579,-0.2080488705571081,0.0005903614177955841,0,0
sleepedf_full,shuffled,atcnet,final_layer.4,43,5,65,0.198,0.9731052221898685,0.6483018267733434,1.4727832220733774,-0.5048958920944575,0.00251401810185594,0,0
sleepedf_full,shuffled,atcnet,logits,43,5,65,0.198,0.9663312230025228,0.5169556797256983,1.1946497636735425,-0.23646901776603166,0.0002738874897973531,0,0
sleepedf_full,shuffled,atcnet,conv_block,43,10,65,0.186,0.750084497827924,0.5120490116565802,0.9243467597144893,-0.17978888083354316,0.0055266189469770155,0,0
sleepedf_full,shuffled,atcnet,attention_blocks.0,43,10,65,0.186,0.8134214653690903,0.5477598453143175,1.0407213156264397,-0.23074029565005152,0.003440445392701138,0,0
sleepedf_full,shuffled,atcnet,attention_blocks.4,43,10,65,0.186,0.8688553837233032,0.5642100711101815,1.1702410536666632,-0.3044263170742513,0.003040647130891261,0,0
sleepedf_full,shuffled,atcnet,temporal_conv_nets.0,43,10,65,0.186,0.849726363885937,0.5523587882463984,1.0191749361677855,-0.1721736404034885,0.0027250681216392627,0,0
sleepedf_full,shuffled,atcnet,temporal_conv_nets.4,43,10,65,0.186,0.9193499669464447,0.5270637806918955,1.0512472042753045,-0.13296115160094957,0.0010639142720890598,0,0
sleepedf_full,shuffled,atcnet,final_layer.4,43,10,65,0.186,0.8918928396740211,0.7679024105919482,1.2328279306271652,-0.3550726599069652,0.0051818227834690665,0,0
sleepedf_full,shuffled,atcnet,logits,43,10,65,0.186,0.9085511556079455,0.6628078998697957,1.1143656167956661,-0.2151863329830757,0.002479825049460372,0,0
sleepedf_full,shuffled,atcnet,conv_block,43,20,65,0.195,0.7224362854260925,0.5537254837299397,0.9412734162516692,-0.22512197687169325,0.00595049264099067,0,0
sleepedf_full,shuffled,atcnet,attention_blocks.0,43,20,65,0.195,0.7281505027065399,0.5346937433664907,1.0124967344839235,-0.28873319565851746,0.0043869638811336546,0,0
sleepedf_full,shuffled,atcnet,attention_blocks.4,43,20,65,0.195,0.7635462517552055,0.5907330051297593,1.1888366408799602,-0.42990571653358717,0.004615327408832152,0,0
sleepedf_full,shuffled,atcnet,temporal_conv_nets.0,43,20,65,0.195,0.7726862783236339,0.49306357296876435,0.9278898855179893,-0.15784565499503342,0.002642047800677743,0,0
sleepedf_full,shuffled,atcnet,temporal_conv_nets.4,43,20,65,0.195,0.7514485046495141,0.5562180414386083,0.9772783353181064,-0.2300603002257659,0.0042304695571730565,0,0
sleepedf_full,shuffled,atcnet,final_layer.4,43,20,65,0.195,0.7254082131834477,0.6936173612882948,1.1939904076038923,-0.5814151587689859,0.010775935697682806,0,0
sleepedf_full,shuffled,atcnet,logits,43,20,65,0.195,0.7693199403238248,0.6427432702507674,1.1176662460026217,-0.3938868505582419,0.007880497941863102,0,0
sleepedf_full,shuffled,atcnet,conv_block,44,0,65,0.2165,0.18375056284463193,0.18375056284463193,0.0,0.0,0.18330482568628592,0,0
sleepedf_full,shuffled,atcnet,attention_blocks.0,44,0,65,0.2165,0.8902887636524877,0.6871840801317165,0.7429563932105778,-0.04133336324361594,0.18866573368552553,0,0
sleepedf_full,shuffled,atcnet,attention_blocks.4,44,0,65,0.2165,0.8864899389927817,0.7878154490608777,0.6821306978500785,-0.056044937980117865,0.2604041791228207,0,0
sleepedf_full,shuffled,atcnet,temporal_conv_nets.0,44,0,65,0.2165,0.9060677583841267,0.6456688160925501,0.7368408973631165,0.01780746737169202,0.15141939364931806,0,0
sleepedf_full,shuffled,atcnet,temporal_conv_nets.4,44,0,65,0.2165,0.850756187027477,0.7778833961240127,0.8447836227947345,-0.3072749560886501,0.31324752032139214,0,0
sleepedf_full,shuffled,atcnet,final_layer.4,44,0,65,0.2165,0.9064451836859162,0.8839156887291609,0.6678801864328265,-0.04503595164272231,0.283600948895812,0,0
sleepedf_full,shuffled,atcnet,logits,44,0,65,0.2165,0.8226907139249914,0.8358921956844788,1.259906460760595,-0.9149322247030335,0.47641680282374665,0,0
sleepedf_full,shuffled,atcnet,conv_block,44,1,65,0.217,0.8245821133547439,0.4379693821076401,1.0147505361570133,-0.20209849084214546,0.01193006803987475,0,0
sleepedf_full,shuffled,atcnet,attention_blocks.0,44,1,65,0.217,0.9379969671111346,0.7166243324581067,1.195945176182303,-0.2697572429462665,0.011809033875097522,0,0
sleepedf_full,shuffled,atcnet,attention_blocks.4,44,1,65,0.217,0.9686966178172632,0.5068345328765979,1.176813489921436,-0.21072557905673212,0.002608706952557943,0,0
sleepedf_full,shuffled,atcnet,temporal_conv_nets.0,44,1,65,0.217,0.9221307334571914,0.6432751469434558,1.1198166089461212,-0.20679505932011666,0.00910918383118646,0,0
sleepedf_full,shuffled,atcnet,temporal_conv_nets.4,44,1,65,0.217,0.9670429359825998,0.4295035553868931,1.122269377593948,-0.1563990292277975,0.0011725876164483957,0,0
sleepedf_full,shuffled,atcnet,final_layer.4,44,1,65,0.217,0.8460942279694417,0.580100065427387,0.9388788357811458,-0.10426731894656703,0.007954322553136817,0,0
sleepedf_full,shuffled,atcnet,logits,44,1,65,0.217,0.8535380399389282,0.6669199871877588,1.1211226248502344,-0.30875118428804277,0.026705797431044037,0,0
sleepedf_full,shuffled,atcnet,conv_block,44,2,65,0.199,0.8414451730226662,0.5411126255358015,1.091548280923067,-0.2644443814418866,0.014341273541485424,0,0
sleepedf_full,shuffled,atcnet,attention_blocks.0,44,2,65,0.199,0.9484970474649974,0.6964213774630807,1.21723132728521,-0.27649955124083575,0.00776527142062324,0,0
sleepedf_full,shuffled,atcnet,attention_blocks.4,44,2,65,0.199,0.9512828658735611,0.5491800604747749,1.1301852920259094,-0.18264475939209995,0.003742333239751554,0,0
sleepedf_full,shuffled,atcnet,temporal_conv_nets.0,44,2,65,0.199,0.9512889559498473,0.6387533662381114,1.118431436972439,-0.1717980151046835,0.0046555340820913504,0,0
sleepedf_full,shuffled,atcnet,temporal_conv_nets.4,44,2,65,0.199,0.9580130222079558,0.5564844969329892,1.108514084087857,-0.15404408645593565,0.0035430245760337117,0,0
sleepedf_full,shuffled,atcnet,final_layer.4,44,2,65,0.199,0.844007284988851,0.6518591229213619,1.149654798196679,-0.3352722860735338,0.02016323541337071,0,0
sleepedf_full,shuffled,atcnet,logits,44,2,65,0.199,0.7729712525866794,0.6952664449449866,1.0592350399721968,-0.35081850782802276,0.03712277076148004,0,0
sleepedf_full,shuffled,atcnet,conv_block,44,5,65,0.204,0.8114992530728335,0.5449924333281568,1.0384629534443395,-0.23500093156221952,0.008037231190713182,0,0
sleepedf_full,shuffled,atcnet,attention_blocks.0,44,5,65,0.204,0.8684673204931209,0.5597978809522838,1.1229516157002881,-0.259837424752747,0.00535312954557953,0,0
sleepedf_full,shuffled,atcnet,attention_blocks.4,44,5,65,0.204,0.9332116417527357,0.4958198576488228,1.1398380955719196,-0.20814635117839317,0.0015198973592086362,0,0
sleepedf_full,shuffled,atcnet,temporal_conv_nets.0,44,5,65,0.204,0.9335069554466179,0.5415249860673603,1.0699438338722402,-0.13844256263232085,0.00200568420669792,0,0
sleepedf_full,shuffled,atcnet,temporal_conv_nets.4,44,5,65,0.204,0.9241680723598146,0.517619467701444,1.0607404829832425,-0.13926494682667218,0.0026925362032436317,0,0
sleepedf_full,shuffled,atcnet,final_layer.4,44,5,65,0.204,0.8758445850509958,0.5860952169169643,1.043818276343919,-0.18364338783873763,0.009305907415451167,0,0
sleepedf_full,shuffled,atcnet,logits,44,5,65,0.204,0.878984231231075,0.532118429455466,1.15435803593141,-0.28010743043618475,0.002905925779430222,0,0
sleepedf_full,shuffled,atcnet,conv_block,44,10,65,0.206,0.7822971492274431,0.5865202993101728,1.024737029427701,-0.24947286281462225,0.006355411094289607,0,0
sleepedf_full,shuffled,atcnet,attention_blocks.0,44,10,65,0.206,0.8809082067932436,0.6432132991388522,1.221823957321306,-0.34513503691637637,0.004219286388313179,0,0
sleepedf_full,shuffled,atcnet,attention_blocks.4,44,10,65,0.206,0.8623493185231842,0.5277962299732804,1.0863615738028547,-0.2263512058066909,0.002338950527019969,0,0
sleepedf_full,shuffled,atcnet,temporal_conv_nets.0,44,10,65,0.206,0.9039720085771135,0.6365804841234892,1.0874793352596712,-0.18594500643054496,0.002437679747987185,0,0
sleepedf_full,shuffled,atcnet,temporal_conv_nets.4,44,10,65,0.206,0.878259166542464,0.5720795501450324,1.0571559657999943,-0.18181755712469275,0.0029207578671616675,0,0
sleepedf_full,shuffled,atcnet,final_layer.4,44,10,65,0.206,0.8984719586305019,0.6122464572159692,1.1021336168679667,-0.2071100289875351,0.002723888724204006,0,0
sleepedf_full,shuffled,atcnet,logits,44,10,65,0.206,0.8205561374548652,0.5337679901692844,1.186007499007495,-0.38730761542145054,0.0028773046652782177,0,0
sleepedf_full,shuffled,atcnet,conv_block,44,20,65,0.196,0.7251869796193368,0.585321424956129,1.0161694185972765,-0.3004457590351519,0.0058230548664382166,0,0
sleepedf_full,shuffled,atcnet,attention_blocks.0,44,20,65,0.196,0.7973457645463038,0.5312996807720942,1.0755171477178163,-0.2812234711645416,0.003052087993028991,0,0
sleepedf_full,shuffled,atcnet,attention_blocks.4,44,20,65,0.196,0.7908648720516851,0.5964164600457221,1.1389323868504004,-0.3538510085642592,0.003934160830715194,0,0
sleepedf_full,shuffled,atcnet,temporal_conv_nets.0,44,20,65,0.196,0.8711939788055842,0.5369663242335284,1.0627304621354616,-0.1933422882432619,0.001805804913384375,0,0
sleepedf_full,shuffled,atcnet,temporal_conv_nets.4,44,20,65,0.196,0.8037138791868662,0.6362612461924444,1.0637971540114233,-0.2640883534711838,0.004005078646626286,0,0
sleepedf_full,shuffled,atcnet,final_layer.4,44,20,65,0.196,0.9177872468873685,0.5695913145846376,0.9695424696090819,-0.06057041833664975,0.001596205799165215,0,0
sleepedf_full,shuffled,atcnet,logits,44,20,65,0.196,0.7917668161341446,0.5623025807005162,1.020920881896905,-0.2667146126844557,0.003744384318050285,0,0
sleepedf_full,shuffled,atcnet,conv_block,45,0,65,0.213,0.16872183176234942,0.16872183176234942,0.0,0.0,0.16797765042111387,0,0
sleepedf_full,shuffled,atcnet,attention_blocks.0,45,0,65,0.213,0.8584237128484441,0.7236533527032852,0.91001357262727,-0.31283028526856355,0.2612404254897371,0,0
sleepedf_full,shuffled,atcnet,attention_blocks.4,45,0,65,0.213,0.9269076426734049,0.8620005667686632,0.6811063329475813,-0.007290086349799923,0.2530913960756231,0,0
sleepedf_full,shuffled,atcnet,temporal_conv_nets.0,45,0,65,0.213,0.9166457929408094,0.7219204541709835,0.7561103710536627,0.0010175263188521714,0.1595178955682943,0,0
sleepedf_full,shuffled,atcnet,temporal_conv_nets.4,45,0,65,0.213,0.8872979889527318,0.8272801443173409,0.8080405110428994,-0.2615888100830832,0.3408462879929154,0,0
sleepedf_full,shuffled,atcnet,final_layer.4,45,0,65,0.213,0.9478905947466224,0.887789830702665,0.8690914127223613,-0.12156065710902146,0.20035983913328254,0,0
sleepedf_full,shuffled,atcnet,logits,45,0,65,0.213,0.9411171543461689,0.793310401631165,0.8048446555139721,-0.03299892593155839,0.1692714247637552,0,0
sleepedf_full,shuffled,atcnet,conv_block,45,1,65,0.1975,0.8067021642294925,0.4958527547598633,1.0249120749976695,-0.23180410669383267,0.013594195925655314,0,0
sleepedf_full,shuffled,atcnet,attention_blocks.0,45,1,65,0.1975,0.9391322588172155,0.41708575052319313,1.1490408287259932,-0.21279694843240146,0.002888378523623686,0,0
sleepedf_full,shuffled,atcnet,attention_blocks.4,45,1,65,0.1975,0.926896728492276,0.5075229759499698,1.1635556929453428,-0.24124549964362302,0.004586535190555962,0,0
sleepedf_full,shuffled,atcnet,temporal_conv_nets.0,45,1,65,0.1975,0.9119121259435182,0.38643701308989103,1.0730460682471283,-0.16318550106879068,0.0020515587651802826,0,0
sleepedf_full,shuffled,atcnet,temporal_conv_nets.4,45,1,65,0.1975,0.9195647608209079,0.5299198732694423,1.1043866193486958,-0.18924453018828544,0.0044226716604969015,0,0
sleepedf_full,shuffled,atcnet,final_layer.4,45,1,65,0.1975,0.9343446601781289,0.5211765434100316,1.2231501650258154,-0.2931745245258504,0.0043690196781638315,0,0
sleepedf_full,shuffled,atcnet,logits,45,1,65,0.1975,0.9255342099237289,0.5259102158801374,1.2055579903154687,-0.2827318812084068,0.0027081008166669833,0,0
sleepedf_full,shuffled,atcnet,conv_block,45,2,65,0.217,0.7919187609025333,0.46906132444990545,0.997851481472636,-0.2166557107393763,0.010722990169272117,0,0
sleepedf_full,shuffled,atcnet,attention_blocks.0,45,2,65,0.217,0.8902098976619922,0.4047267780799758,1.100407987332805,-0.21351534504883943,0.003317255378026678,0,0
sleepedf_full,shuffled,atcnet,attention_blocks.4,45,2,65,0.217,0.9180952420055536,0.40884313426428537,1.1316466239031282,-0.21630734028248405,0.002755958384909561,0,0
sleepedf_full,shuffled,atcnet,temporal_conv_nets.0,45,2,65,0.217,0.8879981788479282,0.38453011838857803,0.9776649404251773,-0.09181167231013197,0.0021449107328823597,0,0
sleepedf_full,shuffled,atcnet,temporal_conv_nets.4,45,2,65,0.217,0.8971321539956428,0.4259051203634539,1.0459987189573599,-0.15092677327506646,0.0020602083133490407,0,0
sleepedf_full,shuffled,atcnet,final_layer.4,45,2,65,0.217,0.857669394921988,0.4432832043083934,1.0474010467184227,-0.19612670775513302,0.006042241598460621,0,0
sleepedf_full,shuffled,atcnet,logits,45,2,65,0.217,0.928849033763162,0.4504738012399696,1.204804693906131,-0.2772132920241221,0.0012576318811531523,0,0
sleepedf_full,shuffled,atcnet,conv_block,45,5,65,0.2065,0.7748516759536893,0.5163569863630258,0.9682096672176441,-0.2001735491075467,0.006815557843591383,0,0
sleepedf_full,shuffled,atcnet,attention_blocks.0,45,5,65,0.2065,0.9197309387328936,0.5186180929118863,1.2344539289853524,-0.31727024312101865,0.0025472528685593398,0,0
sleepedf_full,shuffled,atcnet,attention_blocks.4,45,5,65,0.2065,0.8502355932882786,0.49764217909351016,1.1010816971323474,-0.2511874100439742,0.0003413061999049154,0,0
sleepedf_full,shuffled,atcnet,temporal_conv_nets.0,45,5,65,0.2065,0.8715366325176317,0.5611552428076024,1.1734180213927476,-0.3053774896822245,0.0034961008071084684,0,0
sleepedf_full,shuffled,atcnet,temporal_conv_nets.4,45,5,65,0.2065,0.8929476894670116,0.6358206719139281,1.0852996053227877,-0.19058533587773713,-0.0017665799780389542,0,0
sleepedf_full,shuffled,atcnet,final_layer.4,45,5,65,0.2065,0.8299690577439964,0.6229289872595665,1.1411093282014697,-0.34896545708356685,0.005363140979966521,0,0
sleepedf_full,shuffled,atcnet,logits,45,5,65,0.2065,0.909030066247966,0.7131942470020516,1.1641602333719048,-0.2595239394808098,0.004393772356871236,0,0
sleepedf_full,shuffled,atcnet,conv_block,45,10,65,0.219,0.7322991077412649,0.572457689570151,0.9608221721512744,-0.23487624426056497,0.0059243458575823586,0,0
sleepedf_full,shuffled,atcnet,attention_blocks.0,45,10,65,0.219,0.8480758705526229,0.5313188046955729,1.176199418381165,-0.3300365612145451,0.0019130133860026804,0,0
sleepedf_full,shuffled,atcnet,attention_blocks.4,45,10,65,0.219,0.8331455291151718,0.4893323609981691,1.1902580897665578,-0.35769009447637085,0.000577533824984804,0,0
sleepedf_full,shuffled,atcnet,temporal_conv_nets.0,45,10,65,0.219,0.8561213442460035,0.5670221492060735,1.073044092128773,-0.21866054590901,0.0017377980262402847,0,0
sleepedf_full,shuffled,atcnet,temporal_conv_nets.4,45,10,65,0.219,0.8448071274643126,0.567425127248752,1.0653362045197508,-0.22195262962889856,0.0014235525734599078,0,0
sleepedf_full,shuffled,atcnet,final_layer.4,45,10,65,0.219,0.7966225391279522,0.6204199739244529,1.062095889951376,-0.336557242150232,0.0018094884121611652,0,0
sleepedf_full,shuffled,atcnet,logits,45,10,65,0.219,0.856289513448994,0.5397874913496458,1.4060881808883334,-0.566599271258748,-0.00022575081678430798,0,0
sleepedf_full,shuffled,atcnet,conv_block,45,20,65,0.2425,0.7119894930292295,0.5741807602530171,0.9664388548283277,-0.26136825312092654,0.004898470610343049,0,0
sleepedf_full,shuffled,atcnet,attention_blocks.0,45,20,65,0.2425,0.795920960775518,0.5017481965036872,1.2123323859556148,-0.4175588240019674,0.0011473988218707936,0,0
sleepedf_full,shuffled,atcnet,attention_blocks.4,45,20,65,0.2425,0.7195611051470596,0.4745625678821295,1.1098238955299293,-0.39046603623165743,-0.0005547533493559951,0,0
sleepedf_full,shuffled,atcnet,temporal_conv_nets.0,45,20,65,0.2425,0.7625039213287187,0.566012735901591,1.0401301676516461,-0.280314927068679,0.002688680745751247,0,0
sleepedf_full,shuffled,atcnet,temporal_conv_nets.4,45,20,65,0.2425,0.6973190907750286,0.6643393367560215,0.9333934269000448,-0.2314471595897598,-0.004635363762377141,0,0
sleepedf_full,shuffled,atcnet,final_layer.4,45,20,65,0.2425,0.8009371797212628,0.7467143405898548,1.1592690659595153,-0.6016246323106021,-0.009629525611517753,0,0
sleepedf_full,shuffled,atcnet,logits,45,20,65,0.2425,0.8697727163840051,0.5660492331054662,1.551440256576466,-0.686954792695668,-0.0009868601866984,0,0
sleepedf_full,shuffled,atcnet,conv_block,46,0,65,0.1945,0.14115811233864822,0.14115811233864828,0.0,0.0,0.14005435314305845,0,0
sleepedf_full,shuffled,atcnet,attention_blocks.0,46,0,65,0.1945,0.9082087494413871,0.7539150090550119,0.7865765777489834,-0.0478792870247456,0.16951145871714834,0,0
sleepedf_full,shuffled,atcnet,attention_blocks.4,46,0,65,0.1945,0.8941632728881969,0.7944329257255657,0.7255630476375665,-0.08624472612343209,0.25484495137406243,0,0
sleepedf_full,shuffled,atcnet,temporal_conv_nets.0,46,0,65,0.1945,0.9019504262728919,0.6720694726454166,0.8148702226346892,-0.04880164938480757,0.13588185302301,0,0
sleepedf_full,shuffled,atcnet,temporal_conv_nets.4,46,0,65,0.1945,0.8909090066243308,0.7691431757557609,0.7513047412652727,-0.08567687866572667,0.2252811440247846,0,0
sleepedf_full,shuffled,atcnet,final_layer.4,46,0,65,0.1945,0.9021947980331237,0.8032360949409377,1.2748734446846888,-0.6756273835324024,0.3029019345822752,0,0
sleepedf_full,shuffled,atcnet,logits,46,0,65,0.1945,0.6667088530672753,0.8316112052780975,1.2438978653671702,-1.5944640553229252,0.9661593606119394,0,0
sleepedf_full,shuffled,atcnet,conv_block,46,1,65,0.2245,0.8243305644294948,0.4445255514489239,1.0362384760454348,-0.22470093620307396,0.012793024587133623,0,0
sleepedf_full,shuffled,atcnet,attention_blocks.0,46,1,65,0.2245,0.926202627923081,0.42779222580035053,1.1539725618238605,-0.2326555089087963,0.004885575008016321,0,0
sleepedf_full,shuffled,atcnet,attention_blocks.4,46,1,65,0.2245,0.932340254770543,0.40020518767166513,1.0625839092402787,-0.1325784434159394,0.0023347889462034446,0,0
sleepedf_full,shuffled,atcnet,temporal_conv_nets.0,46,1,65,0.2245,0.8970271633704868,0.3482045802188824,1.019751294843851,-0.12528039476769204,0.0025562632943274747,0,0
sleepedf_full,shuffled,atcnet,temporal_conv_nets.4,46,1,65,0.2245,0.9445665037411058,0.4833128485592991,1.0750278949230954,-0.1336332501708516,0.0031718589888618163,0,0
sleepedf_full,shuffled,atcnet,final_layer.4,46,1,65,0.2245,0.9507533737963759,0.4775757273510532,1.0197527485932838,-0.07092181059690994,0.0019224358000016746,0,0
sleepedf_full,shuffled,atcnet,logits,46,1,65,0.2245,0.8756399540421991,0.5861491501342788,1.2288746635035106,-0.3747591424046409,0.021245756999118792,0,0
sleepedf_full,shuffled,atcnet,conv_block,46,2,65,0.2065,0.7977434560075164,0.45702045349869985,1.0043281339402814,-0.21763777895503275,0.011053101022266597,0,0
sleepedf_full,shuffled,atcnet,attention_blocks.0,46,2,65,0.2065,0.925352314358558,0.41543070482241834,1.1705295542067782,-0.24858941774243054,0.003412177894209882,0,0
sleepedf_full,shuffled,atcnet,attention_blocks.4,46,2,65,0.2065,0.9220141911731005,0.5274945112575751,1.1304558328753989,-0.2129369980834319,0.004495356381132733,0,0
sleepedf_full,shuffled,atcnet,temporal_conv_nets.0,46,2,65,0.2065,0.8964286785121164,0.3796493129835421,1.057165925315391,-0.164412723348462,0.0036754765451871628,0,0
sleepedf_full,shuffled,atcnet,temporal_conv_nets.4,46,2,65,0.2065,0.9501870715778117,0.5742142172671553,1.1714517872009649,-0.22523896083169478,0.0039742452085409895,0,0
sleepedf_full,shuffled,atcnet,final_layer.4,46,2,65,0.2065,0.8505590493671396,0.490106511489993,1.0340688908887095,-0.19289151044266628,0.005787611746470599,0,0
sleepedf_full,shuffled,atcnet,logits,46,2,65,0.2065,0.8375199119647655,0.6514310642806678,1.580183952135108,-0.8658805059673458,0.028707032007472936,0,0
sleepedf_full,shuffled,atcnet,conv_block,46,5,65,0.195,0.7890484449446451,0.5240983484908729,0.9939594865654475,-0.21369066227206357,0.008779620651259866,0,0
sleepedf_full,shuffled,atcnet,attention_blocks.0,46,5,65,0.195,0.9196381738442669,0.4409654296647233,1.1274582993372557,-0.20818049574084216,0.0003603702478534576,0,0
sleepedf_full,shuffled,atcnet,attention_blocks.4,46,5,65,0.195,0.916559904678004,0.519736632441422,1.1837573475403604,-0.2700673030892203,0.00286986022686344,0,0
sleepedf_full,shuffled,atcnet,temporal_conv_nets.0,46,5,65,0.195,0.8885384430360164,0.45706736079765337,1.048328185607916,-0.1597956682905134,5.925718612990758e-06,0,0
sleepedf_full,shuffled,atcnet,temporal_conv_nets.4,46,5,65,0.195,0.9516551511186426,0.5795996423655599,1.1498376221084199,-0.20043684237052012,0.0022543713807424443,0,0
sleepedf_full,shuffled,atcnet,final_layer.4,46,5,65,0.195,0.9313186759983101,0.6012005338456935,1.1057391657651974,-0.17603512773590443,0.0016146379690168745,0,0
sleepedf_full,shuffled,atcnet,logits,46,5,65,0.195,0.8372421865194858,0.630292798062863,1.0749501375949762,-0.26148930094206513,0.008530135664611629,0,0
sleepedf_full,shuffled,atcnet,conv_block,46,10,65,0.2395,0.740779550591222,0.5695805224292345,0.9704543341518234,-0.23659958337199807,0.006741322487491667,0,0
sleepedf_full,shuffled,atcnet,attention_blocks.0,46,10,65,0.2395,0.8663491986556128,0.4637054715482475,1.1646749249671016,-0.29908004366104013,0.0007543173495508422,0,0
sleepedf_full,shuffled,atcnet,attention_blocks.4,46,10,65,0.2395,0.8673112381979523,0.5225652526294524,1.1738862743939764,-0.30842524515498065,0.0018502089589560611,0,0
sleepedf_full,shuffled,atcnet,temporal_conv_nets.0,46,10,65,0.2395,0.8391849553878291,0.44382062075330597,1.0916919978114252,-0.2525996698096833,9.262738608653482e-05,0,0
sleepedf_full,shuffled,atcnet,temporal_conv_nets.4,46,10,65,0.2395,0.8985531704049798,0.6240341018840235,1.1574619464923306,-0.26141250086582735,0.002503724778475951,0,0
sleepedf_full,shuffled,atcnet,final_layer.4,46,10,65,0.2395,0.8124549138794257,0.6275916134368359,0.8491392928957425,-0.06591143610556705,0.002299059059480773,0,0
sleepedf_full,shuffled,atcnet,logits,46,10,65,0.2395,0.8099169508720901,0.6812470529930144,1.4985582750612816,-0.7789003818933758,0.007193070617414217,0,0
sleepedf_full,shuffled,atcnet,conv_block,46,20,65,0.2155,0.7007370679148384,0.5547489335470837,0.9534420013539091,-0.26347529350435844,0.004784917671470149,0,0
sleepedf_full,shuffled,atcnet,attention_blocks.0,46,20,65,0.2155,0.7564004721487816,0.5408745182910363,1.1524489028981346,-0.398590551349427,0.002295630889339409,0,0
sleepedf_full,shuffled,atcnet,attention_blocks.4,46,20,65,0.2155,0.8100500891673196,0.48345644545731137,1.3493563367323038,-0.5417939296160348,0.0016911752307921773,0,0
sleepedf_full,shuffled,atcnet,temporal_conv_nets.0,46,20,65,0.2155,0.7111763702227235,0.463485281110845,0.985093387405321,-0.2763694488699507,0.0021178576186758726,0,0
sleepedf_full,shuffled,atcnet,temporal_conv_nets.4,46,20,65,0.2155,0.8070955289078768,0.5438216771075624,1.1610648257257663,-0.35566826493227915,0.0016989681143890715,0,0
sleepedf_full,shuffled,atcnet,final_layer.4,46,20,65,0.2155,0.8127987923389653,0.6012859773941789,1.1540577614119432,-0.3580450690974785,0.004682894156909031,0,0
sleepedf_full,shuffled,atcnet,logits,46,20,65,0.2155,0.8103070985739524,0.6150485358845322,1.3814064273295854,-0.8033881232266937,0.004420598119608526,0,0
