label_mode,arch,layer,seed,epoch,n_windows,val_acc,raw_odi,anchored_odi,signed_baseline,signed_cross,signed_residual,raw_floor_pairs,anchor_excluded_pairs
true,eegnet,conv_temporal,41,0,64,0.6041666666666666,0.00870301109146505,0.008703011091465047,0.0,0.0,-0.0007298273746043036,0,0
true,eegnet,bnorm_1,41,0,64,0.6041666666666666,0.010533784018457663,0.01053378401845766,0.0,0.0,-0.00018891578015792028,0,0
true,eegnet,conv_spatial,41,0,64,0.6041666666666666,0.010533784020909133,0.010533784020909133,0.0,0.0,-0.00018891578266142734,0,0
true,eegnet,conv_separable_depth,41,0,64,0.6041666666666666,0.02412216983938091,0.02412216983938091,0.0,0.0,0.007961905217639495,0,0
true,eegnet,bnorm_2,41,0,64,0.6041666666666666,0.024369914155712533,0.024369914155712533,0.0,0.0,0.006783917137697345,0,0
true,eegnet,pool_2,41,0,64,0.6041666666666666,0.16374883043117452,0.16374883043117452,0.0,0.0,0.07283696882666252,0,0
true,eegnet,logits,41,0,64,0.6041666666666666,0.6411315403258322,0.6411315403258322,0.0,0.0,0.06382896095154197,0,0
true,eegnet,conv_temporal,41,1,64,0.6458333333333334,0.008526103830929934,0.008526103830929936,0.0,0.0,-0.0005827098533394268,0,0
true,eegnet,bnorm_1,41,1,64,0.6458333333333334,0.014681492425515984,0.010195269762085304,0.00812394116080131,4.831566100875359e-06,-0.00023891617226884235,0,0
true,eegnet,conv_spatial,41,1,64,0.6458333333333334,0.010238101103559289,0.010232609994541116,7.996109672961518e-06,-3.2047103679685055e-06,-0.00028678185559568724,0,0
true,eegnet,conv_separable_depth,41,1,64,0.6458333333333334,0.02830165335792063,0.022761529826352614,0.012846861914104106,-0.0019254032256516669,0.006894586495240097,0,0
true,eegnet,bnorm_2,41,1,64,0.6458333333333334,0.10647131452655989,0.022938963203839292,0.1232623302380102,-0.023461017060564367,0.003934034789753804,0,0
true,eegnet,pool_2,41,1,64,0.6458333333333334,0.3993993735388773,0.1639581675476129,0.47362288862131674,-0.1053165828182834,0.019602439050200253,0,0
true,eegnet,logits,41,1,64,0.6458333333333334,0.8804000971630396,0.6380896839010816,1.0620204633661725,-0.5242312483924159,0.06477329118214585,0,0
true,eegnet,conv_temporal,41,2,64,0.6944444444444444,0.008580747661578804,0.008580747661578804,0.0,0.0,-0.00040225022397010683,0,0
true,eegnet,bnorm_1,41,2,64,0.6944444444444444,0.01980385534563349,0.010095016201225777,0.014421413864212244,4.378914519546413e-06,-0.0002027412830889373,0,0
true,eegnet,conv_spatial,41,2,64,0.6944444444444444,0.01014601627126062,0.010135879844640563,5.512681581064346e-05,-7.804460827657692e-06,-0.0002811603083556144,0,0
true,eegnet,conv_separable_depth,41,2,64,0.6944444444444444,0.039268049110943795,0.023408235453243064,0.0265469358398765,-0.0024944645771477368,0.006934296123912733,0,0
true,eegnet,bnorm_2,41,2,64,0.6944444444444444,0.19772702305893186,0.02339792685591542,0.22257463549053674,-0.02940485829450781,0.003530789404713768,0,0
true,eegnet,pool_2,41,2,64,0.6944444444444444,0.5110921959271275,0.16749964643586016,0.5908222997045525,-0.09752068744580118,0.012870513227593115,0,0
true,eegnet,logits,41,2,64,0.6944444444444444,0.9154564269884038,0.6405266939914532,1.0283451354926416,-0.3708248806809512,0.02024482207876068,0,0
true,eegnet,conv_temporal,41,5,64,0.7222222222222222,0.00993419068702869,0.00993419068702869,0.0,0.0,0.0004548089254627069,0,0
true,eegnet,bnorm_1,41,5,64,0.7222222222222222,0.0389838260103777,0.010532816504385142,0.035039222866004326,0.000281763570940309,-0.0002985115974418888,0,0
true,eegnet,conv_spatial,41,5,64,0.7222222222222222,0.01063837862273003,0.010639037911871985,7.125360395753867e-05,-1.9801610411086724e-05,-0.0004064835404984685,0,0
true,eegnet,conv_separable_depth,41,5,64,0.7222222222222222,0.06093893782973364,0.025973020797219745,0.047800928511943765,-0.0006783924652656877,0.006578100613627605,0,0
true,eegnet,bnorm_2,41,5,64,0.7222222222222222,0.41344823895153504,0.024498189895868862,0.4456005247620125,-0.034329731099855126,0.002136593820356697,0,0
true,eegnet,pool_2,41,5,64,0.7222222222222222,0.6613633747259706,0.15491199324642596,0.7229263925810402,-0.06830114714320307,0.0066536739455102505,0,0
true,eegnet,logits,41,5,64,0.7222222222222222,0.9217700422802564,0.6379343943759251,1.1667155039408241,-0.4318570841592845,0.018526814153416993,0,0
true,eegnet,conv_temporal,41,10,64,0.7361111111111112,0.011976932470514342,0.01197693247051434,0.0,0.0,0.0012381151631911545,0,0
true,eegnet,bnorm_1,41,10,64,0.7361111111111112,0.06886043287100965,0.010626220761868069,0.0678136273939112,-0.00043628325872031496,-0.0011474575164408074,0,0
true,eegnet,conv_spatial,41,10,64,0.7361111111111112,0.010949150168959209,0.010925607167357894,0.00014951427225481703,-4.744734562272968e-05,-0.0014224892295122756,0,0
true,eegnet,conv_separable_depth,41,10,64,0.7361111111111112,0.12653511863088635,0.02465531917841452,0.12912629275053816,-0.009756668501498145,0.0022306617377580154,0,0
true,eegnet,bnorm_2,41,10,64,0.7361111111111112,0.6086699586742172,0.024453146372094108,0.6412754712285718,-0.03291983427721863,0.0003143217228638023,0,0
true,eegnet,pool_2,41,10,64,0.7361111111111112,0.7696681184082698,0.15321484997968104,0.8182262494101168,-0.052362056692306876,0.0038039256904599016,0,0
true,eegnet,logits,41,10,64,0.7361111111111112,0.9475429216199013,0.6745300140978698,1.2882919649875493,-0.5530109944496748,0.01792827043382874,0,0
true,eegnet,conv_temporal,41,20,64,0.7430555555555556,0.01342693061060693,0.01342693061060693,0.0,0.0,0.0011680364781979544,0,0
true,eegnet,bnorm_1,41,20,64,0.7430555555555556,0.11512469508903313,0.012338376853829925,0.11536870211671277,-0.0013072062200880986,-0.0015624072841898713,0,0
true,eegnet,conv_spatial,41,20,64,0.7430555555555556,0.013739630035080346,0.013616055407189829,0.0005555718661524513,-0.0001267910132603469,-0.0023158649327990437,0,0
true,eegnet,conv_separable_depth,41,20,64,0.7430555555555556,0.24569431418476978,0.027264626809100367,0.27503070119379236,-0.034712808556618714,-0.0002349666729235213,0,0
true,eegnet,bnorm_2,41,20,64,0.7430555555555556,0.6707373747886629,0.02837665695506511,0.7251282668344319,-0.0550938379079854,0.0007029458622164729,0,0
true,eegnet,pool_2,41,20,64,0.7430555555555556,0.7990580121855585,0.17017644891633715,0.8832616975511973,-0.08873114865096464,0.00452746328532564,0,0
true,eegnet,logits,41,20,64,0.7430555555555556,0.9549121943821319,0.6873968174731239,1.3524813613019537,-0.633677860808332,0.03645767680155994,0,0
true,eegnet,conv_temporal,42,0,64,0.4930555555555556,0.006859894124668238,0.006859894124668238,0.0,0.0,-0.002083506878580426,0,0
true,eegnet,bnorm_1,42,0,64,0.4930555555555556,0.009429226590707765,0.009429226590707765,0.0,0.0,-0.003374155403298924,0,0
true,eegnet,conv_spatial,42,0,64,0.4930555555555556,0.00942922660078565,0.00942922660078565,0.0,0.0,-0.0033741554304660077,0,0
true,eegnet,conv_separable_depth,42,0,64,0.4930555555555556,0.020251744758898547,0.020251744758898543,0.0,0.0,0.00043597678073306243,0,0
true,eegnet,bnorm_2,42,0,64,0.4930555555555556,0.02061179858864428,0.02061179858864428,0.0,0.0,0.0005238785361923008,0,0
true,eegnet,pool_2,42,0,64,0.4930555555555556,0.148648117785446,0.14864811778544604,0.0,0.0,0.05006803778872994,0,0
true,eegnet,logits,42,0,64,0.4930555555555556,0.6659027758391985,0.6659027758391985,0.0,0.0,0.11686714629318531,0,0
true,eegnet,conv_temporal,42,1,64,0.6041666666666666,0.006967717948901808,0.006967717948901808,0.0,0.0,-0.002040828546604038,0,0
true,eegnet,bnorm_1,42,1,64,0.6041666666666666,0.010962916481079908,0.009490075434202718,0.004288300429311552,-5.171323227315691e-05,-0.0031691450938573376,0,0
true,eegnet,conv_spatial,42,1,64,0.6041666666666666,0.009500356739819388,0.009506064996314127,5.964860625225315e-06,4.049787943223524e-06,-0.003189023640336635,0,0
true,eegnet,conv_separable_depth,42,1,64,0.6041666666666666,0.024654826212298815,0.021527595166356116,0.007526858405686866,0.00018595201591322888,0.00015879862470359574,0,0
true,eegnet,bnorm_2,42,1,64,0.6041666666666666,0.08681577618628186,0.021658024598302725,0.09347895863652564,-0.011311729519913046,-8.099274572779375e-05,0,0
true,eegnet,pool_2,42,1,64,0.6041666666666666,0.3892224494595431,0.14863781812355747,0.433065631947105,-0.07044323354974487,0.011948531704981525,0,0
true,eegnet,logits,42,1,64,0.6041666666666666,0.7967926531486625,0.6694569794813134,0.8455231249985782,-0.3555108926836392,0.0358846978011475,0,0
true,eegnet,conv_temporal,42,2,64,0.7291666666666666,0.007152708087844293,0.007152708087844293,0.0,0.0,-0.001632574785407189,0,0
true,eegnet,bnorm_1,42,2,64,0.7291666666666666,0.015719004457198427,0.009339119214482982,0.011031285688086218,-0.00040461903407946803,-0.0026613498104041283,0,0
true,eegnet,conv_spatial,42,2,64,0.7291666666666666,0.009362637050686773,0.009375552719211236,8.503128716914123e-06,-9.17107554489519e-06,-0.0027076469748767377,0,0
true,eegnet,conv_separable_depth,42,2,64,0.7291666666666666,0.02917402685049262,0.02173415558261476,0.014977412273430623,-0.0005844501131683736,0.0001872046488658519,0,0
true,eegnet,bnorm_2,42,2,64,0.7291666666666666,0.144234958246574,0.02226832539888721,0.15783488982363902,-0.016516149965343264,-0.00019297724473909975,0,0
true,eegnet,pool_2,42,2,64,0.7291666666666666,0.4765970438575662,0.15227319551092483,0.5398808723056883,-0.07988046321054035,0.009098201376250115,0,0
true,eegnet,logits,42,2,64,0.7291666666666666,0.8044898706231093,0.6853019598443,0.8651467444147338,-0.4025710386290123,0.027936985049984694,0,0
true,eegnet,conv_temporal,42,5,64,0.7569444444444444,0.007896847550998048,0.007896847550998048,0.0,0.0,-0.0006793448636686146,0,0
true,eegnet,bnorm_1,42,5,64,0.7569444444444444,0.032108567477797445,0.00879059842663486,0.030614287574952923,-0.0008562353130855277,-0.001430313211506465,0,0
true,eegnet,conv_spatial,42,5,64,0.7569444444444444,0.008938382710181866,0.008940269300707546,0.00013355490708294988,-5.868054987236763e-05,-0.0015509333376548206,0,0
true,eegnet,conv_separable_depth,42,5,64,0.7569444444444444,0.03928752989970476,0.021819073857298782,0.030126615622233448,-0.0024932587510721276,0.001209364809409663,0,0
true,eegnet,bnorm_2,42,5,64,0.7569444444444444,0.30139618064240836,0.022812496796815383,0.32284063932979135,-0.02218508236752838,0.000291685181761049,0,0
true,eegnet,pool_2,42,5,64,0.7569444444444444,0.6201843509850826,0.1489056904792557,0.6795451817467639,-0.06583297749431213,0.005860452920695029,0,0
true,eegnet,logits,42,5,64,0.7569444444444444,0.9346220947716074,0.6628634417064734,1.0218001798312768,-0.3378047420890007,0.005863051908328834,0,0
true,eegnet,conv_temporal,42,10,64,0.7847222222222222,0.010008577841496342,0.010008577841496342,0.0,0.0,0.0004376582263877325,0,0
true,eegnet,bnorm_1,42,10,64,0.7847222222222222,0.04419897038381701,0.009003058798459841,0.04204296380890235,-0.0005258178407002527,-0.00030560092582366567,0,0
true,eegnet,conv_spatial,42,10,64,0.7847222222222222,0.009607001708920971,0.009535953745132162,0.00024732911646576093,-3.310052030322944e-05,-0.000531589978893193,0,0
true,eegnet,conv_separable_depth,42,10,64,0.7847222222222222,0.048705792062276564,0.02333165968842344,0.04401189940364389,-0.007352477688482534,0.001982833253458071,0,0
true,eegnet,bnorm_2,42,10,64,0.7847222222222222,0.4077730424456294,0.023972987466328227,0.43168120789800374,-0.02461024073219318,0.0005917247197463291,0,0
true,eegnet,pool_2,42,10,64,0.7847222222222222,0.6724274048559162,0.14448744148612816,0.7233174659424387,-0.05587588831083121,0.004985827224308745,0,0
true,eegnet,logits,42,10,64,0.7847222222222222,0.9316986111379337,0.662644702939156,1.0665070952818223,-0.3775097536595028,0.01884038252406862,0,0
true,eegnet,conv_temporal,42,20,64,0.7638888888888888,0.012569643085774771,0.012569643085774771,0.0,0.0,0.0014205529588753295,0,0
true,eegnet,bnorm_1,42,20,64,0.7638888888888888,0.06948627061870763,0.010457579674726616,0.06560855077191743,-0.0001936756906162567,0.0009354368014091012,0,0
true,eegnet,conv_spatial,42,20,64,0.7638888888888888,0.012010029868529152,0.011943642629857622,0.0001691963351267747,-9.209978713292985e-06,0.0009119626517592506,0,0
true,eegnet,conv_separable_depth,42,20,64,0.7638888888888888,0.10803245288407423,0.023278586574960257,0.11780910813301602,-0.02177562864953989,0.002006898314947366,0,0
true,eegnet,bnorm_2,42,20,64,0.7638888888888888,0.4501731771895069,0.02436418580080224,0.4892625917533885,-0.039965093009414594,0.0008284630361577018,0,0
true,eegnet,pool_2,42,20,64,0.7638888888888888,0.6805342730670126,0.14946739936718767,0.7492417609556316,-0.07546687994694976,0.006679299551257393,0,0
true,eegnet,logits,42,20,64,0.7638888888888888,0.9068295880059227,0.6822083835365721,1.1158862906019928,-0.45019194140498314,0.036521604696835644,0,0
true,eegnet,conv_temporal,43,0,64,0.4444444444444444,0.008009100702998442,0.00800910070299844,0.0,0.0,-0.0018903051756791233,0,0
true,eegnet,bnorm_1,43,0,64,0.4444444444444444,0.01094765222118723,0.01094765222118723,0.0,0.0,-0.0033600603033246738,0,0
true,eegnet,conv_spatial,43,0,64,0.4444444444444444,0.010947652220348842,0.010947652220348842,0.0,0.0,-0.0033600602564906397,0,0
true,eegnet,conv_separable_depth,43,0,64,0.4444444444444444,0.01955335366840816,0.019553353668408165,0.0,0.0,-0.004498184905183662,0,0
true,eegnet,bnorm_2,43,0,64,0.4444444444444444,0.02184787612062012,0.02184787612062012,0.0,0.0,-0.00375294930110518,0,0
true,eegnet,pool_2,43,0,64,0.4444444444444444,0.1646032929440132,0.1646032929440132,0.0,0.0,0.05128694968472429,0,0
true,eegnet,logits,43,0,64,0.4444444444444444,0.6236036093868912,0.6236036093868912,0.0,0.0,0.07327950808574274,0,0
true,eegnet,conv_temporal,43,1,64,0.6458333333333334,0.007628487263844096,0.007628487263844096,0.0,0.0,-0.0018513125603565016,0,0
true,eegnet,bnorm_1,43,1,64,0.6458333333333334,0.017811525853091377,0.011029107640843576,0.011149081192257352,-0.00030217051185695807,-0.003019837975849893,0,0
true,eegnet,conv_spatial,43,1,64,0.6458333333333334,0.011050907484522832,0.011046731059138944,3.1932544820388015e-05,3.30619643037057e-06,-0.003107422656010973,0,0
true,eegnet,conv_separable_depth,43,1,64,0.6458333333333334,0.024754675101911032,0.02011931373249529,0.011213485402560452,-0.0014791561326992142,-0.004462796766247221,0,0
true,eegnet,bnorm_2,43,1,64,0.6458333333333334,0.19277700849638318,0.022062877798389627,0.20569913280838223,-0.011815292296731941,-0.0027136645166212564,0,0
true,eegnet,pool_2,43,1,64,0.6458333333333334,0.5532177157176397,0.16599288939523377,0.5971910535369851,-0.05015265235493778,0.0029493620318030763,0,0
true,eegnet,logits,43,1,64,0.6458333333333334,0.8609718410318326,0.6517424581377751,1.008293972885646,-0.2580781696672143,0.010512093066161968,0,0
true,eegnet,conv_temporal,43,2,64,0.6458333333333334,0.007588385699348324,0.007588385699348324,0.0,0.0,-0.0014599257752931217,0,0
true,eegnet,bnorm_1,43,2,64,0.6458333333333334,0.025531144682714682,0.01081527293079546,0.02073645203933481,-0.0004735468274970207,-0.0025554695189139434,0,0
true,eegnet,conv_spatial,43,2,64,0.6458333333333334,0.010884999668741416,0.010858070576824242,4.727558983686282e-05,3.696839998512413e-06,-0.00270219379195513,0,0
true,eegnet,conv_separable_depth,43,2,64,0.6458333333333334,0.028980568009711164,0.02024525862193909,0.016870150354672528,-0.0008547796074514233,-0.0034057162688012036,0,0
true,eegnet,bnorm_2,43,2,64,0.6458333333333334,0.2491992646428393,0.022252893709686788,0.2665961861102224,-0.016376608386552374,-0.0017472431038974311,0,0
true,eegnet,pool_2,43,2,64,0.6458333333333334,0.5921798729126437,0.1726272066385048,0.6448553855849144,-0.05605703965199357,0.002059401030312394,0,0
true,eegnet,logits,43,2,64,0.6458333333333334,0.8798833007366006,0.6326292881006909,0.9815182802363688,-0.2892189916568182,0.016938075332746598,0,0
true,eegnet,conv_temporal,43,5,64,0.7291666666666666,0.008699420185843075,0.008699420185843075,0.0,0.0,-0.00021653328795348664,0,0
true,eegnet,bnorm_1,43,5,64,0.7291666666666666,0.05749572493528795,0.011176410403747016,0.05612639318978816,-0.0005016496214014362,-0.0017090193211517662,0,0
true,eegnet,conv_spatial,43,5,64,0.7291666666666666,0.011560087593804821,0.011544572956519812,9.659488237683604e-05,-4.179149355975355e-05,-0.0020852141727566572,0,0
true,eegnet,conv_separable_depth,43,5,64,0.7291666666666666,0.07080694734363,0.02099962969110576,0.07293550693580256,-0.009284869999017217,-0.0008092168181192649,0,0
true,eegnet,bnorm_2,43,5,64,0.7291666666666666,0.39115715745257784,0.023102291808199733,0.41678761665704606,-0.025837248005728362,0.00014447266216549543,0,0
true,eegnet,pool_2,43,5,64,0.7291666666666666,0.6606926406679761,0.18151843385291733,0.7145520600485374,-0.05595175920345114,0.0019034388631181667,0,0
true,eegnet,logits,43,5,64,0.7291666666666666,0.7715727491136871,0.6328901853576316,0.8257127987468584,-0.18031384914699117,0.014593126351214328,0,0
true,eegnet,conv_temporal,43,10,64,0.7916666666666666,0.009626097266230298,0.009626097266230298,0.0,0.0,0.0006804143479902339,0,0
true,eegnet,bnorm_1,43,10,64,0.7916666666666666,0.09531199152595285,0.011318941714088617,0.09451016142255839,-0.0004241363977675266,-0.000349082217758564,0,0
true,eegnet,conv_spatial,43,10,64,0.7916666666666666,0.01251269773075728,0.0122896394243652,0.0004933167712684366,-0.0001720127894369264,-0.0008707450364646022,0,0
true,eegnet,conv_separable_depth,43,10,64,0.7916666666666666,0.10061570025871801,0.020228860820053457,0.11401425225482671,-0.019684075943279217,0.0017026208219926633,0,0
true,eegnet,bnorm_2,43,10,64,0.7916666666666666,0.5869453992743594,0.02238238663290725,0.617897827486049,-0.03190617608634136,0.0009537478746513984,0,0
true,eegnet,pool_2,43,10,64,0.7916666666666666,0.7488171894626152,0.17870418948867953,0.7952054532772889,-0.04806766825183443,0.0016794044371607553,0,0
true,eegnet,logits,43,10,64,0.7916666666666666,0.8950716526655977,0.6614881370724335,0.9898568059466722,-0.33234760838474314,0.008901375728416141,0,0
true,eegnet,conv_temporal,43,20,64,0.8333333333333334,0.009514129698270571,0.00951412969827057,0.0,0.0,0.0010228860161260547,0,0
true,eegnet,bnorm_1,43,20,64,0.8333333333333334,0.11854324216685999,0.008741778708723504,0.11794519775916136,-0.0002819133851869769,0.0007249155063792216,0,0
true,eegnet,conv_spatial,43,20,64,0.8333333333333334,0.010133086670953497,0.009871470711733473,0.0005137721474557355,-0.0002503483520000187,0.0002677977949391274,0,0
true,eegnet,conv_separable_depth,43,20,64,0.8333333333333334,0.1357107166132041,0.020287924255444394,0.16480562955923111,-0.03723166247065315,0.0034473261009989094,0,0
true,eegnet,bnorm_2,43,20,64,0.8333333333333334,0.6458347679273662,0.02448654812371036,0.6999887827203736,-0.05483468386618436,0.0006806690731770174,0,0
true,eegnet,pool_2,43,20,64,0.8333333333333334,0.7772469487315943,0.18929087085010105,0.8517853549677425,-0.07612873351718555,0.0015903272810373727,0,0
true,eegnet,logits,43,20,64,0.8333333333333334,0.9437379971511277,0.7120713703802842,1.2231371566466467,-0.5203816694101757,0.02167648045917551,0,0
true,eegnet,conv_temporal,44,0,64,0.6041666666666666,0.006805010968444869,0.006805010968444868,0.0,0.0,0.00011664515863904516,0,0
true,eegnet,bnorm_1,44,0,64,0.6041666666666666,0.008578765694960225,0.008578765694960223,0.0,0.0,0.00011175990509467313,0,0
true,eegnet,conv_spatial,44,0,64,0.6041666666666666,0.008578765688173328,0.00857876568817333,0.0,0.0,0.00011175987930028521,0,0
true,eegnet,conv_separable_depth,44,0,64,0.6041666666666666,0.0175174267637978,0.0175174267637978,0.0,0.0,0.0014664306560631746,0,0
true,eegnet,bnorm_2,44,0,64,0.6041666666666666,0.020877697533413897,0.020877697533413897,0.0,0.0,0.0009102753617302112,0,0
true,eegnet,pool_2,44,0,64,0.6041666666666666,0.15020512955680437,0.15020512955680437,0.0,0.0,0.03393582711972627,0,0
true,eegnet,logits,44,0,64,0.6041666666666666,0.6227976386679258,0.6227976386679259,0.0,0.0,0.029801731860616625,0,0
true,eegnet,conv_temporal,44,1,64,0.6805555555555556,0.006949664284641215,0.006949664284641215,0.0,0.0,0.0005545961888881294,0,0
true,eegnet,bnorm_1,44,1,64,0.6805555555555556,0.017896623868569654,0.008542241491640191,0.012868004485254745,-0.00023928253648814704,0.0007371061827858613,0,0
true,eegnet,conv_spatial,44,1,64,0.6805555555555556,0.008550537184970104,0.008551283196342754,4.4762871209191814e-05,-1.4552492671902739e-05,0.0007346257754424267,0,0
true,eegnet,conv_separable_depth,44,1,64,0.6805555555555556,0.033217036096023736,0.017307574479626792,0.019317894521169936,0.002711639240274305,0.0024028586707996484,0,0
true,eegnet,bnorm_2,44,1,64,0.6805555555555556,0.22018359083501868,0.02078634041099703,0.22266752801219186,-0.0049266320443726,0.0008868330097336998,0,0
true,eegnet,pool_2,44,1,64,0.6805555555555556,0.5307819196133303,0.15681820600234575,0.550061527949004,-0.026272627465822363,0.0024453406278638987,0,0
true,eegnet,logits,44,1,64,0.6805555555555556,0.875836505926972,0.6489946160391478,1.0534357320311758,-0.24159018399244367,0.0016838965727241117,0,0
true,eegnet,conv_temporal,44,2,64,0.7083333333333334,0.006902787266093089,0.006902787266093089,0.0,0.0,0.0007005100244332755,0,0
true,eegnet,bnorm_1,44,2,64,0.7083333333333334,0.03257417165195936,0.008271262510934144,0.029084449078302765,-0.00034614890853495246,0.0008561006379166921,0,0
true,eegnet,conv_spatial,44,2,64,0.7083333333333334,0.008321639492769192,0.008296722819151746,0.00011567327970634541,-3.450063404558184e-05,0.000876695392533864,0,0
true,eegnet,conv_separable_depth,44,2,64,0.7083333333333334,0.056950770978306024,0.01753975148051696,0.04449473200654932,0.003497775449173237,0.0026774968148766164,0,0
true,eegnet,bnorm_2,44,2,64,0.7083333333333334,0.3582782283563439,0.020878744690770244,0.3636774146759093,-0.00641392920669322,0.0006869097014973246,0,0
true,eegnet,pool_2,44,2,64,0.7083333333333334,0.624197467926559,0.15853440033439858,0.6487752077592326,-0.026731409317673913,0.0012124781841247032,0,0
true,eegnet,logits,44,2,64,0.7083333333333334,0.9136786920169182,0.6531477399491638,1.1746547867138506,-0.3259503622301444,0.005020287577904857,0,0
true,eegnet,conv_temporal,44,5,64,0.7430555555555556,0.007365713033737583,0.007365713033737583,0.0,0.0,0.0010032139439651885,0,0
true,eegnet,bnorm_1,44,5,64,0.7430555555555556,0.06143218084869219,0.008375813093686419,0.05896353009567699,-0.0005753270844720299,0.0012988406345332878,0,0
true,eegnet,conv_spatial,44,5,64,0.7430555555555556,0.00872409039421693,0.00851464671431544,0.00028805477451873934,-6.983019245261534e-05,0.0014013310565002615,0,0
true,eegnet,conv_separable_depth,44,5,64,0.7430555555555556,0.09617105211734428,0.019037271863872544,0.0911756079962223,-0.0032969288116963162,0.003704305807757481,0,0
true,eegnet,bnorm_2,44,5,64,0.7430555555555556,0.5010602018711285,0.023795482941953952,0.5135616488746992,-0.01326037396563911,0.0007589269620681745,0,0
true,eegnet,pool_2,44,5,64,0.7430555555555556,0.6993237986064782,0.1651168870611881,0.7339784202482866,-0.036865891421830776,0.0022112697800223953,0,0
true,eegnet,logits,44,5,64,0.7430555555555556,0.9202702812541466,0.6321235586205116,1.2257889050530943,-0.42529457432910067,0.0004287498519928519,0,0
true,eegnet,conv_temporal,44,10,64,0.8333333333333334,0.008408180403684339,0.008408180403684337,0.0,0.0,0.001657138888876686,0,0
true,eegnet,bnorm_1,44,10,64,0.8333333333333334,0.11743213357684694,0.008365224301280288,0.11573345349060069,-0.00044660333254607196,0.0016049747474386944,0,0
true,eegnet,conv_spatial,44,10,64,0.8333333333333334,0.009068880812626301,0.008767275920402277,0.00045211307805447876,-7.97816339933848e-05,0.0019378520461277749,0,0
true,eegnet,conv_separable_depth,44,10,64,0.8333333333333334,0.17462390710521036,0.020538937656790063,0.18406293638362234,-0.017364075412124525,0.004964286994491694,0,0
true,eegnet,bnorm_2,44,10,64,0.8333333333333334,0.5810793862576875,0.02703994086872818,0.6037506066047604,-0.02407376706724666,0.001402546720173624,0,0
true,eegnet,pool_2,44,10,64,0.8333333333333334,0.7357914713398451,0.18257151545160727,0.782079461323933,-0.05039880022859319,0.004110810244505292,0,0
true,eegnet,logits,44,10,64,0.8333333333333334,0.9245885934812414,0.6870463146562138,1.282592734077927,-0.5632763202164242,0.0037042941233425743,0,0
true,eegnet,conv_temporal,44,20,64,0.8819444444444444,0.008570370668962896,0.0085703706689629,0.0,0.0,0.0023443004396067075,0,0
true,eegnet,bnorm_1,44,20,64,0.8819444444444444,0.16396555518529596,0.008039428786143693,0.16271238093139118,-0.0002118497782683075,0.001368713473718042,0,0
true,eegnet,conv_spatial,44,20,64,0.8819444444444444,0.009743210379485725,0.009680523801475403,0.00026224076661973385,-1.8260167843685092e-05,0.002027918888159566,0,0
true,eegnet,conv_separable_depth,44,20,64,0.8819444444444444,0.2377593015035046,0.02185772744997408,0.2729240222859589,-0.04584573242007114,0.005389544945291584,0,0
true,eegnet,bnorm_2,44,20,64,0.8819444444444444,0.5526855391279546,0.02756117581683807,0.6018350921094235,-0.051123242734973075,0.001973689753503938,0,0
true,eegnet,pool_2,44,20,64,0.8819444444444444,0.7084864920986839,0.18277726976981123,0.8040817033220017,-0.10291372712946685,0.007318515906149011,0,0
true,eegnet,logits,44,20,64,0.8819444444444444,0.9494220745732683,0.7970595652143504,1.3811371458013866,-0.7328077618765868,0.02204970437591295,0,0
true,eegnet,conv_temporal,45,0,64,0.6736111111111112,0.006933212551881551,0.006933212551881551,0.0,0.0,-0.0002756710330577805,0,0
true,eegnet,bnorm_1,45,0,64,0.6736111111111112,0.00947539081891009,0.00947539081891009,0.0,0.0,-0.0009061161201539975,0,0
true,eegnet,conv_spatial,45,0,64,0.6736111111111112,0.00947539082932836,0.00947539082932836,0.0,0.0,-0.0009061160663661216,0,0
true,eegnet,conv_separable_depth,45,0,64,0.6736111111111112,0.02084714710524716,0.020847147105247155,0.0,0.0,-0.001190576015549798,0,0
true,eegnet,bnorm_2,45,0,64,0.6736111111111112,0.02290577209782706,0.022905772097827057,0.0,0.0,-0.0010084433816869884,0,0
true,eegnet,pool_2,45,0,64,0.6736111111111112,0.16030790127004216,0.16030790127004216,0.0,0.0,0.03587628737069634,0,0
true,eegnet,logits,45,0,64,0.6736111111111112,0.6343210698967416,0.6343210698967416,0.0,0.0,-0.017835481833573474,0,0
true,eegnet,conv_temporal,45,1,64,0.6875,0.00705359601403464,0.007053596014034641,0.0,0.0,-0.0004487721726381866,0,0
true,eegnet,bnorm_1,45,1,64,0.6875,0.017645643206892807,0.009290615901762084,0.012793661627877867,-3.157713431270087e-05,-0.0007937269976838665,0,0
true,eegnet,conv_spatial,45,1,64,0.6875,0.009322118281988763,0.009316880942769439,2.527613783112117e-05,-3.0813661252562856e-05,-0.0008312439011042696,0,0
true,eegnet,conv_separable_depth,45,1,64,0.6875,0.025540062336722624,0.020886986592932515,0.013427561810835965,0.0012259472567327893,-0.0008960243736827538,0,0
true,eegnet,bnorm_2,45,1,64,0.6875,0.1184972611366095,0.023254370209408473,0.12191927190783236,-0.006576361540899243,-0.00043059262521747115,0,0
true,eegnet,pool_2,45,1,64,0.6875,0.4363419589712716,0.16266007874311156,0.4433232640520923,-0.02444734183983968,0.004669559911336803,0,0
true,eegnet,logits,45,1,64,0.6875,0.7827950979312455,0.6366968286980083,0.8916524550886404,-0.22445039910589676,0.010552942727761031,0,0
true,eegnet,conv_temporal,45,2,64,0.6944444444444444,0.0077561019349095105,0.0077561019349095105,0.0,0.0,-0.00016220453945510417,0,0
true,eegnet,bnorm_1,45,2,64,0.6944444444444444,0.028302198848571804,0.009890148369045379,0.02452231838265649,-0.00011869984918732058,-0.00045215278431931435,0,0
true,eegnet,conv_spatial,45,2,64,0.6944444444444444,0.009975877637344246,0.009966895586220496,4.8590030486038004e-05,-4.506360711067009e-05,-0.0004918343274121285,0,0
true,eegnet,conv_separable_depth,45,2,64,0.6944444444444444,0.03368499131570402,0.021103602545599842,0.024341618616956093,0.0009055844678176362,-0.000678721451783599,0,0
true,eegnet,bnorm_2,45,2,64,0.6944444444444444,0.1919282531707629,0.02370016990899565,0.20464497940677845,-0.01458773897087257,-0.00017902095773222784,0,0
true,eegnet,pool_2,45,2,64,0.6944444444444444,0.5208889173632072,0.16308063619341934,0.5544456067865138,-0.04430280720215252,0.003506602189305605,0,0
true,eegnet,logits,45,2,64,0.6944444444444444,0.8376303686343743,0.6383533138304331,0.8737817717293646,-0.19759457578551765,0.002973602256028773,0,0
true,eegnet,conv_temporal,45,5,64,0.7430555555555556,0.009555201210882366,0.009555201210882366,0.0,0.0,0.0012380264795002283,0,0
true,eegnet,bnorm_1,45,5,64,0.7430555555555556,0.06925585516788553,0.010124178170487975,0.06727847355198754,0.0002967661413880937,0.00016961066776345808,0,0
true,eegnet,conv_spatial,45,5,64,0.7430555555555556,0.010431118688809724,0.010370719724193758,0.0002008230861378686,-2.977298623814248e-05,0.00022434621863906795,0,0
true,eegnet,conv_separable_depth,45,5,64,0.7430555555555556,0.07487387846429655,0.019805878354657996,0.07404689171818765,-0.002963834356229006,0.0007090733163954597,0,0
true,eegnet,bnorm_2,45,5,64,0.7430555555555556,0.4031783471693813,0.02329480921228496,0.42967409911377763,-0.02715900626458465,0.0006632543201881087,0,0
true,eegnet,pool_2,45,5,64,0.7430555555555556,0.6669338437711563,0.16531492060689354,0.7119037676487895,-0.04919755422461579,0.0042276303469829055,0,0
true,eegnet,logits,45,5,64,0.7430555555555556,0.9085286233799468,0.6505613147310203,1.1134784097108803,-0.38090144393442676,0.005236173650479172,0,0
true,eegnet,conv_temporal,45,10,64,0.7222222222222222,0.011108312678230741,0.011108312678230741,0.0,0.0,0.0021954031482832904,0,0
true,eegnet,bnorm_1,45,10,64,0.7222222222222222,0.10235980819211457,0.010324910651357558,0.09983042104057363,0.000631562490370892,0.001067804631980284,0,0
true,eegnet,conv_spatial,45,10,64,0.7222222222222222,0.012001301864875611,0.011463433410152202,0.0007533218659010803,-4.366763248399046e-05,0.0017259229670383,0,0
true,eegnet,conv_separable_depth,45,10,64,0.7222222222222222,0.11107145264347684,0.020545195119195774,0.11604718851902672,-0.008863892850925799,0.0018271550262966352,0,0
true,eegnet,bnorm_2,45,10,64,0.7222222222222222,0.5264931166639591,0.024956280300907123,0.5555566175935224,-0.029974302381581528,0.000910801452018041,0,0
true,eegnet,pool_2,45,10,64,0.7222222222222222,0.7264024804773522,0.17726080392593302,0.7699615385363383,-0.04851728097868179,0.004958222919695671,0,0
true,eegnet,logits,45,10,64,0.7222222222222222,0.9426744030660514,0.6896790431733184,1.18568894035343,-0.4793595048214667,0.018076760295129984,0,0
true,eegnet,conv_temporal,45,20,64,0.7430555555555556,0.010048666320143902,0.010048666320143902,0.0,0.0,0.0018580814736291838,0,0
true,eegnet,bnorm_1,45,20,64,0.7430555555555556,0.11839219494725332,0.008858377544567746,0.11660718569381216,0.0005000238201778145,0.0008832355167541007,0,0
true,eegnet,conv_spatial,45,20,64,0.7430555555555556,0.013711261864499443,0.011660650654004932,0.0028140526505644,5.85694797224251e-05,0.002196945814911766,0,0
true,eegnet,conv_separable_depth,45,20,64,0.7430555555555556,0.10538653005652854,0.020200380099105998,0.11721691659331795,-0.017107283533301945,0.00176864740106626,0,0
true,eegnet,bnorm_2,45,20,64,0.7430555555555556,0.49302042596794293,0.02769597356601612,0.5330892206897364,-0.040946903422297024,0.0008781087005035038,0,0
true,eegnet,pool_2,45,20,64,0.7430555555555556,0.7125146548052508,0.1890601909844321,0.7742585700587009,-0.06944561566726179,0.007402375123939927,0,0
true,eegnet,logits,45,20,64,0.7430555555555556,0.9502168490295473,0.7049852225712403,1.239815012640693,-0.5974743239630493,0.04946889808394726,0,0
true,eegnet,conv_temporal,46,0,64,0.3819444444444444,0.007050594049765222,0.00705059404976522,0.0,0.0,-0.001782082763955905,0,0
true,eegnet,bnorm_1,46,0,64,0.3819444444444444,0.00858846069542031,0.00858846069542031,0.0,0.0,-0.0016495384862227937,0,0
true,eegnet,conv_spatial,46,0,64,0.3819444444444444,0.008588460741198956,0.008588460741198956,0.0,0.0,-0.0016495384974517875,0,0
true,eegnet,conv_separable_depth,46,0,64,0.3819444444444444,0.019989544050567364,0.019989544050567368,0.0,0.0,-0.0012509922256033626,0,0
true,eegnet,bnorm_2,46,0,64,0.3819444444444444,0.021922903251130527,0.021922903251130527,0.0,0.0,-0.001595190473622788,0,0
true,eegnet,pool_2,46,0,64,0.3819444444444444,0.16505144125737028,0.1650514412573703,0.0,0.0,0.029922190465399408,0,0
true,eegnet,logits,46,0,64,0.3819444444444444,0.6388971173979907,0.6388971173979907,0.0,0.0,0.03989041342045394,0,0
true,eegnet,conv_temporal,46,1,64,0.5555555555555556,0.006906640115531481,0.006906640115531482,0.0,0.0,-0.002168606236075883,0,0
true,eegnet,bnorm_1,46,1,64,0.5555555555555556,0.014373647216657515,0.007672397005023658,0.01137612379109671,-4.902967991798198e-05,-0.0020627468299615013,0,0
true,eegnet,conv_spatial,46,1,64,0.5555555555555556,0.007704451922877569,0.007697638627159129,2.5882803530173657e-05,-8.520596790138071e-06,-0.002101939979802599,0,0
true,eegnet,conv_separable_depth,46,1,64,0.5555555555555556,0.03493066315485301,0.018250941909372348,0.031090339877533686,-0.0025878587913288637,-0.002453388440810839,0,0
true,eegnet,bnorm_2,46,1,64,0.5555555555555556,0.14780192121153463,0.019649972320406103,0.1575680433664856,-0.008866799061421345,-0.0022699005270362957,0,0
true,eegnet,pool_2,46,1,64,0.5555555555555556,0.4986045044661453,0.1337296250217574,0.5499218979076945,-0.05434496003467857,-0.00022416869835500974,0,0
true,eegnet,logits,46,1,64,0.5555555555555556,0.7692060210495062,0.6414662858422088,1.0358939815625878,-0.37177146905314107,0.03783947880229048,0,0
true,eegnet,conv_temporal,46,2,64,0.6319444444444444,0.007158823901878487,0.007158823901878487,0.0,0.0,-0.0019874853394140687,0,0
true,eegnet,bnorm_1,46,2,64,0.6319444444444444,0.023953698490212214,0.007531696724729942,0.02264248135706344,-2.1020805983029515e-05,-0.0018984612034251508,0,0
true,eegnet,conv_spatial,46,2,64,0.6319444444444444,0.007595365602662061,0.007574267046564708,5.532430383012455e-05,-2.4814845272335267e-05,-0.0019548589336141537,0,0
true,eegnet,conv_separable_depth,46,2,64,0.6319444444444444,0.05536092444315127,0.01764168108841767,0.05493728500817913,-0.0023935001118566323,-0.001934274454840873,0,0
true,eegnet,bnorm_2,46,2,64,0.6319444444444444,0.29233751798968277,0.01936878800105425,0.3056220421627763,-0.011757488920117217,-0.0016050700660991402,0,0
true,eegnet,pool_2,46,2,64,0.6319444444444444,0.6641821565117122,0.13241136349638943,0.714683352964937,-0.049129381020406565,-0.00137181543281831,0,0
true,eegnet,logits,46,2,64,0.6319444444444444,0.8534420842219355,0.6364421996729247,1.0351557853686018,-0.24665722827213907,0.01452349238232262,0,0
true,eegnet,conv_temporal,46,5,64,0.7847222222222222,0.00853959513464308,0.008539595134643078,0.0,0.0,-0.0009570361541543469,0,0
true,eegnet,bnorm_1,46,5,64,0.7847222222222222,0.026177128475720398,0.00941430149859657,0.02273512855104759,-9.891106589875937e-05,-0.0011596021427065855,0,0
true,eegnet,conv_spatial,46,5,64,0.7847222222222222,0.009758679186152242,0.00970239951927123,0.00021957259778314738,-8.931159713294449e-05,-0.0011309300120223435,0,0
true,eegnet,conv_separable_depth,46,5,64,0.7847222222222222,0.06959636961251398,0.017674760268840725,0.06767078093769166,-0.00025737856014523066,-0.000910708338248091,0,0
true,eegnet,bnorm_2,46,5,64,0.7847222222222222,0.4842585214511324,0.0210688687076589,0.5059822588800694,-0.0206689812278252,-0.00105475620111209,0,0
true,eegnet,pool_2,46,5,64,0.7847222222222222,0.7415376224983209,0.1418955296303175,0.7919558410929625,-0.05048604507656567,6.782648192416252e-05,0,0
true,eegnet,logits,46,5,64,0.7847222222222222,0.8980750942360932,0.6108043678403035,0.8763781059045648,-0.23767950552599992,0.009356611955737764,0,0
true,eegnet,conv_temporal,46,10,64,0.7708333333333334,0.011138656681675416,0.011138656681675418,0.0,0.0,0.0010012463062747572,0,0
true,eegnet,bnorm_1,46,10,64,0.7708333333333334,0.03496673020616535,0.01167960286754037,0.029136331974834836,0.00014439149265735632,0.00038237849938035966,0,0
true,eegnet,conv_spatial,46,10,64,0.7708333333333334,0.01320244555569549,0.013006073642857996,0.00040280763551357225,-0.00010294938482652735,0.0009040029513839686,0,0
true,eegnet,conv_separable_depth,46,10,64,0.7708333333333334,0.10555019000226065,0.019648927748078034,0.11058859387226612,-0.010301564739744681,0.0015025962462417997,0,0
true,eegnet,bnorm_2,46,10,64,0.7708333333333334,0.5982329394118759,0.02315761101466171,0.6333037249023477,-0.03512039245178662,4.960696131457926e-05,0,0
true,eegnet,pool_2,46,10,64,0.7708333333333334,0.7680974492215984,0.15215122295505545,0.8289481465388174,-0.06376819719889079,0.0029174998816717786,0,0
true,eegnet,logits,46,10,64,0.7708333333333334,0.941134769906355,0.6582376692852352,1.099168545506803,-0.42818710955836475,0.007788055156341694,0,0
true,eegnet,conv_temporal,46,20,64,0.7916666666666666,0.011722357456506757,0.011722357456506759,0.0,0.0,0.001967067748218073,0,0
true,eegnet,bnorm_1,46,20,64,0.7916666666666666,0.04454588574895017,0.011401828482589298,0.03933470997528571,-3.9916346383258504e-05,0.0005045877733654838,0,0
true,eegnet,conv_spatial,46,20,64,0.7916666666666666,0.014965749320789786,0.0142487523793516,0.0013887420352000721,-0.00019888019153367178,0.0019062964671525857,0,0
true,eegnet,conv_separable_depth,46,20,64,0.7916666666666666,0.0827636112926416,0.022733346994120603,0.10361396227193698,-0.04005454615780332,0.004083287951143511,0,0
true,eegnet,bnorm_2,46,20,64,0.7916666666666666,0.6071943475139937,0.02739955143852575,0.6705059998355951,-0.06469953540609052,0.0013878830844887987,0,0
true,eegnet,pool_2,46,20,64,0.7916666666666666,0.7711581087748702,0.17975459489950688,0.8807778921579741,-0.11715455230490095,0.00753476892179724,0,0
true,eegnet,logits,46,20,64,0.7916666666666666,0.961895928190337,0.686302248600039,1.1718790037837241,-0.5848780036663263,0.044436815523245826,0,0
true,shallowconvnet,conv_time_spat,41,0,64,0.5069444444444444,0.01273507097467581,0.01273507097467581,0.0,0.0,-0.003636250346070451,0,0
true,shallowconvnet,bnorm,41,0,64,0.5069444444444444,0.01273507096749689,0.01273507096749689,0.0,0.0,-0.003636250358602519,0,0
true,shallowconvnet,conv_nonlin_exp,41,0,64,0.5069444444444444,0.28489927888509164,0.2848992788850916,0.0,0.0,0.28489927888509164,0,0
true,shallowconvnet,pool,41,0,64,0.5069444444444444,0.6094489415439606,0.6094489415439606,0.0,0.0,0.6094489415439606,0,0
true,shallowconvnet,pool_nonlin_exp,41,0,64,0.5069444444444444,0.973028365726656,0.9872627295670431,5.970355840780256,-7.110802374604223,2.1134748995506216,0,0
true,shallowconvnet,logits,41,0,64,0.5069444444444444,0.9723915430642993,0.9915886067485071,7.208442023164042,-9.083026429336877,2.8469759492371343,0,0
true,shallowconvnet,conv_time_spat,41,1,64,0.5138888888888888,0.014736860979977435,0.013216310855019855,0.0035183792989674986,-0.000145277413122818,-0.002971956396661893,0,0
true,shallowconvnet,bnorm,41,1,64,0.5138888888888888,0.014419365968546226,0.013161698838149001,0.0027852851462144114,-0.00023684923942430882,-0.002972691896223245,0,0
true,shallowconvnet,conv_nonlin_exp,41,1,64,0.5138888888888888,0.29062308109073554,0.28677270737013694,1.4982909628909862e-05,0.005268339308503652,0.285339758872603,0,0
true,shallowconvnet,pool,41,1,64,0.5138888888888888,0.6271451867342688,0.6230675323248974,3.7142611187968445e-05,0.012652394308800358,0.6144556498142804,0,0
true,shallowconvnet,pool_nonlin_exp,41,1,64,0.5138888888888888,0.9426146937076224,0.9752188455622528,7.470330584813161,-9.606416510098933,3.078700618993396,0,0
true,shallowconvnet,logits,41,1,64,0.5138888888888888,0.9667805338402562,0.971468186426067,6.579470437169811,-8.07340960413474,2.460719700805185,0,0
true,shallowconvnet,conv_time_spat,41,2,64,0.5416666666666666,0.015366822866461662,0.013520537618975287,0.004199130182360728,-2.5944806645282722e-05,-0.0030806497258254965,0,0
true,shallowconvnet,bnorm,41,2,64,0.5416666666666666,0.014484586059188754,0.013296176651437458,0.002617920600706813,-0.00029176282558920013,-0.003103504136582071,0,0
true,shallowconvnet,conv_nonlin_exp,41,2,64,0.5416666666666666,0.2933278397038729,0.2889988789486892,1.689364924099937e-05,0.005717625406985925,0.28759332064764587,0,0
true,shallowconvnet,pool,41,2,64,0.5416666666666666,0.6333260440574728,0.6280449035555906,4.211560849816858e-05,0.013816665895790517,0.6194672625531843,0,0
true,shallowconvnet,pool_nonlin_exp,41,2,64,0.5416666666666666,0.8898685704036318,0.9770543485552359,12.456802710874321,-18.114323288485572,6.547389148014878,0,0
true,shallowconvnet,logits,41,2,64,0.5416666666666666,0.953486103092918,0.9935927356435783,13.515772646392682,-19.698737747188684,7.13645120388892,0,0
true,shallowconvnet,conv_time_spat,41,5,64,0.7013888888888888,0.018380064942894497,0.013766192861550782,0.007487045252072018,0.0002794985698627649,-0.0033563044852243703,0,0
true,shallowconvnet,bnorm,41,5,64,0.7013888888888888,0.017529161226589443,0.013058530809558662,0.008220383356371323,-0.0003505816990782371,-0.0032437562316848666,0,0
true,shallowconvnet,conv_nonlin_exp,41,5,64,0.7013888888888888,0.2802809557176517,0.26951515677713944,0.0001312109603969061,0.013857875201464647,0.2662918695557901,0,0
true,shallowconvnet,pool,41,5,64,0.7013888888888888,0.6050414793181513,0.5930807605462366,0.00032414414212591396,0.03340584742609996,0.5713114877499254,0,0
true,shallowconvnet,pool_nonlin_exp,41,5,64,0.7013888888888888,0.8122131134819328,0.9663040316286118,13.986725932203324,-21.057489049213054,7.882976230491667,0,0
true,shallowconvnet,logits,41,5,64,0.7013888888888888,0.7995252976302374,0.9649237469327054,18.92885351133114,-29.680382830785263,11.492315287420213,0,0
true,shallowconvnet,conv_time_spat,41,10,64,0.7430555555555556,0.017224468160561075,0.012860929818339757,0.007547753961742825,0.00023919765622524563,-0.003424644042292264,0,0
true,shallowconvnet,bnorm,41,10,64,0.7430555555555556,0.02913959780520848,0.012009924558647718,0.023926933248344186,-0.0006194502121704492,-0.003189321952105045,0,0
true,shallowconvnet,conv_nonlin_exp,41,10,64,0.7430555555555556,0.2771372867741948,0.2542027729650717,0.00119831220008645,0.030356333512191292,0.24558264106191702,0,0
true,shallowconvnet,pool,41,10,64,0.7430555555555556,0.5883541126551572,0.5814999245744792,0.0026846137382988936,0.06821655011067386,0.5174529488061845,0,0
true,shallowconvnet,pool_nonlin_exp,41,10,64,0.7430555555555556,0.8194902816688072,0.9525615587406715,11.40856280775174,-16.67087831588455,6.081805789801615,0,0
true,shallowconvnet,logits,41,10,64,0.7430555555555556,0.8556975842859467,0.9696253392086075,21.69800851352328,-32.83698044341651,11.953383140487945,0,0
true,shallowconvnet,conv_time_spat,41,20,64,0.75,0.0218650752276598,0.011001173142021276,0.015400633549926874,0.0005008724296986044,-0.002716880735557031,0,0
true,shallowconvnet,bnorm,41,20,64,0.75,0.07023497007591255,0.010584353169258182,0.07089685029516926,-0.0012236065024069207,-0.002232459200525047,0,0
true,shallowconvnet,conv_nonlin_exp,41,20,64,0.75,0.3024468249842157,0.2441064601720367,0.01008430189861597,0.06872963142866619,0.22363289165693356,0,0
true,shallowconvnet,pool,41,20,64,0.75,0.6163195081064153,0.6107447323826956,0.01989276634187688,0.13803825368151967,0.4583884880830188,0,0
true,shallowconvnet,pool_nonlin_exp,41,20,64,0.75,0.8287111274881351,0.9512817387531796,11.181396281074583,-16.442164468198715,6.089479314612256,0,0
true,shallowconvnet,logits,41,20,64,0.75,0.737605345396962,0.9666017255632189,15.780371405971199,-24.62883356575356,9.51501785513512,0,0
true,shallowconvnet,conv_time_spat,42,0,64,0.5,0.01151181956983681,0.01151181956983681,0.0,0.0,-0.002495972872959976,0,0
true,shallowconvnet,bnorm,42,0,64,0.5,0.011511819583217987,0.011511819583217987,0.0,0.0,-0.002495972889710553,0,0
true,shallowconvnet,conv_nonlin_exp,42,0,64,0.5,0.29365493448843133,0.2936549344884313,0.0,0.0,0.29365493448843133,0,0
true,shallowconvnet,pool,42,0,64,0.5,0.6307917869817464,0.6307917869817464,0.0,0.0,0.6307917869817464,0,0
true,shallowconvnet,pool_nonlin_exp,42,0,64,0.5,0.9739837302539625,0.9878425747758741,6.176954189551349,-7.42420692335264,2.2212364640552527,0,0
true,shallowconvnet,logits,42,0,64,0.5,0.9955625445245365,0.9977767162813118,5.681932606033934,-6.5898412133018125,1.903471151792415,0,0
true,shallowconvnet,conv_time_spat,42,1,64,0.5,0.012997113970988267,0.011909954121762097,0.0026069596551949173,6.24069608542846e-05,-0.002028086005842469,0,0
true,shallowconvnet,bnorm,42,1,64,0.5,0.01303402396114124,0.011865660400507102,0.0032491780867012904,-0.00010945908339396759,-0.00206093451748459,0,0
true,shallowconvnet,conv_nonlin_exp,42,1,64,0.5,0.29635517935848027,0.2915456831755412,2.4808733289097277e-05,0.006568990177855569,0.2897613804473357,0,0
true,shallowconvnet,pool,42,1,64,0.5,0.6341264244913798,0.6289176557735554,6.125437308561842e-05,0.015601130073581682,0.6184640400447123,0,0
true,shallowconvnet,pool_nonlin_exp,42,1,64,0.5,0.9351198619706212,0.9770425063917278,7.524330941502233,-9.722867736823805,3.1336566572921924,0,0
true,shallowconvnet,logits,42,1,64,0.5,0.9939253840254982,0.9956851868625279,7.29146111644803,-9.145848935733664,2.8483132033111347,0,0
true,shallowconvnet,conv_time_spat,42,2,64,0.6111111111111112,0.01390730466554185,0.011990138183312538,0.0037658774291508858,6.510743441930085e-05,-0.0019009655947610712,0,0
true,shallowconvnet,bnorm,42,2,64,0.6111111111111112,0.013233611609204762,0.011823125238995362,0.0036377112159844786,-0.00021420074741543952,-0.002014058019709243,0,0
true,shallowconvnet,conv_nonlin_exp,42,2,64,0.6111111111111112,0.2979267080812029,0.29242828926804243,3.657899765305365e-05,0.007781327706217127,0.29010880137733275,0,0
true,shallowconvnet,pool,42,2,64,0.6111111111111112,0.6362374012316455,0.6315828113360819,9.012877410434154e-05,0.01848746025965299,0.6176598121978882,0,0
true,shallowconvnet,pool_nonlin_exp,42,2,64,0.6111111111111112,0.8918104038842742,0.9766264468298624,11.86182675452783,-17.061041927328393,6.091025576684839,0,0
true,shallowconvnet,logits,42,2,64,0.6111111111111112,0.9812610466975157,0.9943109294503099,10.546267901272607,-14.510447691781607,4.945440837206514,0,0
true,shallowconvnet,conv_time_spat,42,5,64,0.6527777777777778,0.015915636505510304,0.012064134147187391,0.00725793384646701,-0.00010404108087217615,-0.0020555309584123042,0,0
true,shallowconvnet,bnorm,42,5,64,0.6527777777777778,0.015230845472876176,0.01170222300567957,0.006856308167506687,-0.0003680638672938303,-0.0020780800526847103,0,0
true,shallowconvnet,conv_nonlin_exp,42,5,64,0.6527777777777778,0.29881723935498317,0.2880858202296757,9.196211218843702e-05,0.014903326632879976,0.2838219506099147,0,0
true,shallowconvnet,pool,42,5,64,0.6527777777777778,0.6402237228079042,0.6330243660872901,0.00022415562653771908,0.03527734568201238,0.6047222214993542,0,0
true,shallowconvnet,pool_nonlin_exp,42,5,64,0.6527777777777778,0.8160177743435941,0.967554691594225,15.241512261009962,-23.227492998138697,8.801998511472325,0,0
true,shallowconvnet,logits,42,5,64,0.6527777777777778,0.9374043794518191,0.9921165287580653,21.266921956298475,-33.47397939813089,13.144461821284239,0,0
true,shallowconvnet,conv_time_spat,42,10,64,0.7013888888888888,0.021088413598057132,0.012047218136532426,0.013396228813320107,0.00011853525391902786,-0.0022626019325483076,0,0
true,shallowconvnet,bnorm,42,10,64,0.7013888888888888,0.02129119582998759,0.010982315590298736,0.015237971150822984,-0.0003265760509760649,-0.0022347408294050774,0,0
true,shallowconvnet,conv_nonlin_exp,42,10,64,0.7013888888888888,0.30209485346561793,0.27957772399362035,0.00045884904264058084,0.029362956098397633,0.27227304832457977,0,0
true,shallowconvnet,pool,42,10,64,0.7013888888888888,0.6424748132160255,0.6257377539885893,0.0010575187194452624,0.06610039195959207,0.5753169025369882,0,0
true,shallowconvnet,pool_nonlin_exp,42,10,64,0.7013888888888888,0.815850162231906,0.9520558111035948,13.056598877918946,-19.455731325040205,7.214982609353159,0,0
true,shallowconvnet,logits,42,10,64,0.7013888888888888,0.9322388064851594,0.991255997731477,18.75382806153206,-29.001003634004004,11.17254021991164,0,0
true,shallowconvnet,conv_time_spat,42,20,64,0.7013888888888888,0.03273194144731413,0.01084416416509553,0.028257539183868773,-0.00017457537594701804,-0.0021813252412602934,0,0
true,shallowconvnet,bnorm,42,20,64,0.7013888888888888,0.0456744094907297,0.010205009940237115,0.04379502897473001,-0.0007560669642465715,-0.001887284863201765,0,0
true,shallowconvnet,conv_nonlin_exp,42,20,64,0.7013888888888888,0.30773874294707515,0.25983158230847947,0.003767460464920763,0.06141224625518511,0.24255903622696923,0,0
true,shallowconvnet,pool,42,20,64,0.7013888888888888,0.6364189979338106,0.6263255647502618,0.007736250789584158,0.12585482441444856,0.5028279227297778,0,0
true,shallowconvnet,pool_nonlin_exp,42,20,64,0.7013888888888888,0.8160885079458278,0.9396478594977467,9.953818875143222,-14.098483127725508,4.960752760528109,0,0
true,shallowconvnet,logits,42,20,64,0.7013888888888888,0.9149831628259031,0.9416798445502904,11.977332289375472,-17.389741004212876,6.326872593799269,0,0
true,shallowconvnet,conv_time_spat,43,0,64,0.5763888888888888,0.011848321668008258,0.011848321668008258,0.0,0.0,-0.0031490647817280517,0,0
true,shallowconvnet,bnorm,43,0,64,0.5763888888888888,0.011848321689749829,0.011848321689749827,0.0,0.0,-0.0031490647966444275,0,0
true,shallowconvnet,conv_nonlin_exp,43,0,64,0.5763888888888888,0.2957835101730688,0.29578351017306886,0.0,0.0,0.2957835101730688,0,0
true,shallowconvnet,pool,43,0,64,0.5763888888888888,0.6332295741364755,0.6332295741364755,0.0,0.0,0.6332295741364755,0,0
true,shallowconvnet,pool_nonlin_exp,43,0,64,0.5763888888888888,0.975383296022805,0.9875744894995586,5.966707187767954,-7.09085879426517,2.0995349025200207,0,0
true,shallowconvnet,logits,43,0,64,0.5763888888888888,0.971976286466959,0.9793248137395585,5.360979721243441,-6.1279856004705735,1.7389821656940905,0,0
true,shallowconvnet,conv_time_spat,43,1,64,0.5902777777777778,0.015041564809157656,0.013480162951862103,0.0037656055521299706,8.665431386535874e-05,-0.0028728593028285684,0,0
true,shallowconvnet,bnorm,43,1,64,0.5902777777777778,0.015113466036627745,0.013456138649813078,0.003928981936896223,-7.358656553717874e-05,-0.0028857440009250317,0,0
true,shallowconvnet,conv_nonlin_exp,43,1,64,0.5902777777777778,0.30326718011830694,0.29713908374891407,3.798003913409598e-05,0.008590737135979225,0.2946384629431936,0,0
true,shallowconvnet,pool,43,1,64,0.5902777777777778,0.6515051438930217,0.6465249745842527,9.519774217958967e-05,0.02058991735544996,0.6308200287953921,0,0
true,shallowconvnet,pool_nonlin_exp,43,1,64,0.5902777777777778,0.9464241742162695,0.9740651829702464,7.493929494085516,-9.63950733272377,3.0920020128545196,0,0
true,shallowconvnet,logits,43,1,64,0.5902777777777778,0.882057635449599,0.9836218273359991,16.538984892707603,-25.51342137155919,9.802898673671159,0,0
true,shallowconvnet,conv_time_spat,43,2,64,0.6180555555555556,0.01690583376298792,0.014062955193005242,0.005304026055597568,0.0002150898875227657,-0.002731821722522553,0,0
true,shallowconvnet,bnorm,43,2,64,0.6180555555555556,0.01621492805472966,0.01391725760822526,0.004937509733455129,-0.00014798905300663818,-0.0027743681299309815,0,0
true,shallowconvnet,conv_nonlin_exp,43,2,64,0.6180555555555556,0.30462731921663194,0.2955225057458889,5.7587009056848915e-05,0.012206953760487568,0.2923627784470876,0,0
true,shallowconvnet,pool,43,2,64,0.6180555555555556,0.6537096567504137,0.6446177135321454,0.0001436513935852914,0.029111184646707408,0.624454820710121,0,0
true,shallowconvnet,pool_nonlin_exp,43,2,64,0.6180555555555556,0.9044391178043644,0.9661181039754851,10.976903838960084,-15.560362160414549,5.487897439258823,0,0
true,shallowconvnet,logits,43,2,64,0.6180555555555556,0.7735156918417301,0.9848738470855001,26.020518025467506,-43.00207744789019,17.622583369453228,0,0
true,shallowconvnet,conv_time_spat,43,5,64,0.625,0.01910406527658126,0.013728630082310098,0.007952199478772522,0.0003994424886077343,-0.003122174679686818,0,0
true,shallowconvnet,bnorm,43,5,64,0.625,0.021162658989876043,0.013354696448522621,0.0116522973623705,-0.0004992305352218317,-0.0031163332817490536,0,0
true,shallowconvnet,conv_nonlin_exp,43,5,64,0.625,0.30202339992313443,0.28205044019905834,0.0002647262592307047,0.025887530889794737,0.275871142774109,0,0
true,shallowconvnet,pool,43,5,64,0.625,0.6465872014219256,0.6281549519834673,0.0006271792919493471,0.05953788102297073,0.5864221411070055,0,0
true,shallowconvnet,pool_nonlin_exp,43,5,64,0.625,0.8383980025607337,0.9524973101972442,13.084711750775288,-19.44109633275593,7.1947825845413735,0,0
true,shallowconvnet,logits,43,5,64,0.625,0.778032344673994,0.9411583811688053,19.61105428699444,-31.74781966453755,12.725205572928772,0,0
true,shallowconvnet,conv_time_spat,43,10,64,0.6944444444444444,0.023305435831383163,0.012726091003050857,0.013650769007117397,0.0006734316031615438,-0.0028177402669493285,0,0
true,shallowconvnet,bnorm,43,10,64,0.6944444444444444,0.032138277989656516,0.011946333534626728,0.026961515754469492,-0.0008265142937512391,-0.0026567061770053535,0,0
true,shallowconvnet,conv_nonlin_exp,43,10,64,0.6944444444444444,0.300047103664954,0.26403143663879686,0.0011727260820498992,0.04621678662568039,0.25265759095722373,0,0
true,shallowconvnet,pool,43,10,64,0.6944444444444444,0.6348087058710881,0.616189183600764,0.002594698646427523,0.10090648478538831,0.5313075224392723,0,0
true,shallowconvnet,pool_nonlin_exp,43,10,64,0.6944444444444444,0.8234210704658741,0.9363670950557696,10.434200128218796,-15.00186308741734,5.391084029664417,0,0
true,shallowconvnet,logits,43,10,64,0.6944444444444444,0.7966301191916085,0.9759527935158594,14.780592633882181,-22.882740739688266,8.820521439060618,0,0
true,shallowconvnet,conv_time_spat,43,20,64,0.6666666666666666,0.02820445183853738,0.01135008563470425,0.02166617988837297,0.00048007944451340325,-0.002192597278569364,0,0
true,shallowconvnet,bnorm,43,20,64,0.6666666666666666,0.0817314121040501,0.010678634406781427,0.08162720231361419,-0.0008565661725746478,-0.001844765807801315,0,0
true,shallowconvnet,conv_nonlin_exp,43,20,64,0.6666666666666666,0.312972962191608,0.23139399555224507,0.009254827095129948,0.09484155590842555,0.20887657918805244,0,0
true,shallowconvnet,pool,43,20,64,0.6666666666666666,0.6314449609929208,0.6179176444106006,0.017966378475043204,0.18330294955990584,0.4301756329579719,0,0
true,shallowconvnet,pool_nonlin_exp,43,20,64,0.6666666666666666,0.8195828172622825,0.9228379900773218,7.339109150424578,-9.762194009398344,3.242667676236046,0,0
true,shallowconvnet,logits,43,20,64,0.6666666666666666,0.8062282565742259,0.8454055628550186,6.857136179369076,-9.566082146154876,3.3214250438051804,0,0
true,shallowconvnet,conv_time_spat,44,0,64,0.6041666666666666,0.011870167644479146,0.011870167644479148,0.0,0.0,-0.002947677689710675,0,0
true,shallowconvnet,bnorm,44,0,64,0.6041666666666666,0.011870167622710145,0.011870167622710145,0.0,0.0,-0.0029476776855500873,0,0
true,shallowconvnet,conv_nonlin_exp,44,0,64,0.6041666666666666,0.2939073169149925,0.29390731691499256,0.0,0.0,0.2939073169149925,0,0
true,shallowconvnet,pool,44,0,64,0.6041666666666666,0.6297679837074033,0.6297679837074033,0.0,0.0,0.6297679837074033,0,0
true,shallowconvnet,pool_nonlin_exp,44,0,64,0.6041666666666666,0.9759919722051655,0.987293242651951,5.826773274801842,-6.865985562487557,2.015204259890881,0,0
true,shallowconvnet,logits,44,0,64,0.6041666666666666,0.9630176625458546,0.970351499538228,5.777182504430115,-6.820190376851924,2.0060255349676632,0,0
true,shallowconvnet,conv_time_spat,44,1,64,0.5763888888888888,0.013959542703041504,0.012172787911260571,0.003935690343245188,-0.00013143027229501036,-0.0026939312723949418,0,0
true,shallowconvnet,bnorm,44,1,64,0.5763888888888888,0.013660728372922456,0.012124886281302913,0.003874939232319132,-0.00021109445721406966,-0.002697401375157564,0,0
true,shallowconvnet,conv_nonlin_exp,44,1,64,0.5763888888888888,0.29041168472144874,0.2852075246616643,5.327487831454559e-05,0.007309952572969014,0.28304845727016514,0,0
true,shallowconvnet,pool,44,1,64,0.5763888888888888,0.6257082435284367,0.6212454132872628,0.00013169945915885627,0.01752273073189449,0.6080538133373834,0,0
true,shallowconvnet,pool_nonlin_exp,44,1,64,0.5763888888888888,0.947061212938128,0.9775601245241421,7.456288466030907,-9.571527266995577,3.0623000139027945,0,0
true,shallowconvnet,logits,44,1,64,0.5763888888888888,0.8777523361651769,0.9709211455107527,9.357733036458587,-12.837660272614437,4.357679572321027,0,0
true,shallowconvnet,conv_time_spat,44,2,64,0.4930555555555556,0.01636131096949328,0.012082627132485806,0.007259348117644994,-0.00020624565668232977,-0.0024052335493868703,0,0
true,shallowconvnet,bnorm,44,2,64,0.4930555555555556,0.014405909325430028,0.011949374612711651,0.004637287159047458,-0.00037190099144368327,-0.0024760267550861972,0,0
true,shallowconvnet,conv_nonlin_exp,44,2,64,0.4930555555555556,0.2985465193608441,0.290780121162296,0.00012365343729111748,0.010916065321436911,0.2875068006021161,0,0
true,shallowconvnet,pool,44,2,64,0.4930555555555556,0.6410329767288061,0.6354475909372017,0.000300139276609547,0.025739928035069012,0.6149929094171276,0,0
true,shallowconvnet,pool_nonlin_exp,44,2,64,0.4930555555555556,0.8891683359998888,0.9775031186228523,12.487319117325557,-18.183912632919778,6.5857618515941105,0,0
true,shallowconvnet,logits,44,2,64,0.4930555555555556,0.9400059092242131,0.9813833526857678,12.262964608092151,-17.51040863822351,6.1874499393555675,0,0
true,shallowconvnet,conv_time_spat,44,5,64,0.6527777777777778,0.02078264817023623,0.012236689278805815,0.012668640216430563,-0.00016668510544447286,-0.0024969432203468802,0,0
true,shallowconvnet,bnorm,44,5,64,0.6527777777777778,0.01508452993023165,0.012031556592134875,0.005819354263463447,-0.0003877014360792756,-0.0025853334347608115,0,0
true,shallowconvnet,conv_nonlin_exp,44,5,64,0.6527777777777778,0.303497137240068,0.2952273193510593,7.409441398182577e-05,0.01157503873308293,0.29184800409300315,0,0
true,shallowconvnet,pool,44,5,64,0.6527777777777778,0.6539525771979859,0.6482130442151464,0.00018462432979508305,0.028059518273015782,0.6257084345951751,0,0
true,shallowconvnet,pool_nonlin_exp,44,5,64,0.6527777777777778,0.824319430029581,0.9761939498800329,18.223531766027232,-28.488495198894725,11.089282862897072,0,0
true,shallowconvnet,logits,44,5,64,0.6527777777777778,0.9109166303517868,0.98036093113098,24.604363772487318,-39.884791101327636,16.190869889193756,0,0
true,shallowconvnet,conv_time_spat,44,10,64,0.6180555555555556,0.03139780227081248,0.01219931222609167,0.02478027323515835,0.0006628730221676681,-0.0026398907485534954,0,0
true,shallowconvnet,bnorm,44,10,64,0.6180555555555556,0.017805429275287298,0.0114666325744362,0.010832571803608238,-0.0006358810459207404,-0.0025339400961876214,0,0
true,shallowconvnet,conv_nonlin_exp,44,10,64,0.6180555555555556,0.27844022844614286,0.2657584998803232,0.00036244763372120416,0.01673170314717638,0.26134607766524526,0,0
true,shallowconvnet,pool,44,10,64,0.6180555555555556,0.5945655745837208,0.5833438477012292,0.0008543682116728308,0.03841812702710392,0.5552930793449442,0,0
true,shallowconvnet,pool_nonlin_exp,44,10,64,0.6180555555555556,0.8107515836759348,0.9676489443421622,15.973079615578431,-24.605389244328098,9.443061212425604,0,0
true,shallowconvnet,logits,44,10,64,0.6180555555555556,0.8210987194660506,0.971844052797743,35.422202651089165,-59.74852073135819,25.100558093365528,0,0
true,shallowconvnet,conv_time_spat,44,20,64,0.7361111111111112,0.05569544798178022,0.011143229903624567,0.052253042092363026,0.0011013229052174145,-0.002254064458791515,0,0
true,shallowconvnet,bnorm,44,20,64,0.7361111111111112,0.0441945787003156,0.01024202843732843,0.042817306812590834,-0.001439343162059487,-0.0020408926208308953,0,0
true,shallowconvnet,conv_nonlin_exp,44,20,64,0.7361111111111112,0.288845784462487,0.25668224043845994,0.006038947667114044,0.043211128500728724,0.23959570829464416,0,0
true,shallowconvnet,pool,44,20,64,0.7361111111111112,0.5959808813056469,0.5989768644130803,0.012147825457949993,0.08838072573100747,0.4954523301166894,0,0
true,shallowconvnet,pool_nonlin_exp,44,20,64,0.7361111111111112,0.8229657773664097,0.9543001622327232,11.619561076520505,-17.021681831132845,6.225086531978752,0,0
true,shallowconvnet,logits,44,20,64,0.7361111111111112,0.8210452576748637,0.7734109720518977,6.980386681222749,-9.16144142599424,2.9840273654952556,0,0
true,shallowconvnet,conv_time_spat,45,0,64,0.4930555555555556,0.01219762703155793,0.01219762703155793,0.0,0.0,-0.00321560477124547,0,0
true,shallowconvnet,bnorm,45,0,64,0.4930555555555556,0.012197627027567272,0.01219762702756727,0.0,0.0,-0.003215604770953588,0,0
true,shallowconvnet,conv_nonlin_exp,45,0,64,0.4930555555555556,0.29811536346793843,0.29811536346793843,0.0,0.0,0.29811536346793843,0,0
true,shallowconvnet,pool,45,0,64,0.4930555555555556,0.6374438234191799,0.63744382341918,0.0,0.0,0.6374438234191799,0,0
true,shallowconvnet,pool_nonlin_exp,45,0,64,0.4930555555555556,0.973653827155522,0.9872564515513407,6.0786316452135205,-7.271428213857604,2.166450395799605,0,0
true,shallowconvnet,logits,45,0,64,0.4930555555555556,0.9799978100744408,0.9838819162918404,6.007879720387887,-7.147636246406602,2.1197543360931568,0,0
true,shallowconvnet,conv_time_spat,45,1,64,0.6458333333333334,0.014046575761124233,0.013589236517938707,0.0017687516229465108,5.781906599333235e-05,-0.0028963184991618943,0,0
true,shallowconvnet,bnorm,45,1,64,0.6458333333333334,0.015069906844931511,0.01351261841823391,0.00323275163261131,-0.00022716643547158582,-0.002878648637874232,0,0
true,shallowconvnet,conv_nonlin_exp,45,1,64,0.6458333333333334,0.28611473346290417,0.28146379222899853,2.129808325686564e-05,0.0062600056723319565,0.27983342970731534,0,0
true,shallowconvnet,pool,45,1,64,0.6458333333333334,0.6109342459777758,0.6054485473937323,5.234444665925659e-05,0.014762593646918966,0.5961193078841975,0,0
true,shallowconvnet,pool_nonlin_exp,45,1,64,0.6458333333333334,0.9412885390295117,0.9727983552872637,7.385803311657703,-9.467020844614492,3.0225060719863013,0,0
true,shallowconvnet,logits,45,1,64,0.6458333333333334,0.900188651230053,0.9295908576854319,12.007041991357575,-16.69659488527481,5.5549137722351585,0,0
true,shallowconvnet,conv_time_spat,45,2,64,0.625,0.016105092627465983,0.014217262937460949,0.00397000742027211,0.00014990442997899514,-0.0028131472756296265,0,0
true,shallowconvnet,bnorm,45,2,64,0.625,0.01689112450103576,0.014029456436892776,0.004814563706189041,-0.00041710933353223247,-0.002771516166700217,0,0
true,shallowconvnet,conv_nonlin_exp,45,2,64,0.625,0.2840052580847182,0.27675554022940396,4.2900282821797055e-05,0.009682661814134621,0.27427969598776175,0,0
true,shallowconvnet,pool,45,2,64,0.625,0.6072737089442554,0.5991040998774628,0.0001060807794390078,0.022969303476935363,0.584198324687881,0,0
true,shallowconvnet,pool_nonlin_exp,45,2,64,0.625,0.890804179084442,0.9672759009800713,10.286410140294814,-14.451994809867479,5.056388848657105,0,0
true,shallowconvnet,logits,45,2,64,0.625,0.8892860652411352,0.9748141757014773,12.869774068643467,-18.42231219229133,6.43601559128845,0,0
true,shallowconvnet,conv_time_spat,45,5,64,0.6527777777777778,0.017906283605600627,0.013715783125877602,0.007236489540571458,0.00020350821983456286,-0.0028823596061108353,0,0
true,shallowconvnet,bnorm,45,5,64,0.6527777777777778,0.019149678904213978,0.013057726618204103,0.009596448071703883,-0.0005265354083682318,-0.0028941415073959645,0,0
true,shallowconvnet,conv_nonlin_exp,45,5,64,0.6527777777777778,0.28323861751907814,0.2684375177158925,0.00014496441148632017,0.019182424028721286,0.26391122907887055,0,0
true,shallowconvnet,pool,45,5,64,0.6527777777777778,0.6051244693649003,0.5897908199775572,0.0003549137338495501,0.04487364257514334,0.5598959130559075,0,0
true,shallowconvnet,pool_nonlin_exp,45,5,64,0.6527777777777778,0.8087026197727165,0.9575521120258528,12.985808145098762,-19.324536086330028,7.147430561003981,0,0
true,shallowconvnet,logits,45,5,64,0.6527777777777778,0.8639514349945729,0.9640288261374512,13.804818108185778,-20.22519013041036,7.19523481299272,0,0
true,shallowconvnet,conv_time_spat,45,10,64,0.6527777777777778,0.02788969357114641,0.01232843280390837,0.020595917441851082,0.00059214842995194,-0.002700345816418276,0,0
true,shallowconvnet,bnorm,45,10,64,0.6527777777777778,0.028372386911234414,0.011184611023437586,0.02322494068947497,-0.0005470855503322225,-0.002602609773704475,0,0
true,shallowconvnet,conv_nonlin_exp,45,10,64,0.6527777777777778,0.2854267087225374,0.25439015344604987,0.0007608578856355211,0.039200983297498423,0.24546486753940344,0,0
true,shallowconvnet,pool,45,10,64,0.6527777777777778,0.6071585238638683,0.5843801562012885,0.0017523673320768663,0.08781432191681211,0.5175918346149793,0,0
true,shallowconvnet,pool_nonlin_exp,45,10,64,0.6527777777777778,0.8095946444862767,0.9384007709687898,10.318175864074671,-14.7555187624302,5.246937542841803,0,0
true,shallowconvnet,logits,45,10,64,0.6527777777777778,0.8854524829444311,0.8813203957115965,14.984619553956504,-22.16673205722274,7.977481387358372,0,0
true,shallowconvnet,conv_time_spat,45,20,64,0.7152777777777778,0.05092836055493315,0.011088302078261468,0.047351739503404496,0.0008465634938331057,-0.0022856536577189803,0,0
true,shallowconvnet,bnorm,45,20,64,0.7152777777777778,0.07784064746947293,0.010245996746834372,0.07841580401549025,-0.0009829063322649313,-0.0019949181139038773,0,0
true,shallowconvnet,conv_nonlin_exp,45,20,64,0.7152777777777778,0.2997429049593098,0.22886650261005817,0.009020612440590502,0.08253785432391433,0.2081844381948048,0,0
true,shallowconvnet,pool,45,20,64,0.7152777777777778,0.61257550972202,0.5953473864364505,0.018031539562094148,0.16468018764895279,0.4298637825109731,0,0
true,shallowconvnet,pool_nonlin_exp,45,20,64,0.7152777777777778,0.8235595531456097,0.9122375934455654,8.069391507969957,-11.136639862571803,3.8908079077474516,0,0
true,shallowconvnet,logits,45,20,64,0.7152777777777778,0.8817463243863752,0.8448827738949588,5.786974357460964,-7.15523032974966,2.106683366162652,0,0
true,shallowconvnet,conv_time_spat,46,0,64,0.4930555555555556,0.011501109722761655,0.011501109722761653,0.0,0.0,-0.002441301125273288,0,0
true,shallowconvnet,bnorm,46,0,64,0.4930555555555556,0.011501109715753343,0.011501109715753341,0.0,0.0,-0.002441301095960387,0,0
true,shallowconvnet,conv_nonlin_exp,46,0,64,0.4930555555555556,0.2913429530749294,0.29134295307492936,0.0,0.0,0.2913429530749294,0,0
true,shallowconvnet,pool,46,0,64,0.4930555555555556,0.6222967727774603,0.6222967727774603,0.0,0.0,0.6222967727774603,0,0
true,shallowconvnet,pool_nonlin_exp,46,0,64,0.4930555555555556,0.9729524168697682,0.9871316262759031,6.24160549362814,-7.52778597439001,2.2591328976316367,0,0
true,shallowconvnet,logits,46,0,64,0.4930555555555556,0.9948252163377438,0.9969642106659244,6.775284334697795,-8.311092194420123,2.5306330760600737,0,0
true,shallowconvnet,conv_time_spat,46,1,64,0.5138888888888888,0.013570927863266309,0.012877146538337148,0.0023152240494678585,0.00014532918100531065,-0.0025556762257484635,0,0
true,shallowconvnet,bnorm,46,1,64,0.5138888888888888,0.014285560273252198,0.012839802575795436,0.003776801552216242,-5.286797330652585e-05,-0.002561183700018209,0,0
true,shallowconvnet,conv_nonlin_exp,46,1,64,0.5138888888888888,0.28938825831977505,0.2846837681705777,3.4498962453757954e-05,0.006677444899023277,0.282676314458298,0,0
true,shallowconvnet,pool,46,1,64,0.5138888888888888,0.6216382759031731,0.6176785011520369,8.535687922093975e-05,0.015968080332662213,0.60558483869129,0,0
true,shallowconvnet,pool_nonlin_exp,46,1,64,0.5138888888888888,0.9484316178713379,0.9761064294347681,7.345233268233693,-9.39779863802187,3.000996987659514,0,0
true,shallowconvnet,logits,46,1,64,0.5138888888888888,0.9915163941234226,0.9966484753056746,8.644529920755328,-11.368225077585738,3.715211550953833,0,0
true,shallowconvnet,conv_time_spat,46,2,64,0.625,0.014655951396298942,0.013327721751081281,0.003416972373287637,7.218818353566058e-05,-0.0026990316997961656,0,0
true,shallowconvnet,bnorm,46,2,64,0.625,0.015527819469159909,0.013184609322203313,0.005046297903303692,-0.00019034817420277494,-0.002748531339166101,0,0
true,shallowconvnet,conv_nonlin_exp,46,2,64,0.625,0.2875738073745373,0.27999640701876205,6.009913365621607e-05,0.010251443020053683,0.2772622652208274,0,0
true,shallowconvnet,pool,46,2,64,0.625,0.6195843102317008,0.6120914808236991,0.0001490075450717856,0.02448710387115042,0.5949481988154786,0,0
true,shallowconvnet,pool_nonlin_exp,46,2,64,0.625,0.9036362747886421,0.9717797396388509,10.273549792501239,-14.403313803396193,5.033400285683597,0,0
true,shallowconvnet,logits,46,2,64,0.625,0.9797222035440343,0.9959566239694351,15.770403474541387,-23.43416297430599,8.643481703308636,0,0
true,shallowconvnet,conv_time_spat,46,5,64,0.6180555555555556,0.019388183575899033,0.012924833045363293,0.009826784900315888,0.0001299438543492644,-0.002619926236029199,0,0
true,shallowconvnet,bnorm,46,5,64,0.6180555555555556,0.01823759471382539,0.012453005521627635,0.009406817339037763,-0.00034197242700614606,-0.002774297295239447,0,0
true,shallowconvnet,conv_nonlin_exp,46,5,64,0.6180555555555556,0.29110677346046354,0.27626256775963154,0.00017306176759900353,0.01948051653593536,0.27145319515692923,0,0
true,shallowconvnet,pool,46,5,64,0.6180555555555556,0.6258799149024751,0.6120958740789187,0.0004163074204650329,0.0454965579853011,0.5799670494967091,0,0
true,shallowconvnet,pool_nonlin_exp,46,5,64,0.6180555555555556,0.792549883707624,0.9604199110620124,15.489478004530719,-23.767451483093843,9.070523362270748,0,0
true,shallowconvnet,logits,46,5,64,0.6180555555555556,0.9178832950351811,0.9908137966526538,24.37422097108854,-38.75541166546397,15.280435771122068,0,0
true,shallowconvnet,conv_time_spat,46,10,64,0.6319444444444444,0.0298894383910665,0.012700766945949175,0.022697753660051438,-9.37360326267518e-05,-0.0027527107086279417,0,0
true,shallowconvnet,bnorm,46,10,64,0.6319444444444444,0.028043816604776152,0.012115185276742216,0.02177927997283003,-0.000374140665027915,-0.0029147484848724495,0,0
true,shallowconvnet,conv_nonlin_exp,46,10,64,0.6319444444444444,0.29458811335751695,0.2664842674093746,0.0008385698043018163,0.03583436600231128,0.2579151775509039,0,0
true,shallowconvnet,pool,46,10,64,0.6319444444444444,0.6246297076942111,0.6020796982866083,0.0018765949321938311,0.0790017497321325,0.5437513630298848,0,0
true,shallowconvnet,pool_nonlin_exp,46,10,64,0.6319444444444444,0.811107440978013,0.9477857843954407,12.879553557350643,-19.29295699484917,7.22451087847654,0,0
true,shallowconvnet,logits,46,10,64,0.6319444444444444,0.8765204685958499,0.9781496033787281,22.295848346333493,-35.77714164604565,14.345858506196334,0,0
true,shallowconvnet,conv_time_spat,46,20,64,0.6944444444444444,0.054434054097811144,0.01177812772718594,0.05072133599278429,-2.2379690887841576e-05,-0.0019288998464257099,0,0
true,shallowconvnet,bnorm,46,20,64,0.6944444444444444,0.06083055805584781,0.011022647455211688,0.05938324344064725,-0.0006876055022845024,-0.002209995139545625,0,0
true,shallowconvnet,conv_nonlin_exp,46,20,64,0.6944444444444444,0.30676708354095483,0.24708198685546953,0.005679576598710069,0.07031169707651472,0.23077580986572988,0,0
true,shallowconvnet,pool,46,20,64,0.6944444444444444,0.6337904009682972,0.5888803624893774,0.01156576263727467,0.14251334687718087,0.4797112914538416,0,0
true,shallowconvnet,pool_nonlin_exp,46,20,64,0.6944444444444444,0.8196624387722314,0.9252565261331716,8.657244541214235,-11.93470508508492,4.097122982642912,0,0
true,shallowconvnet,logits,46,20,64,0.6944444444444444,0.870316686837875,0.9875013003891359,16.245964085807856,-24.73170377377037,9.313018370633047,0,0
true,eegconformer,patch_embedding,41,0,64,0.4375,0.9611477434615583,0.14990153023171426,0.9830238320601818,-0.02257715764911527,0.0007010690504917448,0,0
true,eegconformer,transformer.0,41,0,64,0.4375,0.9817751572091198,0.256075921022072,1.0212282616859563,-0.03992614081384627,0.000473036337009593,0,0
true,eegconformer,transformer.2,41,0,64,0.4375,0.985933404848041,0.3153216632911806,1.014175588674583,-0.028565807461749748,0.0003236236352079304,0,0
true,eegconformer,transformer.5,41,0,64,0.4375,0.9858123071983871,0.4031773325196585,1.008570997534202,-0.02325378312645015,0.0004950927906350603,0,0
true,eegconformer,fc,41,0,64,0.4375,0.9884082762773829,0.38600584239236085,0.9967914693554153,-0.008806633356009608,0.0004234402779772801,0,0
true,eegconformer,logits,41,0,64,0.4375,0.9861012793481818,0.7718805330358023,0.9606049119688608,0.02385872538051738,0.0016376419988036821,0,0
true,eegconformer,patch_embedding,41,1,64,0.6180555555555556,0.7343210233549606,0.19610215976041823,0.7297268510219268,-0.006299672846645426,0.01089384517967914,0,0
true,eegconformer,transformer.0,41,1,64,0.6180555555555556,0.8391347567712181,0.3502972793077458,0.9768748235103352,-0.1471204551292488,0.009380388390131729,0,0
true,eegconformer,transformer.2,41,1,64,0.6180555555555556,0.8735475413277486,0.42311309670437075,1.0580202471761662,-0.19463532335868083,0.010162617510263375,0,0
true,eegconformer,transformer.5,41,1,64,0.6180555555555556,0.8875187871984569,0.523566067716671,1.0423788539392043,-0.16729986363151494,0.01243979689076775,0,0
true,eegconformer,fc,41,1,64,0.6180555555555556,0.9161153862241906,0.6002642155451499,0.9913380721148898,-0.08617403766708807,0.010951351776388828,0,0
true,eegconformer,logits,41,1,64,0.6180555555555556,0.8782615416285723,0.6587964415859708,1.3526210625207296,-0.6166854600206465,0.05628147919292182,0,0
true,eegconformer,patch_embedding,41,2,64,0.625,0.7119030107317179,0.23368741827679587,0.7066410791792574,-0.008606580270044947,0.013868511822505343,0,0
true,eegconformer,transformer.0,41,2,64,0.625,0.8203707074318934,0.397030541517797,0.9615526171293818,-0.15445398232940102,0.013272072631912726,0,0
true,eegconformer,transformer.2,41,2,64,0.625,0.856679586074435,0.44138786040975286,1.037883157209532,-0.1956958168470414,0.014492245711944329,0,0
true,eegconformer,transformer.5,41,2,64,0.625,0.8490165358442593,0.5201488733857778,1.0302988790703722,-0.19854159371937274,0.017259250493259836,0,0
true,eegconformer,fc,41,2,64,0.625,0.8753623962829656,0.5484312216628444,1.0157622335439278,-0.15599822155624127,0.015598384295278905,0,0
true,eegconformer,logits,41,2,64,0.625,0.9068165411277678,0.7329602569348093,1.1875272726367445,-0.33501266460769885,-0.011191034758542308,0,0
true,eegconformer,patch_embedding,41,5,64,0.8055555555555556,0.6664601899648742,0.21607056958686133,0.6757374760740125,-0.019226985961468775,0.009865587632198978,0,0
true,eegconformer,transformer.0,41,5,64,0.8055555555555556,0.7362290132134949,0.3684735043455426,0.9472861531403316,-0.2271095571798337,0.016052417252996977,0,0
true,eegconformer,transformer.2,41,5,64,0.8055555555555556,0.7333643093539315,0.42285203202367727,0.9328296571521353,-0.21464450202882118,0.015179154230617397,0,0
true,eegconformer,transformer.5,41,5,64,0.8055555555555556,0.7415162522817961,0.46798213224201346,0.9314572207804281,-0.20809428849853712,0.01815331999990502,0,0
true,eegconformer,fc,41,5,64,0.8055555555555556,0.6997109084664854,0.6017825497301423,0.9105146213158068,-0.23604177052727093,0.021479899258950254,0,0
true,eegconformer,logits,41,5,64,0.8055555555555556,0.794119281679184,0.8337383375965751,1.0984193192645124,-0.5017052036775895,0.0333530061572267,0,0
true,eegconformer,patch_embedding,41,10,64,0.8125,0.6370861423572646,0.19335693248333746,0.7102854363199976,-0.08579943075072291,0.011999446758173167,0,0
true,eegconformer,transformer.0,41,10,64,0.8125,0.7043401414878778,0.32968336592800573,1.0377300437909591,-0.3748785113325923,0.026596570114201017,0,0
true,eegconformer,transformer.2,41,10,64,0.8125,0.7068027656606711,0.3637146266863467,1.049759744949539,-0.3957564969962339,0.023843930928387373,0,0
true,eegconformer,transformer.5,41,10,64,0.8125,0.6958426258284104,0.39647037416252395,1.0079566998514529,-0.34633053810872383,0.023152505867092388,0,0
true,eegconformer,fc,41,10,64,0.8125,0.6726762946347782,0.7165599959279251,1.00702816221918,-0.42182475606390407,0.04977564858372647,0,0
true,eegconformer,logits,41,10,64,0.8125,0.8105652206117993,0.8503433504886737,1.6331899801958947,-1.1725581346500853,0.11104144828794522,0,0
true,eegconformer,patch_embedding,41,20,64,0.8194444444444444,0.6048027414807886,0.30044106469340054,0.817248110028399,-0.2633212840338234,0.0404488763331598,0,0
true,eegconformer,transformer.0,41,20,64,0.8194444444444444,0.6391707335227643,0.5689838145143176,1.2251917409883053,-0.7869619912472626,0.11775740799873445,0,0
true,eegconformer,transformer.2,41,20,64,0.8194444444444444,0.6854795481501698,0.5526066410208663,1.1796153562615026,-0.6941666129798204,0.08869364884841847,0,0
true,eegconformer,transformer.5,41,20,64,0.8194444444444444,0.6996534152780061,0.5466886328990727,1.157540836475892,-0.6663345506167865,0.08069139462065426,0,0
true,eegconformer,fc,41,20,64,0.8194444444444444,0.7336465074309564,0.7564899127220013,1.3837745215394683,-0.9708423862556338,0.13465769530235353,0,0
true,eegconformer,logits,41,20,64,0.8194444444444444,0.9426130133820232,0.9208264505895025,1.7801680143986638,-1.4357634077064652,0.19060273077908574,0,0
true,eegconformer,patch_embedding,42,0,64,0.5,0.9263588352455017,0.16166709301363544,0.9514374671072818,-0.02673786290199371,0.0016592310402137552,0,0
true,eegconformer,transformer.0,42,0,64,0.5,0.9770389359159892,0.27103942290341476,1.002805997992184,-0.02650544025958039,0.0007383781833859009,0,0
true,eegconformer,transformer.2,42,0,64,0.5,0.9742425352945465,0.39672212827895925,1.035765898316534,-0.06275854924714046,0.0012351862251528836,0,0
true,eegconformer,transformer.5,42,0,64,0.5,0.9783078920643262,0.4395661361812965,1.0200548966776515,-0.04287275541182532,0.0011257507984999064,0,0
true,eegconformer,fc,42,0,64,0.5,0.9809558438355628,0.4754428064785884,1.0113395079746563,-0.031362153131376753,0.0009784889922831717,0,0
true,eegconformer,logits,42,0,64,0.5,0.9748856383738409,0.7842292126812795,0.93034135510588,0.039841705399508334,0.004702577868452519,0,0
true,eegconformer,patch_embedding,42,1,64,0.6319444444444444,0.6698870982540428,0.2614016067862214,0.7189902698091948,-0.07376148498983966,0.02465831343468761,0,0
true,eegconformer,transformer.0,42,1,64,0.6319444444444444,0.8517938233280259,0.43857576625073297,0.941618536606578,-0.10466096140075798,0.014836248122205796,0,0
true,eegconformer,transformer.2,42,1,64,0.6319444444444444,0.8755076684170868,0.45123083416083615,1.0275420830102626,-0.16595749269523657,0.013923078102060622,0,0
true,eegconformer,transformer.5,42,1,64,0.6319444444444444,0.9159904656124693,0.5518487858687366,1.0944522807657684,-0.19038000622012438,0.011918191066825505,0,0
true,eegconformer,fc,42,1,64,0.6319444444444444,0.9404972916060999,0.5899983855840265,1.170859575598961,-0.24068472119624587,0.010322437203384799,0,0
true,eegconformer,logits,42,1,64,0.6319444444444444,0.9031160118487329,0.7079440044091698,1.2591192977355128,-0.3906600913994725,0.014810405897998417,0,0
true,eegconformer,patch_embedding,42,2,64,0.6041666666666666,0.6547370161729145,0.24567544741214595,0.7126538234208758,-0.07817020975591019,0.020253402507948944,0,0
true,eegconformer,transformer.0,42,2,64,0.6041666666666666,0.8115704923957585,0.39504594378466074,0.9814635831886864,-0.1832742760079416,0.013381185215013545,0,0
true,eegconformer,transformer.2,42,2,64,0.6041666666666666,0.8474173849221465,0.3349881620694043,1.0621086127397443,-0.2235942757426158,0.008903047925017962,0,0
true,eegconformer,transformer.5,42,2,64,0.6041666666666666,0.9005383058637201,0.39240941458466194,1.111176427890082,-0.21725153805692815,0.006613416030565892,0,0
true,eegconformer,fc,42,2,64,0.6041666666666666,0.925096261454933,0.397831881669306,1.2125820611511515,-0.2918225950524085,0.004336795356189955,0,0
true,eegconformer,logits,42,2,64,0.6041666666666666,0.951163800250048,0.6868582098949814,1.4743377635433872,-0.560353872390491,0.004752838134266418,0,0
true,eegconformer,patch_embedding,42,5,64,0.6597222222222222,0.6528237879177011,0.2292532461019029,0.7222341492529777,-0.10001726734978575,0.01522139672508233,0,0
true,eegconformer,transformer.0,42,5,64,0.6597222222222222,0.7224073276760364,0.2960828667829564,0.9305851988003495,-0.22477626361122582,0.014454495924552214,0,0
true,eegconformer,transformer.2,42,5,64,0.6597222222222222,0.7611861440116683,0.3430685942140471,1.0747856507052904,-0.3526682369878191,0.016138290153316942,0,0
true,eegconformer,transformer.5,42,5,64,0.6597222222222222,0.7886321638800251,0.4079318915467541,1.1383192348551243,-0.4217518925897068,0.018583351341741917,0,0
true,eegconformer,fc,42,5,64,0.6597222222222222,0.8280499481016526,0.46813238900268783,1.2124680812688466,-0.4808154540477998,0.01469433457405242,0,0
true,eegconformer,logits,42,5,64,0.6597222222222222,0.9348345894646309,0.878942124286707,1.4517464445439674,-0.8619544690252274,0.04338805956956826,0,0
true,eegconformer,patch_embedding,42,10,64,0.7638888888888888,0.6247431503750291,0.21096861951832427,0.7126260059680225,-0.12636343065160666,0.013019202879899171,0,0
true,eegconformer,transformer.0,42,10,64,0.7638888888888888,0.6727537579804856,0.3049011902315654,0.9245527020277007,-0.27286965670322116,0.015079161064428106,0,0
true,eegconformer,transformer.2,42,10,64,0.7638888888888888,0.7273290062227848,0.3799463341822131,1.0754030384224436,-0.39419978952706347,0.018236719093189385,0,0
true,eegconformer,transformer.5,42,10,64,0.7638888888888888,0.7579024309028273,0.34272673363131323,1.0690241255378021,-0.3537578762862074,0.013251423759589542,0,0
true,eegconformer,fc,42,10,64,0.7638888888888888,0.788446230253433,0.5209411145259863,1.0464721027535027,-0.3671568314801719,0.011039938869635123,0,0
true,eegconformer,logits,42,10,64,0.7638888888888888,0.9633540120989429,0.8277274710811868,1.8196015100752172,-1.2752316212806147,0.047590092019903565,0,0
true,eegconformer,patch_embedding,42,20,64,0.7569444444444444,0.5799273163524016,0.2652945904954188,0.7455215563939865,-0.23843286368567124,0.028835125016237445,0,0
true,eegconformer,transformer.0,42,20,64,0.7569444444444444,0.6178737749792449,0.3531473275890404,0.916615028641109,-0.42979543057062086,0.04238752114800738,0,0
true,eegconformer,transformer.2,42,20,64,0.7569444444444444,0.671550679631997,0.35076773650059045,1.0698205005797503,-0.5608763388848692,0.04878039454719241,0,0
true,eegconformer,transformer.5,42,20,64,0.7569444444444444,0.6947666209741069,0.3169744135973269,1.082457692863188,-0.52606247629745,0.03837344501010896,0,0
true,eegconformer,fc,42,20,64,0.7569444444444444,0.7746488313763162,0.5908948489782087,1.4916178402162563,-1.0237109245617964,0.09531345413356473,0,0
true,eegconformer,logits,42,20,64,0.7569444444444444,0.9177885295238322,0.8862874373692724,1.9933752133627571,-1.7175164592259162,0.2237650799616028,0,0
true,eegconformer,patch_embedding,43,0,64,0.5,0.9415359642425687,0.15212798829507232,0.9357027099187497,0.004754502167711946,0.00107875215610672,0,0
true,eegconformer,transformer.0,43,0,64,0.5,0.9832575422745413,0.35700281448504007,1.0279699796101838,-0.04528983063392762,0.000577393298285288,0,0
true,eegconformer,transformer.2,43,0,64,0.5,0.9901073168936252,0.4150328470819453,1.0141354576220243,-0.02448934154420996,0.00046120081581055056,0,0
true,eegconformer,transformer.5,43,0,64,0.5,0.9934094379117717,0.46375985443586987,1.0056717527833174,-0.012626462469884383,0.0003641475983387045,0,0
true,eegconformer,fc,43,0,64,0.5,0.995098967612706,0.44784366088157845,1.0166027015916732,-0.02171068650323163,0.00020695252426433474,0,0
true,eegconformer,logits,43,0,64,0.5,0.9991831335369763,0.6498687745023701,1.0188619211317582,-0.01968308324707719,4.295652295249213e-06,0,0
true,eegconformer,patch_embedding,43,1,64,0.6597222222222222,0.6821293863845175,0.2688892556021353,0.699360863936789,-0.0353804555318556,0.018148977979583862,0,0
true,eegconformer,transformer.0,43,1,64,0.6597222222222222,0.8373538196081811,0.4201592775985631,1.014529431044076,-0.1877855717274986,0.010609960291603862,0,0
true,eegconformer,transformer.2,43,1,64,0.6597222222222222,0.9257491873687851,0.3952942191606853,1.0528200150488376,-0.1298971266520916,0.0028262989720388297,0,0
true,eegconformer,transformer.5,43,1,64,0.6597222222222222,0.9315356617249537,0.4150593472745319,1.014604030411715,-0.086875017238672,0.0038066485519109906,0,0
true,eegconformer,fc,43,1,64,0.6597222222222222,0.9406995314929686,0.41771646271827034,0.9867835955515121,-0.04712676244493203,0.001042698386388605,0,0
true,eegconformer,logits,43,1,64,0.6597222222222222,0.8794602614096927,0.6843392993462886,0.830699782995451,0.03958888759493774,-0.001263982368557921,0,0
true,eegconformer,patch_embedding,43,2,64,0.6319444444444444,0.6679763459673506,0.2538053876709633,0.6883914097653321,-0.03692822327780149,0.016513159479820093,0,0
true,eegconformer,transformer.0,43,2,64,0.6319444444444444,0.7555528924659209,0.421896436598377,0.9598890656513492,-0.2235082592146134,0.019172086029184875,0,0
true,eegconformer,transformer.2,43,2,64,0.6319444444444444,0.837986511978305,0.4981428488686116,1.0524646611481392,-0.22886725039805872,0.014389101228224338,0,0
true,eegconformer,transformer.5,43,2,64,0.6319444444444444,0.8369432036663302,0.5771141610228037,0.986127580456321,-0.16766580706903086,0.018481430279039878,0,0
true,eegconformer,fc,43,2,64,0.6319444444444444,0.8348872243924266,0.6568249865143425,1.0802581620606113,-0.27260838980972174,0.020481030618642187,0,0
true,eegconformer,logits,43,2,64,0.6319444444444444,0.9388914526060377,0.9144320958175852,1.4285306549276457,-0.586835772570335,0.02397716501669214,0,0
true,eegconformer,patch_embedding,43,5,64,0.5972222222222222,0.6817025541150922,0.23824180093287586,0.7199037066602615,-0.05499536969090857,0.01679421714573905,0,0
true,eegconformer,transformer.0,43,5,64,0.5972222222222222,0.6804443586495886,0.4416483793771114,0.9273091354330136,-0.27802374399913427,0.030913278182649127,0,0
true,eegconformer,transformer.2,43,5,64,0.5972222222222222,0.649216703530469,0.5966022438663838,1.005957117868629,-0.4735107912475863,0.06846733671443994,0,0
true,eegconformer,transformer.5,43,5,64,0.5972222222222222,0.6734233453352718,0.6569154170555478,1.0328288546972977,-0.46082389150969083,0.0626839322608766,0,0
true,eegconformer,fc,43,5,64,0.5972222222222222,0.6256582984550321,0.7988138856407707,1.0806867982088453,-0.6715986737048831,0.12113486534263902,0,0
true,eegconformer,logits,43,5,64,0.5972222222222222,0.8516914759341639,0.939863710249814,1.6915132124033796,-1.5308227418267482,0.280174185493902,0,0
true,eegconformer,patch_embedding,43,10,64,0.7708333333333334,0.6302646401590603,0.2289613419111405,0.6938588497911725,-0.07996583291863488,0.01637162328652269,0,0
true,eegconformer,transformer.0,43,10,64,0.7708333333333334,0.6321609122077433,0.48349109450540495,0.9676458461076747,-0.4386047793227649,0.056404153692313413,0,0
true,eegconformer,transformer.2,43,10,64,0.7708333333333334,0.6683003261478995,0.5442024881171664,1.1412848094299746,-0.6953865689071305,0.09059510481474661,0,0
true,eegconformer,transformer.5,43,10,64,0.7708333333333334,0.7053669142260423,0.5002117180174899,1.164359195277616,-0.6912550553141945,0.0742326131322015,0,0
true,eegconformer,fc,43,10,64,0.7708333333333334,0.7944865988916807,0.7551983728057803,1.577934830542787,-1.159507048554925,0.13212296529216938,0,0
true,eegconformer,logits,43,10,64,0.7708333333333334,0.9559895739077681,0.8796550059657942,2.1947614317508757,-1.862110122845628,0.20194385979057827,0,0
true,eegconformer,patch_embedding,43,20,64,0.8125,0.5935693100450332,0.290411012376093,0.7084953495951983,-0.15019309451586052,0.03215255193054142,0,0
true,eegconformer,transformer.0,43,20,64,0.8125,0.6815393104440719,0.4829264652201669,1.0935251638779033,-0.5794245080891507,0.0564040596371711,0,0
true,eegconformer,transformer.2,43,20,64,0.8125,0.706877798042193,0.535667541116738,1.1853498259660142,-0.6600471202960354,0.060353060846307996,0,0
true,eegconformer,transformer.5,43,20,64,0.8125,0.7336928447775497,0.498055183456819,1.1970475453701217,-0.6175326205322931,0.0438128860297458,0,0
true,eegconformer,fc,43,20,64,0.8125,0.7897610385707252,0.793124747044051,1.8265392383287296,-1.2826486696239863,0.11370986164751822,0,0
true,eegconformer,logits,43,20,64,0.8125,0.9293597049702593,0.8046368490083737,2.378772857833022,-1.9554255940745542,0.2015375221350819,0,0
true,eegconformer,patch_embedding,44,0,64,0.5,0.9375858023949759,0.15840561145178972,0.9699887895080372,-0.03373121758626381,0.0013282304732025387,0,0
true,eegconformer,transformer.0,44,0,64,0.5,0.9799625066455349,0.35224150396438414,1.005607674377592,-0.02642994982530929,0.0007847820932521901,0,0
true,eegconformer,transformer.2,44,0,64,0.5,0.9876197795672368,0.4763096200416185,0.9959193482699105,-0.009220847574162385,0.0009212788714881724,0,0
true,eegconformer,transformer.5,44,0,64,0.5,0.9885796805303592,0.4738790444153437,0.986917299062244,0.000738354766547749,0.0009240267015672801,0,0
true,eegconformer,fc,44,0,64,0.5,0.992477935732194,0.4423468066648778,1.0046988370770369,-0.012713228551270432,0.0004923272064275761,0,0
true,eegconformer,logits,44,0,64,0.5,0.9934558775080966,0.646042449497978,0.894526021101634,0.09723022173391205,0.0016996346725506018,0,0
true,eegconformer,patch_embedding,44,1,64,0.6666666666666666,0.6884527583930689,0.2427851949977677,0.710477645624557,-0.04337329639345021,0.02134840916196204,0,0
true,eegconformer,transformer.0,44,1,64,0.6666666666666666,0.8480968354681961,0.35164732108091673,0.99470434822593,-0.15497192986280192,0.008364417105067936,0,0
true,eegconformer,transformer.2,44,1,64,0.6666666666666666,0.904934684046301,0.46343310900876494,1.0060363591122825,-0.11051857471784109,0.00941689965185925,0,0
true,eegconformer,transformer.5,44,1,64,0.6666666666666666,0.9125442405984023,0.42818620046581685,0.9615749566240095,-0.058671021037342105,0.009640305011734969,0,0
true,eegconformer,fc,44,1,64,0.6666666666666666,0.9615087730489296,0.47961611118532377,0.9146815181481023,0.041656345674403815,0.005170909226423714,0,0
true,eegconformer,logits,44,1,64,0.6666666666666666,0.7978230661899545,0.7963777841178863,0.7274195689369011,0.008894384534115228,0.056457685179565814,0,0
true,eegconformer,patch_embedding,44,2,64,0.6527777777777778,0.6615848103946012,0.24891822100782673,0.6836655697617577,-0.04380722456027639,0.02172646519311975,0,0
true,eegconformer,transformer.0,44,2,64,0.6527777777777778,0.825601673556194,0.3908718287156646,0.9961131817710166,-0.18105938652263331,0.010547878307810288,0,0
true,eegconformer,transformer.2,44,2,64,0.6527777777777778,0.8314179649011042,0.4228942813295341,1.023800258129647,-0.20507183808100593,0.012689544852462908,0,0
true,eegconformer,transformer.5,44,2,64,0.6527777777777778,0.8323723394445759,0.4065953877957132,0.984473607519994,-0.1612423399206508,0.009141071845232676,0,0
true,eegconformer,fc,44,2,64,0.6527777777777778,0.8346819463037309,0.4621984819243675,0.9375668348300095,-0.10179056310530565,-0.0010943254209727577,0,0
true,eegconformer,logits,44,2,64,0.6527777777777778,0.9104432768279778,0.8565152355513683,0.4867056809170516,0.2674113290085025,0.0251767583174191,0,0
true,eegconformer,patch_embedding,44,5,64,0.7569444444444444,0.6647361030963018,0.2296360907495906,0.6906471002819057,-0.044370688185886326,0.018459691000282167,0,0
true,eegconformer,transformer.0,44,5,64,0.7569444444444444,0.8201882028893925,0.37703738524026703,0.9853655276378129,-0.175034925855795,0.009857601107374703,0,0
true,eegconformer,transformer.2,44,5,64,0.7569444444444444,0.839278065521036,0.3931080017583598,1.0568229088612682,-0.2274452721476401,0.00990042880740799,0,0
true,eegconformer,transformer.5,44,5,64,0.7569444444444444,0.844879438567866,0.34864272836208726,1.007492838532221,-0.16860118804228047,0.005987788077925119,0,0
true,eegconformer,fc,44,5,64,0.7569444444444444,0.8705210281513323,0.3489910921104955,1.0274017840374394,-0.16145935137775105,0.002507621268338184,0,0
true,eegconformer,logits,44,5,64,0.7569444444444444,0.9286776345455603,0.6171114701656292,1.3583800375360457,-0.6278013201529792,0.01049100059047967,0,0
true,eegconformer,patch_embedding,44,10,64,0.7638888888888888,0.6126091522283568,0.21075210796214616,0.701959662047209,-0.10836936572563309,0.01860667303593118,0,0
true,eegconformer,transformer.0,44,10,64,0.7638888888888888,0.6429477937648199,0.3407364524052592,1.0270330356373878,-0.42026870733917987,0.03515682239414421,0,0
true,eegconformer,transformer.2,44,10,64,0.7638888888888888,0.6532349506040576,0.3699613755314869,0.9993088385429136,-0.42408648742509114,0.03930952795485224,0,0
true,eegconformer,transformer.5,44,10,64,0.7638888888888888,0.6561279852699614,0.35239797455583866,0.989745716489816,-0.394231470684567,0.033180224030790254,0,0
true,eegconformer,fc,44,10,64,0.7638888888888888,0.7087139171654679,0.4877209434463673,1.0867855717701023,-0.5304334172282077,0.04041135084285267,0,0
true,eegconformer,logits,44,10,64,0.7638888888888888,0.8823776908236628,0.7116057759954678,1.643861052327071,-1.1209991901624479,0.06171308201373932,0,0
true,eegconformer,patch_embedding,44,20,64,0.8402777777777778,0.583555884036048,0.24419834417467653,0.7666054626289753,-0.21290620892313353,0.028165707438839508,0,0
true,eegconformer,transformer.0,44,20,64,0.8402777777777778,0.6617277749066588,0.4252590125634425,1.1769521023118399,-0.5837115585367245,0.052119530826774965,0,0
true,eegconformer,transformer.2,44,20,64,0.8402777777777778,0.7145344133714817,0.458622925612216,1.1267600225711667,-0.4712381503254176,0.03184960938976693,0,0
true,eegconformer,transformer.5,44,20,64,0.8402777777777778,0.7392817626517102,0.45629767217749917,1.1163962526047941,-0.4191405736427307,0.024254112675298936,0,0
true,eegconformer,fc,44,20,64,0.8402777777777778,0.8099628829960016,0.7265082442465816,1.3441279168220566,-0.7544769121332515,0.06927607323898609,0,0
true,eegconformer,logits,44,20,64,0.8402777777777778,0.9294629358699378,0.8311825149473883,1.826704989785259,-1.3189498028915578,0.10086943723255543,0,0
true,eegconformer,patch_embedding,45,0,64,0.4583333333333333,0.9267103624194665,0.15764455872299646,0.9498280123441809,-0.024310135733638466,0.0011924858089239288,0,0
true,eegconformer,transformer.0,45,0,64,0.4583333333333333,0.9749468724364547,0.318164071387917,1.0359203045410645,-0.06164443762889599,0.0006710055242861016,0,0
true,eegconformer,transformer.2,45,0,64,0.4583333333333333,0.9740657443557807,0.4388365568804014,1.0082943287109054,-0.0346188219754833,0.0003902376203587938,0,0
true,eegconformer,transformer.5,45,0,64,0.4583333333333333,0.9792419311103637,0.5009662357690999,1.0197701817998102,-0.04087585380368039,0.00034760311423379325,0,0
true,eegconformer,fc,45,0,64,0.4583333333333333,0.9765496712773469,0.4978110188852378,1.0121402451517802,-0.035911762364414804,0.0003211884899813327,0,0
true,eegconformer,logits,45,0,64,0.4583333333333333,0.9992485960959911,0.681775054359681,1.0484952613548462,-0.049389759404620565,0.0001430941457655158,0,0
true,eegconformer,patch_embedding,45,1,64,0.6041666666666666,0.7155561898063867,0.3235511092809345,0.6948393132818692,-0.004652708226973391,0.02536958475149064,0,0
true,eegconformer,transformer.0,45,1,64,0.6041666666666666,0.7945592905762555,0.6252082284942277,1.1005951768875044,-0.3530164167948068,0.046980530483558075,0,0
true,eegconformer,transformer.2,45,1,64,0.6041666666666666,0.848740189520189,0.7044457307093432,0.9894708169253792,-0.17275384724337492,0.032023219838184847,0,0
true,eegconformer,transformer.5,45,1,64,0.6041666666666666,0.8540609775667529,0.7769244723406414,1.046999340484151,-0.23456458677806039,0.04162622386066227,0,0
true,eegconformer,fc,45,1,64,0.6041666666666666,0.8489018785270703,0.8409779116113718,1.0712110372731465,-0.27054859726741753,0.047351268063941764,0,0
true,eegconformer,logits,45,1,64,0.6041666666666666,0.6810398907482207,0.9722301250876979,1.3348978403604663,-1.2987891244990637,0.41366667562839116,0,0
true,eegconformer,patch_embedding,45,2,64,0.6944444444444444,0.7024682484835914,0.30658402679556396,0.6907004708864346,-0.012217108437301859,0.023984886034458416,0,0
true,eegconformer,transformer.0,45,2,64,0.6944444444444444,0.7677977591116554,0.6287783632466654,1.0064300995846869,-0.2885125839222815,0.049880243449249635,0,0
true,eegconformer,transformer.2,45,2,64,0.6944444444444444,0.828244540964069,0.6979796233668787,0.9854975291136023,-0.19612941291469374,0.03887642476516052,0,0
true,eegconformer,transformer.5,45,2,64,0.6944444444444444,0.8141006992279214,0.7773822549981243,0.9763902184201583,-0.21568928435086804,0.05339976515863064,0,0
true,eegconformer,fc,45,2,64,0.6944444444444444,0.8491600560872166,0.7863660025186782,1.111662143274648,-0.3033593233645247,0.04083894721964425,0,0
true,eegconformer,logits,45,2,64,0.6944444444444444,0.809407578214139,0.8815312029344393,1.2797695210516324,-0.8207582224980541,0.11332456365836693,0,0
true,eegconformer,patch_embedding,45,5,64,0.7291666666666666,0.6861638303791219,0.22309602000338574,0.6930625817302086,-0.022226061830400934,0.015327310479314057,0,0
true,eegconformer,transformer.0,45,5,64,0.7291666666666666,0.7389426064931781,0.4624655445414926,1.0220794052012314,-0.30867431671579804,0.025537518007744793,0,0
true,eegconformer,transformer.2,45,5,64,0.7291666666666666,0.8133891645424082,0.5038041538408471,0.9210717766721295,-0.12502942396696048,0.017346811837239233,0,0
true,eegconformer,transformer.5,45,5,64,0.7291666666666666,0.763483969784938,0.543281725857509,0.976624055439193,-0.2410590303200796,0.027867654557545314,0,0
true,eegconformer,fc,45,5,64,0.7291666666666666,0.7463594911249927,0.555448583312153,0.9506911056819973,-0.24506466973239713,0.020826466102994465,0,0
true,eegconformer,logits,45,5,64,0.7291666666666666,0.8736239198979006,0.6883619455445273,0.8082848681663131,-0.2488261693321823,0.02177171797775329,0,0
true,eegconformer,patch_embedding,45,10,64,0.7430555555555556,0.6670081639145211,0.20951734418226725,0.687197753033643,-0.03488963809889037,0.014700048979768468,0,0
true,eegconformer,transformer.0,45,10,64,0.7430555555555556,0.683103967170305,0.5498761185803163,1.0664801283740655,-0.44063761316451977,0.04432377855988907,0,0
true,eegconformer,transformer.2,45,10,64,0.7430555555555556,0.70842326472661,0.6082584099332307,1.041170403784574,-0.3990955681418632,0.04053699316716733,0,0
true,eegconformer,transformer.5,45,10,64,0.7430555555555556,0.7174368055163538,0.6552633102230943,1.108384297776099,-0.4763466329488766,0.04602281761321498,0,0
true,eegconformer,fc,45,10,64,0.7430555555555556,0.7809303630587375,0.7757564863187475,1.1675056139190114,-0.5139569179652743,0.03950770472834024,0,0
true,eegconformer,logits,45,10,64,0.7430555555555556,0.9479671671862681,0.9649267207429347,1.7777688271430194,-1.2564304462777702,0.08645082686862277,0,0
true,eegconformer,patch_embedding,45,20,64,0.7361111111111112,0.606296838274176,0.24161360357651784,0.7255806275161218,-0.14953377491552777,0.020861040693836562,0,0
true,eegconformer,transformer.0,45,20,64,0.7361111111111112,0.6825678374639791,0.5748249448498831,1.2724487162002942,-0.6959565883363819,0.06101901300720046,0,0
true,eegconformer,transformer.2,45,20,64,0.7361111111111112,0.7036970251466349,0.5448281714586748,1.1689824944981917,-0.5588321564424946,0.03652176054752193,0,0
true,eegconformer,transformer.5,45,20,64,0.7361111111111112,0.7278901208378896,0.5467392097637089,1.21381304392979,-0.5775234700119511,0.030265884303465676,0,0
true,eegconformer,fc,45,20,64,0.7361111111111112,0.8197983787789236,0.7477048692968042,1.3451982951585437,-0.7588784006612332,0.045244813112255436,0,0
true,eegconformer,logits,45,20,64,0.7361111111111112,0.9496466641378767,0.9304304897864641,1.5641336790133673,-1.056434748464498,0.07856402392133077,0,0
true,eegconformer,patch_embedding,46,0,64,0.5,0.968410168868391,0.15087270738264733,0.9679515914145327,-0.00029355346240302277,0.0007521309162612478,0,0
true,eegconformer,transformer.0,46,0,64,0.5,0.9927135966149145,0.31453842380781577,1.0175337998917515,-0.025189299064330376,0.00036909578749335075,0,0
true,eegconformer,transformer.2,46,0,64,0.5,0.9947035562602475,0.3381969509598033,1.0098232491097567,-0.015380159703020905,0.0002604668535117798,0,0
true,eegconformer,transformer.5,46,0,64,0.5,0.9940040458504589,0.38187556257543853,1.0041257932307925,-0.010439456279055417,0.00031770889872148773,0,0
true,eegconformer,fc,46,0,64,0.5,0.9951106014411433,0.3863700891086085,0.9883283589476234,0.006446548256080606,0.00033569423743942813,0,0
true,eegconformer,logits,46,0,64,0.5,0.9997185414333565,0.7151154030770375,0.9899891811448032,0.00971563911299699,1.3721175556279952e-05,0,0
true,eegconformer,patch_embedding,46,1,64,0.6388888888888888,0.7141081697427665,0.2698970955807863,0.6734285839066667,0.020847584043062705,0.019832001793036846,0,0
true,eegconformer,transformer.0,46,1,64,0.6388888888888888,0.8263350365102664,0.3547620059604274,1.0646235953955376,-0.2562202814759498,0.017931722590678226,0,0
true,eegconformer,transformer.2,46,1,64,0.6388888888888888,0.878084097073077,0.3228118286976474,1.0616640181946064,-0.19119166806046134,0.007611746938931821,0,0
true,eegconformer,transformer.5,46,1,64,0.6388888888888888,0.8910228636118498,0.3257336525945269,1.0481720863188282,-0.16435522285994097,0.00720600015296255,0,0
true,eegconformer,fc,46,1,64,0.6388888888888888,0.8848330631157668,0.3928210606243534,0.9613062296243147,-0.07855380488204836,0.0020806383735007127,0,0
true,eegconformer,logits,46,1,64,0.6388888888888888,0.7288632022279964,0.8043069197223578,0.6669939136400964,0.008200537467952542,0.0056380636625078615,0,0
true,eegconformer,patch_embedding,46,2,64,0.6597222222222222,0.6926253285020154,0.2538242605382378,0.6611546369914572,0.013573698756444055,0.017896992754113945,0,0
true,eegconformer,transformer.0,46,2,64,0.6597222222222222,0.7862706737165286,0.43459915515707076,1.0400711492608101,-0.2749746842787194,0.02117420873443819,0,0
true,eegconformer,transformer.2,46,2,64,0.6597222222222222,0.8054716254075839,0.36903319479099184,1.0470468784036382,-0.25594727355297464,0.014372020556920318,0,0
true,eegconformer,transformer.5,46,2,64,0.6597222222222222,0.7877981126154814,0.4280247519145122,1.0048613693082844,-0.23478407071577942,0.01772081402297635,0,0
true,eegconformer,fc,46,2,64,0.6597222222222222,0.75676780898001,0.3969609974119009,0.9886073896881269,-0.2521526549984857,0.014765059095400719,0,0
true,eegconformer,logits,46,2,64,0.6597222222222222,0.8878038309525322,0.8301785448786451,1.0893897368173913,-0.5106796507038798,0.029063851715723565,0,0
true,eegconformer,patch_embedding,46,5,64,0.7708333333333334,0.6944024403189345,0.2031162761997092,0.6941443929301538,-0.013685423673784078,0.013943471062564803,0,0
true,eegconformer,transformer.0,46,5,64,0.7708333333333334,0.7144161672380732,0.36984774443718427,1.027966369120836,-0.349778033704948,0.035669888372205194,0,0
true,eegconformer,transformer.2,46,5,64,0.7708333333333334,0.7385654181943673,0.3253420518551826,1.030205255171909,-0.31945989117852025,0.024690382466280195,0,0
true,eegconformer,transformer.5,46,5,64,0.7708333333333334,0.7362628537778366,0.3230699030819464,1.0422578864669587,-0.3426704321957335,0.023387517643039993,0,0
true,eegconformer,fc,46,5,64,0.7708333333333334,0.7173429575187785,0.3767124193369074,0.9599441949028761,-0.3209776078501503,0.015299191489130289,0,0
true,eegconformer,logits,46,5,64,0.7708333333333334,0.7777691958541832,0.6637993955636398,0.8752333044137196,-0.3291394159771807,0.023203811158510248,0,0
true,eegconformer,patch_embedding,46,10,64,0.7847222222222222,0.6577295243657998,0.19156761581758844,0.6674045151728287,-0.023480181002296603,0.013784546805368295,0,0
true,eegconformer,transformer.0,46,10,64,0.7847222222222222,0.6914064011619871,0.30126654121663005,0.9562620661760438,-0.28608453043058935,0.019451973988017093,0,0
true,eegconformer,transformer.2,46,10,64,0.7847222222222222,0.6917677488485214,0.36882881700152204,0.9275704277870283,-0.28329609424694313,0.018573484544834696,0,0
true,eegconformer,transformer.5,46,10,64,0.7847222222222222,0.707550929578205,0.35230692364984706,0.9890648752970941,-0.40357015737649293,0.028237425866568123,0,0
true,eegconformer,fc,46,10,64,0.7847222222222222,0.7818018995114462,0.503810156140568,1.0434933359157348,-0.4576968253924356,0.0216924740982886,0,0
true,eegconformer,logits,46,10,64,0.7847222222222222,0.8979963259271918,0.7629198791105641,1.3007858145065319,-0.7911485141775667,0.03880764269709181,0,0
true,eegconformer,patch_embedding,46,20,64,0.8125,0.6237341739321316,0.2710570777322182,0.7206032593034899,-0.13068544445254981,0.03381635908119135,0,0
true,eegconformer,transformer.0,46,20,64,0.8125,0.6917679872907714,0.5200671243484644,1.1329781972411554,-0.5434669873493041,0.07666344526056144,0,0
true,eegconformer,transformer.2,46,20,64,0.8125,0.7002640330336081,0.581643733983884,1.2021285616641384,-0.619077483677576,0.09024857197507574,0,0
true,eegconformer,transformer.5,46,20,64,0.8125,0.7178685331695073,0.5803284886013172,1.1189390184886339,-0.47862164317270667,0.0679013144375622,0,0
true,eegconformer,fc,46,20,64,0.8125,0.7219379025876658,0.7454959457530679,1.456613444101504,-0.9972178413215291,0.15249070236201978,0,0
true,eegconformer,logits,46,20,64,0.8125,0.8662499243678431,0.837462785733238,2.060855476198645,-1.7120440792559186,0.207869374701106,0,0
true,tsception,temporal_blocks.0,41,0,64,0.5347222222222222,0.48930261405020853,0.260619578975844,0.18357359040349686,0.17095876657428505,0.1347702570724265,0,0
true,tsception,temporal_blocks.2,41,0,64,0.5347222222222222,0.5136806028045379,0.1634919230450541,0.31981640316580273,0.11580975820531192,0.07805444143342288,0,0
true,tsception,spatial_block_1,41,0,64,0.5347222222222222,0.5931907929231697,0.17443135386066422,0.4970465134187161,0.04623768603645544,0.04990659346799804,0,0
true,tsception,spatial_block_2,41,0,64,0.5347222222222222,0.6492935897247631,0.13914811076094602,0.4424493038232179,0.16224344649802336,0.04460083940352188,0,0
true,tsception,batch_temporal_lay,41,0,64,0.5347222222222222,0.4160100304521268,0.1919599185877212,0.2295311874498584,0.0796690204502103,0.10680982255205801,0,0
true,tsception,batch_spatial_lay,41,0,64,0.5347222222222222,0.4324571391411012,0.14388084924825711,0.47394337240046713,-0.10227358098067349,0.060787347721307415,0,0
true,tsception,dense_layer,41,0,64,0.5347222222222222,0.7556554530448379,0.14608019878961837,0.6591999401479993,0.07300039523471288,0.023455117662125775,0,0
true,tsception,logits,41,0,64,0.5347222222222222,0.9311171890644612,0.6320783838598519,0.9975375762216759,-0.06760198183953631,-0.005688222671211082,0,0
true,tsception,temporal_blocks.0,41,1,64,0.7708333333333334,0.49095356079952135,0.2673528152417378,0.17141803312398762,0.178327111324795,0.14120841635073866,0,0
true,tsception,temporal_blocks.2,41,1,64,0.7708333333333334,0.5096856379737514,0.15945456296513574,0.31987143615692465,0.11164288574773104,0.07817131606909532,0,0
true,tsception,spatial_block_1,41,1,64,0.7708333333333334,0.672761324738366,0.21476185281679244,0.9092864646696862,-0.29479755997262486,0.05827242004130431,0,0
true,tsception,spatial_block_2,41,1,64,0.7708333333333334,0.6232463692794258,0.33730757870063066,1.0834573064046125,-0.5804606875966777,0.1202497504714912,0,0
true,tsception,batch_temporal_lay,41,1,64,0.7708333333333334,0.42812983053470266,0.20053552657791907,0.9347623306915795,-0.5994697548388451,0.09267850610959213,0,0
true,tsception,batch_spatial_lay,41,1,64,0.7708333333333334,0.6079922219670986,0.3021649652967857,0.93808967896825,-0.4074399881799813,0.07734253117882957,0,0
true,tsception,dense_layer,41,1,64,0.7708333333333334,0.6622116735474557,0.2771845400908828,0.7654850171411456,-0.16357925722116384,0.06030591362747405,0,0
true,tsception,logits,41,1,64,0.7708333333333334,0.7540350037431955,0.6416377540647251,1.0164177322320727,-0.8955220073265011,0.24638881344598004,0,0
true,tsception,temporal_blocks.0,41,2,64,0.8333333333333334,0.4937979558415422,0.274506703273304,0.16523084737106164,0.1824753988973058,0.1460917095731744,0,0
true,tsception,temporal_blocks.2,41,2,64,0.8333333333333334,0.5094815722710523,0.1580523771078226,0.32035287424698744,0.11111102213978985,0.07801767588427572,0,0
true,tsception,spatial_block_1,41,2,64,0.8333333333333334,0.7185455777801907,0.27093252980380156,1.0810448012301022,-0.4329728343662217,0.07047361091631027,0,0
true,tsception,spatial_block_2,41,2,64,0.8333333333333334,0.6817385656339705,0.3542663390513091,1.1593257077917838,-0.5762668949124792,0.09867975275466606,0,0
true,tsception,batch_temporal_lay,41,2,64,0.8333333333333334,0.5104747827935419,0.2079806212373139,1.0104494495606748,-0.5799609952944147,0.0799863285272767,0,0
true,tsception,batch_spatial_lay,41,2,64,0.8333333333333334,0.548305236799405,0.33949536238687117,1.0587153576895003,-0.6242929154239782,0.11388279453388304,0,0
true,tsception,dense_layer,41,2,64,0.8333333333333334,0.6020563479828407,0.27764541993895286,0.7812458192840489,-0.26096519566315723,0.08177572436194899,0,0
true,tsception,logits,41,2,64,0.8333333333333334,0.8749079905533235,0.743980194267269,0.38227801416159407,0.077578955847206,0.031333786294684036,0,0
true,tsception,temporal_blocks.0,41,5,64,0.8055555555555556,0.49100320218214455,0.284060743682217,0.1530985198120758,0.18122781966976814,0.1566768627003004,0,0
true,tsception,temporal_blocks.2,41,5,64,0.8055555555555556,0.5060853843427484,0.1623900191079018,0.31516221203232453,0.11045176055670136,0.08047141175372194,0,0
true,tsception,spatial_block_1,41,5,64,0.8055555555555556,0.6406791301446866,0.23192443145910946,0.8825332833215926,-0.31500083294459336,0.0731466797676876,0,0
true,tsception,spatial_block_2,41,5,64,0.8055555555555556,0.6838718788283236,0.309939732098393,1.111848112853755,-0.5221074901844049,0.09413125615897347,0,0
true,tsception,batch_temporal_lay,41,5,64,0.8055555555555556,0.5266957456672747,0.21227994538834277,1.017584435398228,-0.5693446907027294,0.07845600097177594,0,0
true,tsception,batch_spatial_lay,41,5,64,0.8055555555555556,0.5431174942861486,0.34491539881467403,1.134976911912775,-0.7259448499418547,0.13408543231522818,0,0
true,tsception,dense_layer,41,5,64,0.8055555555555556,0.6190267440946454,0.29378927372583286,0.7869710139145148,-0.2579575416330012,0.09001327181313176,0,0
true,tsception,logits,41,5,64,0.8055555555555556,0.9305895649843625,0.8249407552750437,0.6159741014766817,-0.17282391809645326,0.04953094146837209,0,0
true,tsception,temporal_blocks.0,41,10,64,0.8263888888888888,0.48088417545368967,0.2882150778593619,0.13644736132792995,0.178984525235391,0.16545228889036862,0,0
true,tsception,temporal_blocks.2,41,10,64,0.8263888888888888,0.5082552012059363,0.15933214389403724,0.3159169592560362,0.11481999363549139,0.07751824831440857,0,0
true,tsception,spatial_block_1,41,10,64,0.8263888888888888,0.49324489581064657,0.15690617231856546,0.3687075550552469,0.044487481810192755,0.0800498589452069,0,0
true,tsception,spatial_block_2,41,10,64,0.8263888888888888,0.6627740106082605,0.27067373375797943,1.0165285350111963,-0.43837946139252476,0.08462493698958945,0,0
true,tsception,batch_temporal_lay,41,10,64,0.8263888888888888,0.527784896378144,0.21347041723722296,1.0175800904775267,-0.5680330519389758,0.07823785783958759,0,0
true,tsception,batch_spatial_lay,41,10,64,0.8263888888888888,0.5078450337555735,0.29460126832902167,1.0638048999485945,-0.6785655834691909,0.12240934792768332,0,0
true,tsception,dense_layer,41,10,64,0.8263888888888888,0.6658680425578218,0.26790021680334986,0.8201114713277158,-0.21950871635750357,0.0652652875876096,0,0
true,tsception,logits,41,10,64,0.8263888888888888,0.963469775726499,0.8529144559768311,1.8821597650061594,-1.7053514970987704,0.38877008491338977,0,0
true,tsception,temporal_blocks.0,41,20,64,0.8055555555555556,0.4723979172051327,0.28557765986573447,0.12526032403304,0.17746912966556647,0.1696684635065261,0,0
true,tsception,temporal_blocks.2,41,20,64,0.8055555555555556,0.5117828975153955,0.15971153209391664,0.32357884822639194,0.1123083472819556,0.07589570200704812,0,0
true,tsception,spatial_block_1,41,20,64,0.8055555555555556,0.5878675072218227,0.12710999713609508,0.5909183202659591,-0.028595757303070665,0.025544944258934377,0,0
true,tsception,spatial_block_2,41,20,64,0.8055555555555556,0.675574501417333,0.2724536899207522,1.0636629085506146,-0.4721215450650237,0.08403313793174198,0,0
true,tsception,batch_temporal_lay,41,20,64,0.8055555555555556,0.5270753690096301,0.21098815591444098,1.0121477229327052,-0.5631223954162989,0.07805004149321935,0,0
true,tsception,batch_spatial_lay,41,20,64,0.8055555555555556,0.5041277352030844,0.27435775881534286,1.0137421567030283,-0.6233154106115311,0.11358138316488924,0,0
true,tsception,dense_layer,41,20,64,0.8055555555555556,0.6790331251106783,0.2486494165003045,0.7985679173137816,-0.17264111100472754,0.05310631880162421,0,0
true,tsception,logits,41,20,64,0.8055555555555556,0.9730210902737952,0.9198164773442747,2.3001649843212704,-2.560799934347329,0.7920180984041374,0,0
true,tsception,temporal_blocks.0,42,0,64,0.4652777777777778,0.5222176064779307,0.302416240156398,0.17062199069835865,0.19675634257116748,0.15483927320840413,0,0
true,tsception,temporal_blocks.2,42,0,64,0.4652777777777778,0.5229903059575536,0.13911590514924804,0.2982559130852843,0.1519247298920478,0.07280966298022183,0,0
true,tsception,spatial_block_1,42,0,64,0.4652777777777778,0.7271687451864791,0.2242731688295801,0.5933147048797356,0.07778517465222384,0.056068865654520274,0,0
true,tsception,spatial_block_2,42,0,64,0.4652777777777778,0.7735543702012804,0.4996751726134551,0.48296314314357325,0.1736845117313487,0.11690671532635832,0,0
true,tsception,batch_temporal_lay,42,0,64,0.4652777777777778,0.38487283011900875,0.21454782454977547,0.2078059827885838,0.051836654535467555,0.1252301927949567,0,0
true,tsception,batch_spatial_lay,42,0,64,0.4652777777777778,0.6924032253903075,0.45819825743287945,0.49191869722144044,0.06810635015392619,0.13237817801494076,0,0
true,tsception,dense_layer,42,0,64,0.4652777777777778,0.7837812862104085,0.3931569721948176,0.5972278903275128,0.10429223980775172,0.08226115607514395,0,0
true,tsception,logits,42,0,64,0.4652777777777778,0.8598989784795072,0.6220905934388774,0.9992287385512286,-0.21433342713131218,0.02892300530247961,0,0
true,tsception,temporal_blocks.0,42,1,64,0.7152777777777778,0.5226597675291191,0.29733417961547015,0.17721419958782575,0.19502596453675375,0.15041960340453964,0,0
true,tsception,temporal_blocks.2,42,1,64,0.7152777777777778,0.5163112070629493,0.1436349544444503,0.29256232611179694,0.14677446255941318,0.0769744183917396,0,0
true,tsception,spatial_block_1,42,1,64,0.7152777777777778,0.7345185404077343,0.47939404908009814,1.3184988733234109,-0.6948932198999502,0.11091288698427516,0,0
true,tsception,spatial_block_2,42,1,64,0.7152777777777778,0.6877109498229104,0.3994952967124026,1.1726942089550756,-0.606903629781433,0.12192037064926804,0,0
true,tsception,batch_temporal_lay,42,1,64,0.7152777777777778,0.4551114122443226,0.21458969074121725,0.9536133299656875,-0.5904564536231609,0.09170163766818323,0,0
true,tsception,batch_spatial_lay,42,1,64,0.7152777777777778,0.6292618258520448,0.4401659448825342,1.0931318746644165,-0.599644889009346,0.13577484019697417,0,0
true,tsception,dense_layer,42,1,64,0.7152777777777778,0.7304877152054146,0.5081071802416888,1.1580078329882717,-0.5568965398687393,0.12937642208588218,0,0
true,tsception,logits,42,1,64,0.7152777777777778,0.9228981160115732,0.6066965997648193,1.3354222799316866,-0.6525028309231209,0.06859228247307214,0,0
true,tsception,temporal_blocks.0,42,2,64,0.7083333333333334,0.5245469460869823,0.29313409637903987,0.17505790299707374,0.20201034950038171,0.14747869358952667,0,0
true,tsception,temporal_blocks.2,42,2,64,0.7083333333333334,0.519954624045537,0.14225733132093216,0.2960060494561414,0.14869157687030382,0.07525699771909197,0,0
true,tsception,spatial_block_1,42,2,64,0.7083333333333334,0.770412733712051,0.48819010423219616,1.378248890104534,-0.7143096230288144,0.10647346663633125,0,0
true,tsception,spatial_block_2,42,2,64,0.7083333333333334,0.7326116793022757,0.3898648454273058,1.2230999240095322,-0.5899585055631655,0.0994702608559094,0,0
true,tsception,batch_temporal_lay,42,2,64,0.7083333333333334,0.5309576332884427,0.21433885304337474,1.005916791035792,-0.5508829618790503,0.0759238041316958,0,0
true,tsception,batch_spatial_lay,42,2,64,0.7083333333333334,0.5862497040204775,0.45042857211052356,1.33255382200971,-0.9308939661984674,0.18458984820923482,0,0
true,tsception,dense_layer,42,2,64,0.7083333333333334,0.699939104687443,0.4877439351595004,1.3616734613002968,-0.8276678375398081,0.1659334809269548,0,0
true,tsception,logits,42,2,64,0.7083333333333334,0.9132053698786914,0.6371899048935299,1.7693388470216367,-1.3923673686788391,0.25303002567368454,0,0
true,tsception,temporal_blocks.0,42,5,64,0.7430555555555556,0.5259583624130488,0.2805903172861521,0.1680696907391553,0.2150484173214604,0.14284025435243297,0,0
true,tsception,temporal_blocks.2,42,5,64,0.7430555555555556,0.5181475972143464,0.1434494770371319,0.2975990368545407,0.14441623397569658,0.07613232638410863,0,0
true,tsception,spatial_block_1,42,5,64,0.7430555555555556,0.7906412728168839,0.49391430990603435,1.4637030803200823,-0.7922682004705408,0.11920639296734323,0,0
true,tsception,spatial_block_2,42,5,64,0.7430555555555556,0.7599752043190932,0.30084009612370605,1.1982762014543042,-0.5049064195353925,0.06660542240018202,0,0
true,tsception,batch_temporal_lay,42,5,64,0.7430555555555556,0.5491176905936141,0.20959451164820878,1.0213373670270638,-0.5442375095069732,0.07201783307351989,0,0
true,tsception,batch_spatial_lay,42,5,64,0.7430555555555556,0.595108655673906,0.40644855734345975,1.3450001854490776,-0.9193212055719109,0.16942967579673923,0,0
true,tsception,dense_layer,42,5,64,0.7430555555555556,0.7308620235284833,0.3996074907618117,1.2827298480198892,-0.6629349495084903,0.11106712501708443,0,0
true,tsception,logits,42,5,64,0.7430555555555556,0.9325150278194634,0.7225153820974508,1.7350243678428132,-1.1933844931616777,0.18242033282020137,0,0
true,tsception,temporal_blocks.0,42,10,64,0.7291666666666666,0.5173286938204752,0.2841334041425309,0.1498243349406636,0.21690486135365636,0.15059949752615492,0,0
true,tsception,temporal_blocks.2,42,10,64,0.7291666666666666,0.5097110696268179,0.1479815866775756,0.2880240848152237,0.14144855747908827,0.08023842733250586,0,0
true,tsception,spatial_block_1,42,10,64,0.7291666666666666,0.8115847503725875,0.46987931356869783,1.4925892105870509,-0.7937481940081149,0.11274373379365168,0,0
true,tsception,spatial_block_2,42,10,64,0.7291666666666666,0.7609404600443945,0.33338915504681277,1.2600739923553226,-0.5767804389191614,0.07764690660823317,0,0
true,tsception,batch_temporal_lay,42,10,64,0.7291666666666666,0.546272698451872,0.215781399574906,1.0354013011427385,-0.5641686799640445,0.07504007727317608,0,0
true,tsception,batch_spatial_lay,42,10,64,0.7291666666666666,0.567669060285414,0.40338028931193626,1.3311998636097349,-0.9498205829545259,0.18628977963020452,0,0
true,tsception,dense_layer,42,10,64,0.7291666666666666,0.6972558041956431,0.38339461332235336,1.2050379750211873,-0.6276358175968269,0.11985364677128299,0,0
true,tsception,logits,42,10,64,0.7291666666666666,0.9508784452122323,0.8217167667149007,2.1019621013456753,-1.7256874164350688,0.3305472626772759,0,0
true,tsception,temporal_blocks.0,42,20,64,0.7430555555555556,0.5087600575688263,0.2922165647212476,0.13365414511054613,0.21474541243308792,0.16036050002519203,0,0
true,tsception,temporal_blocks.2,42,20,64,0.7430555555555556,0.5027638945323429,0.15233349396954482,0.28142477825064893,0.13781118598461772,0.08352793029707618,0,0
true,tsception,spatial_block_1,42,20,64,0.7430555555555556,0.799741410964287,0.46067659933821736,1.5144550974064823,-0.8374704065055318,0.12275672006333646,0,0
true,tsception,spatial_block_2,42,20,64,0.7430555555555556,0.7483453774484109,0.2873496535333354,1.1956716573111665,-0.514805162774808,0.06747888291205269,0,0
true,tsception,batch_temporal_lay,42,20,64,0.7430555555555556,0.5459208974856293,0.22738767819370345,1.0448726039324185,-0.578763958094361,0.07981225164756786,0,0
true,tsception,batch_spatial_lay,42,20,64,0.7430555555555556,0.5515015732977353,0.37817470122632,1.277576845740926,-0.9047463060440183,0.1786710336008274,0,0
true,tsception,dense_layer,42,20,64,0.7430555555555556,0.711652761122364,0.3488418072489488,1.123412080445389,-0.5074580349206437,0.09569871559761858,0,0
true,tsception,logits,42,20,64,0.7430555555555556,0.9609596445366044,0.8509370903770432,3.0946865039274716,-3.5093841084603934,1.1298569078710863,0,0
true,tsception,temporal_blocks.0,43,0,64,0.4791666666666667,0.4770897668498412,0.3359559805777091,0.1265562239077241,0.16000352052186437,0.19053002242025283,0,0
true,tsception,temporal_blocks.2,43,0,64,0.4791666666666667,0.5553302048006638,0.13866610922413763,0.3167320963493501,0.17173139287885303,0.06686671557245913,0,0
true,tsception,spatial_block_1,43,0,64,0.4791666666666667,0.6434925374352136,0.22121642868675434,0.6598268083029759,-0.08527198714594188,0.06893771627817981,0,0
true,tsception,spatial_block_2,43,0,64,0.4791666666666667,0.6809674980243784,0.13405450060671392,0.6831315201434458,-0.03366592961693706,0.031501907497869686,0,0
true,tsception,batch_temporal_lay,43,0,64,0.4791666666666667,0.381375532082252,0.24149505544367622,0.2502240729011579,-0.002282196171485561,0.13343365535257945,0,0
true,tsception,batch_spatial_lay,43,0,64,0.4791666666666667,0.4899689310710943,0.15069719669669365,0.6315636984499984,-0.2000194809305738,0.05842471355166985,0,0
true,tsception,dense_layer,43,0,64,0.4791666666666667,0.7471800876947848,0.18063298489233562,0.7893762769182011,-0.07490842555258098,0.03271223632916455,0,0
true,tsception,logits,43,0,64,0.4791666666666667,0.9728094258769606,0.6196444566289202,1.1888393175647027,-0.22322954138324153,0.007199649695499494,0,0
true,tsception,temporal_blocks.0,43,1,64,0.7430555555555556,0.47926092586924224,0.32157112133256327,0.13732361785767588,0.16380657624029343,0.17813073177127287,0,0
true,tsception,temporal_blocks.2,43,1,64,0.7430555555555556,0.5490636922139436,0.1436262899576164,0.3176127904683974,0.16357729698474216,0.06787360476080283,0,0
true,tsception,spatial_block_1,43,1,64,0.7430555555555556,0.753153559157428,0.49289088649854074,1.3998273289641703,-0.7765154014208945,0.12984163161415266,0,0
true,tsception,spatial_block_2,43,1,64,0.7430555555555556,0.6654482893472461,0.11326117239152134,0.7480481886109805,-0.10529101860237305,0.022691119338638724,0,0
true,tsception,batch_temporal_lay,43,1,64,0.7430555555555556,0.4348124735755504,0.23751325549439567,0.9521836716356611,-0.6180262675278245,0.10026816212651533,0,0
true,tsception,batch_spatial_lay,43,1,64,0.7430555555555556,0.6816064231853839,0.3303214474756792,1.0063834872682094,-0.39626447540261284,0.07148741131978723,0,0
true,tsception,dense_layer,43,1,64,0.7430555555555556,0.7627055499230004,0.30183482309655096,0.9869335027757731,-0.271522421163036,0.04729446831026353,0,0
true,tsception,logits,43,1,64,0.7430555555555556,0.8197030776296137,0.6821353174429763,0.9950239323399079,-0.21179493505620953,0.004155425778246883,0,0
true,tsception,temporal_blocks.0,43,2,64,0.7361111111111112,0.47795480781988725,0.3259422279124663,0.13824376184974305,0.15717876133170527,0.18253228463843924,0,0
true,tsception,temporal_blocks.2,43,2,64,0.7361111111111112,0.5493352967074078,0.14795733653792797,0.31344359653578735,0.16732224089325026,0.0685694592783695,0,0
true,tsception,spatial_block_1,43,2,64,0.7361111111111112,0.8039499924026245,0.5857545442125527,1.5457847524043982,-0.8769187939536583,0.13508403395188517,0,0
true,tsception,spatial_block_2,43,2,64,0.7361111111111112,0.675886099785468,0.13054733584030442,0.7749133971935563,-0.12827853212093362,0.029251234712845145,0,0
true,tsception,batch_temporal_lay,43,2,64,0.7361111111111112,0.5095045806162042,0.2433098186946251,1.0203991719576164,-0.5975661594031891,0.08667156806177462,0,0
true,tsception,batch_spatial_lay,43,2,64,0.7361111111111112,0.6569980537302559,0.40446895274023953,1.213292020799531,-0.6719012340156741,0.11560726694639897,0,0
true,tsception,dense_layer,43,2,64,0.7361111111111112,0.7483046698056487,0.35779089307499945,1.12497606889664,-0.44754300961719584,0.07087161052620444,0,0
true,tsception,logits,43,2,64,0.7361111111111112,0.6949741280162338,0.7537848049705341,0.8456551552895566,-0.24732038194080463,0.04909880635144916,0,0
true,tsception,temporal_blocks.0,43,5,64,0.7847222222222222,0.47402948294008906,0.299137066046695,0.1529120925620704,0.156098219916204,0.1650191704618148,0,0
true,tsception,temporal_blocks.2,43,5,64,0.7847222222222222,0.5515125743624092,0.1585727342579431,0.30204278361116027,0.17845329343290453,0.07101649731834385,0,0
true,tsception,spatial_block_1,43,5,64,0.7847222222222222,0.7854363544684757,0.5338877054706679,1.519417046283341,-0.8753265536355341,0.14134586182066988,0,0
true,tsception,spatial_block_2,43,5,64,0.7847222222222222,0.7208387303982899,0.10619438687573265,0.8849625715467627,-0.18241665080305924,0.018292809654586357,0,0
true,tsception,batch_temporal_lay,43,5,64,0.7847222222222222,0.5322747760518545,0.2412836052593468,1.0465692348977984,-0.6004130453007218,0.08611858645477341,0,0
true,tsception,batch_spatial_lay,43,5,64,0.7847222222222222,0.5882231348908419,0.30985889060519684,1.129423083056869,-0.6606303959966852,0.11943044783065793,0,0
true,tsception,dense_layer,43,5,64,0.7847222222222222,0.7185638311587256,0.30601008217632575,0.9759950818451117,-0.33041552734240764,0.07298427665602158,0,0
true,tsception,logits,43,5,64,0.7847222222222222,0.6659011829403279,0.9083675905404025,0.769433021529986,-1.2004538158932303,0.6391766433328234,0,0
true,tsception,temporal_blocks.0,43,10,64,0.7777777777777778,0.44679299963258484,0.32930097708152845,0.13209768073079442,0.12153867885844181,0.19315664004334865,0,0
true,tsception,temporal_blocks.2,43,10,64,0.7777777777777778,0.5570635602035481,0.14978600430061495,0.3154129963040838,0.17452985158347833,0.06712071231598532,0,0
true,tsception,spatial_block_1,43,10,64,0.7777777777777778,0.7785207825608222,0.4734083989653264,1.4915246094961017,-0.8439838052750197,0.13097997833974034,0,0
true,tsception,spatial_block_2,43,10,64,0.7777777777777778,0.7272219428327285,0.1436374015272171,0.997545112357087,-0.304865466867278,0.03454229734291894,0,0
true,tsception,batch_temporal_lay,43,10,64,0.7777777777777778,0.5304740872654308,0.24908273015965268,1.0696984720042084,-0.6306912009284262,0.0914668161896449,0,0
true,tsception,batch_spatial_lay,43,10,64,0.7777777777777778,0.531963625303719,0.2975116368314992,1.0961190062338575,-0.7011396021201637,0.13691361786359363,0,0
true,tsception,dense_layer,43,10,64,0.7777777777777778,0.6688259477179034,0.2696079687104856,0.8384768617887657,-0.24789965574976447,0.07824874167890233,0,0
true,tsception,logits,43,10,64,0.7777777777777778,0.7041837810601456,0.9098701339554262,0.833190797960291,-1.4495186310160109,0.7215144272987526,0,0
true,tsception,temporal_blocks.0,43,20,64,0.8055555555555556,0.44215661996683625,0.3295121522544934,0.12945780224335962,0.11808099905035424,0.1946178186731226,0,0
true,tsception,temporal_blocks.2,43,20,64,0.8055555555555556,0.5576790017400388,0.14743181263857744,0.31958113610705935,0.17199827647524668,0.06609958915773217,0,0
true,tsception,spatial_block_1,43,20,64,0.8055555555555556,0.7752231762583273,0.4886870283803013,1.55816188920606,-0.9352151819580536,0.1522764690103212,0,0
true,tsception,spatial_block_2,43,20,64,0.8055555555555556,0.7243230817626076,0.16349014203055803,1.0247567204343444,-0.34159798587655216,0.04116434720481431,0,0
true,tsception,batch_temporal_lay,43,20,64,0.8055555555555556,0.5312638708369302,0.2471907160162145,1.07278935609732,-0.6338235288708578,0.0922980436104612,0,0
true,tsception,batch_spatial_lay,43,20,64,0.8055555555555556,0.5378449523524611,0.3255625221980758,1.172365572875425,-0.7928890568510794,0.15828767058511897,0,0
true,tsception,dense_layer,43,20,64,0.8055555555555556,0.680883305602177,0.28262891788168265,0.8227098491685663,-0.21846400805939664,0.07663746449300736,0,0
true,tsception,logits,43,20,64,0.8055555555555556,0.846184929887932,0.92252710870553,0.8602252438585669,-1.716166996908417,0.8179087933519971,0,0
true,tsception,temporal_blocks.0,44,0,64,0.5,0.5212750393048582,0.26135066905909893,0.20006587478356846,0.18896640959286126,0.13224275492842838,0,0
true,tsception,temporal_blocks.2,44,0,64,0.5,0.5923259963203291,0.14117339008083662,0.3785604877753553,0.1609725857251031,0.05279292281987068,0,0
true,tsception,spatial_block_1,44,0,64,0.5,0.7733936659686124,0.4420821754608732,0.5248417491358974,0.1613092064109562,0.08724271042175849,0,0
true,tsception,spatial_block_2,44,0,64,0.5,0.7178041004034328,0.2747328097635257,0.6295859514331523,0.019899440366891275,0.06831870860338905,0,0
true,tsception,batch_temporal_lay,44,0,64,0.5,0.48650600662037125,0.2128791126045627,0.2831619664013272,0.10133114408717597,0.10201289613186745,0,0
true,tsception,batch_spatial_lay,44,0,64,0.5,0.6107676838402754,0.31627806624699695,0.5713468236310195,-0.07025871135399217,0.10967957156324784,0,0
true,tsception,dense_layer,44,0,64,0.5,0.7522093552326579,0.34277628866705445,0.700552521363384,-0.02155370517083848,0.07321053904011238,0,0
true,tsception,logits,44,0,64,0.5,0.9926541841700914,0.6189053617208581,1.0148470444532813,-0.022358007757993622,0.00016514747480369954,0,0
true,tsception,temporal_blocks.0,44,1,64,0.75,0.5231863917990698,0.2814024931509642,0.20409298550046986,0.18185941772243594,0.1372339885761637,0,0
true,tsception,temporal_blocks.2,44,1,64,0.75,0.5906205902072604,0.14339719987011051,0.3803936803408018,0.1583338059268934,0.05189310393956491,0,0
true,tsception,spatial_block_1,44,1,64,0.75,0.6281465460596787,0.17199449471069547,0.7968751510333759,-0.22123425742055008,0.05250565244685314,0,0
true,tsception,spatial_block_2,44,1,64,0.75,0.6715166781559286,0.13298572419270202,0.8530465440036795,-0.2053384854426552,0.023808619594904074,0,0
true,tsception,batch_temporal_lay,44,1,64,0.75,0.4291558818605796,0.21876589041120986,0.9552755949633218,-0.624837007501247,0.09675914744698577,0,0
true,tsception,batch_spatial_lay,44,1,64,0.75,0.7181487187789121,0.14031161473499867,0.9644897842082887,-0.26833001230081366,0.021988946871437133,0,0
true,tsception,dense_layer,44,1,64,0.75,0.7550608069049347,0.17784181528770088,0.9544223001021781,-0.2248394939481181,0.02547800075087485,0,0
true,tsception,logits,44,1,64,0.75,0.8503649674164961,0.6206769157103657,0.7293730871416602,-0.0018151468184231974,0.006499500589928681,0,0
true,tsception,temporal_blocks.0,44,2,64,0.7986111111111112,0.5139600158634019,0.2922311027969964,0.19652516164486483,0.17261056353319132,0.14482429068534572,0,0
true,tsception,temporal_blocks.2,44,2,64,0.7986111111111112,0.584388359828402,0.14608071449536625,0.3639498801202604,0.1661703468243005,0.05426813288384044,0,0
true,tsception,spatial_block_1,44,2,64,0.7986111111111112,0.6863422752317629,0.1879743467990148,0.9930088906348788,-0.3515951095844111,0.04492849418129527,0,0
true,tsception,spatial_block_2,44,2,64,0.7986111111111112,0.7030619572815202,0.16018319447047114,0.93094956417209,-0.259907006550474,0.03201939965990418,0,0
true,tsception,batch_temporal_lay,44,2,64,0.7986111111111112,0.5121085552273232,0.21503984908675244,1.0239146407114963,-0.593134425854881,0.08132834037070602,0,0
true,tsception,batch_spatial_lay,44,2,64,0.7986111111111112,0.5905440172064924,0.16078613124429456,0.8894611334376032,-0.3427671022983556,0.043849986067244544,0,0
true,tsception,dense_layer,44,2,64,0.7986111111111112,0.6720918424141109,0.17270396949982486,0.8299067072866892,-0.19882218072487495,0.04100731585229661,0,0
true,tsception,logits,44,2,64,0.7986111111111112,0.8345359487218557,0.6966853160602666,0.7773525623668686,-0.24988679920485046,0.026510806952324682,0,0
true,tsception,temporal_blocks.0,44,5,64,0.7986111111111112,0.5108879205792227,0.27264539271562177,0.18671267265067593,0.18360640002532086,0.14056884790322605,0,0
true,tsception,temporal_blocks.2,44,5,64,0.7986111111111112,0.5873708644464477,0.150131635742491,0.35188894840895746,0.1814013307981241,0.05408058523936608,0,0
true,tsception,spatial_block_1,44,5,64,0.7986111111111112,0.7336906964912422,0.3498448066008272,1.2393698509950606,-0.5934291196191955,0.08774996511537743,0,0
true,tsception,spatial_block_2,44,5,64,0.7986111111111112,0.7152898291574683,0.1647905863536852,0.957352879420059,-0.2805103756032723,0.03844732534068155,0,0
true,tsception,batch_temporal_lay,44,5,64,0.7986111111111112,0.5343308713410821,0.21684387056726,1.0553415676997253,-0.6004522054140375,0.07944150905538763,0,0
true,tsception,batch_spatial_lay,44,5,64,0.7986111111111112,0.5647354820523621,0.27119802735792997,1.0402398343921084,-0.5677054553880154,0.09220110304826962,0,0
true,tsception,dense_layer,44,5,64,0.7986111111111112,0.705744396837088,0.256617890289668,1.0266182522956093,-0.3809492069310582,0.06007535147253689,0,0
true,tsception,logits,44,5,64,0.7986111111111112,0.941151457973948,0.8157597078333849,3.367018427727516,-3.391048592858965,0.7258987899401633,0,0
true,tsception,temporal_blocks.0,44,10,64,0.8333333333333334,0.4982240008648895,0.2594445907884152,0.15747192778533783,0.1931505629168752,0.14760151016267614,0,0
true,tsception,temporal_blocks.2,44,10,64,0.8333333333333334,0.5736162267864602,0.13705501721587587,0.33048516926830007,0.18855631628081368,0.054574741237346416,0,0
true,tsception,spatial_block_1,44,10,64,0.8333333333333334,0.7180317736569992,0.33209735394327977,1.2511081811279365,-0.6346261663647405,0.10154975889380263,0,0
true,tsception,spatial_block_2,44,10,64,0.8333333333333334,0.6657735113056648,0.14955218821998223,0.8731147702418209,-0.24610819214011256,0.03876693320395691,0,0
true,tsception,batch_temporal_lay,44,10,64,0.8333333333333334,0.5251194462109111,0.20094791576142015,1.0538502394201081,-0.6084601187691615,0.07972932555995946,0,0
true,tsception,batch_spatial_lay,44,10,64,0.8333333333333334,0.5416986203834127,0.25314043864422464,1.028201629254034,-0.5855765756311015,0.0989043474323813,0,0
true,tsception,dense_layer,44,10,64,0.8333333333333334,0.6835250719813966,0.2643141398071026,1.071810332615344,-0.46214659025475957,0.07386132962081214,0,0
true,tsception,logits,44,10,64,0.8333333333333334,0.9467241609909733,0.8573886077596276,3.440607281193662,-3.678107361425976,0.9470955219039197,0,0
true,tsception,temporal_blocks.0,44,20,64,0.8263888888888888,0.491167863265583,0.25336226903345666,0.14279395776554638,0.20064394240752026,0.14772996309251618,0,0
true,tsception,temporal_blocks.2,44,20,64,0.8263888888888888,0.5718024014636909,0.13411350053833776,0.32858814959653576,0.1902820674748234,0.05293218439233145,0,0
true,tsception,spatial_block_1,44,20,64,0.8263888888888888,0.713689507549828,0.31424386475585653,1.2337168587123661,-0.6189421336867764,0.09891478252423785,0,0
true,tsception,spatial_block_2,44,20,64,0.8263888888888888,0.7055186178376192,0.20067357249142492,1.0291060183990846,-0.37835327603810565,0.05476587547664023,0,0
true,tsception,batch_temporal_lay,44,20,64,0.8263888888888888,0.5240052140097913,0.19817808566559963,1.0469483338819974,-0.6029020091817534,0.07995888930954329,0,0
true,tsception,batch_spatial_lay,44,20,64,0.8263888888888888,0.5435318211690243,0.2572956817682721,1.054395603746479,-0.6202308797164694,0.10936709713901543,0,0
true,tsception,dense_layer,44,20,64,0.8263888888888888,0.6969304288553413,0.2600824024753499,1.0357131634065442,-0.4071352642084406,0.06835252965723762,0,0
true,tsception,logits,44,20,64,0.8263888888888888,0.9761618960559193,0.8972585894026817,5.804205161788128,-8.213129739240799,3.124033214639242,0,0
true,tsception,temporal_blocks.0,45,0,64,0.6319444444444444,0.47637747883186277,0.3053979341112327,0.12035465833933265,0.17181199903045175,0.18421082146207846,0,0
true,tsception,temporal_blocks.2,45,0,64,0.6319444444444444,0.5492678557023659,0.21592434409185207,0.3381453185279974,0.13168851146200067,0.07943402571236896,0,0
true,tsception,spatial_block_1,45,0,64,0.6319444444444444,0.599849091097497,0.3813050296131858,0.2681732923238661,0.1465022462906127,0.18517355248301823,0,0
true,tsception,spatial_block_2,45,0,64,0.6319444444444444,0.6707555134197984,0.34275963536446064,0.4076832929713449,0.13358145607306565,0.1294907643753878,0,0
true,tsception,batch_temporal_lay,45,0,64,0.6319444444444444,0.42427767657262305,0.21969234321683873,0.28997082844248295,0.020547409117757647,0.1137594390123815,0,0
true,tsception,batch_spatial_lay,45,0,64,0.6319444444444444,0.48383494258976734,0.34630985557409855,0.4307097365947001,-0.13647071235372984,0.18959591834879708,0,0
true,tsception,dense_layer,45,0,64,0.6319444444444444,0.7401306828580083,0.4176647951091532,0.6199746939343118,0.005432200629577534,0.11472378829411904,0,0
true,tsception,logits,45,0,64,0.6319444444444444,0.9742802125539116,0.764724782424927,0.8906550592886414,0.06791661215513194,0.015708541110138308,0,0
true,tsception,temporal_blocks.0,45,1,64,0.7708333333333334,0.4824667112995532,0.287461734942942,0.13348000579401878,0.1794764063311629,0.1695102991743716,0,0
true,tsception,temporal_blocks.2,45,1,64,0.7708333333333334,0.548850191195561,0.21486421773200662,0.3370743285538092,0.13150575761916283,0.08027010502258913,0,0
true,tsception,spatial_block_1,45,1,64,0.7708333333333334,0.5787360779300981,0.1566098529630111,0.5574138780798832,0.003189903789002978,0.018132296061212635,0,0
true,tsception,spatial_block_2,45,1,64,0.7708333333333334,0.5399944426494052,0.3495797519996764,0.8954759593967385,-0.47423764565040943,0.11875612890307624,0,0
true,tsception,batch_temporal_lay,45,1,64,0.7708333333333334,0.4651197341285759,0.22243623438571897,0.9536665467387058,-0.5739195304557192,0.08450016855931398,0,0
true,tsception,batch_spatial_lay,45,1,64,0.7708333333333334,0.6582168007738965,0.2692931234144179,0.9589417553540724,-0.3435942441760286,0.0400423050862495,0,0
true,tsception,dense_layer,45,1,64,0.7708333333333334,0.7643418013435265,0.24952779244681783,0.9600536970950213,-0.22269315123533456,0.026981255483839596,0,0
true,tsception,logits,45,1,64,0.7708333333333334,0.8612514280281929,0.6845389854147346,1.2175361111636835,-0.491113163904156,0.030796892787780014,0,0
true,tsception,temporal_blocks.0,45,2,64,0.7986111111111112,0.4854705755158345,0.285854995719699,0.14282732064119508,0.176081330338145,0.1665619245364944,0,0
true,tsception,temporal_blocks.2,45,2,64,0.7986111111111112,0.5438076662131394,0.22116909731995468,0.33114018270954215,0.12817461269849206,0.08449287080510538,0,0
true,tsception,spatial_block_1,45,2,64,0.7986111111111112,0.6220513362336624,0.13598605237850447,0.6680362821759299,-0.0658580780651012,0.019873132122834095,0,0
true,tsception,spatial_block_2,45,2,64,0.7986111111111112,0.5743284232901272,0.3521152445636071,0.961042632765169,-0.4938667467315415,0.1071525372564999,0,0
true,tsception,batch_temporal_lay,45,2,64,0.7986111111111112,0.5311827037876227,0.2234706435547941,1.0104226962333924,-0.5509206141503198,0.07168062170454814,0,0
true,tsception,batch_spatial_lay,45,2,64,0.7986111111111112,0.6204908741256309,0.2788279803186451,0.9596316120346852,-0.39554994418728295,0.0511593003390534,0,0
true,tsception,dense_layer,45,2,64,0.7986111111111112,0.7543935837030398,0.24755527686501858,0.9506153172431251,-0.22298451827950808,0.02676278473942277,0,0
true,tsception,logits,45,2,64,0.7986111111111112,0.9408007267420402,0.7072733730008776,1.5412759250515218,-0.8640938420862687,0.06321923523918606,0,0
true,tsception,temporal_blocks.0,45,5,64,0.8680555555555556,0.48138879126134143,0.2886622960035057,0.14469813662688868,0.17048894924213326,0.16620170539231954,0,0
true,tsception,temporal_blocks.2,45,5,64,0.8680555555555556,0.5350201367835903,0.2338850302921502,0.32394748203898927,0.12033657929160646,0.09073607545299514,0,0
true,tsception,spatial_block_1,45,5,64,0.8680555555555556,0.6722269137104944,0.1577537772631515,0.9346043400976125,-0.2989873046152176,0.03660987822809939,0,0
true,tsception,spatial_block_2,45,5,64,0.8680555555555556,0.5922765258981914,0.2957321578294855,0.8940373654486122,-0.3870143761510504,0.0852535366006297,0,0
true,tsception,batch_temporal_lay,45,5,64,0.8680555555555556,0.5466653947943727,0.22456603495688693,1.03251584202014,-0.5548724564853367,0.06902200925956473,0,0
true,tsception,batch_spatial_lay,45,5,64,0.8680555555555556,0.568860442211133,0.23673342660563473,0.9196248524820527,-0.4104731161059523,0.057546973945889736,0,0
true,tsception,dense_layer,45,5,64,0.8680555555555556,0.7324319613133301,0.2239848183583012,0.8302047673760413,-0.12372070765440175,0.025947901591690612,0,0
true,tsception,logits,45,5,64,0.8680555555555556,0.9588698297520606,0.8246876834500791,1.3162732965797486,-0.759158652759532,0.09432412445772595,0,0
true,tsception,temporal_blocks.0,45,10,64,0.8541666666666666,0.46640074574462687,0.3058124393085603,0.1256111750854612,0.1586529966558632,0.18213657400330266,0,0
true,tsception,temporal_blocks.2,45,10,64,0.8541666666666666,0.5215335887507214,0.24680123956522002,0.30979507696240227,0.111760485244421,0.0999780265438982,0,0
true,tsception,spatial_block_1,45,10,64,0.8541666666666666,0.6864602385379661,0.2678117829489717,1.0495231430104226,-0.4354438172666657,0.07238091279420947,0,0
true,tsception,spatial_block_2,45,10,64,0.8541666666666666,0.5995999025501282,0.3160222172140181,0.9165164470093049,-0.42053306544590596,0.10361652098672937,0,0
true,tsception,batch_temporal_lay,45,10,64,0.8541666666666666,0.5464184551999842,0.23463568846697766,1.0527763014980565,-0.5803707034401313,0.07401285714205669,0,0
true,tsception,batch_spatial_lay,45,10,64,0.8541666666666666,0.5305117221799636,0.2783072160385855,0.9608764021746901,-0.5179141469461364,0.08699295799595462,0,0
true,tsception,dense_layer,45,10,64,0.8541666666666666,0.6991261664525109,0.240329132549844,0.8621563466181554,-0.20540419163964957,0.04237401147400509,0,0
true,tsception,logits,45,10,64,0.8541666666666666,0.9565811228345886,0.8835214911247493,3.1679682109327647,-3.674830371621926,1.12737638213529,0,0
true,tsception,temporal_blocks.0,45,20,64,0.8402777777777778,0.45862960964677346,0.30254935675259725,0.13005379747636947,0.1487977064645809,0.17977810570582314,0,0
true,tsception,temporal_blocks.2,45,20,64,0.8402777777777778,0.516929293388376,0.23908691772243573,0.30966979815143714,0.10928686097560457,0.0979726342613348,0,0
true,tsception,spatial_block_1,45,20,64,0.8402777777777778,0.6781447471635484,0.2533119131871755,1.022520941292198,-0.4224099809545852,0.07803378682593526,0,0
true,tsception,spatial_block_2,45,20,64,0.8402777777777778,0.5709672303342553,0.2950222769129925,0.8285903179087823,-0.3739890246940603,0.11636593711953311,0,0
true,tsception,batch_temporal_lay,45,20,64,0.8402777777777778,0.5498660336555241,0.2281403254861318,1.056338616472838,-0.5806035631874054,0.07413098037008904,0,0
true,tsception,batch_spatial_lay,45,20,64,0.8402777777777778,0.529639564560946,0.27127698371463904,1.034150145196236,-0.6019724556073586,0.09681810922442306,0,0
true,tsception,dense_layer,45,20,64,0.8402777777777778,0.7093226172302997,0.2440867138353309,0.9670456199744074,-0.30329911425691836,0.04557611151281069,0,0
true,tsception,logits,45,20,64,0.8402777777777778,0.9758282625732035,0.9052921340248375,3.4976320487350554,-3.5776880717072412,0.6924239401195224,0,0
true,tsception,temporal_blocks.0,46,0,64,0.5,0.5180393002846801,0.27500408482905203,0.14910132062661308,0.22558126117395333,0.14335671848411377,0,0
true,tsception,temporal_blocks.2,46,0,64,0.5,0.5653753893600177,0.2710447797442729,0.30423983243594976,0.15860121096999907,0.1025343459540692,0,0
true,tsception,spatial_block_1,46,0,64,0.5,0.7970215494179281,0.38370145499894037,0.540016488027133,0.15717147239934443,0.09983358899145099,0,0
true,tsception,spatial_block_2,46,0,64,0.5,0.7723230919572062,0.4820746742073374,0.8887081792526506,-0.23290432669197847,0.11651923939653394,0,0
true,tsception,batch_temporal_lay,46,0,64,0.5,0.3914559869040175,0.26674536233023943,0.2556659561457385,-0.009366373773981505,0.1451564045322607,0,0
true,tsception,batch_spatial_lay,46,0,64,0.5,0.665892514931704,0.4465243929876558,0.6664486211989078,-0.17124725094471013,0.17069114467750615,0,0
true,tsception,dense_layer,46,0,64,0.5,0.759061222411832,0.40660476188197175,0.6906914971717469,-0.046606876977966775,0.1149766022180518,0,0
true,tsception,logits,46,0,64,0.5,0.976438151699186,0.6236788757772078,1.092491258906616,-0.11616209781356443,0.00010899060613438205,0,0
true,tsception,temporal_blocks.0,46,1,64,0.7222222222222222,0.5160600187326458,0.2736912993347478,0.14427061691030352,0.22670442306467858,0.1450849787576635,0,0
true,tsception,temporal_blocks.2,46,1,64,0.7222222222222222,0.5649673663362351,0.26975802770200985,0.3080254482549521,0.15463253347376446,0.10230938460751929,0,0
true,tsception,spatial_block_1,46,1,64,0.7222222222222222,0.6914879173703758,0.3730998596760488,1.118777309367175,-0.521743126809859,0.09445373481306005,0,0
true,tsception,spatial_block_2,46,1,64,0.7222222222222222,0.7615416183527919,0.5063654916624749,1.4239292597216267,-0.7859149455153369,0.12352730414650204,0,0
true,tsception,batch_temporal_lay,46,1,64,0.7222222222222222,0.43223733327712066,0.2615374429719479,0.9888878588014944,-0.666613837230924,0.10898404068950295,0,0
true,tsception,batch_spatial_lay,46,1,64,0.7222222222222222,0.6093154114964734,0.46467541027208215,1.0930806264992199,-0.6236893734874212,0.1399241584846746,0,0
true,tsception,dense_layer,46,1,64,0.7222222222222222,0.7087938765403917,0.37289900717892266,0.9535622909660559,-0.3176783494287281,0.07290993500306384,0,0
true,tsception,logits,46,1,64,0.7222222222222222,0.7165278790468493,0.7646584109056639,0.12974342214967757,-0.20192558895640142,0.45434300963604773,0,0
true,tsception,temporal_blocks.0,46,2,64,0.7708333333333334,0.513274318157089,0.28084556255484755,0.14292252481382017,0.2212900530219346,0.1490617403213338,0,0
true,tsception,temporal_blocks.2,46,2,64,0.7708333333333334,0.5612737260151757,0.2727691102356946,0.30465370912581746,0.1526777906620562,0.1039422262273011,0,0
true,tsception,spatial_block_1,46,2,64,0.7708333333333334,0.7157015261023946,0.3010498385726508,1.058262714212217,-0.4014649277539585,0.05890373964413584,0,0
true,tsception,spatial_block_2,46,2,64,0.7708333333333334,0.7825526740820193,0.5189104596862895,1.4648017366288577,-0.8010658557202577,0.11881679317341848,0,0
true,tsception,batch_temporal_lay,46,2,64,0.7708333333333334,0.5125604844809439,0.2603589644161028,1.0400013790053282,-0.6159719424589019,0.08853104793451384,0,0
true,tsception,batch_spatial_lay,46,2,64,0.7708333333333334,0.5514698501923172,0.4621713336123571,1.257533836139997,-0.8918188432467716,0.18575485729909236,0,0
true,tsception,dense_layer,46,2,64,0.7708333333333334,0.649188536705642,0.4235471985594203,1.0178528492176664,-0.506491567462416,0.13782725495039155,0,0
true,tsception,logits,46,2,64,0.7708333333333334,0.6333530553211182,0.8224615284043625,2.9634547692151285,-4.420004846189207,1.7276416052063268,0,0
true,tsception,temporal_blocks.0,46,5,64,0.8402777777777778,0.5113151066957157,0.27413660158998526,0.14901440071036717,0.2192603691469538,0.1430403368383941,0,0
true,tsception,temporal_blocks.2,46,5,64,0.8402777777777778,0.5558629676353698,0.2786122029829653,0.30193971312591655,0.14723723517045517,0.1066860193389987,0,0
true,tsception,spatial_block_1,46,5,64,0.8402777777777778,0.7359608732373657,0.2768060079096563,1.0889049918183593,-0.4028028800423077,0.04985876146131364,0,0
true,tsception,spatial_block_2,46,5,64,0.8402777777777778,0.809975551526587,0.5217288679605943,1.530661555138861,-0.8454218287803372,0.12473582516806328,0,0
true,tsception,batch_temporal_lay,46,5,64,0.8402777777777778,0.5334313631927209,0.2577380328804537,1.0542380274868235,-0.6052911816736033,0.08448451737949711,0,0
true,tsception,batch_spatial_lay,46,5,64,0.8402777777777778,0.5441114264638511,0.4753712904805132,1.4665898483115263,-1.167035365617259,0.24429483591846168,0,0
true,tsception,dense_layer,46,5,64,0.8402777777777778,0.6248128666234356,0.4485340586074369,1.2894710496935522,-0.8662980401255818,0.20163985705546492,0,0
true,tsception,logits,46,5,64,0.8402777777777778,0.763269491583039,0.801041203461159,3.308258196917933,-4.272278166113954,1.3635127617256928,0,0
